Date,AAPL,ABBV,ADBE,ALV.DE,AMAT,AMD,AMGN,AMZN,APC.DE,ARGX,ARGX.DE,ASML.AS,ATAI,AXP,BA,BAC,BAYN.DE,BMW.DE,BNTX,BRK-B,CAT,COK.DE,COST,CRM,FSLR,GE,GILD,GOOGL,GS,HD,HON,INTC,JNJ,JPM,KO,LLY,LMT,MA,MCD,META,MRK,MS,MSF.DE,MSFT,MU,NDX1.DE,NFLX,NKE,NOW,NVDA,ORCL,PFE,PYPL,QCOM,RTX,SAP,SAP.DE,SBUX,SHL.DE,SHOP,SIE.DE,SNOW,SPOT,TSLA,TSM,TXN,UBER,UCB.DE,UNH,V,WMT
2024-02-15,182.2018280029297,163.49673461914062,590.4400024414062,214.03497314453125,184.13084411621094,176.75999450683594,271.9859924316406,169.8000030517578,167.37918090820312,393.4700012207031,,844.1617431640625,1.7999999523162842,207.330810546875,205.3300018310547,32.289894104003906,27.729219436645508,91.68829345703125,92.91000366210938,403.45001220703125,313.3599548339844,27.80301856994629,715.60009765625,287.71588134765625,159.77999877929688,116.7989730834961,68.18516540527344,141.59970092773438,366.84765625,341.59033203125,177.88238525390625,43.595252990722656,147.74191284179688,171.43939208984375,55.60543441772461,747.3548583984375,398.4192199707031,465.1278381347656,276.9126281738281,480.26116943359375,117.84207916259766,80.31854248046875,369.8671875,400.41412353515625,80.98322296142578,10.600000381469727,59.34600067138672,101.19680786132812,156.0,72.61360931396484,110.07125854492188,23.743572235107422,59.38251876831055,148.65997314453125,87.75129699707031,170.85714721679688,158.1875762939453,88.46268463134766,51.123538970947266,84.0,159.7850341796875,232.39999389648438,245.50999450683594,200.4499969482422,125.18464660644531,150.7832794189453,81.38999938964844,,496.6629333496094,276.8275146484375,55.01483154296875
2024-02-16,180.66578674316406,164.33001708984375,546.6599731445312,214.99203491210938,195.81686401367188,173.8699951171875,266.9333190917969,169.50999450683594,167.91317749023438,392.2300109863281,,857.6951293945312,1.840000033378601,207.36007690429688,203.88999938964844,32.30885314941406,28.277774810791016,93.01062774658203,91.66999816894531,405.989990234375,312.2348327636719,27.092994689941406,715.0864868164062,285.5279846191406,156.97999572753906,117.42086029052734,66.52165222167969,139.3681182861328,365.9149169921875,342.7918395996094,177.18148803710938,43.060829162597656,147.5722198486328,170.63873291015625,55.5960693359375,771.30078125,399.3138122558594,462.01904296875,277.0644836425781,469.6345520019531,119.00615692138672,81.09669494628906,370.162109375,397.95196533203125,78.87010192871094,10.484999656677246,58.39500045776367,98.77303314208984,153.0,72.56863403320312,108.63656616210938,23.838512420654297,58.82549285888672,145.5243682861328,87.00563049316406,170.19332885742188,158.8612060546875,88.46268463134766,51.91527557373047,81.29000091552734,161.90911865234375,230.30999755859375,246.25,199.9499969482422,122.91438293457031,150.47366333007812,78.41000366210938,,497.3017272949219,274.4432067871094,55.36255645751953
2024-02-19,,,,216.3406219482422,,,,,166.62762451171875,,,842.8869018554688,,,,,28.564409255981445,91.86698913574219,,,,26.457712173461914,,,,,,,,,,,,,,,,,,,,,372.079345703125,,,10.46500015258789,,,,,,,,,,,158.0528564453125,,52.21689224243164,,162.25357055664062,,,,,,,,,,
2024-02-20,179.92254638671875,162.71900939941406,541.9099731445312,216.99317932128906,185.58299255371094,165.69000244140625,266.75457763671875,167.0800018310547,165.4211883544922,395.3999938964844,,821.50830078125,2.009999990463257,207.29180908203125,203.3699951171875,32.18564224243164,28.43097496032715,90.9735107421875,91.23999786376953,407.1499938964844,304.31036376953125,25.990591049194336,716.765625,282.24615478515625,153.25,116.99577331542969,66.94915008544922,139.9632110595703,365.9909973144531,342.99993896484375,178.7720184326172,44.060401916503906,148.8070831298828,171.30593872070312,56.822383880615234,745.263916015625,399.5021057128906,445.8528137207031,277.6622009277344,468.0767517089844,118.61502838134766,80.01852416992188,364.1648254394531,396.70111083984375,80.0705337524414,10.125,57.51300048828125,98.5726547241211,150.5679931640625,69.40957641601562,105.84526824951172,23.812620162963867,58.318206787109375,144.82862854003906,86.9769515991211,169.89511108398438,156.9173126220703,88.6904296875,51.76446533203125,78.62000274658203,161.43072509765625,220.0800018310547,243.39999389648438,193.75999450683594,121.59490203857422,152.6879119873047,76.5999984741211,,496.83453369140625,271.0835876464844,57.14990234375
2024-02-21,180.67572021484375,162.15426635742188,538.52001953125,218.12425231933594,187.06712341308594,164.2899932861328,266.70758056640625,168.58999633789062,166.44961547851562,399.95001220703125,,817.8798217773438,1.8799999952316284,205.7309112548828,201.57000732421875,31.939226150512695,28.594058990478516,93.1893310546875,92.73999786376953,409.25,307.6081848144531,26.233491897583008,714.12841796875,279.44732666015625,150.02999877929688,117.35002899169922,68.02717590332031,141.38148498535156,369.560302734375,344.47564697265625,179.30223083496094,43.021240234375,149.58006286621094,172.42111206054688,57.32788848876953,735.6480712890625,402.59063720703125,453.0574951171875,278.8576965332031,464.87847900390625,119.31346893310547,80.12165832519531,363.5257568359375,396.100341796875,80.84435272216797,9.920000076293945,57.334999084472656,100.4524917602539,149.58799743652344,67.43079376220703,105.56222534179688,23.881669998168945,57.174320220947266,144.87628173828125,86.24083709716797,169.24090576171875,156.16668701171875,90.17082214355469,50.237545013427734,75.58999633789062,162.10049438476562,216.2100067138672,245.08999633789062,194.77000427246094,121.60460662841797,153.94512939453125,76.44000244140625,,497.7022705078125,272.6697998046875,56.447959899902344
2024-02-22,182.70721435546875,163.64486694335938,537.5700073242188,221.9525146484375,196.30599975585938,181.86000061035156,268.3258972167969,174.5800018310547,167.45828247070312,406.010009765625,,859.8525390625,1.8300000429153442,208.7550811767578,201.5,31.853931427001953,28.574291229248047,93.88623809814453,93.56999969482422,415.1600036621094,312.4093933105469,26.364286422729492,725.3685302734375,289.4010925292969,144.72999572753906,119.39675903320312,67.63685607910156,142.9088592529297,371.6543273925781,351.2964782714844,180.4524688720703,42.53630065917969,151.24855041503906,174.48941040039062,57.24363708496094,759.0516357421875,403.8524475097656,465.40423583984375,280.7647705078125,482.8565979003906,120.37511444091797,80.48729705810547,372.8658752441406,405.42724609375,85.22932434082031,9.62600040435791,58.84700012207031,100.27119445800781,153.8419952392578,78.49002075195312,108.34376525878906,23.77809715270996,58.039695739746094,147.48770141601562,86.15422821044922,174.79183959960938,160.92059326171875,90.89204406738281,51.29319381713867,75.02999877929688,164.66470336914062,225.6199951171875,248.1199951171875,197.41000366210938,125.22346496582031,155.2117156982422,78.02999877929688,,502.0215759277344,279.5564880371094,57.0036735534668
2024-02-23,180.87388610839844,164.88551330566406,553.4400024414062,214.47000122070312,193.7800750732422,176.52000427246094,272.0894470214844,174.99000549316406,167.28030395507812,409.5199890136719,,848.2805786132812,1.8300000429153442,209.3111572265625,200.8300018310547,32.14773178100586,28.480396270751953,95.35153198242188,93.97000122070312,417.2200012207031,314.1455993652344,26.81272315979004,728.855224609375,288.5634460449219,142.88999938964844,120.70354461669922,68.3524398803711,142.7799072265625,372.2063293457031,351.8830871582031,180.29071044921875,42.54619598388672,152.55885314941406,175.3662567138672,57.290443420410156,758.9530639648438,405.95220947265625,467.2399597167969,282.5010681152344,480.770751953125,120.55206298828125,81.1435775756836,373.0132751464844,404.13702392578125,85.31861114501953,9.411999702453613,58.35599899291992,100.7960205078125,154.19400024414062,78.76885223388672,109.26119232177734,23.9593448638916,58.84538650512695,147.6402130126953,86.61611938476562,177.22579956054688,163.40341186523438,90.74021911621094,51.4817008972168,76.23999786376953,167.72645568847656,229.33999633789062,256.1000061035156,191.97000122070312,125.66973876953125,153.57919311523438,78.19999694824219,,502.72723388671875,279.4087219238281,57.05241394042969
2024-02-26,179.5261688232422,165.55213928222656,560.47998046875,213.73043823242188,200.0605010986328,176.00999450683594,269.44549560546875,174.72999572753906,165.00584411621094,410.3500061035156,,852.98779296875,1.899999976158142,211.65243530273438,200.5399932861328,31.853931427001953,28.253067016601562,96.03057861328125,93.5199966430664,409.1400146484375,315.6004943847656,26.364286422729492,736.1838989257812,296.04364013671875,144.5800018310547,121.83714294433594,67.79483795166016,136.4423065185547,371.4163818359375,351.54248046875,178.99667358398438,42.54619598388672,151.56906127929688,174.76580810546875,56.83174514770508,761.30029296875,404.12548828125,468.3157043457031,281.9032897949219,478.4961242675781,119.98399353027344,80.31854248046875,370.162109375,401.3793640136719,88.7511978149414,9.513999938964844,58.76499938964844,99.75589752197266,155.9320068359375,79.04369354248047,108.30473327636719,23.45875358581543,59.01448440551758,149.66070556640625,86.62574005126953,180.390869140625,166.4828643798828,89.46859741210938,52.348846435546875,77.55999755859375,167.34371948242188,230.92999267578125,254.99000549316406,199.39999389648438,126.74665069580078,154.15150451660156,78.36000061035156,,500.89654541015625,279.9505615234375,58.105323791503906
2024-02-27,180.98291015625,165.71881103515625,552.489990234375,215.77508544921875,199.38233947753906,178.0,262.03125,173.5399932861328,164.80807495117188,411.20001220703125,,862.2061767578125,2.0,212.64749145507812,201.39999389648438,32.488922119140625,28.796680450439453,96.20926666259766,92.79000091552734,408.9100036621094,317.7829284667969,26.3082332611084,735.5517578125,295.1664733886719,144.99000549316406,121.22311401367188,67.8598861694336,137.74159240722656,371.9779357910156,355.28875732421875,178.08909606933594,42.28887939453125,151.74813842773438,174.85159301757812,56.48537826538086,754.4755249023438,405.3025817871094,468.5525817871094,278.7153625488281,483.7703857421875,120.16093444824219,80.14978790283203,367.8025817871094,401.32025146484375,91.12225341796875,9.722000122070312,60.16699981689453,100.33798217773438,153.42799377441406,78.65291595458984,108.70488739013672,23.208457946777344,59.84006881713867,150.87109375,87.01065063476562,181.98785400390625,168.21505737304688,89.32625579833984,52.44309997558594,76.62999725341797,168.9894256591797,234.02999877929688,253.02000427246094,199.72999572753906,124.75775909423828,154.7519989013672,78.75,,489.5497131347656,278.9850769042969,58.0955810546875
2024-02-28,179.78379821777344,164.8022003173828,551.8200073242188,216.2536163330078,194.15353393554688,176.5399932861328,261.0621337890625,173.16000366210938,165.52008056640625,397.70001220703125,,852.5956420898438,1.9600000381469727,212.69625854492188,207.0,32.51736068725586,28.228355407714844,97.5316162109375,91.43000030517578,412.1400146484375,319.6549072265625,25.65426254272461,738.7617797851562,295.43255615234375,149.25,122.49839782714844,67.56250762939453,135.2620849609375,376.8857116699219,357.2281188964844,177.54092407226562,41.556522369384766,152.28546142578125,175.73797607421875,56.54154586791992,747.2168579101562,407.2328796386719,472.5990905761719,280.0721130371094,480.7607727050781,119.378662109375,80.67481231689453,370.0638122558594,401.5566101074219,88.99922180175781,9.642000198364258,59.64799880981445,99.57460021972656,151.95799255371094,77.61554718017578,108.99769592285156,23.337923049926758,59.929588317871094,149.29054260253906,86.52950286865234,179.582763671875,165.63600158691406,88.25391387939453,51.726768493652344,75.55999755859375,172.0894317626953,230.0,252.25,202.0399932861328,123.58381652832031,152.96934509277344,77.7300033569336,,475.1136474609375,281.4087219238281,58.12482833862305
2024-02-29,179.119873046875,162.99679565429688,560.280029296875,220.8649444580078,198.16355895996094,192.52999877929688,257.6466369628906,176.75999450683594,164.84764099121094,380.010009765625,,853.6743774414062,1.940000057220459,214.05224609375,203.72000122070312,32.94684982299805,27.76381492614746,97.5852279663086,88.95999908447266,409.3999938964844,323.9226379394531,25.504785537719727,734.7418212890625,304.3516845703125,153.88999938964844,123.50603485107422,67.00492095947266,137.32501220703125,372.92694091796875,360.06622314453125,179.56491088867188,42.60557556152344,152.125244140625,177.33926391601562,56.185821533203125,743.3112182617188,406.1988830566406,468.56243896484375,278.8889465332031,486.8296203613281,118.41014862060547,80.66545104980469,370.65374755859375,407.38714599609375,89.89208221435547,10.524999618530273,60.29199981689453,99.17383575439453,154.26800537109375,79.06367492675781,108.99769592285156,22.92363739013672,60.01911163330078,151.14886474609375,86.2889404296875,180.73721313476562,166.3673858642578,90.05695343017578,52.31114196777344,76.37000274658203,175.036376953125,188.27999877929688,256.4100036621094,201.8800048828125,124.83536529541016,156.994384765625,79.5,,470.6512451171875,278.4629211425781,57.140159606933594
2024-03-01,178.0396728515625,165.64476013183594,570.9299926757812,219.08131408691406,206.64564514160156,202.63999938964844,263.76251220703125,178.22000122070312,162.6325225830078,393.489990234375,,876.7201538085938,2.130000114440918,214.28640747070312,200.0,32.78459548950195,28.001026153564453,98.10343933105469,90.94000244140625,407.1099853515625,326.580322265625,25.131088256835938,740.2235107421875,312.29498291015625,158.0500030517578,124.89152526855469,67.20006561279297,136.01585388183594,372.01629638671875,363.69891357421875,179.5106964111328,43.36762619018555,152.82278442382812,176.60533142089844,55.72712707519531,771.3599853515625,404.51055908203125,470.4080505371094,277.40997314453125,498.9177551269531,118.23320770263672,81.07795715332031,374.3406066894531,409.2190246582031,94.39611053466797,11.359999656677246,61.933998107910156,97.56497192382812,154.7259979248047,82.22872924804688,111.0472412109375,22.94953155517578,60.218048095703125,156.225830078125,86.41403198242188,181.3721466064453,166.81005859375,88.40576171875,52.51850509643555,76.58999633789062,173.44808959960938,186.72000122070312,263.75,202.63999938964844,129.9094696044922,160.48460388183594,81.02999877929688,,466.77044677734375,278.9752197265625,57.28639602661133
2024-03-04,173.52081298828125,163.9226531982422,567.9400024414062,219.25531005859375,205.898681640625,205.36000061035156,262.8780822753906,177.5800018310547,159.15162658691406,390.32000732421875,,895.5489501953125,2.0899999141693115,213.55471801757812,200.5399932861328,33.54813766479492,27.753931045532227,98.22852325439453,89.30000305175781,403.3900146484375,328.4717102050781,25.168458938598633,749.84375,310.08740234375,156.6999969482422,126.74935150146484,67.14431762695312,132.2568817138672,375.9943542480469,359.8391418457031,180.0257110595703,45.1391487121582,150.67355346679688,177.93017578125,55.98923873901367,781.3802490234375,409.7085266113281,462.3742980957031,277.6103820800781,494.83538818359375,115.52324676513672,84.41556549072266,376.15948486328125,408.6478271484375,95.01118469238281,11.569999694824219,61.58300018310547,95.3240737915039,155.21800231933594,85.18492889404297,111.32050323486328,22.345367431640625,59.66102600097656,159.54978942871094,86.51988983154297,183.57522583007812,168.6192169189453,87.74147033691406,52.95207214355469,75.7699966430664,173.25672912597656,177.92999267578125,270.0,188.13999938964844,134.1395721435547,161.78872680664062,81.30000305175781,,459.4665832519531,276.38409423828125,57.81285095214844
2024-03-05,168.5857391357422,165.87620544433594,544.8400268554688,221.38697814941406,203.83468627929688,205.1300048828125,260.3000183105469,174.1199951171875,154.919189453125,388.69000244140625,,882.1138305664062,2.009999990463257,211.88658142089844,201.13999938964844,33.77720260620117,25.653606414794922,97.71031188964844,90.5199966430664,400.739990234375,323.5056457519531,24.47711944580078,750.6043701171875,294.4273681640625,159.05999755859375,124.26963806152344,67.8320083618164,131.5824737548828,374.7098388671875,358.02276611328125,178.31796264648438,42.71444320678711,150.79608154296875,179.71253967285156,55.7177619934082,766.8922729492188,409.7464294433594,461.41693115234375,279.1370849609375,486.91900634765625,114.3871078491211,83.56242370605469,365.29541015625,396.5632629394531,93.72150421142578,11.65999984741211,59.849998474121094,94.14617919921875,148.02999877929688,85.91551971435547,108.27545928955078,22.509357452392578,57.960121154785156,154.6548614501953,86.66422271728516,180.34278869628906,166.9447784423828,86.56476593017578,53.3290901184082,73.47000122070312,170.8264617919922,167.75,267.0,180.74000549316406,130.94761657714844,160.0999298095703,79.08999633789062,,451.1520080566406,275.2511291503906,58.53429412841797
2024-03-06,167.59474182128906,167.63531494140625,543.0900268554688,221.51748657226562,208.53271484375,210.6300048828125,260.2435302734375,173.50999450683594,153.7325439453125,390.6600036621094,,894.5682983398438,1.9900000095367432,213.10598754882812,201.0,33.80583190917969,26.335594177246094,96.22713470458984,91.38999938964844,403.9599914550781,325.54248046875,24.645282745361328,763.7307739257812,299.3746337890625,158.4199981689453,125.56067657470703,67.49745178222656,130.3228759765625,373.42535400390625,359.2028503417969,181.1641845703125,44.05050277709961,150.20220947265625,180.64662170410156,55.74584197998047,769.0423583984375,411.1692810058594,465.4437255859375,279.5091552734375,492.7495422363281,115.24386596679688,80.30916595458984,363.8207092285156,396.01177978515625,94.8028564453125,12.020000457763672,59.76900100708008,93.4949722290039,148.21200561523438,88.64997100830078,109.5735092163086,23.46738624572754,57.810916900634766,160.82379150390625,86.85669708251953,183.4405059814453,168.67697143554688,86.97281646728516,53.51759719848633,74.01000213623047,172.22340393066406,167.0,268.0299987792969,176.5399932861328,137.35092163085938,161.25393676757812,78.63999938964844,,450.62762451171875,276.28558349609375,59.051002502441406
2024-03-07,167.47584533691406,167.18165588378906,556.0399780273438,222.99658203125,208.96519470214844,211.3800048828125,256.7340087890625,176.82000732421875,153.04029846191406,388.67999267578125,,930.8531494140625,2.190000057220459,217.95440673828125,203.02999877929688,34.006263732910156,26.098379135131836,95.56597137451172,91.08999633789062,402.3900146484375,329.9945068359375,25.000295639038086,775.928955078125,298.04425048828125,160.35000610351562,131.0711669921875,68.45467376708984,133.27842712402344,372.3326110839844,358.3558349609375,183.0706787109375,45.67357635498047,149.75917053222656,179.06443786621094,55.642879486083984,769.427001953125,407.8589172363281,461.4367370605469,277.7725524902344,508.7411193847656,115.46734619140625,80.75918579101562,366.7210693359375,402.9552001953125,98.19576263427734,11.975000381469727,60.85100173950195,94.03125762939453,153.61599731445312,92.61673736572266,111.78898620605469,23.122148513793945,58.18889617919922,168.3242645263672,87.13574981689453,188.14488220214844,171.08277893066406,86.30854034423828,54.19622802734375,75.33000183105469,173.6968536376953,168.44000244140625,270.3500061035156,178.64999389648438,144.75352478027344,164.44393920898438,79.41000366210938,,456.5202331542969,274.1476135253906,58.84626770019531
2024-03-08,169.1902313232422,165.5891876220703,551.6900024414062,225.17172241210938,202.0360565185547,207.38999938964844,257.5714111328125,175.35000610351562,155.37408447265625,387.79998779296875,,905.5517578125,2.0999999046325684,217.90560913085938,198.49000549316406,33.977622985839844,25.969890594482422,95.72679138183594,91.2699966430664,403.1499938964844,328.9954528808594,24.19684600830078,716.63720703125,300.86285400390625,161.35000610351562,132.2205047607422,69.81150817871094,134.30001831054688,370.9522705078125,355.3105163574219,181.39010620117188,43.54576873779297,150.3719024658203,179.3980255126953,55.7177619934082,751.6549072265625,410.6191101074219,463.1343078613281,279.1465759277344,502.5431213378906,115.01103210449219,81.60295867919922,367.0651550292969,400.07928466796875,96.84654998779297,12.170000076293945,60.481998443603516,94.96016693115234,151.53599548339844,87.47863006591797,109.71990966796875,23.49327850341797,58.69618606567383,163.39100646972656,87.45330810546875,185.66282653808594,170.27444458007812,86.41291809082031,54.38473892211914,76.16000366210938,174.06044006347656,162.39999389648438,259.3999938964844,175.33999633789062,142.0078582763672,161.65737915039062,78.69999694824219,,456.2043762207031,275.9013671875,58.61228561401367
2024-03-11,171.19200134277344,166.31134033203125,560.4199829101562,226.43333435058594,197.9178924560547,198.38999938964844,259.0862731933594,171.9600067138672,156.3827362060547,385.0,,867.4036865234375,2.0199999809265137,214.80343627929688,192.49000549316406,34.25441360473633,26.508560180664062,95.4944839477539,96.30000305175781,404.760009765625,324.90234375,24.23421859741211,705.2985229492188,301.5723876953125,162.16000366210938,131.118408203125,69.99736022949219,136.54150390625,370.15667724609375,353.56884765625,180.97445678710938,44.39689254760742,151.98382568359375,179.46473693847656,56.39176940917969,724.2669067382812,412.3739013671875,463.0355529785156,281.31256103515625,480.3337097167969,114.33121490478516,81.50923156738281,362.78839111328125,398.40496826171875,93.76118469238281,12.140000343322754,60.09299850463867,96.79885864257812,151.34800720214844,85.72563171386719,111.38883209228516,24.485830307006836,59.760498046875,163.91786193847656,87.9537124633789,182.622802734375,166.9832763671875,87.37137603759766,53.89461135864258,74.97000122070312,172.8166046142578,162.2899932861328,254.4499969482422,177.77000427246094,134.87692260742188,163.43063354492188,77.47000122070312,,468.2467956542969,276.4136657714844,59.13874053955078
2024-03-12,171.6676788330078,167.50570678710938,579.1400146484375,229.56556701660156,201.4266815185547,202.75999450683594,260.1965026855469,175.38999938964844,156.2640838623047,387.94000244140625,,875.0528564453125,1.909999966621399,217.2032470703125,184.24000549316406,34.32122802734375,26.182392120361328,98.08556365966797,95.7300033569336,404.9800109863281,327.10406494140625,24.776077270507812,727.8179931640625,302.18341064453125,159.3800048828125,131.82687377929688,69.77433013916016,137.36468505859375,372.0929870605469,356.4429931640625,179.92630004882812,44.77296829223633,153.40724182128906,180.9420928955078,56.63515853881836,744.5637817382812,412.5256652832031,466.6971130371094,280.8259582519531,496.3848876953125,114.22877502441406,81.61233520507812,372.079345703125,409.0023498535156,96.64813232421875,12.0,61.108001708984375,95.9369888305664,157.91200256347656,91.86116027832031,124.47674560546875,24.17511749267578,59.710758209228516,165.7953643798828,86.55838775634766,186.470947265625,170.33218383789062,87.68453979492188,53.87576675415039,76.36000061035156,174.8450164794922,161.9499969482422,258.0899963378906,177.5399932861328,140.09657287597656,164.00296020507812,78.31999969482422,,468.438232421875,279.7240295410156,59.869937896728516
2024-03-13,169.58660888671875,166.52427673339844,573.5499877929688,230.95765686035156,197.1217498779297,194.7899932861328,259.6789855957031,176.55999755859375,154.4643096923828,381.760009765625,,861.911865234375,1.840000033378601,217.3593292236328,182.35000610351562,34.435760498046875,26.053903579711914,96.9419174194336,93.94999694824219,408.1300048828125,331.25543212890625,24.607913970947266,725.1710205078125,300.6637268066406,158.0399932861328,133.95236206054688,70.57354736328125,138.6440887451172,376.0517883300781,360.6779479980469,180.4684295654297,42.78371810913086,151.86129760742188,182.409912109375,57.21554946899414,747.4140014648438,412.2315979003906,469.40130615234375,269.9004821777344,492.2330322265625,113.76314544677734,83.76866912841797,372.5708923339844,408.8250732421875,93.41394805908203,12.050000190734863,60.94499969482422,97.06700134277344,155.37600708007812,90.83674621582031,122.5052719116211,24.356367111206055,62.11789321899414,162.12655639648438,87.14537811279297,185.20103454589844,168.90792846679688,86.93486022949219,52.85782241821289,78.68000030517578,175.95489501953125,162.30999755859375,257.260009765625,169.47999572753906,137.90391540527344,162.01390075683594,78.25,,467.14593505859375,280.926025390625,59.74319076538086
2024-03-14,171.4397430419922,167.76492309570312,570.4500122070312,230.2180938720703,197.3085174560547,187.05999755859375,255.49200439453125,178.75,156.6002960205078,378.6449890136719,,863.9712524414062,1.6799999475479126,215.07656860351562,181.14999389648438,34.06352615356445,25.722793579101562,93.99345397949219,92.91000366210938,406.7300109863281,331.6434326171875,24.514490127563477,722.9486083984375,299.32171630859375,149.38999938964844,131.26797485351562,69.67224884033203,141.927001953125,372.5051574707031,357.1377258300781,177.4144287109375,42.30867385864258,150.07968139648438,179.1597442626953,57.08816146850586,750.2642822265625,413.3414001464844,473.2208251953125,268.82232666015625,488.5181884765625,112.93843841552734,83.53429412841797,383.2382507324219,418.7921142578125,90.70558166503906,11.805000305175781,61.30099868774414,96.01359558105469,155.8979949951172,87.89439392089844,122.5150375366211,24.278688430786133,62.66496658325195,161.36021423339844,88.30014038085938,183.21925354003906,168.311279296875,86.98230743408203,53.385643005371094,78.41999816894531,176.05056762695312,158.9199981689453,257.1300048828125,162.5,135.4590301513672,160.56903076171875,77.6500015258789,,468.1031799316406,282.1772155761719,59.69233703613281
2024-03-15,171.0631561279297,164.6910858154297,492.4599914550781,232.00172424316406,195.24449157714844,191.05999755859375,252.9797821044922,174.4199981689453,155.5520782470703,371.2799987792969,,841.1217041015625,1.7699999809265137,213.1157684326172,182.52999877929688,33.796287536621094,25.930355072021484,94.42232513427734,92.4800033569336,408.1300048828125,336.54156494140625,24.402381896972656,716.706298828125,290.45013427734375,147.4199981689453,132.95260620117188,69.18404388427734,140.02268981933594,371.1631774902344,355.1962890625,178.62518310546875,42.199806213378906,149.10873413085938,181.38052368164062,56.50313949584961,743.7945556640625,413.38885498046875,469.6184997558594,266.3509826660156,480.84027099609375,113.88497161865234,82.85926055908203,373.8490295410156,410.1250915527344,92.51116180419922,11.399999618530273,60.5880012512207,95.41983795166016,148.78199768066406,87.78746032714844,122.52478790283203,24.114702224731445,62.51576232910156,160.16282653808594,89.42601013183594,181.16049194335938,165.44354248046875,85.5208969116211,52.650455474853516,77.1500015258789,176.9691162109375,156.97000122070312,254.88999938964844,163.57000732421875,132.89773559570312,161.86380004882812,76.06999969482422,,469.84539794921875,278.8569641113281,59.35972595214844
2024-03-18,172.1532745361328,165.255859375,513.8599853515625,231.61019897460938,197.28883361816406,190.64999389648438,254.88983154296875,174.47999572753906,159.48785400390625,361.5400085449219,,853.968505859375,1.6699999570846558,215.5643310546875,179.83999633789062,34.36894607543945,25.910587310791016,94.69036865234375,92.98999786376953,408.4100036621094,341.3234558105469,24.23421859741211,722.5436401367188,296.5487365722656,149.47999572753906,133.75558471679688,68.78034210205078,146.4694061279297,368.4408264160156,353.9400634765625,177.78488159179688,42.26908493041992,147.7701873779297,183.62989807128906,56.739036560058594,752.1677856445312,410.90362548828125,472.6385803222656,265.8166198730469,493.6335144042969,113.80998992919922,82.46549987792969,378.81396484375,411.01153564453125,93.03695678710938,11.65999984741211,61.8390007019043,94.5579605102539,151.16000366210938,88.40512084960938,124.73051452636719,23.924821853637695,63.888423919677734,159.8946075439453,89.93603515625,179.67897033691406,165.7322540283203,86.365478515625,52.31114196777344,77.5199966430664,175.68699645996094,156.30999755859375,254.14999389648438,173.8000030517578,133.10617065429688,158.75823974609375,75.69999694824219,,466.23651123046875,280.8373107910156,59.53580856323242
2024-03-19,174.49197387695312,166.33912658691406,521.1900024414062,235.82997131347656,197.8883819580078,181.4199981689453,255.6707763671875,175.89999389648438,159.5669708251953,359.3699951171875,,852.7916259765625,1.6699999570846558,216.26673889160156,181.13999938964844,34.38803482055664,25.56959342956543,95.70892333984375,94.12000274658203,411.760009765625,343.2633361816406,23.916576385498047,723.1659545898438,297.4763488769531,147.47999572753906,136.5501708984375,68.9211654663086,145.8247833251953,372.5531005859375,361.0777282714844,179.84498596191406,41.61589813232422,147.25172424316406,184.70692443847656,56.833396911621094,762.1484985351562,414.68829345703125,477.68182373046875,269.9100036621094,492.89849853515625,114.52225494384766,82.89676666259766,381.0752868652344,415.0396728515625,93.2552261352539,11.489999771118164,62.07400131225586,95.72630310058594,151.38800048828125,89.34758758544922,126.08712768554688,23.847143173217773,62.67491149902344,157.19332885742188,91.28324127197266,181.54531860351562,166.7138214111328,86.91587829589844,52.782413482666016,77.52999877929688,165.5640869140625,157.6999969482422,252.75999450683594,171.32000732421875,131.3819580078125,156.45957946777344,77.08000183105469,,472.2385559082031,283.1033630371094,59.545589447021484
2024-03-20,177.05860900878906,163.20046997070312,519.1400146484375,235.78648376464844,201.5446014404297,179.72999572753906,256.91278076171875,178.14999389648438,160.71408081054688,356.95001220703125,,857.5971069335938,1.7000000476837158,222.3345489501953,187.77999877929688,35.075218200683594,25.910587310791016,95.0298843383789,90.0,416.1099853515625,345.7366638183594,23.823152542114258,731.6107788085938,302.0453186035156,151.02000427246094,136.92015075683594,69.45631408691406,147.52073669433594,380.0393981933594,365.8360595703125,181.7786102294922,41.76435470581055,146.82749938964844,187.1278839111328,57.324066162109375,762.2274780273438,417.7425842285156,481.6690673828125,271.4176940917969,502.11602783203125,116.0685806274414,85.64374542236328,382.94329833984375,418.8019104003906,95.48739624023438,11.425000190734863,62.76900100708008,96.02316284179688,153.51199340820312,90.32102966308594,126.13593292236328,23.907562255859375,64.70406341552734,160.61306762695312,91.27362060546875,183.15191650390625,167.0025177001953,87.87432861328125,51.82101821899414,81.33000183105469,168.16656494140625,163.0399932861328,261.7200012207031,175.66000366210938,133.21331787109375,159.48068237304688,78.63999938964844,,473.1096496582031,285.0047912597656,59.917327880859375
2024-03-21,169.82444763183594,164.3392791748047,511.25,237.43959045410156,207.1862030029297,178.67999267578125,260.5823059082031,178.14999389648438,156.91673278808594,396.8800048828125,,905.4536743164062,1.6699999570846558,223.5149688720703,187.6999969482422,35.80058288574219,26.172508239746094,93.63607025146484,91.98999786376953,413.7799987792969,353.6029357910156,24.5892276763916,733.4281616210938,304.3248596191406,152.67999267578125,139.0535125732422,68.6207275390625,146.3900909423828,396.5649719238281,376.1047668457031,181.95936584472656,41.98208236694336,146.81808471679688,189.7299346923828,57.05986022949219,759.6632080078125,420.3510437011719,482.2612609863281,270.5398254394531,504.3409423828125,115.85303497314453,87.56568908691406,389.5304870605469,422.87939453125,108.97966003417969,11.984999656677246,62.270999908447266,96.54986572265625,154.63600158691406,91.3834228515625,125.91143798828125,23.873035430908203,65.78826904296875,163.65924072265625,90.70587158203125,187.41371154785156,173.758056640625,86.98230743408203,52.084930419921875,79.58999633789062,167.28631591796875,158.38999938964844,259.6400146484375,172.82000732421875,135.84349060058594,161.929443359375,80.25,,470.6782531738281,286.0787048339844,60.112972259521484
2024-03-22,170.72625732421875,165.21884155273438,499.5199890136719,236.5260467529297,206.64564514160156,179.64999389648438,259.848388671875,178.8699951171875,157.5694122314453,402.67999267578125,,888.5861206054688,1.6299999952316284,220.4322967529297,188.85000610351562,35.361541748046875,26.434432983398438,93.02850341796875,91.83000183105469,411.6000061035156,347.3468017578125,24.888185501098633,725.7636108398438,303.7130432128906,153.30999755859375,137.8805694580078,68.17008972167969,149.5341033935547,389.9604797363281,371.4224548339844,181.37200927734375,42.13053512573242,146.32791137695312,187.40431213378906,57.078731536865234,760.0083618164062,422.9309997558594,475.3822937011719,269.68109130859375,506.14862060546875,116.0685806274414,86.20626068115234,388.301513671875,422.2588806152344,109.33678436279297,12.274999618530273,62.80099868774414,89.88465881347656,154.8300018310547,94.23580932617188,124.72074890136719,23.614110946655273,64.42555236816406,162.9407958984375,91.93760681152344,187.93321228027344,173.48861694335938,86.0807876586914,52.17918395996094,78.72000122070312,167.82212829589844,159.02999877929688,264.95001220703125,170.8300018310547,136.9053192138672,161.8262481689453,80.2300033569336,,469.12744140625,279.0737609863281,59.545589447021484
2024-03-25,169.3091278076172,165.2928924560547,507.2300109863281,239.4407501220703,204.88633728027344,178.6300048828125,264.2235412597656,179.7100067138672,155.86851501464844,398.4200134277344,,895.352783203125,1.659999966621399,220.5005645751953,191.41000366210938,35.180213928222656,26.528329849243164,94.92266845703125,93.0,409.9200134277344,345.25177001953125,24.83213233947754,721.9708251953125,302.02557373046875,154.77000427246094,136.5738067626953,68.14192199707031,148.83985900878906,388.158447265625,364.9796142578125,179.33900451660156,41.39817428588867,146.3184814453125,185.6886749267578,56.993804931640625,762.5035400390625,423.3388671875,469.8257751464844,265.8547668457031,499.63287353515625,117.43685150146484,85.44686126708984,385.2046203613281,416.4678039550781,116.20195770263672,12.055000305175781,62.74599838256836,89.77931213378906,154.92799377441406,94.94841003417969,123.05182647705078,23.67452621459961,65.64900970458984,160.4693603515625,92.0241928100586,187.86587524414062,173.93128967285156,86.0428237915039,52.084930419921875,78.41999816894531,166.54000854492188,158.13999938964844,261.9200134277344,172.6300048828125,136.60333251953125,160.29696655273438,79.41000366210938,,465.1165466308594,277.0540771484375,59.25212097167969
2024-03-26,168.179443359375,165.90396118164062,507.6000061035156,241.00685119628906,203.12701416015625,177.8699951171875,265.11737060546875,178.3000030517578,156.2443084716797,397.57000732421875,,882.9963989257812,1.7300000190734863,218.96896362304688,187.5,35.39972686767578,26.997814178466797,95.20858001708984,91.69999694824219,411.57000732421875,345.67852783203125,24.8695011138916,721.9906005859375,301.7985534667969,153.16000366210938,136.62098693847656,67.98231506347656,149.4349365234375,389.3470458984375,361.57257080078125,181.61598205566406,41.556522369384766,146.83692932128906,186.55601501464844,57.125911712646484,764.2393798828125,423.03533935546875,470.5758361816406,265.8547668457031,492.55084228515625,117.63365936279297,85.57811737060547,384.8604736328125,415.2760314941406,117.85873413085938,12.274999618530273,62.92399978637695,88.65886688232422,155.71400451660156,92.50879669189453,123.43246459960938,23.812620162963867,66.31544494628906,160.038330078125,92.43799591064453,189.19349670410156,175.72122192382812,85.74864959716797,52.12263488769531,78.52999877929688,167.72645568847656,158.02000427246094,262.80999755859375,177.6699981689453,135.24929809570312,157.53854370117188,77.91000366210938,,471.271728515625,276.4530334472656,59.19342803955078
2024-03-27,171.74696350097656,166.9779815673828,504.3999938964844,241.3983917236328,204.43421936035156,179.58999633789062,269.3796691894531,179.8300018310547,157.4309539794922,398.5899963378906,,877.8968505859375,1.7899999618530273,222.17849731445312,191.9499969482422,36.08692169189453,28.089982986450195,94.85118865966797,92.97000122070312,416.92999267578125,353.6902770996094,24.776077270507812,723.0769653320312,297.40728759765625,167.4499969482422,141.7930145263672,68.5456314086914,149.63327026367188,398.0411682128906,367.2445983886719,185.34768676757812,43.318145751953125,148.90135192871094,190.16836547851562,57.58827590942383,767.4741821289062,433.27001953125,471.7107849121094,269.0990295410156,490.53448486328125,123.47223663330078,87.65943145751953,381.7143249511719,415.05938720703125,118.30517578125,12.145000457763672,61.35300064086914,90.14319610595703,151.8000030517578,90.19910430908203,122.26126861572266,23.976608276367188,66.21598052978516,162.01161193847656,93.77558135986328,189.60714721679688,175.18231201171875,86.83047485351562,53.14058303833008,78.62000274658203,169.27645874023438,160.0399932861328,260.20001220703125,179.8300018310547,133.1549072265625,162.19216918945312,78.11000061035156,,472.0279846191406,274.8963928222656,59.398860931396484
2024-03-28,169.93345642089844,168.59817504882812,504.6000061035156,241.70289611816406,202.69454956054688,180.49000549316406,267.5167236328125,180.3800048828125,156.79808044433594,393.7200012207031,,874.954833984375,1.9700000286102295,222.1199493408203,192.99000549316406,36.19190216064453,28.09986686706543,95.56597137451172,92.25,420.5199890136719,355.4167175292969,25.822425842285156,723.6203002929688,297.20989990234375,168.8000030517578,138.17970275878906,68.77094268798828,149.6927947998047,400.3800048828125,365.0652160644531,185.45611572265625,43.714012145996094,149.11819458007812,190.91180419921875,57.729820251464844,767.2572631835938,431.4582824707031,475.2835693359375,269.0322265625,482.310302734375,123.6596450805664,88.27821350097656,382.4517517089844,414.3600769042969,117.06884002685547,12.15999984741211,60.733001708984375,89.99957275390625,152.47999572753906,90.30503845214844,122.5931167602539,23.950714111328125,66.63375091552734,162.17446899414062,93.85257720947266,187.62538146972656,173.66183471679688,86.72608184814453,53.46104431152344,77.16999816894531,169.31472778320312,161.60000610351562,263.8999938964844,175.7899932861328,132.53143310546875,163.44943237304688,76.98999786376953,,473.5596008300781,274.9555358886719,58.860816955566406
2024-04-01,168.4965362548828,167.35755920410156,502.0899963378906,,205.1123809814453,183.33999633789062,266.3123474121094,180.97000122070312,,397.3299865722656,,,1.8600000143051147,222.0419158935547,189.5,35.81012725830078,,,93.12000274658203,420.20001220703125,352.8076477050781,,712.3703002929688,298.2756652832031,171.8699951171875,138.04588317871094,68.42356872558594,154.2154083251953,396.37322998046875,350.2475280761719,182.52857971191406,44.060401916503906,148.73167419433594,189.6155548095703,57.258018493652344,750.0867919921875,429.48541259765625,472.1549072265625,267.3814697265625,488.0413818359375,122.7599868774414,87.68756103515625,,418.1519470214844,123.4341812133789,,61.430999755859375,88.63970947265625,153.6739959716797,90.31202697753906,122.46625518798828,23.924821853637695,64.68416595458984,164.49256896972656,94.07389068603516,188.58740234375,,86.85893249511719,,78.19000244140625,,160.52000427246094,266.42999267578125,175.22000122070312,137.8307647705078,162.4736328125,76.4000015258789,,468.7732849121094,274.1673583984375,58.694522857666016
2024-04-02,167.3172607421875,167.29275512695312,499.2099914550781,238.30966186523438,202.57662963867188,178.6999969482422,259.885986328125,180.69000244140625,155.33453369140625,397.1099853515625,,873.48388671875,1.8700000047683716,220.01278686523438,188.0399932861328,35.600162506103516,27.669919967651367,95.28899383544922,91.52999877929688,418.9200134277344,353.8648376464844,25.990591049194336,702.5526733398438,299.99273681640625,167.1699981689453,134.61119079589844,67.68186950683594,153.2930450439453,393.1524658203125,345.4605407714844,180.9202117919922,43.48638916015625,148.6844940185547,189.53932189941406,56.757904052734375,753.4498901367188,429.9122619628906,473.1714782714844,265.0150451660156,494.0209045410156,122.16019439697266,86.91877746582031,384.61468505859375,415.0691833496094,121.89498901367188,11.890000343322754,61.42100143432617,87.09790802001953,151.39999389648438,89.40155029296875,121.35359954833984,23.77809715270996,64.3161392211914,163.84121704101562,94.83411407470703,184.8258514404297,170.38990783691406,84.74275207519531,52.782413482666016,78.12000274658203,168.01348876953125,156.19000244140625,269.5799865722656,166.6300048828125,136.5935821533203,159.83721923828125,76.9800033569336,,438.5619812011719,274.324951171875,57.872802734375
2024-04-03,168.11993408203125,164.181884765625,497.010009765625,238.74468994140625,203.82484436035156,180.77000427246094,258.2018127441406,182.41000366210938,155.78939819335938,398.489990234375,,887.5075073242188,2.390000104904175,221.08590698242188,184.9199981689453,35.7337760925293,28.43097496032715,99.93505096435547,90.77999877929688,420.239990234375,364.49542236328125,27.634855270385742,697.0115966796875,300.7229309082031,166.72999572753906,143.6365509033203,66.55525970458984,153.6500701904297,396.8429260253906,342.5103759765625,178.87818908691406,39.913658142089844,145.41351318359375,189.00558471679688,56.455955505371094,765.3143920898438,424.8470458984375,471.187744140625,262.9158935546875,503.32781982421875,121.73846435546875,87.19066619873047,383.926513671875,414.09417724609375,127.11833190917969,11.979999542236328,63.007999420166016,86.50416564941406,151.83200073242188,88.913818359375,123.20797729492188,23.49327850341797,64.99251556396484,166.59043884277344,93.87181854248047,185.90333557128906,171.50621032714844,84.17334747314453,52.46194839477539,75.63999938964844,168.91287231445312,153.02000427246094,291.7699890136719,168.3800048828125,138.3275604248047,159.81845092773438,76.80999755859375,,440.0935363769531,272.8668212890625,58.136924743652344
2024-04-04,167.29747009277344,155.4510498046875,487.1099853515625,237.00457763671875,199.90325927734375,165.8300018310547,252.245849609375,180.0,155.8883056640625,386.8800048828125,,883.8789672851562,2.509999990463257,214.88182067871094,183.2899932861328,35.23747253417969,28.228355407714844,102.48145294189453,89.94000244140625,415.32000732421875,358.67572021484375,28.625150680541992,696.2115478515625,290.2627258300781,171.4600067138672,145.3824462890625,65.29720306396484,149.29608154296875,389.4140930175781,340.39764404296875,177.1433563232422,39.31985092163086,143.7544708251953,187.56752014160156,55.95583724975586,757.5130615234375,430.6710510253906,463.6375732421875,257.715576171875,507.4797058105469,119.63920593261719,86.51564025878906,385.84368896484375,411.5630187988281,123.22563934326172,12.069999694824219,61.7140007019043,85.29751586914062,151.50999450683594,85.85652923583984,121.20721435546875,23.001317977905273,64.19677734375,162.61509704589844,95.56544494628906,183.77723693847656,171.31375122070312,83.14848327636719,52.44309997558594,74.80999755859375,168.5301513671875,151.33999633789062,295.9599914550781,171.11000061035156,136.04806518554688,158.12025451660156,74.91999816894531,,435.9198913574219,269.95062255859375,58.20539855957031
2024-04-05,168.05059814453125,157.39537048339844,485.1199951171875,233.87234497070312,204.2867889404297,170.4199981689453,253.9959716796875,185.07000732421875,154.72142028808594,387.0299987792969,,888.1939697265625,2.450000047683716,217.69027709960938,183.13999938964844,35.418819427490234,27.11642074584961,100.51581573486328,90.5199966430664,418.6199951171875,367.89990234375,28.0085506439209,704.9427490234375,297.9302673339844,174.60000610351562,154.1710968017578,65.32535552978516,151.2499237060547,391.1587219238281,340.57843017578125,178.13726806640625,38.31037902832031,143.65077209472656,189.29315185546875,56.153995513916016,773.4213256835938,431.94207763671875,470.9212646484375,254.4713897705078,523.7890625,119.94847106933594,86.69377899169922,385.00799560546875,419.0874938964844,122.71920776367188,11.960000038146973,63.61800003051758,85.0772705078125,156.6999969482422,87.95836639404297,121.90016174316406,23.009944915771484,64.80353546142578,164.31060791015625,97.85572052001953,184.53724670410156,170.73634338378906,82.41777038574219,52.51850509643555,75.27999877929688,164.91346740722656,153.86000061035156,310.30999755859375,164.89999389648438,137.7041015625,157.1538543701172,77.16000366210938,,436.2645263671875,273.0442199707031,58.54778289794922
2024-04-08,166.93077087402344,157.21018981933594,484.2799987792969,233.611328125,205.45639038085938,169.89999389648438,253.29029846191406,185.19000244140625,153.71275329589844,386.7099914550781,,896.039306640625,2.5999999046325684,219.30490112304688,181.55999755859375,35.791038513183594,27.00769805908203,102.52613067626953,89.30999755859375,415.9700012207031,362.24517822265625,27.784334182739258,703.0563354492188,297.7526550292969,179.22000122070312,154.3881072998047,65.1751480102539,153.58065795898438,393.52630615234375,344.5564880371094,178.6884307861328,37.58791732788086,142.8966522216797,190.28062438964844,55.927528381347656,766.596435546875,429.0964660644531,473.2536926269531,255.301513671875,515.7534790039062,118.60832214355469,87.3875503540039,385.00799560546875,418.1716003417969,122.09358978271484,12.350000381469727,62.840999603271484,86.18814086914062,157.1199951171875,87.08385467529297,121.3633804321289,22.940898895263672,65.9872055053711,166.31263732910156,98.03854370117188,184.35446166992188,170.54388427734375,82.74040985107422,52.329994201660156,74.37999725341797,166.73138427734375,154.86000061035156,309.07000732421875,172.97999572753906,139.0971221923828,158.9927978515625,75.02999877929688,,436.5133972167969,273.655029296875,58.47930145263672
2024-04-09,168.1398162841797,157.5249786376953,492.54998779296875,229.69606018066406,206.80291748046875,170.77999877929688,254.3817596435547,185.6699981689453,153.81161499023438,384.1400146484375,,881.9176635742188,2.390000104904175,215.12644958496094,178.1199951171875,36.010562896728516,27.076885223388672,101.72200012207031,90.05000305175781,414.69000244140625,360.7222900390625,27.653541564941406,709.7529296875,298.3841857910156,184.6999969482422,152.3857421875,65.66336059570312,155.31631469726562,393.68927001953125,343.9569091796875,179.27574157714844,37.93430709838867,143.55650329589844,189.0055694580078,56.35215377807617,746.822265625,424.5340881347656,466.6418151855469,257.0953674316406,513.41943359375,118.74889373779297,88.20320129394531,383.0416259765625,419.8360595703125,121.77581024169922,12.600000381469727,61.81999969482422,87.14579010009766,156.44400024414062,85.30584716796875,120.65840911865234,23.1135196685791,66.6436996459961,168.1805877685547,97.76909637451172,180.75645446777344,165.92471313476562,82.6834716796875,51.42515563964844,74.91999816894531,165.65977478027344,155.5800018310547,300.7300109863281,176.8800048828125,141.63961791992188,162.74575805664062,75.13999938964844,,440.0744323730469,272.63037109375,58.48909378051758
2024-04-10,166.26683044433594,156.49729919433594,487.2200012207031,229.1740264892578,205.6627960205078,167.13999938964844,250.7028350830078,185.9499969482422,154.28631591796875,382.7799987792969,,895.64697265625,2.430000066757202,212.98338317871094,174.6300048828125,34.97977828979492,27.25479507446289,99.6223373413086,88.6500015258789,409.1099853515625,360.88726806640625,27.971181869506836,713.6939086914062,295.6704406738281,185.2899932861328,154.47689819335938,63.95463562011719,154.86007690429688,384.1516418457031,333.6216735839844,176.78189086914062,36.81596755981445,141.5863494873047,187.3949737548828,55.597267150878906,751.4970092773438,428.4609375,463.6868591308594,256.3606872558594,516.3296508789062,118.786376953125,85.92499542236328,384.958740234375,416.8617248535156,121.34880065917969,12.739999771118164,61.858001708984375,85.2304916381836,153.83799743652344,86.98991394042969,119.20929718017578,22.71649742126465,65.52964782714844,163.66879272460938,97.53815460205078,177.22579956054688,164.84690856933594,81.5636978149414,51.7456169128418,71.9800033569336,166.84620666503906,152.97000122070312,299.989990234375,171.75999450683594,142.4384307861328,158.48614501953125,74.3499984741211,,430.8176574707031,270.4235534667969,59.301025390625
2024-04-11,173.4613494873047,155.09922790527344,484.2799987792969,227.0858612060547,209.328857421875,170.5,254.04296875,189.0500030517578,156.4222869873047,379.6499938964844,,891.5281982421875,2.4700000286102295,213.52162170410156,173.36000061035156,34.69345474243164,26.706239700317383,99.97972869873047,87.01000213623047,407.6099853515625,360.7999267578125,27.746965408325195,723.3436279296875,295.2066345214844,184.44000244140625,155.53228759765625,64.45222473144531,158.10330200195312,381.0075988769531,330.5857238769531,177.88427734375,37.24153137207031,140.25721740722656,187.35659790039062,55.71993637084961,749.1399536132812,429.03955078125,462.83685302734375,256.3129577636719,519.63720703125,118.22407531738281,81.41545867919922,389.62884521484375,421.4610900878906,126.621826171875,13.100000381469727,62.87799835205078,88.10343170166016,154.26800537109375,90.56489562988281,120.66819763183594,22.733760833740234,65.4500732421875,167.7590789794922,96.98004150390625,178.6207275390625,164.76991271972656,81.51625061035156,50.821922302246094,71.56999969482422,166.0807647705078,159.35000610351562,303.57000732421875,174.60000610351562,143.39308166503906,160.62530517578125,76.18000030517578,,422.8436279296875,271.6057434082031,58.78256607055664
2024-04-12,174.95774841308594,151.65090942382812,474.0899963378906,227.9559326171875,204.296630859375,163.27999877929688,251.48377990722656,186.1300048828125,163.91806030273438,378.0199890136719,,889.9590454101562,2.299999952316284,213.52162170410156,169.5500030517578,34.158973693847656,26.651878356933594,97.83539581298828,86.4800033569336,403.260009765625,354.6407775878906,28.0085506439209,722.3165283203125,290.4403076171875,182.47999572753906,152.795166015625,63.907691955566406,156.43704223632812,373.3486633300781,326.30322265625,177.2427520751953,35.321556091308594,139.06007385253906,175.23878479003906,54.99335479736328,741.29931640625,427.2184143066406,459.94110107421875,255.13931274414062,508.45306396484375,117.83982849121094,80.80607604980469,391.69342041015625,415.5223083496094,121.66657257080078,12.800000190734863,62.28300094604492,88.10343170166016,153.74200439453125,88.13626861572266,118.58264923095703,22.319477081298828,64.24650573730469,164.08071899414062,96.3256607055664,173.91639709472656,164.61593627929688,80.58625793457031,50.33180236816406,70.0,165.2005157470703,158.55999755859375,300.45001220703125,171.0500030517578,138.8341064453125,156.05613708496094,75.27999877929688,,420.43133544921875,271.88165283203125,58.831478118896484
2024-04-15,171.13255310058594,151.08087158203125,470.1000061035156,229.69606018066406,202.1539764404297,160.32000732421875,249.81842041015625,183.6199951171875,163.4236297607422,376.260009765625,,893.2933349609375,2.069999933242798,213.7173309326172,167.82000732421875,34.311683654785156,26.152740478515625,98.01408386230469,87.88999938964844,400.260009765625,352.9725036621094,28.71857452392578,709.44677734375,269.3027038574219,175.9600067138672,151.87619018554688,63.607269287109375,153.59059143066406,384.26666259765625,321.6018981933594,175.3271942138672,35.935157775878906,139.1260528564453,175.3346710205078,54.86125564575195,740.4413452148438,429.7604064941406,454.4164123535156,254.032470703125,496.86163330078125,118.26156616210938,81.55608367919922,390.9561462402344,407.38714599609375,120.52459716796875,12.380000114440918,60.71500015258789,89.15682983398438,147.16200256347656,85.9524917602539,117.37830352783203,22.36263084411621,63.1722526550293,162.6917266845703,96.24868774414062,173.38726806640625,165.19334411621094,80.82350158691406,50.42605972290039,68.56999969482422,168.30052185058594,151.97999572753906,290.5199890136719,161.47999572753906,136.51565551757812,156.07489013671875,73.4000015258789,,426.5865478515625,267.2708435058594,58.62604522705078
2024-04-16,167.8523712158203,151.8938751220703,476.2200012207031,225.3457489013672,205.8888397216797,163.4600067138672,249.94068908691406,183.32000732421875,157.4309539794922,370.67999267578125,,895.7450561523438,2.1500000953674316,213.65863037109375,170.5500030517578,33.09955596923828,25.77715492248535,95.11029815673828,86.33999633789062,396.9200134277344,349.0636291503906,28.19540023803711,707.1651611328125,273.7532653808594,173.0800018310547,154.89988708496094,63.19416809082031,153.1343231201172,380.41326904296875,318.65167236328125,172.32736206054688,35.88566970825195,136.1660919189453,173.33099365234375,54.78577423095703,736.4667358398438,430.92718505859375,454.446044921875,253.26907348632812,496.3948669433594,117.20256042480469,83.57179260253906,385.49951171875,408.3128967285156,120.92179870605469,12.510000228881836,61.75199890136719,89.43456268310547,148.95599365234375,87.36569213867188,118.10286712646484,22.172754287719727,63.09267807006836,161.48477172851562,97.03776550292969,173.70474243164062,163.96156311035156,81.06075286865234,49.63431930541992,68.69999694824219,165.6023712158203,150.3000030517578,298.0799865722656,157.11000061035156,136.1844482421875,157.23829650878906,74.12999725341797,,448.8525695800781,267.33978271484375,58.538002014160156
2024-04-17,166.48484802246094,153.49188232421875,474.45001220703125,227.4338836669922,196.4632568359375,154.02000427246094,248.46348571777344,181.27999877929688,157.07498168945312,366.20001220703125,,835.9241943359375,1.9800000190734863,213.0029754638672,170.2100067138672,33.624488830566406,25.945180892944336,94.66355895996094,86.4000015258789,397.739990234375,347.55047607421875,27.616168975830078,706.394775390625,272.6776123046875,178.00999450683594,153.8228302001953,62.837398529052734,154.19558715820312,387.1711120605469,316.7483215332031,172.00209045410156,35.31166076660156,136.4677734375,172.64073181152344,55.21038818359375,740.4413452148438,432.57757568359375,454.7821350097656,257.5820007324219,490.8424377441406,117.49309539794922,84.45307159423828,381.27191162109375,405.6143493652344,115.51971435546875,12.430000305175781,61.36899948120117,90.8231430053711,147.2899932861328,83.98759460449219,116.19355773925781,21.93971824645996,62.923583984375,157.40406799316406,96.95115661621094,173.10829162597656,162.402587890625,81.8104476928711,49.087650299072266,69.41000366210938,165.21963500976562,148.8000030517578,293.5799865722656,155.4499969482422,135.43435668945312,155.4650421142578,71.94000244140625,,458.52093505859375,268.65997314453125,58.35213851928711
2024-04-18,165.53350830078125,153.8750457763672,473.17999267578125,227.9559326171875,190.98875427246094,155.0800018310547,247.22152709960938,179.22000122070312,155.73007202148438,358.4100036621094,,824.0579833984375,1.909999966621399,212.8366241455078,170.22999572753906,34.139888763427734,25.93529510498047,95.5570297241211,86.16999816894531,399.8900146484375,347.17218017578125,27.055625915527344,702.5032958984375,268.33563232421875,174.2899932861328,151.12522888183594,62.11448287963867,154.7311553955078,386.40423583984375,316.8054504394531,172.65264892578125,34.67826843261719,137.3821258544922,173.7624053955078,55.587833404541016,735.6876220703125,432.6155090332031,449.3858947753906,258.5648193359375,498.42108154296875,117.36188507080078,84.621826171875,379.40386962890625,398.1587829589844,111.15034484863281,12.300000190734863,61.055999755859375,91.68502807617188,146.27200317382812,84.62324523925781,113.57927703857422,21.9138240814209,61.76974868774414,154.645263671875,96.91265869140625,171.85763549804688,162.8067626953125,82.70246887207031,48.239356994628906,69.51000213623047,167.93695068359375,148.41000366210938,289.20001220703125,149.92999267578125,128.84922790527344,153.56044006347656,71.30000305175781,,472.1045837402344,267.3594665527344,57.970619201660156
2024-04-19,163.5118865966797,155.51040649414062,465.0199890136719,229.00003051757812,186.5167694091797,146.63999938964844,253.0362548828125,174.6300048828125,153.07984924316406,360.2300109863281,,805.131103515625,1.850000023841858,226.08628845214844,169.82000732421875,35.28519821166992,26.019309997558594,94.57421112060547,86.80999755859375,405.0799865722656,345.2544250488281,26.756668090820312,700.7846069335938,266.8060302734375,175.0399932861328,146.30313110351562,62.67780303955078,152.82687377929688,387.2573547363281,319.1560974121094,175.5259552001953,33.84694290161133,139.42770385742188,178.1244354248047,56.77676773071289,716.3177490234375,439.9950866699219,450.06787109375,259.5285339355469,477.83062744140625,117.8773193359375,84.99683380126953,369.6705627441406,393.08660888671875,106.02629089355469,12.229999542236328,55.50400161743164,90.52627563476562,142.78199768066406,76.15702056884766,112.4826431274414,22.440311431884766,61.9786376953125,150.99563598632812,97.7306137084961,169.09661865234375,159.55410766601562,83.13898468017578,48.78676986694336,69.66999816894531,165.48756408691406,145.4499969482422,275.8299865722656,147.0500030517578,124.39739227294922,149.81687927246094,69.19999694824219,,479.7148132324219,265.7929382324219,58.23474884033203
2024-04-22,164.34432983398438,156.89346313476562,466.8900146484375,232.0452423095703,186.21205139160156,148.63999938964844,255.8401336669922,177.22999572753906,153.7325439453125,368.75,,797.4817504882812,1.8700000047683716,228.00430297851562,170.47999572753906,36.010562896728516,26.997814178466797,94.57421112060547,88.01000213623047,408.7799987792969,348.1261901855469,27.242475509643555,706.6614990234375,270.2006530761719,176.27999877929688,148.40785217285156,62.856170654296875,154.99893188476562,400.0541076660156,319.86981201171875,176.7186737060547,34.054771423339844,140.56829833984375,181.58529663085938,57.135345458984375,721.2687377929688,437.5858154296875,451.4119567871094,262.9540710449219,478.4862365722656,118.9644546508789,86.3375015258789,368.34332275390625,394.8988342285156,108.35993194580078,12.579999923706055,55.459999084472656,90.20067596435547,144.38999938964844,79.47314453125,112.13996124267578,22.66471290588379,62.85395431518555,153.43829345703125,97.7306137084961,171.41510009765625,159.84280395507812,83.67989349365234,49.42060852050781,70.55000305175781,166.5017547607422,147.2100067138672,272.239990234375,142.0500030517578,126.39437103271484,153.33526611328125,68.9800033569336,,470.2379150390625,268.3052673339844,58.831478118896484
2024-04-23,165.39474487304688,158.43539428710938,472.8999938964844,235.35145568847656,189.92726135253906,152.27000427246094,257.373779296875,179.5399932861328,153.8314208984375,375.0799865722656,,818.1740112304688,1.9700000286102295,233.8365020751953,169.17999267578125,36.62139129638672,27.027463912963867,95.11029815673828,88.48999786376953,408.739990234375,353.61663818359375,28.120662689208984,713.7925415039062,273.0328369140625,180.10000610351562,160.6903533935547,62.93128967285156,156.9626922607422,406.428466796875,322.6202087402344,177.2427520751953,33.92611312866211,140.98304748535156,184.20252990722656,57.22026824951172,735.43115234375,436.400146484375,457.4109802246094,264.19451904296875,492.75946044921875,118.90821075439453,87.90320587158203,373.7507019042969,401.40887451171875,111.6766586303711,12.859999656677246,57.775001525878906,90.03787231445312,148.19000244140625,82.37651062011719,112.68826293945312,22.71649742126465,64.08735656738281,154.55908203125,97.55740356445312,180.87188720703125,168.2727813720703,83.3857192993164,50.09286880493164,74.01000213623047,167.7647247314453,151.1699981689453,303.30999755859375,144.67999267578125,129.9791717529297,155.24923706054688,70.80000305175781,,465.4036865234375,270.0589904785156,57.8043212890625
2024-04-24,167.49563598632812,156.80938720703125,477.1199951171875,232.0452423095703,192.69888305664062,151.74000549316406,256.8751525878906,176.58999633789062,155.53231811523438,375.0,,818.6644287109375,1.8700000047683716,233.99305725097656,164.3300018310547,36.57367706298828,26.65682029724121,95.19964599609375,88.08999633789062,405.95001220703125,353.87945556640625,28.270139694213867,714.9877319335938,272.5492858886719,177.47999572753906,157.30108642578125,62.97823715209961,157.82559204101562,405.50830078125,316.919677734375,176.0048828125,34.14384078979492,140.01214599609375,185.1036834716797,58.078948974609375,722.1268310546875,435.50860595703125,457.0947265625,264.0704345703125,490.1769714355469,119.02066040039062,87.9875717163086,375.7661437988281,402.8763427734375,111.00139617919922,12.720000267028809,55.512001037597656,90.63162231445312,149.25799560546875,79.63206481933594,112.93305969238281,22.673341751098633,64.49517822265625,156.74310302734375,97.21097564697266,180.92962646484375,168.9464111328125,84.22080993652344,50.669090270996094,72.26000213623047,167.09495544433594,154.99000549316406,281.2300109863281,162.1300048828125,129.53109741210938,164.01234436035156,69.36000061035156,,466.475830078125,270.9554748535156,58.567352294921875
2024-04-25,168.35780334472656,156.33277893066406,473.44000244140625,228.56500244140625,194.11422729492188,153.75999450683594,253.4596405029297,173.6699981689453,155.2554168701172,368.6000061035156,,817.5856323242188,1.840000033378601,232.01637268066406,166.80999755859375,36.1823616027832,26.582691192626953,93.85943603515625,86.70999908447266,404.9100036621094,329.0362854003906,27.167734146118164,714.1270141601562,269.5395202636719,175.02000427246094,159.34646606445312,61.27889633178711,154.7212371826172,402.6421813964844,315.9394226074219,174.4055633544922,34.74754333496094,138.4002227783203,185.3817138671875,58.258235931396484,714.8975830078125,440.8582763671875,456.70928955078125,262.97314453125,438.4078674316406,122.50695037841797,86.77816009521484,359.8880310058594,393.0078430175781,110.80279541015625,12.380000114440918,56.47999954223633,89.9612808227539,143.25,82.58540344238281,112.49244689941406,21.801626205444336,63.759117126464844,156.427001953125,97.87495422363281,178.06275939941406,163.788330078125,83.35723114013672,50.22732162475586,70.55000305175781,166.19557189941406,152.5,289.0199890136719,170.17999267578125,133.04774475097656,164.4251708984375,69.30999755859375,,472.7554931640625,271.0934753417969,58.89994812011719
2024-04-26,167.77310180664062,149.16514587402344,477.55999755859375,231.0011444091797,199.89341735839844,157.39999389648438,254.02423095703125,179.6199951171875,158.04408264160156,372.79998779296875,,843.9720458984375,1.9299999475479126,230.5876922607422,167.22000122070312,36.10600662231445,27.081825256347656,95.06562805175781,87.20999908447266,402.1000061035156,334.27362060546875,27.354583740234375,721.36865234375,270.67437744140625,178.72999572753906,160.42356872558594,61.41973114013672,170.5404815673828,409.8505859375,318.8991394042969,174.79408264160156,31.55088996887207,137.75921630859375,185.49673461914062,58.258235931396484,723.4187622070312,437.5478820800781,457.0157470703125,260.5781555175781,440.3050231933594,122.956787109375,87.03129577636719,376.4543762207031,400.1778259277344,114.04006958007812,12.760000228881836,56.12300109863281,90.1336441040039,144.7100067138672,87.6855239868164,114.76403045654297,21.922454833984375,65.60922241210938,158.68765258789062,97.5862808227539,179.1113739013672,167.4451904296875,83.74633026123047,50.841957092285156,71.33000183105469,169.9462127685547,158.1300048828125,289.5899963378906,168.2899932861328,134.72323608398438,166.5174102783203,69.05000305175781,,474.1818542480469,270.462890625,58.851036071777344
2024-04-29,171.9352264404297,150.94070434570312,473.07000732421875,231.6971893310547,201.74119567871094,160.1999969482422,260.0459899902344,180.9600067138672,160.79319763183594,375.2900085449219,,833.063720703125,1.9700000286102295,233.79736328125,173.49000549316406,35.83876419067383,27.379539489746094,95.42301940917969,87.94999694824219,400.9599914550781,340.5233154296875,27.765647888183594,718.5491943359375,272.1051940917969,180.8300018310547,162.5381622314453,61.90794372558594,164.7880096435547,412.9562683105469,320.5264587402344,175.08322143554688,31.036256790161133,138.4002227783203,185.29542541503906,58.541316986083984,727.0580444335938,443.48565673828125,451.7578125,261.0170593261719,429.7068786621094,121.94464874267578,87.15428924560547,367.6059265136719,396.1693115234375,113.56341552734375,13.260000228881836,55.94900131225586,90.07617950439453,144.23199462890625,87.70751190185547,114.05905151367188,22.129594802856445,66.63375091552734,162.07867431640625,98.57744598388672,176.79287719726562,164.96238708496094,83.82223510742188,50.64988708496094,72.4800033569336,169.96536254882812,157.44000244140625,286.239990234375,194.0500030517578,134.91806030273438,168.21560668945312,67.4000015258789,,468.13189697265625,267.8225402832031,58.929298400878906
2024-04-30,168.7938232421875,151.98733520507812,462.8299865722656,231.95822143554688,195.24449157714844,158.3800048828125,257.7501525878906,175.0,160.95143127441406,375.5,,818.3226318359375,1.9800000190734863,229.01219177246094,167.83999633789062,35.323368072509766,27.14137077331543,91.53639221191406,88.81999969482422,396.7300109863281,325.697265625,27.373266220092773,715.1558837890625,265.3948669433594,176.3000030517578,159.89984130859375,61.21318054199219,161.44564819335938,409.02618408203125,318.0711669921875,174.14352416992188,30.155445098876953,136.298095703125,183.81903076171875,58.28654479980469,770.3540649414062,441.00054931640625,445.92681884765625,260.53045654296875,427.2734069824219,121.10118865966797,85.95262908935547,365.4429931640625,383.444580078125,112.17317199707031,13.260000228881836,55.06399917602539,88.3524169921875,138.66600036621094,86.353271484375,111.37622833251953,22.112335205078125,67.55879974365234,158.86965942382812,97.6921157836914,174.330078125,163.3071746826172,83.97406768798828,50.035247802734375,70.19999694824219,168.30052185058594,155.1999969482422,280.44000244140625,183.27999877929688,133.78807067871094,165.5228729248047,66.2699966430664,,463.0296936035156,264.6402282714844,58.05866241455078
2024-05-01,167.77310180664062,151.12757873535156,469.3900146484375,,190.66439819335938,144.27000427246094,260.9774475097656,179.0,,383.3399963378906,,,2.049999952316284,226.497314453125,171.4600067138672,35.26611328125,,,89.94999694824219,398.5799865722656,322.2900695800781,,714.4832763671875,265.148193359375,177.5800018310547,157.8050079345703,61.50423049926758,162.5167999267578,409.25628662109375,315.9299011230469,176.4656982421875,30.05647850036621,142.51019287109375,183.93411254882812,58.437522888183594,766.06396484375,437.96527099609375,436.903564453125,261.8567810058594,436.232666015625,120.70757293701172,86.6149673461914,,388.96978759765625,108.93587493896484,,55.17100143432617,86.51374053955078,137.1219940185547,82.99415588378906,112.23786926269531,23.45875358581543,65.78826904296875,157.20289611816406,97.4034423828125,173.23336791992188,,70.6410903930664,,70.4000015258789,,156.13999938964844,284.5400085449219,179.99000549316406,131.45016479492188,164.3782501220703,67.79000091552734,,463.422119140625,263.36932373046875,57.56954574584961
2024-05-02,171.469482421875,150.27719116210938,476.57000732421875,232.65426635742188,194.51719665527344,146.16000366210938,261.93719482421875,184.72000122070312,158.57806396484375,393.4200134277344,,797.3904418945312,2.130000114440918,227.5150146484375,178.85000610351562,35.19929885864258,27.91541862487793,91.08966064453125,92.23999786376953,400.6000061035156,326.544189453125,27.84038734436035,724.59375,268.5428466796875,180.50999450683594,160.7101287841797,61.335235595703125,165.25416564941406,414.64337158203125,319.31787109375,174.9657745361328,30.195032119750977,141.3224334716797,183.7423553466797,58.494136810302734,745.510498046875,439.35955810546875,435.9448547363281,260.75946044921875,438.7058410644531,120.20149230957031,87.66524505615234,364.2140197753906,391.82598876953125,111.54756164550781,13.640000343322754,56.51499938964844,88.49606323242188,139.1439971923828,85.76859283447266,112.56098175048828,23.907562255859375,66.6238021850586,172.51991271972656,98.04817199707031,173.78172302246094,162.1908721923828,71.10608673095703,49.17091751098633,72.0,167.63076782226562,157.77000427246094,294.1700134277344,180.00999450683594,132.706787109375,164.9412078857422,68.56999969482422,,471.903564453125,263.655029296875,58.410831451416016
2024-05-03,181.7261505126953,153.06199645996094,486.17999267578125,229.8700714111328,200.5912322998047,150.60000610351562,292.892822265625,186.2100067138672,169.53497314453125,388.20001220703125,,821.4674072265625,2.049999952316284,225.82212829589844,179.7899932861328,35.552433013916016,27.806259155273438,91.58106994628906,92.72000122070312,400.8699951171875,327.8194274902344,27.933813095092773,735.9309692382812,270.0526428222656,191.5500030517578,162.16265869140625,60.81886672973633,165.8690948486328,420.0208435058594,326.28424072265625,176.926513671875,30.58100700378418,140.70970153808594,182.63986206054688,58.66398239135742,724.8585815429688,438.1360168457031,438.3958435058594,257.93505859375,448.91668701171875,119.4986343383789,88.60197448730469,370.3095703125,400.5126647949219,113.90105438232422,13.729999542236328,57.933998107910156,88.24707794189453,143.3300018310547,88.7389144897461,113.38346099853516,24.002498626708984,65.3506088256836,172.0792694091797,97.57666015625,176.48501586914062,164.28875732421875,69.37896728515625,49.843177795410156,74.45999908447266,169.9462127685547,159.32000732421875,296.07000732421875,181.19000244140625,137.89894104003906,167.85911560058594,69.2300033569336,,471.4057922363281,264.5220031738281,58.51844024658203
2024-05-06,180.0712127685547,152.07144165039062,493.5899963378906,234.22039794921875,205.2794952392578,155.77999877929688,281.78076171875,188.6999969482422,166.9044952392578,393.7799987792969,,831.9826049804688,2.119999885559082,229.30577087402344,178.35000610351562,35.97238540649414,27.8459529876709,92.0724868774414,93.3499984741211,404.9200134277344,333.0275573730469,28.0085506439209,748.3466186523438,271.9966735839844,193.80999755859375,165.97686767578125,61.532405853271484,166.72207641601562,425.2833557128906,325.7512512207031,176.19461059570312,30.774776458740234,140.0592803955078,184.06829833984375,58.833839416503906,756.1323852539062,438.9612121582031,444.1181945800781,256.9617614746094,462.5442810058594,119.55485534667969,89.69010925292969,373.7015380859375,407.2886657714844,119.29322052001953,13.489999771118164,59.696998596191406,89.40582275390625,145.31199645996094,92.0880355834961,115.87043762207031,24.304580688476562,65.26109313964844,174.1962432861328,98.06741333007812,178.37062072753906,165.02011108398438,69.1796875,50.3809814453125,77.37000274658203,171.6110382080078,163.67999267578125,299.4800109863281,184.75999450683594,139.13609313964844,170.44862365722656,71.51000213623047,,473.2532958984375,268.64031982421875,58.567352294921875
2024-05-07,180.75497436523438,151.9032440185547,492.2699890136719,237.09158325195312,203.765869140625,154.42999267578125,282.55230712890625,188.75999450683594,167.24072265625,398.80999755859375,,839.4514770507812,2.049999952316284,229.6287078857422,176.7100067138672,36.11555099487305,28.26771354675293,93.09998321533203,90.87999725341797,406.1400146484375,335.8506774902344,28.120662689208984,763.04736328125,273.5262756347656,194.6699981689453,166.7772674560547,61.4572868347168,169.84620666503906,425.4079284667969,324.2285461425781,177.86619567871094,30.486604690551758,140.19125366210938,183.82862854003906,59.0886116027832,767.0697631835938,442.66046142578125,447.7651062011719,255.24429321289062,465.0870666503906,122.18832397460938,90.63630676269531,376.7002258300781,403.1521301269531,118.37964630126953,13.760000228881836,60.599998474121094,89.80803680419922,142.66600036621094,90.50291442871094,115.46900939941406,23.967975616455078,65.5694351196289,172.56781005859375,99.33765411376953,180.4197235107422,167.79161071777344,68.80010986328125,49.939208984375,77.05000305175781,172.3573455810547,159.08999633789062,298.04998779296875,177.80999755859375,137.4605712890625,172.6221160888672,70.43000030517578,,479.5520324707031,272.3742370605469,59.301025390625
2024-05-08,181.09193420410156,149.9407958984375,488.1000061035156,238.04864501953125,203.80517578125,153.6199951171875,289.14794921875,188.0,167.6956329345703,386.0799865722656,,830.4102783203125,2.009999990463257,231.17483520507812,180.35000610351562,35.99147033691406,28.257787704467773,90.37488555908203,90.12999725341797,406.3699951171875,335.3638916015625,27.186420440673828,755.2319946289062,275.2926940917969,190.72000122070312,166.85630798339844,60.95030212402344,167.99154663085938,428.4273986816406,322.4583740234375,178.95046997070312,29.81089210510254,140.40805053710938,187.56752014160156,59.30564498901367,764.3379516601562,442.167236328125,449.455078125,256.18890380859375,469.4176940917969,121.41046142578125,90.494384765625,376.79852294921875,404.333984375,118.48887634277344,13.989999771118164,60.946998596191406,89.62608337402344,144.20599365234375,90.36100769042969,114.94026184082031,24.399520874023438,63.47065734863281,172.95095825195312,100.02088165283203,183.08456420898438,169.81251525878906,69.74906158447266,49.823970794677734,62.72999954223633,173.73512268066406,157.77999877929688,298.6499938964844,174.72000122070312,139.88616943359375,173.83169555664062,66.4000015258789,,481.7059020996094,273.093505859375,58.98799514770508
2024-05-09,182.90542602539062,149.89405822753906,482.6499938964844,241.3073272705078,202.79286193847656,152.38999938964844,294.3699645996094,189.5,168.64492797851562,382.54998779296875,,833.2601928710938,2.049999952316284,234.0126495361328,181.25,36.535499572753906,28.471147537231445,90.82162475585938,92.05999755859375,408.82000732421875,342.4508361816406,27.485376358032227,770.6945190429688,271.5428161621094,193.61000061035156,165.512451171875,60.63109588623047,168.56678771972656,436.6805725097656,330.65240478515625,181.28167724609375,29.90032386779785,141.25643920898438,189.34107971191406,59.33395004272461,760.9354248046875,444.28253173828125,450.1666564941406,255.6736602783203,472.21868896484375,122.0477294921875,92.83148956298828,376.5527038574219,406.0871276855469,116.98938751220703,14.239999771118164,61.20899963378906,89.43456268310547,144.58799743652344,88.69694519042969,114.20592498779297,24.688636779785156,64.10724639892578,172.94137573242188,101.75299835205078,184.7008056640625,171.08277893066406,71.81781005859375,50.40019226074219,62.45000076293945,176.12713623046875,155.8699951171875,298.6600036621094,171.97000122070312,139.0971221923828,175.12635803222656,67.93000030517578,,485.3626708984375,274.42352294921875,59.32960510253906
2024-05-10,181.64515686035156,150.22113037109375,482.2900085449219,243.32357788085938,206.13455200195312,151.9199981689453,291.8201599121094,187.47999572753906,167.90219116210938,374.6300048828125,,849.5735473632812,1.8899999856948853,237.10488891601562,178.50999450683594,36.697750091552734,28.734127044677734,90.77694702148438,91.66999816894531,412.04998779296875,345.38104248046875,27.149049758911133,778.7572021484375,273.0230712890625,191.0500030517578,161.44134521484375,61.92671585083008,167.26751708984375,435.8849792480469,329.69122314453125,183.35081481933594,29.66183853149414,141.31301879882812,190.5586395263672,59.6925163269043,749.5443725585938,444.74725341796875,451.6392517089844,262.4006652832031,472.9934997558594,121.88841247558594,92.9923324584961,377.5849914550781,408.4704895019531,120.39550018310547,14.359999656677246,61.08700180053711,87.08832550048828,145.95799255371094,89.82731628417969,114.23529815673828,24.539697647094727,62.595340728759766,174.4165802001953,102.3111343383789,182.83444213867188,169.42758178710938,72.22586059570312,50.4962272644043,58.939998626708984,180.26048278808594,157.14999389648438,294.6000061035156,168.47000122070312,145.39976501464844,176.76116943359375,66.98999786376953,,490.89569091796875,276.5909729003906,59.36886215209961
2024-05-13,184.85035705566406,150.71641540527344,483.1099853515625,243.8734893798828,203.0876922607422,150.55999755859375,290.2206115722656,186.57000732421875,170.89303588867188,359.4800109863281,,838.2721557617188,1.940000057220459,233.53314208984375,178.44000244140625,36.468685150146484,29.155881881713867,91.9831314086914,92.72000122070312,411.2200012207031,347.22088623046875,27.57880210876465,766.84619140625,273.8617858886719,189.5399932861328,157.6073760986328,63.410091400146484,167.75350952148438,434.76348876953125,324.4854736328125,184.14596557617188,30.317676544189453,142.54788208007812,190.52029418945312,59.99447250366211,747.2759399414062,446.34075927734375,452.41015625,258.8892822265625,464.8586120605469,121.16678619384766,93.25727081298828,377.4375915527344,407.4659118652344,122.14323425292969,14.520000457763672,61.659000396728516,88.79293823242188,146.0240020751953,90.34800720214844,113.94155883789062,24.91642189025879,63.60991668701172,176.45693969726562,101.81074523925781,182.74786376953125,170.02423095703125,72.29229736328125,50.688297271728516,58.779998779296875,179.85862731933594,159.7899932861328,289.7099914550781,171.88999938964844,142.62350463867188,177.4888458251953,66.0199966430664,,489.87139892578125,275.2609558105469,59.30015563964844
2024-05-14,185.9915313720703,151.00611877441406,475.95001220703125,243.23193359375,206.2230224609375,153.16000366210938,293.0057067871094,187.07000732421875,171.01187133789062,356.010009765625,,826.1845092773438,1.909999966621399,236.35140991210938,180.75999450683594,36.735923767089844,28.99710464477539,92.69791412353516,92.27999877929688,410.239990234375,348.6811218261719,29.503337860107422,769.5667724609375,273.1512756347656,186.97000122070312,158.1014404296875,63.51338195800781,168.94366455078125,439.47003173828125,324.0476989746094,183.61282348632812,30.854272842407227,142.69869995117188,193.18544006347656,59.541542053222656,753.4696044921875,443.1347351074219,448.89178466796875,258.259521484375,468.6727294921875,120.57638549804688,94.03314971923828,376.6510314941406,410.26300048828125,123.94064331054688,15.119999885559082,61.36600112915039,88.85997009277344,144.32400512695312,91.30447387695312,118.34765625,24.863855361938477,64.23656463623047,181.0166015625,101.71451568603516,182.4977264404297,168.0995635986328,71.77035522460938,50.976409912109375,58.029998779296875,177.23699951171875,160.9499969482422,290.1199951171875,177.5500030517578,148.02023315429688,180.6167449951172,65.31999969482422,,491.91998291015625,273.6353759765625,58.760257720947266
2024-05-15,188.2639923095703,153.06199645996094,485.3500061035156,241.3073272705078,213.76156616210938,159.6699981689453,300.1847229003906,185.99000549316406,172.81427001953125,376.9599914550781,,836.3067626953125,2.049999952316284,236.51776123046875,176.99000549316406,37.13679122924805,29.101303100585938,91.93846130371094,92.19999694824219,412.760009765625,350.4918212890625,29.95177459716797,778.60888671875,283.74969482421875,191.92999267578125,161.5302734375,62.91250991821289,171.0959014892578,446.774169921875,331.8229675292969,185.284423828125,31.072887420654297,143.91473388671875,193.7606658935547,59.569854736328125,777.515625,440.19427490234375,452.6473083496094,261.3223876953125,478.2974548339844,123.4534683227539,95.11181640625,381.6257629394531,417.43597412109375,126.91973114013672,14.979999542236328,61.35200119018555,87.78739166259766,152.11399841308594,94.57662963867188,119.09178161621094,25.24934196472168,63.5601806640625,186.419189453125,101.3777084350586,185.13369750976562,169.46609497070312,71.8367919921875,51.360557556152344,58.77000045776367,179.59072875976562,164.3699951171875,303.0400085449219,173.99000549316406,151.55636596679688,184.7747039794922,66.62000274658203,,495.43304443359375,277.33978271484375,58.73080825805664
2024-05-16,188.38304138183594,153.58534240722656,482.8800048828125,244.0567626953125,210.36085510253906,162.6199951171875,298.2232360839844,183.6300048828125,173.0321807861328,376.6000061035156,,844.2667846679688,1.8600000143051147,236.1459197998047,182.9600067138672,37.43266296386719,28.431453704833984,91.52098846435547,92.9800033569336,413.1199951171875,341.4189758300781,30.157304763793945,784.5742797851562,280.92742919921875,194.6199951171875,159.20816040039062,63.71052551269531,172.75218200683594,445.2693176269531,326.16998291015625,187.68246459960938,31.828094482421875,145.43238830566406,194.10577392578125,59.7491340637207,761.8076171875,440.9056396484375,453.50714111328125,260.9789123535156,470.0434265136719,122.65689849853516,94.22239685058594,384.72882080078125,415.37384033203125,126.99919128417969,14.5600004196167,61.051998138427734,87.88317108154297,151.6020050048828,94.3057861328125,119.61073303222656,25.336952209472656,63.759117126464844,185.13558959960938,100.91302490234375,185.73277282714844,172.23367309570312,71.98021697998047,52.167266845703125,57.810001373291016,167.4394073486328,165.0399932861328,298.1199951171875,174.83999633789062,148.29296875,184.2455291748047,66.05000305175781,,498.99420166015625,276.2145690917969,62.834014892578125
2024-05-17,188.41282653808594,155.51976013183594,483.42999267578125,245.0648956298828,208.44427490234375,164.47000122070312,296.0911865234375,184.6999969482422,172.75486755371094,365.80999755859375,,838.2721557617188,1.7100000381469727,237.61373901367188,184.9499969482422,37.49946975708008,28.36198616027832,91.103515625,90.61000061035156,416.94000244140625,346.82177734375,30.30678367614746,787.2848510742188,281.84515380859375,197.58999633789062,157.9927520751953,63.5791015625,174.61679077148438,448.336669921875,327.5784606933594,187.092041015625,31.629356384277344,145.771728515625,196.32994079589844,59.475486755371094,760.7011108398438,442.2051696777344,454.8907775878906,259.90069580078125,468.73236083984375,122.94741821289062,94.82796478271484,380.2958984375,414.6042785644531,124.41729736328125,14.369999885559082,62.11000061035156,88.27580261230469,153.00999450683594,92.42683410644531,120.92276763916016,25.09164047241211,64.13710021972656,185.70077514648438,100.85494995117188,187.80763244628906,172.5065460205078,74.43756866455078,50.784339904785156,58.529998779296875,165.10482788085938,161.86000061035156,302.82000732421875,177.4600067138672,147.7572021484375,184.29278564453125,65.66999816894531,,502.21051025390625,276.47113037109375,63.46226119995117
2024-05-20,189.57382202148438,153.78160095214844,484.69000244140625,245.43145751953125,216.17933654785156,166.3300018310547,298.0527038574219,183.5399932861328,174.47802734375,361.5799865722656,,849.7701416015625,1.7300000190734863,237.10488891601562,186.61000061035156,37.05088806152344,28.446338653564453,90.13574981689453,92.47000122070312,413.0,353.12994384765625,30.512317657470703,784.5049438476562,283.285888671875,196.33999633789062,157.38998413085938,63.74809265136719,175.46975708007812,443.7547302246094,321.49725341796875,185.86578369140625,31.897653579711914,143.74766540527344,187.50042724609375,59.04142761230469,773.7220458984375,443.0398864746094,454.28790283203125,255.59730529785156,465.6830139160156,122.7599868774414,94.93205261230469,385.4676208496094,419.6658630371094,128.10145568847656,14.239999771118164,64.08200073242188,87.88317108154297,154.83599853515625,94.7265396118164,121.92147827148438,24.995271682739258,64.42555236816406,189.43663024902344,101.66812896728516,190.24288940429688,174.8063507080078,74.14115905761719,50.841957092285156,58.90999984741211,165.640625,164.77999877929688,308.2099914550781,174.9499969482422,149.57884216308594,188.2428436279297,64.6500015258789,,495.1268310546875,274.9314270019531,63.000892639160156
2024-05-21,190.87379455566406,152.25836181640625,481.8500061035156,244.88160705566406,216.03192138671875,164.66000366210938,298.3464660644531,183.14999389648438,175.44859313964844,356.6600036621094,,838.9600830078125,1.6799999475479126,237.86819458007812,184.77999877929688,37.84306335449219,28.099008560180664,89.9649658203125,92.06999969482422,414.3699951171875,349.5474853515625,30.232046127319336,792.3499755859375,280.01953125,212.11000061035156,159.08956909179688,63.175392150878906,176.3921356201172,450.9151611328125,319.90789794921875,184.85751342773438,31.5399227142334,143.7191619873047,191.27764892578125,59.36225128173828,793.4705200195312,444.20654296875,453.7344665527344,253.68893432617188,461.5013427734375,122.54443359375,96.06749725341797,390.0975646972656,423.3165283203125,126.61189270019531,14.229999542236328,65.06099700927734,88.88871002197266,155.41000366210938,95.33219909667969,122.02918243408203,25.021554946899414,63.759117126464844,192.39657592773438,102.06505584716797,189.67791748046875,175.41053771972656,74.31326293945312,51.30293655395508,57.02000045776367,166.13816833496094,162.7100067138672,304.92999267578125,186.60000610351562,149.6957550048828,188.06332397460938,63.970001220703125,,501.1767272949219,272.3749084472656,63.95307159423828
2024-05-22,189.4348907470703,149.1558074951172,483.92999267578125,244.3317108154297,214.80111694335938,165.52000427246094,293.191650390625,183.1300048828125,175.38917541503906,363.7300109863281,,839.3531494140625,1.6699999570846558,234.94227600097656,186.27999877929688,37.94804763793945,28.17839813232422,88.42790985107422,102.30000305175781,413.989990234375,346.50054931640625,30.063880920410156,793.2700805664062,280.07879638671875,251.75,158.90182495117188,63.65420913696289,174.9341583251953,443.21795654296875,314.6165771484375,184.2126007080078,31.221940994262695,145.8667755126953,190.11766052246094,59.447181701660156,793.2137451171875,445.5345153808594,451.1846618652344,253.59349060058594,464.6301574707031,122.8630599975586,95.31998443603516,391.772216796875,424.7767639160156,125.40039825439453,14.329999923706055,64.0469970703125,88.5822525024414,154.16600036621094,94.89644622802734,121.99981689453125,25.93270492553711,61.85927200317383,194.38902282714844,102.91696166992188,188.88888549804688,174.74789428710938,77.18177032470703,51.84074401855469,58.70000076293945,166.19557189941406,163.33999633789062,298.760009765625,180.11000061035156,152.1116180419922,191.39913940429688,65.4800033569336,,499.07073974609375,272.00970458984375,64.05122375488281
2024-05-23,185.44577026367188,147.89422607421875,483.30999755859375,241.94888305664062,214.6042022705078,160.42999267578125,290.43414306640625,181.0500030517578,173.13121032714844,361.0199890136719,,861.2681274414062,1.6299999952316284,230.41156005859375,172.2100067138672,37.38493347167969,27.374574661254883,87.97248840332031,99.0,405.8800048828125,341.39947509765625,29.87703514099121,787.8092651367188,274.89794921875,249.80999755859375,163.29901123046875,62.123870849609375,172.1273651123047,439.1632385253906,311.0953369140625,181.11514282226562,29.8903865814209,142.2557373046875,188.78506469726562,58.5885009765625,798.686767578125,443.0398864746094,445.9366760253906,246.1127166748047,462.64361572265625,122.85369873046875,93.59790802001953,393.0036315917969,421.3037109375,125.39046478271484,14.1899995803833,63.56700134277344,87.52884674072266,151.6300048828125,103.74046325683594,121.50045013427734,25.135448455810547,61.25252151489258,193.2682647705078,102.04569244384766,189.9701385498047,176.73587036132812,74.87740325927734,51.57183837890625,57.63999938964844,169.5252227783203,154.5800018310547,300.510009765625,173.74000549316406,153.02731323242188,186.4379119873047,63.599998474121094,,494.7439270019531,270.67724609375,63.64875030517578
2024-05-24,188.52195739746094,146.77281188964844,475.42999267578125,242.77369689941406,217.49908447265625,166.36000061035156,289.8087463378906,180.75,173.3094482421875,367.07000732421875,,865.2973022460938,1.6100000143051147,233.0732421875,174.52000427246094,37.890785217285156,27.419231414794922,88.08634185791016,96.94999694824219,407.4100036621094,339.647216796875,29.820980072021484,801.0557861328125,268.70074462890625,276.739990234375,165.34449768066406,61.66383743286133,173.5555877685547,442.06768798828125,309.3918762207031,181.3876495361328,30.526351928710938,139.66151428222656,192.41848754882812,58.50357437133789,797.67919921875,443.2960205078125,445.90704345703125,246.28448486328125,474.9998779296875,121.35423278808594,93.64521789550781,389.1617736816406,424.4215393066406,128.5880584716797,14.380000114440918,64.67500305175781,87.86402130126953,147.70199584960938,106.40895080566406,120.34508514404297,25.30190658569336,61.31219482421875,201.5063018798828,102.87825012207031,190.32083129882812,175.46902465820312,75.41285705566406,51.55263137817383,56.970001220703125,169.64004516601562,156.16000366210938,308.1600036621094,179.24000549316406,155.86203002929688,188.2239532470703,64.26000213623047,,486.4539794921875,270.93389892578125,64.17884826660156
2024-05-27,,,,243.9651336669922,,,,,173.4282989501953,,,867.361083984375,,,,,28.054351806640625,88.90230560302734,,,,29.615447998046875,,,,,,,,,,,,,,,,,,,,,393.4468994140625,,,14.600000381469727,,,,,,,,,,,175.81983947753906,,51.667877197265625,,171.19004821777344,,,,,,,,,,
2024-05-28,188.5319061279297,145.1654815673828,478.42999267578125,243.69017028808594,217.92245483398438,171.61000061035156,284.4549255371094,182.14999389648438,174.775146484375,366.3399963378906,,880.5296630859375,1.659999966621399,232.16319274902344,175.0800018310547,37.528099060058594,27.587936401367188,88.9971923828125,94.0999984741211,403.8999938964844,337.28167724609375,29.223066329956055,804.4589233398438,266.27313232421875,280.1600036621094,166.5598602294922,60.03023147583008,174.95399475097656,440.75445556640625,312.81793212890625,180.92437744140625,30.86421012878418,137.20030212402344,191.2584686279297,58.33372116088867,798.1039428710938,434.88250732421875,439.8783264160156,241.92384338378906,476.6884460449219,118.16783905029297,93.36134338378906,388.1274108886719,424.5794677734375,131.74586486816406,14.5600004196167,64.9000015258789,88.10343170166016,145.77200317382812,113.8367691040039,121.8921127319336,24.793766021728516,61.839378356933594,204.11184692382812,102.15217590332031,187.5348663330078,172.70143127441406,74.08377838134766,51.68708419799805,58.189998626708984,169.6017608642578,150.74000549316406,310.2900085449219,176.75,155.2873077392578,188.620849609375,63.52000045776367,,482.1558532714844,267.4693298339844,63.845088958740234
2024-05-29,188.82960510253906,144.6514892578125,477.6000061035156,241.8572235107422,215.68731689453125,165.13999938964844,280.83514404296875,182.02000427246094,175.36936950683594,377.7699890136719,,873.1592407226562,1.6299999952316284,230.88125610351562,171.64999389648438,36.9554443359375,26.7196102142334,87.11856842041016,93.2300033569336,404.0899963378906,329.1433410644531,28.643835067749023,797.8801879882812,268.0395202636719,278.19000244140625,161.65870666503906,59.61713790893555,174.4580841064453,438.223876953125,310.1626892089844,179.0077667236328,29.94007110595703,137.25730895996094,189.9259033203125,58.22050094604492,801.7296142578125,429.4190368652344,437.2987976074219,237.94488525390625,471.16583251953125,117.98978424072266,92.03665924072266,391.47674560546875,423.4447937011719,130.66346740722656,14.260000228881836,65.46199798583984,87.78739166259766,146.2239990234375,114.7602310180664,121.15776062011719,24.37323570251465,60.72533416748047,199.49468994140625,101.23249816894531,185.44053649902344,171.33712768554688,73.51007843017578,51.57183837890625,58.369998931884766,168.14744567871094,148.19000244140625,307.5199890136719,176.19000244140625,150.348388671875,184.18882751464844,64.93000030517578,,464.006103515625,265.3768005371094,63.727294921875
2024-05-30,189.82191467285156,146.07192993164062,445.8699951171875,243.50689697265625,213.21583557128906,166.75,285.2224426269531,179.32000732421875,175.0524444580078,362.1600036621094,,865.7886962890625,1.6799999475479126,232.13381958007812,172.75,36.86954879760742,27.840991973876953,87.85863494873047,98.75,408.6099853515625,330.25311279296875,28.569095611572266,806.605712890625,215.13626098632812,276.7799987792969,162.25160217285156,60.16167449951172,170.69918823242188,434.1831970214844,315.4524841308594,182.4958038330078,29.99969482421875,138.05552673339844,191.0955047607422,58.47526931762695,805.2169189453125,437.21588134765625,436.93310546875,240.52120971679688,463.9050598144531,116.70585632324219,91.99882507324219,381.6257629394531,409.1382141113281,125.41033172607422,14.630000114440918,64.76599884033203,89.49201965332031,128.6580047607422,110.43768310546875,114.64653015136719,24.706157684326172,62.17757034301758,196.98428344726562,102.34579467773438,175.5825958251953,164.28173828125,75.30768585205078,51.34135055541992,58.540000915527344,168.51101684570312,140.9499969482422,304.69000244140625,178.7899932861328,149.0040740966797,184.91647338867188,64.12000274658203,,461.0672607421875,267.7851867675781,63.697845458984375
2024-05-31,190.7745361328125,150.67904663085938,444.760009765625,245.8896942138672,211.77825927734375,166.89999389648438,289.8182373046875,176.44000244140625,173.76502990722656,371.0199890136719,,855.7647705078125,1.5700000524520874,234.8542022705078,177.61000061035156,38.167572021484375,28.024580001831055,88.408935546875,100.5999984741211,414.3999938964844,329.54248046875,28.774627685546875,801.214111328125,231.34963989257812,271.760009765625,163.18048095703125,60.34004592895508,171.08596801757812,440.2489929199219,320.9052429199219,183.65850830078125,30.655534744262695,139.3764190673828,194.25917053222656,59.38113021850586,810.433349609375,446.1321105957031,441.8450927734375,247.02877807617188,463.6865234375,117.65240478515625,92.57601165771484,369.6568603515625,409.5920715332031,124.12931060791016,14.420000076293945,64.16200256347656,91.02425384521484,131.38600158691406,109.57115936279297,114.74444580078125,25.10916519165039,62.65502166748047,196.26292419433594,104.36907958984375,177.7158966064453,161.72853088378906,76.70368194580078,51.264522552490234,59.150001525878906,168.64495849609375,136.17999267578125,296.7799987792969,178.0800018310547,147.13375854492188,184.2833251953125,64.55999755859375,,474.2009582519531,268.9301452636719,64.5518569946289
2024-06-03,192.5408935546875,149.69781494140625,439.0199890136719,248.18087768554688,210.92161560058594,163.5500030517578,291.30596923828125,178.33999633789062,176.51817321777344,377.9200134277344,,865.2973022460938,1.6100000143051147,231.80113220214844,184.57000732421875,38.062583923339844,28.40664291381836,88.4848403930664,102.87000274658203,414.7900085449219,322.5724182128906,28.998849868774414,806.6552124023438,233.50091552734375,272.7200012207031,159.5441131591797,59.55141830444336,171.75047302246094,438.7639465332031,314.3312683105469,183.90374755859375,30.099063873291016,140.39320373535156,193.48265075683594,59.38113021850586,821.2213745117188,446.52362060546875,438.0104064941406,249.45849609375,474.2746887207031,120.3514633178711,92.16915130615234,373.35101318359375,408.0035400390625,127.27723693847656,14.680000305175781,63.37900161743164,90.75505828857422,132.02200317382812,114.93514251708984,116.79081726074219,25.678634643554688,63.12251663208008,198.05194091796875,103.94312286376953,179.4692840576172,163.96987915039062,78.4821548461914,50.841957092285156,59.70000076293945,170.462890625,136.92999267578125,313.6199951171875,176.2899932861328,150.94264221191406,183.0642852783203,63.790000915527344,,476.18255615234375,266.8770751953125,64.61076354980469
2024-06-04,192.85845947265625,151.52008056640625,448.3699951171875,240.11593627929688,208.96217346191406,159.99000549316406,291.258544921875,179.33999633789062,176.41912841796875,378.5799865722656,,857.82861328125,1.5399999618530273,232.16319274902344,188.6199951171875,37.87168884277344,28.118854522705078,87.32730865478516,99.4800033569336,409.5299987792969,318.8829345703125,28.961477279663086,818.526611328125,231.76412963867188,266.1700134277344,159.465087890625,60.23678207397461,172.3654022216797,439.072509765625,314.57086181640625,188.23655700683594,29.8407039642334,140.45022583007812,190.93252563476562,60.33416748046875,822.5353393554688,447.7554931640625,439.5719299316406,252.31082153320312,473.7781677246094,120.62322998046875,91.38380432128906,373.1047058105469,410.51953125,125.75788879394531,14.399999618530273,63.1619987487793,91.08193969726562,134.39999389648438,116.3713150024414,117.56434631347656,25.836334228515625,62.99321365356445,196.57070922851562,104.45622253417969,179.44979858398438,164.3012237548828,79.16102600097656,52.071231842041016,60.68000030517578,166.75051879882812,137.0,326.67999267578125,174.77000427246094,148.52679443359375,182.66741943359375,64.55000305175781,,483.88848876953125,268.89068603515625,65.37642669677734
2024-06-05,194.3667755126953,154.60394287109375,455.79998779296875,240.84910583496094,219.94097900390625,166.1699981689453,291.26800537109375,181.27999877929688,178.93458557128906,385.0,,927.3078002929688,1.409999966621399,229.65805053710938,189.85000610351562,38.138938903808594,28.376873016357422,86.73905181884766,102.5,409.8500061035156,320.7130432128906,29.1109561920166,825.362548828125,233.41209411621094,273.05999755859375,160.62118530273438,59.97390365600586,173.97213745117188,445.2250671386719,316.48748779296875,190.089599609375,30.585975646972656,138.7112274169922,189.1110076904297,60.3152961730957,821.7152709960938,444.2604675292969,441.4398498535156,249.68899536132812,491.7264404296875,121.31674194335938,91.45950317382812,381.231689453125,418.3536376953125,132.7786407470703,14.420000076293945,65.0270004272461,90.67814636230469,140.82200622558594,122.3709487915039,120.07091522216797,25.888896942138672,63.19214630126953,203.8133544921875,104.97898864746094,183.86248779296875,167.14675903320312,77.60247802734375,52.416969299316406,61.25,171.09439086914062,134.2899932861328,324.75,175.0,158.70652770996094,185.2944793701172,65.81999969482422,,481.61981201171875,270.9437255859375,65.85741424560547
2024-06-06,192.9874267578125,157.5289306640625,458.1300048828125,241.8572235107422,218.34585571289062,166.77999877929688,289.6665954589844,185.0,178.2413330078125,386.79998779296875,,940.9677734375,1.4800000190734863,228.34678649902344,191.4199981689453,37.890785217285156,28.168474197387695,86.81495666503906,101.80999755859375,411.0799865722656,319.583740234375,28.724870681762695,833.61328125,239.5599822998047,273.45001220703125,158.71405029296875,59.945735931396484,175.28128051757812,441.772705078125,317.2924499511719,189.34474182128906,30.22824478149414,139.1388397216797,188.77548217773438,60.53233337402344,827.178466796875,447.4976501464844,443.4362487792969,250.39004516601562,490.4352111816406,122.31951141357422,91.63927459716797,381.4287414550781,418.8568115234375,129.1639862060547,13.90999984741211,64.85199737548828,92.02409362792969,140.6320037841797,120.92975616455078,120.92276763916016,25.231821060180664,66.66358947753906,201.44723510742188,104.72727966308594,188.04139709472656,173.18869018554688,77.89888763427734,52.87794494628906,61.459999084472656,168.09002685546875,132.0399932861328,319.510009765625,177.94000244140625,157.87852478027344,185.4456787109375,68.9000015258789,,480.4710693359375,273.4508361816406,65.91632080078125
2024-06-07,195.37892150878906,158.3232421875,465.42999267578125,239.65769958496094,218.32614135742188,167.8699951171875,289.03167724609375,184.3000030517578,179.5089569091797,375.80999755859375,,942.3436889648438,1.3899999856948853,227.6813507080078,190.24000549316406,38.198062896728516,27.875722885131836,86.51134490966797,100.33999633789062,413.7200012207031,320.216552734375,29.014434814453125,836.5216064453125,238.66200256347656,267.3399963378906,159.9986572265625,60.743751525878906,173.02992248535156,438.6964111328125,313.39215087890625,189.6444854736328,30.546226501464844,139.76602172851562,191.68988037109375,60.30586242675781,839.72509765625,448.9396057128906,444.53326416015625,246.05873107910156,489.6405944824219,122.46009826660156,91.91366577148438,387.6841125488281,418.1957702636719,130.0279083251953,13.800000190734863,64.14700317382812,92.82205200195312,139.76199340820312,120.81982421875,123.29226684570312,25.03907585144043,66.94210052490234,198.73483276367188,104.65951538085938,186.1516571044922,172.83786010742188,77.86064147949219,52.91635513305664,61.59000015258789,166.9036102294922,131.2100067138672,308.2099914550781,177.47999572753906,160.13848876953125,184.85035705566406,69.30999755859375,,469.720947265625,275.05975341796875,64.66967010498047
2024-06-10,191.63787841796875,159.295166015625,459.94000244140625,237.73309326171875,224.65745544433594,160.33999633789062,288.7474365234375,187.05999755859375,180.22201538085938,379.29998779296875,,946.7659301757812,1.399999976158142,227.45632934570312,190.1199951171875,38.09243392944336,27.26541519165039,86.62519836425781,97.9800033569336,410.80999755859375,320.8688049316406,30.597393035888672,839.252197265625,238.65211486816406,279.79998779296875,160.9077606201172,61.26012420654297,173.7746124267578,437.3848571777344,318.6915588378906,191.4248809814453,30.71515464782715,139.8135223388672,191.3639373779297,60.00390625,854.5538330078125,446.3899841308594,443.9996032714844,243.7538299560547,499.2156677246094,123.22856903076172,91.20402526855469,391.772216796875,422.1620788574219,133.88092041015625,13.4399995803833,64.44999694824219,92.29327392578125,141.8300018310547,121.72129821777344,121.90188598632812,24.59226417541504,66.73321533203125,201.3606414794922,103.67206573486328,185.3139190673828,172.31163024902344,78.023193359375,52.62824249267578,63.0099983215332,166.9036102294922,126.76000213623047,309.0,173.7899932861328,163.81100463867188,186.74977111816406,68.5999984741211,,473.84674072265625,271.47674560546875,65.72981262207031
2024-06-11,205.56019592285156,156.71591186523438,462.69000244140625,234.70875549316406,226.43968200683594,158.9600067138672,284.9381408691406,187.22999572753906,189.35296630859375,376.7900085449219,,942.6385498046875,1.3200000524520874,219.71588134765625,185.5,37.31464385986328,26.873428344726562,86.45441436767578,98.80000305175781,408.5,318.6297912597656,30.539478302001953,840.2117919921875,237.8133087158203,294.5299987792969,158.45716857910156,60.922142028808594,175.37322998046875,428.43560791015625,321.7197570800781,190.28036499023438,30.7250919342041,139.46192932128906,186.330810546875,59.966163635253906,855.3640747070312,441.9399719238281,443.7920837402344,244.20521545410156,504.05291748046875,123.55656433105469,90.2956771850586,393.49615478515625,426.907958984375,134.12916564941406,12.989999771118164,64.8550033569336,92.1683120727539,142.4080047607422,120.85173797607422,121.29483795166016,24.557220458984375,64.42555236816406,200.56234741210938,103.50749206542969,183.85275268554688,170.92782592773438,76.38813781738281,52.7626953125,63.81999969482422,165.0091552734375,128.47999572753906,310.0,170.66000366210938,161.4243621826172,186.57968139648438,69.58999633789062,,475.0146484375,271.111572265625,65.50404357910156
2024-06-12,211.43475341796875,155.2113800048828,459.8699951171875,238.008056640625,234.0017852783203,160.24000549316406,285.2982177734375,186.88999938964844,198.11746215820312,382.5,,968.5826416015625,1.3200000524520874,219.2364044189453,182.6699981689453,37.842777252197266,27.61274528503418,85.6384506225586,97.91000366210938,408.7699890136719,320.01214599609375,31.080001831054688,838.7279052734375,232.6917266845703,300.7099914550781,159.13897705078125,60.4057731628418,176.5349884033203,432.7077331542969,329.78863525390625,189.39016723632812,30.56610107421875,138.1790771484375,183.6177215576172,59.33395004272461,856.8261108398438,438.41632080078125,437.8226623535156,244.3972930908203,505.41363525390625,122.01960754394531,90.50384521484375,398.27386474609375,435.1761474609375,139.76962280273438,13.109999656677246,65.00599670410156,90.06285858154297,144.3000030517578,125.1396713256836,137.45054626464844,24.233060836791992,63.09267807006836,207.17015075683594,103.3622817993164,192.09368896484375,176.77484130859375,75.90050506591797,52.7626953125,65.47000122070312,170.40548706054688,130.3300018310547,315.489990234375,177.2899932861328,168.50633239746094,188.0349578857422,73.1500015258789,,471.999267578125,266.81793212890625,65.09174346923828
2024-06-13,212.59579467773438,155.65060424804688,458.739990234375,234.89202880859375,233.9033203125,159.89999389648438,282.85345458984375,183.8300018310547,196.32496643066406,388.3399963378906,,949.8125,1.340000033378601,217.42605590820312,180.6999969482422,37.6987419128418,27.13640594482422,83.74085235595703,96.0,405.9200134277344,317.7049560546875,29.99895668029785,836.8977661132812,226.01095581054688,291.55999755859375,153.84259033203125,59.67346954345703,173.9235382080078,430.44146728515625,333.3726806640625,189.50823974609375,30.26799201965332,138.2170867919922,185.6597442626953,59.437744140625,872.6625366210938,437.8910827636719,439.79925537109375,243.648193359375,500.70556640625,121.24175262451172,90.08750915527344,405.5635681152344,435.6892395019531,142.14295959472656,12.449999809265137,65.32599639892578,90.5435562133789,141.95199584960938,129.5475311279297,136.93157958984375,24.224300384521484,61.21273422241211,209.49781799316406,101.67781829833984,187.4374542236328,173.44204711914062,76.7228012084961,52.01361083984375,64.69000244140625,163.45913696289062,125.9000015258789,306.010009765625,182.47000122070312,168.96957397460938,185.48348999023438,70.86000061035156,,476.0484924316406,267.6766052246094,65.47457885742188
2024-06-14,210.85922241210938,157.54763793945312,525.3099975585938,232.2342529296875,233.39129638671875,159.6300048828125,282.9671630859375,183.66000366210938,197.81045532226562,387.0,,936.5455322265625,1.3700000047683716,219.9996795654297,177.27000427246094,37.67953109741211,26.858543395996094,82.45049285888672,92.08000183105469,405.5400085449219,312.94464111328125,29.45843505859375,846.503662109375,228.88259887695312,273.6099853515625,154.0303192138672,61.83079528808594,175.5420379638672,430.54754638671875,332.3760070800781,189.4174041748047,30.258056640625,138.3026123046875,185.7747802734375,59.48052978515625,867.8414306640625,437.6809997558594,439.43359375,243.532958984375,501.26239013671875,121.34486389160156,90.36190795898438,407.18902587890625,436.666015625,140.37535095214844,12.380000114440918,66.93800354003906,89.7840576171875,145.71600341796875,131.8164520263672,135.24746704101562,24.119165420532227,60.31254196166992,207.11244201660156,100.90335083007812,182.95657348632812,170.32363891601562,76.15867614746094,51.51421356201172,67.66000366210938,158.5794677734375,127.16999816894531,313.0199890136719,178.00999450683594,168.5786590576172,183.23439025878906,70.05999755859375,,475.8761291503906,267.1534729003906,65.78871154785156
2024-06-17,215.0071258544922,158.5662078857422,518.739990234375,234.25050354003906,239.1317901611328,158.39999389648438,287.3829345703125,184.05999755859375,199.7515411376953,378.29998779296875,,952.662353515625,1.340000033378601,223.37571716308594,178.38999938964844,37.93879699707031,25.930673599243164,83.570068359375,88.44000244140625,407.32000732421875,313.8500061035156,29.805912017822266,858.6124877929688,227.4418487548828,261.3299865722656,161.29312133789062,61.08000564575195,175.98887634277344,434.13494873046875,334.92510986328125,192.52395629882812,30.784713745117188,138.69223022460938,186.9252166748047,59.54710388183594,874.322265625,438.32080078125,442.8728942871094,243.4657440185547,503.7181701660156,120.2041015625,91.81903839111328,407.9770812988281,442.3886413574219,146.80029296875,12.5,67.58300018310547,91.33189392089844,145.10000610351562,130.91688537597656,138.36109924316406,23.637310028076172,59.81023025512695,213.739501953125,101.13569641113281,185.099609375,171.27865600585938,77.76502990722656,50.438602447509766,66.5199966430664,160.83750915527344,130.6699981689453,311.2200012207031,187.44000244140625,173.2008819580078,184.17938232421875,70.48999786376953,,470.31011962890625,267.6568603515625,66.18136596679688
2024-06-18,212.64540100097656,160.1361846923828,522.25,235.5335693359375,244.02549743652344,154.6300048828125,289.95086669921875,182.80999755859375,197.37472534179688,377.9599914550781,,966.813720703125,1.2699999809265137,224.39341735839844,174.99000549316406,38.39971160888672,25.940597534179688,83.09567260742188,86.2699966430664,407.95001220703125,316.517333984375,29.88313102722168,861.422119140625,228.7543182373047,262.3699951171875,163.01248168945312,60.01559829711914,173.85403442382812,441.1265869140625,339.1128845214844,193.35964965820312,30.436920166015625,138.4071502685547,188.86175537109375,59.55661392211914,880.6943359375,439.2662048339844,444.84954833984375,240.85348510742188,496.6191711425781,120.66605377197266,92.3205337524414,409.1098937988281,440.3857116699219,152.3811492919922,12.40999984741211,68.56700134277344,91.12037658691406,146.03399658203125,135.5146484375,141.62159729003906,24.014036178588867,58.805599212646484,218.4236602783203,101.42611694335938,183.73585510253906,171.5125274658203,76.6845474243164,50.438602447509766,64.25,161.16282653808594,127.5999984741211,309.8999938964844,184.86000061035156,175.5950469970703,185.45513916015625,70.33000183105469,,462.4464111328125,270.07513427734375,66.3580551147461
2024-06-19,,,,236.54168701171875,,,,,198.5135955810547,,,949.8125,,,,,25.42456817626953,84.00651550292969,,,,29.516347885131836,,,,,,,,,,,,,,,,,,,,,412.4592590332031,,,12.25,,,,,,,,,,,171.785400390625,,50.28494644165039,,160.9714813232422,,,,,,,,,,
2024-06-20,208.07077026367188,160.85577392578125,522.9500122070312,238.28298950195312,236.3058624267578,161.77999877929688,293.6464538574219,186.10000610351562,193.96795654296875,387.8699951171875,,971.82568359375,1.3300000429153442,225.27410888671875,176.3000030517578,38.39971160888672,25.801666259765625,83.85470581054688,85.87999725341797,409.1499938964844,320.40155029296875,30.500869750976562,853.2012329101562,238.61264038085938,260.07000732421875,163.0421142578125,65.09054565429688,175.05551147460938,441.7244873046875,338.7007751464844,194.5132293701172,30.426984786987305,140.43121337890625,190.4627685546875,59.128692626953125,875.2904052734375,445.3204345703125,447.22149658203125,243.74424743652344,498.8165283203125,122.24992370605469,92.1975326538086,408.9621276855469,439.7542724609375,143.18563842773438,12.569999694824219,67.90299987792969,91.87989044189453,146.86199951171875,130.71697998046875,139.92771911621094,24.30314826965332,59.48197937011719,207.24710083007812,101.71653747558594,186.51205444335938,175.11819458007812,76.22560119628906,51.130069732666016,63.880001068115234,162.98072814941406,126.62000274658203,313.8900146484375,181.57000732421875,171.3832550048828,182.1571044921875,70.30000305175781,,465.7822570800781,273.2336730957031,66.7605209350586
2024-06-21,205.8976287841797,159.229736328125,533.4400024414062,237.91641235351562,231.79615783691406,161.22999572753906,292.0071105957031,189.0800018310547,195.63169860839844,394.4700012207031,,946.7659301757812,1.340000033378601,225.44046020507812,176.55999755859375,37.91958999633789,25.801666259765625,82.79206085205078,84.63999938964844,409.6199951171875,319.145751953125,30.404348373413086,839.2225341796875,241.82965087890625,258.8699951171875,162.2911376953125,67.16234588623047,178.3620147705078,434.13494873046875,340.9623718261719,195.37615966796875,30.894020080566406,141.35299682617188,188.19068908691406,59.68973922729492,873.205810546875,446.52362060546875,449.5341796875,249.1127471923828,491.9363098144531,123.23985290527344,90.98638916015625,413.49359130859375,443.77984619140625,138.5680389404297,12.229999542236328,68.61199951171875,93.4277114868164,149.86599731445312,126.50900268554688,138.54713439941406,24.30314826965332,60.28767395019531,204.41929626464844,102.23931121826172,189.13241577148438,176.4435272216797,76.40727233886719,50.91878890991211,65.02999877929688,160.9331817626953,127.80000305175781,317.739990234375,183.00999450683594,169.99562072753906,184.7747039794922,70.20999908447266,,463.9268493652344,271.65435791015625,66.6623764038086
2024-06-24,206.5426025390625,161.4258270263672,524.1699829101562,239.65769958496094,226.3116455078125,160.25,301.4735107421875,185.57000732421875,196.26553344726562,440.5899963378906,,932.1233520507812,1.399999976158142,226.50709533691406,179.10000610351562,38.42851638793945,26.451671600341797,85.0501937866211,86.61000061035156,413.9800109863281,321.2484130859375,30.578088760375977,839.0740356445312,236.77716064453125,261.2799987792969,158.63502502441406,67.21937561035156,177.95489501953125,445.6205139160156,336.24761962890625,196.10284423828125,30.37729835510254,141.70457458496094,190.66409301757812,60.83085632324219,879.3606567382812,450.2574157714844,451.61944580078125,250.0635528564453,496.0425720214844,125.35166931152344,91.87582397460938,413.1980895996094,441.6980285644531,138.04173278808594,12.489999771118164,66.9020004272461,93.41810607910156,147.91799926757812,118.05307006835938,136.97073364257812,24.84633445739746,59.17363357543945,193.17543029785156,98.70579528808594,186.7263641357422,174.8843231201172,76.23517608642578,51.37976837158203,64.30999755859375,163.65048217773438,124.80000305175781,314.989990234375,182.5800018310547,163.9857635498047,183.24383544921875,70.54000091552734,,471.0311279296875,272.72039794921875,67.63417053222656
2024-06-25,207.4654541015625,159.566162109375,526.8800048828125,238.46629333496094,230.67367553710938,160.25,302.5726623535156,186.33999633789062,194.20562744140625,451.54998779296875,,933.7939453125,1.350000023841858,225.64596557617188,175.10000610351562,37.813968658447266,25.950523376464844,85.61946868896484,84.37999725341797,410.9700012207031,318.7173767089844,30.2113037109375,846.3453979492188,238.57315063476562,256.739990234375,157.8346405029297,66.15496063232422,182.73094177246094,441.078369140625,324.21136474609375,194.79483032226562,30.546226501464844,139.87057495117188,189.8875732421875,60.70723342895508,893.6856689453125,446.9724426269531,450.3247375488281,247.18240356445312,507.6653747558594,125.3139419555664,92.53816223144531,413.4443664550781,444.9342346191406,140.1370391845703,12.369999885559082,67.24099731445312,91.09154510498047,150.96200561523438,126.02922821044922,136.26577758789062,24.522174835205078,59.01448440551758,194.45468139648438,98.3282470703125,190.6715087890625,177.08670043945312,75.80487823486328,51.47580337524414,64.77999877929688,162.25357055664062,124.20999908447266,321.2799987792969,187.35000610351562,168.66661071777344,183.77304077148438,71.37999725341797,,465.7630310058594,269.98626708984375,66.18136596679688
2024-06-26,211.61338806152344,159.93994140625,528.6599731445312,237.45816040039062,228.60589599609375,157.5399932861328,296.4228515625,193.61000061035156,197.92930603027344,445.8800048828125,,930.2560424804688,1.2999999523162842,225.73403930664062,178.5,37.44907760620117,25.78678321838379,83.45621490478516,82.5199966430664,410.260009765625,318.065185546875,30.655305862426758,847.6611328125,239.94483947753906,247.92999267578125,158.7338409423828,65.8698501586914,182.58200073242188,439.6125183105469,327.5653991699219,193.86830139160156,30.347488403320312,139.5189666748047,189.2739715576172,60.90692901611328,890.3759765625,445.941162109375,447.093017578125,247.61453247070312,510.17083740234375,123.97520446777344,91.6771240234375,417.5816955566406,446.12811279296875,141.368408203125,12.010000228881836,67.76899719238281,90.42818450927734,150.78199768066406,126.3390884399414,135.34535217285156,24.022796630859375,57.950172424316406,189.79937744140625,98.02813720703125,193.44769287109375,181.2770538330078,75.68058776855469,52.2633056640625,65.44999694824219,161.90911865234375,129.1300048828125,318.9599914550781,196.3699951171875,168.14869689941406,182.4783935546875,70.8499984741211,,465.3208312988281,270.055419921875,67.03539276123047
2024-06-27,212.4568634033203,157.92144775390625,546.760009765625,237.73309326171875,228.96038818359375,159.47000122070312,297.24725341796875,197.85000610351562,196.93896484375,444.94000244140625,,943.4246215820312,1.3200000524520874,223.5029296875,182.50999450683594,37.68913650512695,25.91082763671875,83.58904266357422,80.37999725341797,407.95001220703125,318.7757873535156,31.794260025024414,841.5076904296875,249.5169677734375,249.9199981689453,158.5955352783203,65.41368103027344,184.1011962890625,430.06536865234375,327.2491455078125,194.73123168945312,30.397172927856445,138.5496826171875,190.9420928955078,60.7737922668457,898.0620727539062,446.0748291015625,437.5755615234375,247.9410858154297,516.5737915039062,122.3913345336914,90.61737060546875,417.68017578125,446.80889892578125,131.30894470214844,11.979999542236328,68.43399810791016,90.55316162109375,154.8260040283203,123.93024444580078,137.2546844482422,24.355716705322266,58.05958557128906,187.70254516601562,97.40856170654297,195.55177307128906,182.66085815429688,75.76663208007812,52.2633056640625,66.37000274658203,166.04248046875,133.9199981689453,315.3800048828125,197.4199981689453,167.71871948242188,182.7902374267578,70.33999633789062,,467.6280212402344,263.1361999511719,66.63291931152344
2024-06-28,209.00357055664062,160.28573608398438,555.5399780273438,237.8247528076172,232.36727905273438,162.2100067138672,296.072265625,193.25,197.96888732910156,430.0400085449219,,947.5521850585938,1.3300000429153442,226.58538818359375,182.00999450683594,38.18846130371094,26.178768157958984,83.85470581054688,80.36000061035156,406.79998779296875,324.2662353515625,31.13791275024414,840.8844604492188,253.71095275878906,225.4600067138672,157.0836639404297,65.20458221435547,180.8642120361328,436.1986999511719,329.884521484375,193.96823120117188,30.774776458740234,138.89178466796875,193.90444946289062,60.52655792236328,894.4462280273438,446.04620361328125,436.0041809082031,244.74301147460938,501.3219909667969,116.7158203125,91.96097564697266,417.0892028808594,440.9875793457031,130.6138153076172,11.4399995803833,67.48799896240234,72.45983123779297,157.33399963378906,123.48047637939453,138.25338745117188,24.513418197631836,57.72139358520508,191.57876586914062,97.18592071533203,196.48692321777344,184.6878204345703,74.43756866455078,51.667877197265625,66.05000305175781,166.21470642089844,135.08999633789062,313.7900085449219,197.8800048828125,169.8490447998047,183.82972717285156,72.68000030517578,,489.56549072265625,259.069580078125,66.46603393554688
2024-07-01,215.08651733398438,159.21102905273438,560.010009765625,240.5741729736328,233.76547241210938,157.69000244140625,294.707763671875,197.1999969482422,198.66217041015625,434.2200012207031,,937.8230590820312,1.350000023841858,228.79690551757812,186.6999969482422,38.41891098022461,25.97037124633789,84.57579803466797,78.83000183105469,405.19000244140625,320.35284423828125,31.52400016784668,836.6106567382812,252.83267211914062,222.7100067138672,157.0836639404297,65.23310089111328,181.6982879638672,447.1344909667969,322.1701965332031,191.6156005859375,30.645597457885742,139.15786743164062,196.96270751953125,60.174713134765625,903.3276977539062,445.4159240722656,432.49560546875,240.085205078125,501.77935791015625,120.58120727539062,93.82500457763672,415.0204772949219,450.6371154785156,130.60391235351562,11.510000228881836,67.36100006103516,73.86347198486328,157.79200744628906,124.2401123046875,140.1039581298828,24.723682403564453,57.502567291259766,192.39633178710938,96.37271881103516,194.25621032714844,180.9457244873047,73.74911499023438,51.70629119873047,64.62999725341797,169.4678192138672,142.77000427246094,313.8399963378906,209.86000061035156,168.4027862548828,183.89588928222656,71.0999984741211,,475.5205383300781,259.8296203613281,66.24026489257812
2024-07-02,218.57952880859375,155.08987426757812,567.7100219726562,237.09158325195312,237.16250610351562,164.30999755859375,294.48028564453125,200.0,202.5244903564453,435.489990234375,,949.2228393554688,1.2999999523162842,230.91061401367188,185.4199981689453,39.30232620239258,25.657772064208984,83.51313781738281,78.76000213623047,407.1000061035156,319.0678405761719,31.601219177246094,850.1541137695312,252.8129425048828,216.72999572753906,159.53421020507812,65.00502014160156,183.93238830566406,449.0150451660156,321.0010681152344,193.68663024902344,30.874147415161133,138.7682342529297,200.2030487060547,60.05109405517578,895.76025390625,444.7092590332031,439.453369140625,237.9723663330078,506.5716552734375,120.4114990234375,94.28861999511719,419.25640869140625,453.1531066894531,131.66641235351562,11.5600004196167,67.95800018310547,73.10397338867188,158.82200622558594,122.61087799072266,140.2899932861328,24.381999969482422,58.65639877319336,192.52139282226562,97.20527648925781,193.43797302246094,180.47796630859375,73.4622802734375,51.51421356201172,66.05999755859375,167.28631591796875,141.9199981689453,315.54998779296875,231.25999450683594,171.69595336914062,187.50575256347656,70.66999816894531,,478.9716491699219,264.75494384765625,66.81941223144531
2024-07-03,219.84967041015625,153.10874938964844,570.1500244140625,238.28298950195312,239.57489013671875,163.89999389648438,293.16314697265625,197.58999633789062,201.83123779296875,435.2900085449219,,968.7791748046875,1.2799999713897705,230.65618896484375,184.30999755859375,39.27352523803711,26.024951934814453,83.91163635253906,79.86000061035156,405.7699890136719,321.84222412109375,31.755653381347656,853.4187622070312,257.5101623535156,231.11000061035156,161.0658416748047,63.28484344482422,184.50830078125,451.2427062988281,319.72650146484375,192.98721313476562,31.033138275146484,138.4451446533203,200.06881713867188,60.222267150878906,887.254150390625,445.0244140625,442.9421081542969,240.09478759765625,507.0290222167969,118.64850616455078,94.80903625488281,419.453369140625,454.62322998046875,135.8669891357422,11.960000038146973,68.2509994506836,72.33485412597656,157.1840057373047,128.21817016601562,141.36703491210938,24.26810646057129,59.32283401489258,196.0321044921875,97.52473449707031,197.76300048828125,182.875244140625,72.91726684570312,51.110862731933594,66.7300033569336,169.1233673095703,142.86000061035156,314.79998779296875,246.38999938964844,178.3312225341797,187.99716186523438,71.30000305175781,,470.94464111328125,265.5050964355469,66.98628997802734
2024-07-04,,,,239.74935913085938,,,,,202.5244903564453,,,967.2068481445312,,,,,26.005104064941406,83.64598083496094,,,,32.122432708740234,,,,,,,,,,,,,,,,,,,,,420.5370178222656,,,12.550000190734863,,,,,,,,,,,182.25155639648438,,51.2068977355957,,169.67831420898438,,,,,,,,,,
2024-07-05,224.6029052734375,156.29539489746094,578.3400268554688,239.10781860351562,238.86593627929688,171.89999389648438,294.5845947265625,200.0,205.59454345703125,435.8399963378906,,975.8549194335938,1.2699999809265137,231.26470947265625,184.8300018310547,38.80300521850586,25.965408325195312,83.20952606201172,80.08999633789062,411.1700134277344,319.6421813964844,32.00661087036133,876.1821899414062,259.72064208984375,222.1199951171875,158.5955352783203,63.37989807128906,189.25457763671875,448.1856689453125,320.6273498535156,192.78738403320312,31.818159103393555,139.1958770751953,197.41781616210938,60.63115692138672,903.5252075195312,441.3288269042969,444.2367858886719,241.1416015625,536.806884765625,119.21417236328125,94.23185729980469,423.7385559082031,461.3226318359375,130.68333435058594,13.029999732971191,69.06500244140625,72.51751708984375,161.29400634765625,125.76936340332031,141.80764770507812,24.574739456176758,59.442195892333984,197.8980255126953,97.16654968261719,200.6073760986328,184.259033203125,72.71646118164062,51.37976837158203,67.62999725341797,169.4678192138672,143.02000427246094,316.8500061035156,251.52000427246094,179.7970428466797,187.85540771484375,71.05999755859375,,469.13726806640625,266.85736083984375,68.75323486328125
2024-07-08,226.0715789794922,155.61322021484375,575.4000244140625,240.2992401123047,242.50914001464844,178.69000244140625,295.1341552734375,199.2899932861328,206.78294372558594,436.4200134277344,,980.6703491210938,1.2699999809265137,230.1654510498047,185.83999633789062,39.0046501159668,25.856246948242188,82.65922546386719,80.48999786376953,409.0799865722656,320.3333740234375,32.00661087036133,871.4041137695312,253.97738647460938,227.1199951171875,161.5895538330078,64.19720458984375,187.6956329345703,448.2532043457031,325.4379577636719,192.2332763671875,33.77574157714844,138.24557495117188,197.78414916992188,59.870418548583984,906.913818359375,440.9468688964844,441.0247497558594,238.0299835205078,526.2777709960938,118.58251190185547,95.17805480957031,423.8370666503906,460.0202331542969,129.8931884765625,13.039999961853027,68.5739974975586,70.22941589355469,153.24000549316406,128.13819885253906,142.0034942626953,24.469608306884766,58.7757568359375,199.95635986328125,96.90516662597656,197.5389404296875,183.05064392089844,71.30134582519531,51.30293655395508,67.33999633789062,169.506103515625,141.57000732421875,313.7099914550781,252.94000244140625,182.37689208984375,190.38800048828125,71.25,,470.4158630371094,262.9486389160156,68.39984130859375
2024-07-09,226.92494201660156,157.04299926757812,566.02001953125,238.1913299560547,247.609619140625,177.10000610351562,299.3509216308594,199.33999633789062,208.86265563964844,457.67999267578125,,965.7327880859375,1.3200000524520874,233.3454132080078,183.24000549316406,39.7728385925293,25.156625747680664,83.20952606201172,80.51000213623047,410.5199890136719,317.4129638671875,31.273046493530273,877.349609375,249.49024963378906,225.22999572753906,161.19430541992188,64.39678955078125,187.64599609375,455.9776916503906,323.0326232910156,191.29769897460938,34.3719596862793,139.7375030517578,200.1555938720703,59.61366271972656,921.23876953125,439.5526428222656,440.15380859375,236.0803985595703,526.953857421875,118.82764434814453,97.08936309814453,422.7042236328125,453.40960693359375,130.34042358398438,12.720000267028809,68.5739974975586,69.66219329833984,148.802001953125,131.3166961669922,137.7442169189453,24.285627365112305,58.68623733520508,199.2157745361328,97.88292694091797,195.09393310546875,180.04917907714844,69.56111907958984,51.418182373046875,66.12999725341797,165.7745819091797,137.4600067138672,311.54998779296875,262.3299865722656,180.31497192382812,189.15003967285156,71.31999969482422,,473.0787353515625,262.0011291503906,68.6158218383789
2024-07-10,231.19195556640625,157.12710571289062,564.5499877929688,240.39085388183594,251.05589294433594,183.9600067138672,304.8089904785156,199.7899932861328,211.3880157470703,467.2300109863281,,984.699462890625,1.3200000524520874,234.50357055664062,183.72999572753906,40.08011245727539,25.92571449279785,84.91736602783203,81.30000305175781,413.7900085449219,319.768798828125,31.427480697631836,874.8368530273438,249.64840698242188,228.57000732421875,163.73379516601562,65.337646484375,189.8304443359375,461.82171630859375,329.8269958496094,194.83114624023438,34.65019226074219,141.99916076660156,200.31947326660156,59.74679183959961,928.4307861328125,440.2306823730469,429.20684814453125,240.56536865234375,531.616943359375,120.01553344726562,97.89363098144531,420.0444641113281,460.03009033203125,135.55844116210938,13.020000457763672,67.76499938964844,69.73909759521484,148.6300048828125,134.84500122070312,139.105224609375,24.83757209777832,58.58677291870117,200.8316650390625,97.46665954589844,197.0518798828125,181.0626678466797,69.33163452148438,51.629459381103516,65.61000061035156,168.75978088378906,137.5,304.989990234375,263.260009765625,186.69613647460938,192.4197235107422,69.2699966430664,,481.55767822265625,259.5926513671875,69.11643981933594
2024-07-11,225.82347106933594,158.7811737060547,557.6300048828125,242.04054260253906,237.5563507080078,181.94000244140625,308.04974365234375,195.0500030517578,206.48583984375,461.7200012207031,,972.022216796875,1.4600000381469727,234.32688903808594,183.91000366210938,40.14733123779297,26.436784744262695,86.34056091308594,84.69999694824219,418.7799987792969,322.34844970703125,31.48539161682129,837.5208740234375,248.1955108642578,233.4499969482422,160.2694854736328,66.4970932006836,184.26007080078125,462.1495361328125,339.0362548828125,195.15817260742188,33.2888298034668,142.2557373046875,199.9820556640625,60.00354766845703,922.8589477539062,439.62908935546875,431.9584045410156,244.7046356201172,509.7532653808594,121.5899658203125,99.0101547241211,409.7009582519531,448.6342468261719,129.4359893798828,13.369999885559082,65.2750015258789,70.5562973022461,149.8280029296875,127.33860778808594,140.17552185058594,25.10916519165039,59.67097473144531,192.22320556640625,98.47345733642578,196.50637817382812,181.70584106445312,70.0870132446289,52.97397994995117,65.30999755859375,171.17091369628906,138.17999267578125,300.9800109863281,241.02999877929688,180.29541015625,188.98941040039062,73.52999877929688,,484.85498046875,259.14849853515625,68.51764678955078
2024-07-12,228.7706756591797,159.12693786621094,559.0499877929688,244.42337036132812,239.6634979248047,181.61000061035156,313.4888000488281,194.49000549316406,210.59573364257812,466.4200134277344,,984.8960571289062,1.5399999618530273,234.20913696289062,182.30999755859375,39.93607711791992,26.729534149169922,87.46013641357422,84.94999694824219,424.44000244140625,326.6902160644531,31.73634910583496,833.8704223632812,251.0123291015625,233.24000549316406,157.38914489746094,66.48757934570312,183.7635955810547,462.77642822265625,344.766845703125,195.3943328857422,34.27259063720703,142.42677307128906,197.56243896484375,60.574100494384766,936.9467163085938,442.82806396484375,435.6106872558594,243.84027099609375,496.0027770996094,120.44922637939453,98.48973083496094,410.7846374511719,447.49951171875,132.73574829101562,13.550000190734863,64.76000213623047,70.58513641357422,151.697998046875,129.17774963378906,142.14910888671875,25.336952209472656,59.949485778808594,194.70472717285156,98.0475082397461,199.79885864257812,183.92770385742188,71.54994201660156,53.108428955078125,64.88999938964844,176.20367431640625,135.75,302.2699890136719,248.22999572753906,183.08047485351562,190.76600646972656,72.43000030517578,,491.7477111816406,262.29718017578125,67.96792602539062
2024-07-15,232.60107421875,158.46676635742188,565.7100219726562,243.0486602783203,241.78050231933594,179.8300018310547,312.8444519042969,192.72000122070312,213.7648468017578,461.94000244140625,,972.1205444335938,1.6100000143051147,239.47964477539062,179.11000061035156,40.22414779663086,26.183731079101562,85.22097778320312,84.25,434.4200134277344,336.6002197265625,31.5819149017334,839.637939453125,249.91526794433594,213.4199981689453,157.93353271484375,67.29540252685547,185.21328735351562,474.6863098144531,343.511474609375,195.94842529296875,34.242774963378906,141.818603515625,202.4884796142578,60.29833221435547,938.98193359375,442.9713134765625,439.4609375,241.5641632080078,493.3083190917969,120.78860473632812,99.5968017578125,411.12939453125,447.904052734375,130.0720672607422,12.930000305175781,65.6449966430664,68.55659484863281,153.57000732421875,128.37811279296875,140.4799041748047,25.494651794433594,60.14842224121094,200.2353057861328,98.37664794921875,198.24029541015625,182.97268676757812,69.56111907958984,52.455379486083984,64.20999908447266,173.0653839111328,133.72000122070312,302.1499938964844,252.63999938964844,180.9990234375,190.66204833984375,72.29000091552734,,495.4391784667969,264.97210693359375,68.33113098144531
2024-07-16,233.01783752441406,159.5701904296875,566.5399780273438,241.21571350097656,242.06605529785156,177.5500030517578,315.6777648925781,193.02000427246094,212.77450561523438,471.7950134277344,,960.917236328125,1.6399999856948853,245.00534057617188,186.0500030517578,42.37506866455078,25.856246948242188,84.32910919189453,86.81999969482422,438.8999938964844,351.0174560546875,31.620521545410156,841.65625,253.04833984375,221.25,161.1900177001953,68.08419799804688,182.62171936035156,485.0917053222656,353.7269287109375,198.4463653564453,34.12353515625,143.50059509277344,205.92996215820312,61.116127014160156,930.2288208007812,447.4594421386719,438.9957275390625,247.0767364501953,486.97503662109375,118.26197052001953,100.5051498413086,406.4993896484375,443.5232849121094,126.71269989013672,13.109999656677246,65.63200378417969,69.9986801147461,152.1580047607422,126.29910278320312,140.02821350097656,25.845094680786133,61.48129653930664,201.63958740234375,100.37091064453125,199.56507873535156,182.44647216796875,72.20013427734375,51.80232620239258,69.72000122070312,173.7159881591797,136.2100067138672,298.5,256.55999755859375,181.80032348632812,195.25473022460938,74.30000305175781,,527.6436767578125,265.7617492675781,68.70415496826172
2024-07-17,227.12344360351562,165.2947235107422,563.0900268554688,241.03240966796875,216.691650390625,159.42999267578125,318.07513427734375,187.92999267578125,207.32763671875,463.4100036621094,,855.8630981445312,1.600000023841858,245.3292236328125,184.83999633789062,42.23103332519531,26.47648048400879,85.10711669921875,86.47000122070312,445.6099853515625,348.3111877441406,31.292346954345703,837.2142333984375,248.29437255859375,208.1699981689453,155.0631103515625,69.66181182861328,179.74220275878906,484.2816162109375,356.3814392089844,200.0269012451172,34.242774963378906,148.7936248779297,209.06295776367188,62.01000213623047,894.6536865234375,454.6118469238281,446.5477294921875,250.65895080566406,459.334716796875,118.68622589111328,101.20532989501953,397.6335754394531,437.6033020019531,118.77141571044922,12.739999771118164,64.74600219726562,70.24864959716797,147.21400451660156,117.93313598632812,136.7388458251953,26.309431076049805,60.91432571411133,184.28807067871094,101.63909912109375,194.83091735839844,178.58743286132812,71.80809783935547,51.61025619506836,64.80999755859375,170.69252014160156,135.10000610351562,294.739990234375,248.5,167.29849243164062,193.0245361328125,68.62000274658203,,551.109619140625,269.16705322265625,69.72503662109375
2024-07-18,222.45947265625,161.3997802734375,556.8499755859375,240.6658172607422,214.3087921142578,155.77000427246094,313.6214904785156,183.75,202.62353515625,466.55999755859375,,824.0225219726562,1.4800000190734863,244.58331298828125,180.22999572753906,41.29960632324219,26.764266967773438,86.64417266845703,86.37000274658203,441.82000732421875,346.5881652832031,31.080001831054688,830.3783569335938,244.4694366455078,213.5800018310547,157.17140197753906,69.86139678955078,176.43569946289062,468.88079833984375,350.8136901855469,197.71971130371094,34.65019226074219,147.69126892089844,202.4209747314453,61.99098205566406,838.6483154296875,454.5450439453125,444.1326904296875,249.23760986328125,473.1150817871094,117.14006805419922,99.17100524902344,393.9394226074219,434.495361328125,116.7339096069336,12.850000381469727,64.30400085449219,69.58528900146484,147.75399780273438,121.0316390991211,135.5311279296875,26.029075622558594,59.6809196472168,184.15341186523438,100.52580261230469,192.12290954589844,175.97576904296875,70.93800354003906,52.416969299316406,63.11000061035156,163.1529541015625,129.83999633789062,290.1600036621094,249.22999572753906,167.9532470703125,194.54595947265625,66.26000213623047,,542.5154418945312,265.66302490234375,69.51890563964844
2024-07-19,222.58851623535156,162.51263427734375,551.0,237.73309326171875,207.03224182128906,151.5800018310547,313.9247131347656,183.1300048828125,203.7624053955078,471.32000732421875,,815.1777954101562,1.4800000190734863,237.8896484375,179.6699981689453,41.19398880004883,26.05968475341797,84.89839172363281,85.45999908447266,434.4700012207031,338.41094970703125,31.562610626220703,829.1515502929688,244.7461700439453,216.42999267578125,157.50791931152344,68.95854187011719,176.4059295654297,467.6464538574219,348.2071533203125,194.94015502929688,32.7721061706543,146.99758911132812,202.2281951904297,62.08607482910156,847.1148681640625,453.513671875,439.1540832519531,247.08636474609375,474.0496826171875,118.57308959960938,96.59735107421875,396.0574035644531,431.27880859375,113.5633544921875,13.399999618530273,63.33399963378906,69.8929214477539,150.24000549316406,117.8731689453125,136.05154418945312,26.256860733032227,59.01448440551758,179.10372924804688,99.5286636352539,192.1034393310547,176.872314453125,75.79531860351562,51.456600189208984,63.15999984741211,163.076416015625,129.85000610351562,295.0899963378906,239.1999969482422,161.9922637939453,188.1483612060547,67.30999755859375,,543.4671630859375,262.02081298828125,69.45018005371094
2024-07-22,222.2412109375,163.72921752929688,554.8200073242188,240.39085388183594,220.03944396972656,155.8699951171875,318.35943603515625,182.5500030517578,203.86143493652344,461.010009765625,,835.8153686523438,1.4900000095367432,240.2157440185547,178.89999389648438,40.61784744262695,27.101673126220703,86.26465606689453,86.08000183105469,435.9800109863281,340.0236511230469,32.10313034057617,838.342041015625,251.12103271484375,220.24000549316406,161.1009063720703,68.81599426269531,180.38758850097656,469.6812438964844,348.10174560546875,197.0838623046875,33.15964889526367,146.56997680664062,202.710205078125,61.591590881347656,855.51220703125,453.1985778808594,443.3606262207031,249.25682067871094,484.59869384765625,118.49767303466797,96.92852020263672,398.2246398925781,437.03106689453125,114.57713317871094,13.579999923706055,64.75,71.96952819824219,151.3000030517578,123.48047637939453,137.63238525390625,25.93270492553711,60.44682693481445,187.52944946289062,100.4580307006836,195.27902221679688,178.93824768066406,73.1945571899414,51.22610855102539,62.689998626708984,165.7745819091797,131.14999389648438,295.45001220703125,251.50999450683594,165.4906768798828,194.55543518066406,67.7300033569336,,536.9301147460938,264.2416687011719,69.08698272705078
2024-07-23,223.28314208984375,163.29539489746094,546.010009765625,240.6658172607422,216.27809143066406,154.0,315.77252197265625,186.41000366210938,206.98101806640625,472.8699951171875,,846.0357055664062,1.5700000524520874,242.32589721679688,186.47999572753906,40.723472595214844,26.764266967773438,85.41073608398438,85.5,434.010009765625,336.40716552734375,31.948694229125977,842.9818115234375,253.0780029296875,223.00999450683594,170.24673461914062,67.63754272460938,180.50672912597656,474.60906982421875,344.62310791015625,197.45628356933594,32.7422981262207,144.77398681640625,202.75839233398438,61.772274017333984,867.6834106445312,478.6950988769531,437.2042236328125,243.9843292236328,485.8812561035156,117.26262664794922,97.9314956665039,406.40087890625,438.9156188964844,113.55341339111328,13.4399995803833,64.2760009765625,70.56590270996094,153.10400390625,122.53091430664062,140.5191650390625,25.845094680786133,59.39246368408203,185.97128295898438,101.6197280883789,209.198974609375,191.72372436523438,72.91726684570312,50.80354690551758,62.65999984741211,166.11903381347656,132.60000610351562,330.7900085449219,246.3800048828125,165.94996643066406,187.38291931152344,67.5199966430664,,533.248291015625,261.35955810546875,69.35203552246094
2024-07-24,216.86277770996094,166.18121337890625,531.0399780273438,238.008056640625,203.3594970703125,144.6300048828125,318.0182800292969,180.8300018310547,199.50393676757812,464.3599853515625,,817.2415771484375,1.5099999904632568,236.52542114257812,180.07000732421875,40.5122184753418,26.76923179626465,84.537841796875,83.13999938964844,432.79998779296875,328.46051025390625,30.500869750976562,821.9197387695312,246.87112426757812,221.3300018310547,160.64559936523438,69.85188293457031,171.4114227294922,469.3534240722656,335.7013244628906,194.06814575195312,31.50017547607422,148.50851440429688,201.08103942871094,62.5805549621582,849.4957885742188,491.97808837890625,428.0290222167969,243.33126831054688,458.6188659667969,118.71451568603516,96.48381805419922,392.31402587890625,423.1783752441406,109.60762786865234,13.470000267028809,63.5989990234375,68.34508514404297,146.1739959716797,114.19493865966797,136.2577362060547,26.265621185302734,57.76118087768555,174.159912109375,101.48420715332031,203.97776794433594,188.87818908691406,71.40652465820312,50.89958190917969,59.27000045776367,164.03321838378906,125.62000274658203,336.5199890136719,215.99000549316406,156.15830993652344,187.3734588623047,66.13999938964844,,538.1028442382812,250.8771209716797,69.30294036865234
2024-07-25,215.8208465576172,171.802001953125,532.1500244140625,237.2748565673828,199.21414184570312,138.32000732421875,316.77691650390625,179.85000610351562,199.50393676757812,486.3299865722656,,785.7941284179688,1.5800000429153442,235.73040771484375,184.35000610351562,40.022499084472656,27.319995880126953,83.68392181396484,84.68000030517578,433.2900085449219,336.5341796875,30.964176177978516,807.2091674804688,253.53260803222656,216.19000244140625,162.991455078125,72.71248626708984,166.0991668701172,474.1847839355469,338.5570983886719,183.89466857910156,30.90395736694336,151.70144653320312,201.15817260742188,62.82780075073242,811.2728881835938,497.8987121582031,425.2081604003906,241.49696350097656,450.8040771484375,118.64850616455078,97.9882583618164,383.989990234375,412.8184509277344,106.79486846923828,13.630000114440918,63.409000396728516,68.65274810791016,165.75799560546875,112.22588348388672,135.324951171875,26.440845489501953,56.915706634521484,168.6966552734375,109.84843444824219,205.35125732421875,190.24249267578125,70.10613250732422,50.99561309814453,59.439998626708984,161.52642822265625,129.58999633789062,328.95001220703125,220.25,156.6273651123047,186.30560302734375,65.73999786376953,,538.0355834960938,250.4526824951172,68.73358917236328
2024-07-26,216.2872314453125,174.62184143066406,542.4400024414062,239.29110717773438,203.3004150390625,139.99000549316406,317.2981262207031,182.5,198.71165466308594,494.4599914550781,,806.3333740234375,1.590000033378601,241.33462524414062,186.88999938964844,40.01289749145508,27.255491256713867,83.07669067382812,85.94000244140625,437.6600036621094,342.5748291015625,30.73252296447754,809.992919921875,259.6505432128906,226.74000549316406,168.0790557861328,73.18767547607422,165.82115173339844,481.2439270019531,344.5177001953125,184.15809631347656,31.152381896972656,152.65170288085938,204.59963989257812,63.759708404541016,794.903076171875,501.1453857421875,433.700439453125,242.0155487060547,463.0234375,118.09226989746094,98.58436584472656,384.384033203125,419.5968017578125,108.74293518066406,14.069999694824219,63.137001037597656,69.75833892822266,165.52200317382812,113.00550842285156,136.49339294433594,27.33820152282715,57.98001480102539,173.17881774902344,110.31312561035156,207.92291259765625,190.7882080078125,70.80413818359375,51.18769073486328,59.939998626708984,162.4832000732422,129.0,321.8800048828125,219.8000030517578,158.2495574951172,190.87939453125,64.4000015258789,,547.6873779296875,256.09857177734375,68.49800872802734
2024-07-29,216.5651092529297,171.58511352539062,536.6099853515625,237.18319702148438,202.41424560546875,139.75,315.0807800292969,183.1999969482422,198.41458129882812,499.04998779296875,,793.8490600585938,1.5800000429153442,243.29757690429688,185.42999267578125,39.455963134765625,27.22572135925293,82.1468734741211,86.61000061035156,438.30999755859375,336.7590637207031,30.597393035888672,807.971923828125,255.5785369873047,220.39999389648438,168.13844299316406,73.87194061279297,168.3332977294922,475.1588134765625,346.5875549316406,182.94091796875,30.63566017150879,150.6751251220703,203.2596893310547,63.55050277709961,798.0348510742188,503.8573303222656,436.78857421875,251.0623321533203,463.0333251953125,120.46807098388672,96.96636199951172,386.9945983886719,421.037353515625,107.19243621826172,13.920000076293945,62.69599914550781,70.71012115478516,159.81199645996094,111.53622436523438,135.8060760498047,27.29377555847168,58.626556396484375,171.82264709472656,110.78749084472656,203.782958984375,187.962158203125,71.90373229980469,51.783119201660156,59.869998931884766,160.5887451171875,129.57000732421875,323.739990234375,232.10000610351562,156.36351013183594,190.7754364013672,63.7599983215332,,544.8322143554688,258.2108459472656,68.34095001220703
2024-07-30,217.1208038330078,176.14964294433594,538.7100219726562,240.0242919921875,193.7198028564453,138.44000244140625,315.8104248046875,181.7100067138672,199.30587768554688,509.2099914550781,,793.2583618164062,1.5199999809265137,247.8025360107422,186.86000061035156,39.638404846191406,27.389463424682617,82.31765747070312,86.73999786376953,441.260009765625,334.0124206542969,31.755653381347656,802.4934692382812,254.92617797851562,210.88999938964844,165.77279663085938,74.17604064941406,169.08792114257812,487.6472473144531,348.52337646484375,184.06723022460938,29.94007110595703,153.30740356445312,207.44345092773438,64.3587875366211,780.6671142578125,513.42578125,442.8756408691406,255.8834228515625,460.5278625488281,108.65505981445312,98.17750549316406,384.5810241699219,417.2781982421875,101.9346923828125,13.979999542236328,62.257999420166016,71.45037841796875,159.75999450683594,103.68001556396484,133.21385192871094,27.88905143737793,63.65964889526367,160.5691375732422,113.14961242675781,201.40614318847656,187.12408447265625,72.61128234863281,51.09165573120117,59.20000076293945,161.22023010253906,128.8800048828125,330.3500061035156,222.6199951171875,151.01817321777344,189.93441772460938,63.09000015258789,,554.041748046875,259.6914367675781,67.91885375976562
2024-07-31,220.37559509277344,174.77273559570312,551.6500244140625,239.0161590576172,208.94247436523438,144.47999572753906,315.0428771972656,186.97999572753906,203.96047973632812,515.8699951171875,,837.3665771484375,1.5499999523162842,248.35215759277344,190.60000610351562,38.70698547363281,27.285263061523438,81.42578887939453,86.19999694824219,438.5,338.391357421875,31.659130096435547,814.3519897460938,255.78607177734375,215.99000549316406,168.46507263183594,72.28482818603516,170.3291015625,490.8875427246094,352.8069763183594,185.98385620117188,30.546226501464844,150.00047302246094,205.13949584960938,63.46492385864258,794.5572509765625,517.4938354492188,458.96942138671875,254.88461303710938,472.1009216308594,106.65637969970703,98.5355224609375,380.3451843261719,412.7691345214844,109.15042114257812,14.039999961853027,62.834999084472656,71.96952819824219,162.8780059814453,116.96359252929688,136.92544555664062,27.133852005004883,65.43017578125,174.04446411132812,113.7401351928711,206.12081909179688,190.04757690429688,74.53316497802734,47.66313552856445,61.20000076293945,162.10049438476562,130.3800048828125,343.94000244140625,232.07000732421875,162.02159118652344,193.85311889648438,64.47000122070312,,553.8782958984375,262.2281188964844,67.37895202636719
2024-08-01,216.68418884277344,178.9128875732422,546.4099731445312,232.6925048828125,193.2865447998047,132.5399932861328,317.9424133300781,184.07000732421875,202.57398986816406,516.1799926757812,,817.084716796875,1.4199999570846558,244.07293701171875,178.30999755859375,37.92919158935547,27.061979293823242,78.93993377685547,80.68000030517578,431.80999755859375,324.0425109863281,31.195825576782227,809.2896118164062,250.11293029785156,218.5,168.01968383789062,72.69348907470703,169.5546112060547,482.2950439453125,343.6264343261719,185.82945251464844,28.866878509521484,152.7657470703125,200.47372436523438,64.62505340576172,822.3870849609375,524.1209106445312,457.6827087402344,258.1019287109375,494.87921142578125,107.3069076538086,97.15119934082031,382.069091796875,411.5456237792969,100.89109802246094,13.430000305175781,62.48500061035156,70.99852752685547,162.2760009765625,109.1573715209961,135.02053833007812,27.231582641601562,64.96267700195312,157.7413330078125,113.01407623291016,200.23721313476562,186.57835388183594,71.81767272949219,47.39423370361328,58.16999816894531,157.43130493164062,124.19999694824219,336.5,216.86000061035156,154.5752410888672,183.88510131835938,61.02000045776367,,550.6193237304688,262.4847717285156,68.50782775878906
2024-08-02,218.17266845703125,178.5167694091797,526.1699829101562,230.30967712402344,179.01898193359375,132.5,316.48321533203125,167.89999389648438,201.6331787109375,499.6700134277344,,725.7177124023438,1.3899999856948853,227.9767608642578,169.9499969482422,36.085548400878906,27.146329879760742,77.85830688476562,82.01000213623047,428.3599853515625,313.6326904296875,30.404348373413086,814.4313354492188,241.1287841796875,213.0500030517578,158.64622497558594,72.95958709716797,165.4835662841797,453.8657531738281,340.60784912109375,185.02102661132812,21.3445987701416,155.9776611328125,191.97120666503906,65.9278335571289,794.7450561523438,524.03515625,457.2967224121094,265.7273254394531,485.33447265625,108.60794830322266,91.50885772705078,366.3075256347656,403.0406494140625,92.13480377197266,12.789999961853027,61.36399841308594,71.15234375,158.1280059814453,107.21829223632812,130.8671417236328,27.03611946105957,61.650386810302734,153.23031616210938,112.7236557006836,199.41897583007812,181.4134979248047,72.55390930175781,47.00048065185547,54.43000030517578,150.98251342773438,119.7699966430664,330.8500061035156,207.6699981689453,146.4448699951172,178.3018798828125,58.9900016784668,,567.0197143554688,263.1263122558594,67.20225524902344
2024-08-05,207.6639404296875,173.86737060546875,509.32000732421875,224.994140625,179.09774780273438,134.82000732421875,308.17291259765625,161.02000427246094,190.5413360595703,484.5199890136719,,734.480224609375,1.350000023841858,221.73458862304688,167.02999877929688,35.19253158569336,26.739458084106445,75.73300170898438,78.36000061035156,413.7200012207031,309.65447998046875,29.690088272094727,794.3696899414062,236.22654724121094,207.08999633789062,156.74575805664062,71.11589050292969,158.12586975097656,442.659912109375,335.4139099121094,181.4058074951172,19.983234405517578,153.23138427734375,187.88385009765625,64.75818634033203,765.8976440429688,520.7979125976562,437.48138427734375,257.8138122558594,472.9957275390625,105.88331604003906,87.90005493164062,359.2148742675781,389.87860107421875,89.86870574951172,12.489999771118164,59.85499954223633,68.66234588623047,156.25399780273438,100.4015884399414,125.54525756835938,26.42307472229004,60.13847351074219,151.9222412109375,111.49418640136719,193.87631225585938,176.5994415283203,70.62246704101562,47.461456298828125,52.2599983215332,148.4374237060547,112.62999725341797,324.0299987792969,198.8800048828125,144.578369140625,172.33819580078125,58.47999954223633,,547.9180908203125,253.11773681640625,66.3482437133789
2024-08-06,205.63958740234375,175.1405487060547,514.2000122070312,224.16929626464844,180.4959716796875,130.17999267578125,311.7073974609375,161.92999267578125,187.70896911621094,487.0,,768.0536499023438,1.3700000047683716,226.8382568359375,165.0399932861328,35.45178985595703,25.12189292907715,75.46733856201172,79.5,422.1400146484375,319.0770263671875,28.49321937561035,809.2796630859375,235.64341735839844,210.4499969482422,160.61593627929688,70.50763702392578,157.17262268066406,453.4607238769531,339.1512145996094,180.57919311523438,19.704999923706055,151.06475830078125,193.12802124023438,64.71064758300781,783.6011962890625,517.1500244140625,443.7169494628906,259.3599853515625,491.250244140625,104.78968048095703,88.7593002319336,362.514892578125,394.27911376953125,88.45736694335938,13.210000038146973,60.957000732421875,69.7006607055664,158.58999633789062,104.19976043701172,125.888916015625,26.04991912841797,62.41629409790039,152.66282653808594,110.74876403808594,196.50637817382812,180.6728515625,72.06626892089844,46.87563705444336,54.220001220703125,147.3466796875,114.81999969482422,327.29998779296875,200.63999938964844,151.8488006591797,177.81678771972656,64.87000274658203,,546.3703002929688,254.9141387939453,66.49549102783203
2024-08-07,208.209716796875,176.8380889892578,513.6199951171875,228.38507080078125,175.76963806152344,128.6699981689453,296.11962890625,162.77000427246094,193.47279357910156,497.17999267578125,,783.7081909179688,1.2999999523162842,224.56124877929688,163.24000549316406,35.81668472290039,25.915790557861328,76.28330993652344,79.25,427.0199890136719,318.451416015625,29.014434814453125,802.7608642578125,237.2445526123047,208.75999450683594,160.4773406982422,70.32707977294922,157.8180389404297,456.1512756347656,328.1212158203125,179.77984619140625,18.989999771118164,150.99822998046875,193.1858673095703,65.10051727294922,762.8153686523438,523.7866821289062,445.2412414550781,258.6973876953125,486.1099548339844,106.0530014038086,87.93824768066406,367.24334716796875,393.1148376464844,86.27078247070312,13.630000114440918,61.14799880981445,69.8160171508789,155.25599670410156,98.86234283447266,123.62073516845703,25.632339477539062,62.406349182128906,150.1620330810547,110.5067367553711,196.37001037597656,183.18707275390625,71.98977661132812,47.00048065185547,63.88999938964844,149.202880859375,115.0999984741211,323.3399963378906,191.75999450683594,151.5067596435547,175.07749938964844,65.54000091552734,,544.1881103515625,253.1966552734375,65.68074035644531
2024-08-08,211.67291259765625,179.5635986328125,530.239990234375,232.6925048828125,187.62481689453125,136.32000732421875,307.670654296875,165.8000030517578,192.8587646484375,525.25,,782.034423828125,1.309999942779541,229.2134246826172,168.8699951171875,36.690486907958984,26.148996353149414,75.73300170898438,80.52999877929688,431.5400085449219,328.57781982421875,29.226783752441406,831.6198120117188,246.21881103515625,213.1300048828125,163.921875,71.83814239501953,160.88624572753906,468.45648193359375,333.8134765625,181.5056915283203,20.489999771118164,152.25257873535156,196.71409606933594,65.3572769165039,835.1016845703125,526.7565307617188,450.9225158691406,260.44525146484375,506.700927734375,107.40118408203125,90.3441162109375,363.8448181152344,397.3180236816406,91.50865173339844,13.319999694824219,63.03499984741211,71.32540893554688,159.22799682617188,104.91941833496094,126.6253433227539,25.5523738861084,63.93815994262695,158.65509033203125,111.4264144897461,200.93856811523438,183.47943115234375,72.42961883544922,47.307796478271484,68.55000305175781,152.322021484375,121.5999984741211,338.32000732421875,198.83999633789062,160.80007934570312,183.85658264160156,69.01000213623047,,544.341796875,256.4637451171875,66.41696166992188
2024-08-09,214.5804443359375,179.12037658691406,536.2999877929688,234.5254364013672,188.24514770507812,134.27000427246094,305.5859680175781,166.94000244140625,195.31480407714844,534.97998046875,,771.8933715820312,1.2699999809265137,233.44357299804688,167.91000366210938,36.757713317871094,25.76693344116211,75.61914825439453,80.80000305175781,431.6700134277344,330.63043212890625,29.45843505859375,846.9755859375,249.589111328125,211.8000030517578,165.42637634277344,70.00395202636719,162.51467895507812,472.7864990234375,334.10101318359375,180.06146240234375,19.709999084472656,152.6326904296875,198.39146423339844,65.30972290039062,880.91162109375,526.7183837890625,452.1102600097656,257.2951965332031,514.794189453125,107.99513244628906,90.43004608154297,365.02691650390625,400.60357666015625,92.51248931884766,13.520000457763672,63.39400100708008,71.4696044921875,162.21600341796875,104.69951629638672,129.66921997070312,25.36579704284668,64.37582397460938,158.2030029296875,112.44291687011719,203.13031005859375,185.07760620117188,71.79853820800781,48.248966217041016,69.30000305175781,150.38929748535156,124.41000366210938,339.8999938964844,200.0,163.31149291992188,182.81983947753906,68.54000091552734,,537.1511840820312,256.9088439941406,66.70162963867188
2024-08-12,216.11038208007812,179.3561248779297,530.9299926757812,234.5254364013672,190.12583923339844,136.77000427246094,303.22650146484375,166.8000030517578,197.1889190673828,538.1699829101562,,772.484130859375,1.2400000095367432,232.6584014892578,164.1300048828125,36.65208435058594,25.761972427368164,74.93601989746094,80.62000274658203,430.3900146484375,328.45074462890625,29.304000854492188,855.5352172851562,248.38328552246094,219.22999572753906,165.16903686523438,69.36719512939453,161.1444091796875,468.1961669921875,331.38897705078125,178.75344848632812,19.360000610351562,151.92950439453125,198.7674560546875,64.82475280761719,873.6998901367188,531.8080444335938,451.0314636230469,258.78375244140625,512.9846801757812,106.98636627197266,90.54460144042969,365.91351318359375,401.3830871582031,94.06298828125,13.140000343322754,63.31399917602539,71.75802612304688,161.32400512695312,108.96746826171875,130.17982482910156,25.27695083618164,63.12251663208008,156.67369079589844,112.87854766845703,200.64633178710938,184.4734344482422,73.65350341796875,48.287376403808594,68.30999755859375,150.40843200683594,123.02999877929688,340.3599853515625,197.49000549316406,163.80987548828125,182.67715454101562,69.26000213623047,,543.4287109375,257.03741455078125,67.4378433227539
2024-08-13,219.82598876953125,180.34637451171875,535.219970703125,235.44190979003906,197.71746826171875,141.1300048828125,306.4956970214844,170.22999572753906,200.15380859375,531.0399780273438,,777.30859375,1.2200000286102295,234.56243896484375,168.75999450683594,36.93054962158203,25.78678321838379,75.25860595703125,82.83999633789062,432.4100036621094,331.1582336425781,28.107131958007812,856.7736206054688,251.635009765625,230.27000427246094,166.24794006347656,70.30805969238281,163.00120544433594,474.40655517578125,335.47137451171875,178.69894409179688,20.469999313354492,150.5135955810547,200.45445251464844,65.10051727294922,897.083984375,534.2050170898438,454.66387939453125,259.6001281738281,525.5022583007812,107.84429168701172,92.32991027832031,371.6270751953125,408.4870300292969,96.84591674804688,13.710000038146973,64.802001953125,75.46897888183594,163.75999450683594,116.08402252197266,131.82937622070312,25.632339477539062,64.76374053955078,163.00259399414062,113.1302490234375,205.5558319091797,186.69529724121094,91.69638061523438,48.4986572265625,69.9000015258789,152.07325744628906,127.05999755859375,334.739990234375,207.8300018310547,168.41253662109375,187.6136016845703,71.05999755859375,,552.0325317382812,257.2747497558594,66.87832641601562
2024-08-14,220.27305603027344,182.01565551757812,539.7899780273438,237.36651611328125,198.5347137451172,140.75,305.81341552734375,170.10000610351562,200.40170288085938,522.3599853515625,,786.9570922851562,1.1699999570846558,239.24407958984375,168.5,37.26664352416992,25.637924194335938,75.94174194335938,84.8499984741211,438.4700012207031,329.9755554199219,27.27704429626465,854.683349609375,252.34661865234375,225.5399932861328,166.23802185058594,70.46012115478516,159.2379608154297,480.9256591796875,340.8282165527344,179.48919677734375,19.920000076293945,150.59913635253906,202.67164611816406,65.21463775634766,920.4286499023438,537.8336181640625,455.4557800292969,260.4068298339844,523.7324829101562,107.08063507080078,94.93627166748047,372.2181396484375,411.2989807128906,99.79780578613281,13.880000114440918,66.16799926757812,75.48821258544922,163.8040008544922,118.02310180664062,133.14512634277344,25.65899085998535,65.78826904296875,160.7711181640625,113.89503479003906,207.0462188720703,187.1825408935547,89.7840347290039,48.998050689697266,71.58999633789062,152.41769409179688,127.30000305175781,334.3500061035156,201.3800048828125,166.09654235839844,186.05372619628906,71.93000030517578,,557.2525024414062,258.273681640625,67.39859008789062
2024-08-15,223.25347900390625,182.3928680419922,554.1599731445312,241.4906463623047,208.57814025878906,147.36000061035156,308.333984375,177.58999633789062,202.2857208251953,524.9000244140625,,819.1522216796875,1.25,244.87774658203125,176.41000366210938,37.47788619995117,26.074569702148438,77.30801391601562,87.25,440.8399963378906,337.8440246582031,27.624523162841797,869.1869506835938,259.7296447753906,229.5800018310547,168.20774841308594,70.65018463134766,160.16140747070312,481.2342224121094,345.0543518066406,180.27037048339844,20.690000534057617,151.17880249023438,203.93447875976562,65.28120422363281,921.6158447265625,535.0358276367188,463.9183044433594,263.97943115234375,534.2418212890625,106.82608032226562,96.0819091796875,376.36370849609375,416.1620788574219,106.29792785644531,13.770000457763672,66.3219985961914,79.31454467773438,166.4219970703125,122.80079650878906,134.4510498046875,25.507951736450195,67.57869720458984,166.7248992919922,114.58235931396484,209.3743438720703,190.98309326171875,90.72107696533203,49.32457733154297,74.8499984741211,155.67080688476562,127.05000305175781,335.5899963378906,214.13999938964844,169.99562072753906,192.06497192382812,72.7300033569336,,557.19482421875,263.8715515136719,71.83554077148438
2024-08-16,224.57479858398438,182.86441040039062,553.4600219726562,244.69830322265625,204.70846557617188,148.55999755859375,306.7118835449219,177.05999755859375,203.22775268554688,525.0,,819.6444702148438,1.2200000286102295,247.0467987060547,179.99000549316406,37.77555847167969,28.778783798217773,77.55469512939453,85.19000244140625,444.510009765625,335.73272705078125,27.566608428955078,862.4899291992188,259.8481750488281,225.39999389648438,167.6930389404297,70.11799621582031,161.80967712402344,486.2874755859375,346.9613342285156,181.29327392578125,20.8700008392334,151.4638671875,206.26734924316406,65.78518676757812,912.2570190429688,534.8829956054688,464.0865478515625,267.45599365234375,524.388671875,107.16548156738281,96.8456802368164,375.32733154296875,413.6316833496094,107.33158874511719,13.84000015258789,67.40699768066406,80.01634979248047,165.51199340820312,124.51996612548828,134.9812774658203,25.143680572509766,67.59858703613281,165.60916137695312,114.79650115966797,210.57247924804688,191.78221130371094,91.2020492553711,49.45902633666992,74.55000305175781,156.14920043945312,128.0399932861328,337.3800048828125,216.1199951171875,170.5623779296875,190.7333526611328,72.04000091552734,,555.3394165039062,264.4452209472656,72.30609893798828
2024-08-19,224.4158477783203,185.66537475585938,563.1199951171875,247.17279052734375,207.70181274414062,155.27999877929688,312.9426574707031,178.22000122070312,201.19497680664062,524.1900024414062,,816.5924072265625,1.309999942779541,249.34344482421875,179.63999938964844,38.09243392944336,28.86313247680664,78.4845199584961,89.93000030517578,448.7699890136719,336.8763122558594,27.798261642456055,864.2335205078125,262.2894592285156,228.3800048828125,169.1876220703125,70.75473022460938,165.4934844970703,486.6925354003906,347.92926025390625,181.78646850585938,21.520000457763672,151.6919403076172,207.69410705566406,65.59500885009766,911.9502563476562,533.221435546875,462.2060241699219,276.156982421875,526.238037109375,107.87256622314453,97.14163970947266,373.00775146484375,416.65631103515625,107.96768188476562,13.84000015258789,68.85299682617188,80.06441497802734,166.5760040283203,129.93734741210938,135.42312622070312,25.587915420532227,69.0607681274414,167.6097869873047,115.18579864501953,213.3681640625,192.2109832763672,88.7875747680664,49.45902633666992,75.16000366210938,157.1634063720703,131.4199981689453,344.69000244140625,222.72000122070312,171.45167541503906,190.8570098876953,74.18000030517578,,556.3970336914062,263.5451354980469,72.57189178466797
2024-08-20,225.0317840576172,184.98635864257812,562.25,247.9059600830078,202.99520874023438,156.39999389648438,313.4961242675781,178.8800048828125,202.2857208251953,523.989990234375,,819.742919921875,1.309999942779541,248.3914337158203,172.10000610351562,37.15140151977539,28.054351806640625,78.4275894165039,88.52999877929688,448.3599853515625,335.55670166015625,27.35426139831543,868.0477294921875,258.7906799316406,220.1999969482422,168.25723266601562,71.03984832763672,165.99989318847656,479.6141052246094,351.9541015625,182.72720336914062,20.989999771118164,152.1956024169922,206.79757690429688,65.9753646850586,939.80908203125,531.903564453125,464.32415771484375,274.3130798339844,523.7026977539062,108.55136108398438,96.215576171875,375.62347412109375,419.8885498046875,107.33158874511719,13.649999618530273,69.85399627685547,80.33360290527344,167.6439971923828,127.18868255615234,136.6505126953125,25.676759719848633,71.5076904296875,165.54183959960938,114.79650115966797,212.1310577392578,190.90513610839844,89.47055053710938,49.05567169189453,74.87000274658203,156.742431640625,131.9199981689453,346.2799987792969,221.10000610351562,168.11936950683594,192.64517211914062,73.30999755859375,,558.1947021484375,265.0979309082031,73.3791275024414
2024-08-21,224.92251586914062,185.3447265625,565.7899780273438,248.91407775878906,205.90972900390625,157.80999755859375,314.0685729980469,180.11000061035156,201.64117431640625,525.5,,830.2777709960938,1.3300000429153442,241.73703002929688,173.42999267578125,37.20901870727539,27.895572662353516,79.28150177001953,88.98999786376953,446.6000061035156,335.2342529296875,27.6052188873291,873.2191162109375,258.0494079589844,222.6300048828125,169.45489501953125,71.40097045898438,164.67929077148438,478.7655334472656,355.0110168457031,183.9601593017578,21.40999984741211,153.4024200439453,206.8746795654297,66.15604400634766,941.78759765625,528.8001098632812,463.21551513671875,278.2314147949219,532.0841674804688,109.39044189453125,96.1296615600586,375.52471923828125,419.2362060546875,107.66951751708984,13.609999656677246,69.71199798583984,80.75662231445312,167.83599853515625,128.43804931640625,137.66183471679688,25.79226303100586,71.0799789428711,167.57131958007812,114.12493896484375,213.2025604248047,191.48985290527344,89.24931335449219,49.20933532714844,76.13999938964844,157.7375030517578,135.05999755859375,343.69000244140625,223.27000427246094,167.53305053710938,198.19033813476562,73.4800033569336,,555.7144775390625,265.2562255859375,74.06822204589844
2024-08-22,223.064697265625,185.19381713867188,557.4400024414062,249.64724731445312,197.50445556640625,151.6999969482422,309.6602783203125,176.1300048828125,201.88909912109375,519.6400146484375,,820.1367797851562,1.2899999618530273,243.16998291015625,172.75999450683594,37.67953109741211,27.49862289428711,78.95891571044922,87.2300033569336,449.0299987792969,334.637939453125,27.412174224853516,869.3950805664062,255.5785369873047,218.25999450683594,167.9503631591797,72.13277435302734,162.6437530517578,480.009521484375,350.12371826171875,182.7911376953125,20.100000381469727,154.27670288085938,208.8315887451172,65.9278335571289,943.9641723632812,531.9227294921875,464.0271911621094,277.7512512207031,528.8726806640625,109.88069915771484,96.00553131103516,372.4648742675781,410.7454528808594,103.62432861328125,13.630000114440918,68.89600372314453,80.18939971923828,164.18600463867188,123.68036651611328,135.58023071289062,25.570144653320312,71.1396484375,162.550537109375,114.8646240234375,211.62451171875,191.52882385253906,88.9126205444336,49.32457733154297,74.30000305175781,157.7566375732422,115.20999908447266,342.20001220703125,210.66000366210938,162.64700317382812,193.81507873535156,73.30999755859375,,556.3392944335938,264.9990539550781,74.40292358398438
2024-08-23,225.35963439941406,186.3066864013672,558.2999877929688,253.0382080078125,199.9412078857422,154.97999572753906,313.7346496582031,177.0399932861328,200.3025360107422,516.6900024414062,,806.1560668945312,1.309999942779541,246.6444091796875,174.9600067138672,38.18846130371094,27.652441024780273,80.13542175292969,88.19000244140625,453.3800048828125,340.5514831542969,27.566608428955078,871.02978515625,260.925537109375,231.07000732421875,169.47467041015625,72.91206359863281,164.4508819580078,491.2635803222656,359.9270935058594,184.9282989501953,20.540000915527344,155.9681396484375,210.45111083984375,66.3652572631836,942.5494995117188,529.9937133789062,461.6715393066406,278.04901123046875,524.96533203125,109.92781829833984,97.27530670166016,366.8386535644531,411.97113037109375,102.22291564941406,13.84000015258789,68.6729965209961,80.80470275878906,165.6540069580078,129.30763244628906,136.67013549804688,25.676759719848633,71.31869506835938,166.8787841796875,115.35125732421875,213.47531127929688,190.6322784423828,90.4421157836914,49.36299133300781,76.13999938964844,159.88072204589844,115.86000061035156,342.489990234375,220.32000732421875,167.37667846679688,199.6265869140625,74.30000305175781,,561.9053344726562,264.5045166015625,74.52105712890625
2024-08-26,225.69740295410156,186.20294189453125,559.4400024414062,252.03009033203125,193.58792114257812,149.99000549316406,311.80718994140625,175.5,199.90591430664062,517.4600219726562,,784.6926879882812,1.309999942779541,249.17660522460938,173.47999572753906,38.332496643066406,27.344806671142578,80.45801544189453,87.51000213623047,454.489990234375,343.239501953125,27.238433837890625,884.2060546875,262.19061279296875,233.19000244140625,169.47467041015625,73.14015197753906,164.987060546875,489.7688293457031,358.5088195800781,186.17953491210938,20.1299991607666,156.42430114746094,211.28018188476562,67.36372375488281,940.3631591796875,532.9445190429688,463.8490295410156,277.24224853515625,518.1248779296875,109.61669921875,97.69538116455078,365.9503173828125,408.70928955078125,98.30694580078125,13.75,68.84400177001953,81.02581024169922,165.57200622558594,126.39905548095703,136.3853759765625,25.694530487060547,71.65689086914062,163.02182006835938,115.52643585205078,210.2705078125,189.2484893798828,91.9908447265625,49.1132926940918,74.94999694824219,160.55047607421875,118.0,336.07000732421875,213.2100067138672,165.21707153320312,198.0762176513672,72.61000061035156,,564.424072265625,265.26605224609375,74.8459243774414
2024-08-27,226.54188537597656,184.7694549560547,567.8200073242188,253.22149658203125,193.13412475585938,150.5,311.9503173828125,173.1199951171875,202.7815399169922,516.6400146484375,,781.9359741210938,1.2799999713897705,250.3052978515625,173.0500030517578,38.09243392944336,27.329919815063477,80.43904113769531,87.11000061035156,460.6300048828125,343.20037841796875,26.948869705200195,900.4434814453125,261.1231689453125,235.4199981689453,169.2470245361328,73.17816162109375,163.5175323486328,489.1805725097656,357.6175842285156,188.24362182617188,20.06999969482422,156.02215576171875,212.25381469726562,67.99134826660156,944.2708129882812,535.1503295898438,470.1341247558594,278.1642150878906,516.116455078125,109.83354949951172,97.45670318603516,363.77874755859375,409.05523681640625,97.26335144042969,13.890000343322754,69.5719985961914,81.99681091308594,166.34800720214844,128.23817443847656,135.97299194335938,25.605684280395508,71.20928192138672,167.2923583984375,116.29531860351562,212.18948364257812,190.28146362304688,94.84783935546875,49.38219451904297,74.52999877929688,159.8998565673828,115.54000091552734,339.4700012207031,209.2100067138672,166.66331481933594,200.3970184326172,72.55999755859375,,564.635498046875,267.74853515625,74.9443588256836
2024-08-28,225.0119171142578,184.27903747558594,560.5399780273438,257.2539978027344,190.2928924560547,146.36000061035156,314.39306640625,170.8000030517578,201.88909912109375,518.989990234375,,787.0556030273438,1.2599999904632568,252.32713317871094,170.7100067138672,38.36130142211914,27.39938735961914,79.26252746582031,88.19999694824219,464.5899963378906,340.34625244140625,26.813739776611328,879.7874755859375,255.8848876953125,228.57000732421875,170.11805725097656,74.66073608398438,161.70045471191406,485.3905944824219,357.1480407714844,187.22982788085938,19.610000610351562,156.95089721679688,213.32383728027344,68.22906494140625,938.7901000976562,538.5594482421875,466.97674560546875,275.6768493652344,513.8098754882812,110.68205261230469,97.57125854492188,362.64361572265625,405.8526916503906,94.28163146972656,14.0600004196167,68.38400268554688,79.59333801269531,162.82200622558594,125.54946899414062,135.38385009765625,25.54349136352539,70.05545043945312,165.29176330566406,117.60922241210938,211.3127899169922,190.22299194335938,91.67341613769531,50.07366180419922,72.52999877929688,160.9523162841797,111.55999755859375,337.55999755859375,205.75,165.34410095214844,197.5911407470703,71.8499984741211,,565.7793579101562,266.23529052734375,74.8951416015625
2024-08-29,228.29039001464844,184.07154846191406,569.6300048828125,257.4372863769531,190.3816680908203,145.49000549316406,315.8434143066406,172.1199951171875,207.88824462890625,517.6599731445312,,810.2911987304688,1.2999999523162842,255.0261993408203,172.25999450683594,38.572547912597656,27.59786033630371,79.56614685058594,87.5999984741211,468.3699951171875,343.7086486816406,26.659305572509766,878.3807983398438,254.01695251464844,223.10000610351562,171.81063842773438,75.50655364990234,160.63800048828125,491.91937255859375,353.8893127441406,189.5222625732422,20.1299991607666,157.24771118164062,214.2107391357422,68.51435852050781,930.1436767578125,541.300048828125,475.8846740722656,276.4547424316406,515.2415161132812,110.73860931396484,97.95314025878906,374.044189453125,408.3435363769531,94.98731994628906,14.40999984741211,69.24800109863281,80.04518127441406,166.25399780273438,117.53331756591797,136.89598083496094,25.516834259033203,72.77093505859375,163.02182006835938,119.02045440673828,213.11489868164062,193.9456024169922,91.25015258789062,50.4962272644043,73.2699966430664,162.8659210205078,114.13999938964844,340.7300109863281,206.27999877929688,165.29522705078125,200.7774658203125,72.23999786376953,,568.6923828125,271.3090515136719,75.22985076904297
2024-08-30,227.5055389404297,185.1372528076172,574.4099731445312,257.4372863769531,194.6040496826172,148.55999755859375,318.5341491699219,178.5,204.7151336669922,517.3200073242188,,799.4610595703125,1.2999999523162842,253.85821533203125,173.74000549316406,39.12947463989258,27.652441024780273,79.52819061279297,88.22000122070312,475.9200134277344,348.0680847167969,26.17669677734375,884.0772705078125,249.95480346679688,227.3699951171875,172.8400421142578,75.07889556884766,162.22671508789062,494.97503662109375,355.2776794433594,189.88760375976562,22.040000915527344,158.80841064453125,216.70750427246094,68.91374206542969,949.7516479492188,542.49365234375,478.3987731933594,277.22308349609375,518.3137817382812,111.67195129394531,98.91739654541016,370.7375183105469,412.3171081542969,95.65322875976562,14.40999984741211,70.13500213623047,80.1028823852539,171.0,119.3124771118164,138.7321319580078,25.774494171142578,72.04481506347656,168.610107421875,120.04238891601562,214.02081298828125,192.67874145507812,90.97119140625,50.4962272644043,74.06999969482422,162.57887268066406,114.2300033569336,342.8800048828125,214.11000061035156,167.787109375,203.86868286132812,73.12999725341797,,567.3753051757812,273.3365173339844,76.0272216796875
2024-09-02,,,,258.3537292480469,,,,,205.55799865722656,,,806.0576782226562,,,,,27.81618309020996,78.88301086425781,,,,26.195999145507812,,,,,,,,,,,,,,,,,,,,,373.3532409667969,,,14.289999961853027,,,,,,,,,,,194.76417541503906,,50.24652862548828,,163.19122314453125,,,,,,,,,,
2024-09-03,221.31619262695312,186.43870544433594,571.0399780273438,258.4454040527344,180.90106201171875,136.94000244140625,315.3663635253906,176.25,201.44288635253906,514.22998046875,,770.7119750976562,1.2200000286102295,249.5986328125,161.02000427246094,39.08147430419922,27.59786033630371,77.3839111328125,88.0,476.8299865722656,332.5657958984375,26.17669677734375,870.395751953125,245.171142578125,212.74000549316406,162.5361328125,75.74414825439453,156.2492218017578,472.8672790527344,351.6525573730469,187.1019744873047,20.100000381469727,160.05316162109375,212.3695068359375,69.42724609375,946.2989501953125,544.6734619140625,477.1911926269531,275.8031005859375,508.8187255859375,109.90896606445312,94.77395629882812,369.6517639160156,404.70611572265625,88.03992462158203,14.140000343322754,67.53199768066406,78.52881622314453,167.1719970703125,107.94795227050781,136.97451782226562,25.143680572509766,71.61710357666016,157.01036071777344,117.75521087646484,210.8842010498047,193.14649963378906,89.63407897949219,50.01604080200195,71.26000213623047,160.8566436767578,110.41000366210938,328.6000061035156,210.60000610351562,156.83258056640625,191.96986389160156,71.88999938964844,,575.5272827148438,275.48272705078125,75.96815490722656
2024-09-04,219.40872192382812,185.7974090576172,575.25,257.4372863769531,179.92440795898438,140.8699951171875,315.4903869628906,173.3300018310547,195.62220764160156,527.4199829101562,,725.0285034179688,1.2200000286102295,247.0762481689453,163.22000122070312,38.88942337036133,27.677249908447266,76.4161376953125,89.0199966430664,478.57000732421875,329.1545104980469,26.21530532836914,881.7391357421875,244.79556274414062,215.39999389648438,164.6642303466797,75.20244598388672,155.3456268310547,475.95208740234375,351.5851135253906,187.72303771972656,19.43000030517578,160.2446746826172,211.43441772460938,68.99932098388672,936.1883544921875,551.9329833984375,478.2008361816406,278.2276611328125,509.7930603027344,109.17359924316406,95.6141128540039,364.56842041015625,404.17236328125,88.74561309814453,14.510000228881836,67.96800231933594,78.2391128540039,166.96600341796875,106.1588134765625,138.201904296875,25.22364044189453,72.22386169433594,159.02056884765625,117.87200164794922,209.8516387939453,188.644287109375,88.8164291381836,49.17091751098633,70.22000122070312,159.5171356201172,110.80000305175781,329.25,219.41000366210938,157.2039031982422,194.03382873535156,71.55999755859375,,580.8146362304688,277.4112854003906,76.03707122802734
2024-09-05,220.92874145507812,181.8836212158203,567.9299926757812,259.9117736816406,177.81321716308594,139.44000244140625,309.498046875,177.88999938964844,199.16220092773438,548.489990234375,,708.8816528320312,1.2200000286102295,247.1743927001953,162.14999389648438,38.543739318847656,28.75397300720215,76.18843078613281,90.1500015258789,464.9200134277344,326.0364685058594,26.408348083496094,877.7367553710938,243.25375366210938,214.75999450683594,162.1798095703125,74.86030578613281,156.1300506591797,473.27471923828125,348.86627197265625,185.38494873046875,19.399999618530273,157.9754180908203,209.79562377929688,67.67752838134766,902.9873046875,545.9890747070312,472.4798278808594,278.1697082519531,513.8893432617188,111.80394744873047,95.05083465576172,362.9398193359375,403.6682434082031,88.84497833251953,14.59000015258789,68.36199951171875,78.0556411743164,167.0800018310547,107.15834045410156,140.02821350097656,25.330257415771484,71.64694213867188,158.2664794921875,116.4413070678711,207.0949249267578,186.55886840820312,88.07572937011719,48.74835205078125,70.11000061035156,158.08193969726562,111.75,328.6300048828125,230.1699981689453,159.9694366455078,191.7035369873047,71.25,,572.4606323242188,275.56182861328125,75.76144409179688
2024-09-06,219.37890625,182.3928680419922,563.4099731445312,256.7957458496094,172.39712524414062,134.35000610351562,305.8721923828125,171.38999938964844,197.86322021484375,542.0,,670.4839477539062,1.190000057220459,239.5385284423828,157.6199951171875,37.46126937866211,28.689468383789062,74.1959457397461,89.94000244140625,459.4200134277344,321.9311828613281,25.481739044189453,868.5232543945312,241.1287841796875,208.64999389648438,159.5865020751953,74.81279754638672,149.8546600341797,465.25225830078125,347.1308288574219,180.95535278320312,18.889999389648438,157.391357421875,204.8117218017578,67.64900207519531,893.0546264648438,544.10693359375,471.2525329589844,279.6573181152344,497.39471435546875,111.09686279296875,92.21533966064453,358.7448425292969,397.05560302734375,85.85334777832031,13.899999618530273,66.5770034790039,77.86250305175781,165.00799560546875,102.78044891357422,139.24269104003906,25.374685287475586,68.52364349365234,152.93936157226562,115.27339935302734,205.85780334472656,185.85720825195312,87.68133544921875,48.537071228027344,67.01000213623047,154.17820739746094,108.55999755859375,322.7699890136719,210.72999572753906,153.24623107910156,187.8038330078125,69.58000183105469,,573.7969360351562,276.3035888671875,75.4464111328125
2024-09-09,219.46835327148438,185.24098205566406,569.8800048828125,260.0033874511719,175.159423828125,138.14999389648438,310.98663330078125,175.39999389648438,197.10960388183594,552.5599975585938,,666.0535278320312,1.2400000095367432,246.2714385986328,162.91000366210938,38.147483825683594,28.461223602294922,73.66462707519531,100.52999877929688,459.6099853515625,326.50567626953125,26.195999145507812,888.14892578125,242.89794921875,205.36000061035156,163.66453552246094,75.24044799804688,147.85621643066406,473.9440612792969,352.404541015625,183.7227020263672,19.06999969482422,159.52655029296875,209.005126953125,68.32415771484375,898.55517578125,553.6517944335938,482.1103820800781,281.376708984375,501.8887634277344,108.80591583251953,93.73332977294922,361.36053466796875,401.0291442871094,85.74401092529297,14.069999694824219,67.54199981689453,76.76163482666016,171.11599731445312,106.41869354248047,137.3574676513672,26.129880905151367,68.98119354248047,155.4337158203125,117.92066955566406,208.43919372558594,187.6697998046875,88.70099639892578,48.11450958251953,68.12999725341797,155.57513427734375,109.95999908447266,324.07000732421875,216.27000427246094,159.07041931152344,191.3420867919922,69.80000305175781,,571.12451171875,282.4751281738281,76.1355209350586
2024-09-10,218.6735382080078,188.00424194335938,574.47998046875,259.2702331542969,175.6527099609375,142.83999633789062,313.8586730957031,179.5500030517578,197.76406860351562,535.0,,662.1152954101562,1.25,240.87330627441406,160.07000732421875,37.963844299316406,27.404348373413086,65.44804382324219,100.62999725341797,458.9200134277344,326.6229248046875,26.09947967529297,885.9694213867188,243.2932891845703,208.22000122070312,165.27789306640625,77.39778900146484,147.80648803710938,453.1459045410156,357.5625915527344,183.53091430664062,18.979999542236328,160.26382446289062,198.1601104736328,68.03888702392578,891.6102905273438,549.4459228515625,483.0309143066406,281.35736083984375,501.8887634277344,108.73049926757812,92.24398040771484,370.3920593261719,409.41107177734375,86.32048034667969,13.800000190734863,67.36199951171875,75.4096908569336,172.02999877929688,108.04789733886719,153.0677947998047,26.42307472229004,68.48385620117188,156.3135223388672,117.08367156982422,208.3807373046875,187.6308135986328,89.7879867553711,47.89362335205078,68.16999816894531,155.3455047607422,110.2699966430664,327.0,226.1699981689453,158.72836303710938,190.03903198242188,68.98999786376953,,575.86376953125,282.2080383300781,77.5826187133789
2024-09-11,221.2069091796875,183.51512145996094,580.3800048828125,259.6368103027344,183.4364471435547,149.86000061035156,314.860595703125,184.52000427246094,196.99061584472656,537.4299926757812,,687.3198852539062,1.25,249.47100830078125,161.3300018310547,37.69322967529297,26.80396270751953,67.44051361083984,99.2699966430664,453.1000061035156,327.4439697265625,26.350435256958008,892.0226440429688,246.66358947753906,239.83999633789062,164.65431213378906,76.92259979248047,150.29212951660156,457.0649108886719,357.1962890625,186.35308837890625,19.639999389648438,157.8126678466797,199.7699737548828,67.59195709228516,911.0401000976562,544.4238891601562,483.18927001953125,280.3528137207031,508.8883056640625,108.1459732055664,92.63542175292969,368.6153564453125,418.1488342285156,90.09730529785156,14.100000381469727,68.14700317382812,75.70904541015625,175.19200134277344,116.8536605834961,154.33444213867188,26.351999282836914,68.98119354248047,161.03155517578125,116.07147216796875,211.9849395751953,189.462890625,94.46305847167969,47.8840217590332,71.5199966430664,155.135009765625,112.0,336.6600036621094,228.1300048828125,166.3506317138672,192.5215301513672,70.11000061035156,,566.9428100585938,280.84320068359375,77.6121597290039
2024-09-12,221.31619262695312,182.97760009765625,586.5499877929688,260.9198913574219,180.7432098388672,150.77000427246094,314.9369201660156,187.0,199.90591430664062,535.77001953125,,711.2446899414062,1.2300000190734863,250.42306518554688,162.77000427246094,37.4806022644043,26.585641860961914,67.7061767578125,105.0,450.8699951171875,331.92071533203125,26.54347801208496,906.5164794921875,250.4193115234375,235.9499969482422,167.9701690673828,79.03242492675781,153.8018798828125,459.86846923828125,360.994873046875,186.9284210205078,19.360000610351562,157.64028930664062,199.1626739501953,67.7345962524414,925.0191040039062,545.6817626953125,487.0790710449219,282.400634765625,522.5790405273438,108.65505981445312,92.26306915283203,376.46240234375,422.0630798339844,86.67827606201172,14.239999771118164,68.68000030517578,75.70904541015625,177.2259979248047,119.0927734375,158.4584197998047,25.90776252746582,69.98582458496094,159.50399780273438,116.88900756835938,215.2871551513672,194.1015167236328,95.50194549560547,48.01847457885742,71.30999755859375,157.20169067382812,112.98999786376953,337.510009765625,229.80999755859375,168.14158630371094,186.4056396484375,68.08999633789062,,565.6640625,282.2377624511719,78.41939544677734
2024-09-13,221.04795837402344,183.1567840576172,536.8699951171875,262.66119384765625,185.93238830566406,152.30999755859375,317.2174377441406,186.49000549316406,200.15380859375,538.010009765625,,722.6655883789062,1.2999999523162842,254.20176696777344,156.77000427246094,37.354957580566406,26.77419090270996,69.5658187866211,123.4000015258789,447.6099853515625,337.52142333984375,26.813739776611328,907.4774780273438,251.60536193847656,228.7899932861328,176.4627227783203,79.435302734375,156.5559539794922,464.6508483886719,366.3553771972656,186.45352172851562,19.65999984741211,158.48289489746094,196.9647674560547,68.37129974365234,913.8300170898438,547.2565307617188,488.3163146972656,286.4383850097656,521.6047973632812,109.23016357421875,93.80015563964844,381.7431945800781,425.6116027832031,90.66382598876953,14.84000015258789,69.70600128173828,76.29810333251953,175.7899932861328,119.05278015136719,159.0966339111328,26.005496978759766,69.72720336914062,162.16270446777344,115.93521881103516,215.55015563964844,195.53402709960938,94.8189697265625,48.01847457885742,72.44999694824219,156.9720458984375,113.66999816894531,337.8999938964844,230.2899932861328,169.19105529785156,190.16265869140625,72.4800033569336,,571.3360595703125,284.1960144042969,79.3447494506836
2024-09-16,214.90829467773438,184.59024047851562,521.5,263.4859924316406,185.0543670654297,152.0800018310547,319.8986511230469,184.88999938964844,192.82591247558594,537.9400024414062,,708.783203125,1.2599999904632568,256.2530212402344,155.5500030517578,37.78987503051758,26.506250381469727,68.80677795410156,123.47000122070312,451.7799987792969,340.1116638183594,26.54347801208496,899.423095703125,253.9180908203125,233.30999755859375,179.59051513671875,79.77104949951172,157.1525115966797,470.6361083984375,368.3028869628906,186.9375762939453,20.90999984741211,159.89041137695312,200.3773193359375,69.03193664550781,913.661865234375,550.14697265625,492.621826171875,286.5929260253906,530.7208251953125,111.95404052734375,95.55681610107422,382.5821533203125,426.3529357910156,86.6484603881836,14.520000457763672,69.6500015258789,77.06100463867188,178.49200439453125,116.73370361328125,167.24636840820312,26.716272354125977,70.69204711914062,161.0798797607422,116.01306915283203,217.81008911132812,195.04678344726562,92.64497375488281,47.45185470581055,73.58000183105469,155.86215209960938,112.83999633789062,338.8299865722656,226.77999877929688,165.836669921875,188.77398681640625,71.5199966430664,,568.3646240234375,287.2916259765625,79.30535888671875
2024-09-17,215.37521362304688,182.44004821777344,515.030029296875,264.3108215332031,186.05076599121094,150.82000732421875,317.55133056640625,186.8800048828125,192.94488525390625,522.219970703125,,714.7890625,1.2799999713897705,260.483154296875,156.38999938964844,38.22480392456055,27.255491256713867,69.1863021850586,124.70999908447266,456.67999267578125,345.71240234375,26.833044052124023,888.9217529296875,252.21810913085938,239.97999572753906,178.4918212890625,79.66552734375,158.40528869628906,470.8592529296875,369.48876953125,186.5357208251953,21.469999313354492,159.9669952392578,201.71726989746094,68.74469757080078,896.4874877929688,544.4718627929688,495.8682861328125,283.75299072265625,533.7462158203125,112.26725006103516,95.31814575195312,386.77716064453125,430.11883544921875,88.18902587890625,14.890000343322754,70.69100189208984,77.87216186523438,177.16600036621094,115.54417419433594,164.43817138671875,26.503036499023438,71.38832092285156,163.10049438476562,115.55563354492188,216.30996704101562,195.53402709960938,92.77003479003906,48.01847457885742,74.44999694824219,159.1726837158203,111.62999725341797,342.1499938964844,227.8699951171875,164.13986206054688,191.55133056640625,72.77999877929688,,557.578857421875,288.35980224609375,77.37589263916016
2024-09-18,219.24977111816406,181.9590606689453,508.1300048828125,264.3108215332031,183.63375854492188,148.2899932861328,317.6658935546875,186.42999267578125,196.4154510498047,529.0599975585938,,703.958984375,1.2400000095367432,257.3228454589844,155.11000061035156,38.292457580566406,27.71198081970215,70.70437622070312,115.62000274658203,456.6000061035156,347.110107421875,27.083999633789062,884.2159423828125,249.88192749023438,241.80999755859375,181.67901611328125,80.47129821777344,158.89247131347656,470.073486328125,370.23114013671875,184.16110229492188,20.770000457763672,159.0861053466797,200.0592041015625,68.69681549072266,895.2904052734375,543.01220703125,489.7019958496094,282.0915222167969,535.3684692382812,112.59943389892578,94.8026123046875,383.2731018066406,425.8289794921875,86.81742095947266,15.069999694824219,69.0469970703125,78.12324523925781,178.0780029296875,113.3250503540039,161.5513916015625,26.431961059570312,72.73114776611328,162.7137908935547,114.88408660888672,216.13462829589844,194.49131774902344,92.46220397949219,47.75917434692383,75.22000122070312,158.56033325195312,110.77999877929688,343.9700012207031,227.1999969482422,164.07118225097656,190.90457153320312,73.5,,560.1740112304688,285.3135986328125,77.7991943359375
2024-09-19,227.3763885498047,182.600341796875,526.4400024414062,267.42681884765625,194.0614471435547,156.74000549316406,320.5570373535156,189.8699951171875,203.22775268554688,536.3400268554688,,736.350830078125,1.2599999904632568,263.7711486816406,154.58999633789062,39.500572204589844,28.74901008605957,72.2414321899414,112.51000213623047,459.7099914550781,364.8898620605469,27.77895736694336,892.3594970703125,263.3050842285156,240.4499969482422,184.26239013671875,80.48088073730469,161.2091064453125,488.74725341796875,376.3340148925781,186.0425262451172,21.139999389648438,157.8126678466797,202.90298461914062,67.61492156982422,905.2527465820312,542.7145385742188,487.96990966796875,283.8496398925781,556.4169311523438,111.26121520996094,96.16783905029297,389.24481201171875,433.6179504394531,88.70584869384766,15.170000076293945,70.43199920654297,78.20050048828125,183.85000610351562,117.82327270507812,164.55599975585938,26.351999282836914,77.15748596191406,168.14724731445312,115.64324188232422,223.04103088378906,200.84507751464844,93.2125244140625,47.80718994140625,78.68000030517578,162.57887268066406,114.0199966430664,360.2200012207031,243.9199981689453,172.83970642089844,197.45797729492188,75.27999877929688,,556.72021484375,282.1091613769531,76.82462310791016
2024-09-20,226.7107391357422,182.45889282226562,522.2999877929688,267.42681884765625,189.5727081298828,155.9499969482422,321.9215393066406,191.60000610351562,205.0621795654297,533.0,,705.6326904296875,1.2200000286102295,264.0066833496094,153.2899932861328,38.920677185058594,28.441377639770508,69.86943817138672,112.27999877929688,455.30999755859375,360.5011291503906,27.00678253173828,898.54150390625,264.1069030761719,240.1999969482422,185.51943969726562,80.51925659179688,162.65077209472656,483.50885009765625,375.8711853027344,185.72286987304688,21.84000015258789,157.1807098388672,203.49102783203125,68.59149932861328,911.6337280273438,549.1867065429688,487.7026672363281,286.7281494140625,558.6561279296875,111.20426177978516,97.82904052734375,385.6420593261719,430.2374572753906,90.34578704833984,15.149999618530273,70.10299682617188,83.55033111572266,187.4720001220703,115.95401763916016,164.95858764648438,26.13876724243164,76.35179138183594,163.31321716308594,114.99114990234375,222.8851776123047,199.28587341308594,92.39486694335938,46.184165954589844,78.72000122070312,159.45973205566406,110.2699966430664,365.1700134277344,238.25,170.74073791503906,193.3680419921875,73.94000244140625,,554.7232666015625,281.6443176269531,77.82872009277344
2024-09-23,224.99205017089844,182.7984161376953,527.8699951171875,270.26788330078125,191.4274139404297,156.75,320.23260498046875,193.8800048828125,203.57481384277344,528.5,,707.2080078125,1.2000000476837158,262.3479919433594,156.3000030517578,38.53407669067383,28.366947174072266,71.5772705078125,113.05000305175781,454.9800109863281,362.7981872558594,27.103303909301758,908.5474853515625,261.54302978515625,249.27999877929688,186.74679565429688,80.56721496582031,160.92074584960938,482.5194091796875,377.8958740234375,186.10647583007812,22.559999465942383,156.28067016601562,203.82843017578125,68.67767333984375,908.6954956054688,557.4352416992188,492.0576477050781,288.8822937011719,561.701416015625,109.74266815185547,97.82904052734375,386.3329772949219,428.497802734375,92.99951171875,15.430000305175781,70.53700256347656,83.24132537841797,185.11000061035156,116.21392059326172,162.9456787109375,26.041032791137695,77.25695037841797,160.4514617919922,117.05445098876953,224.4729766845703,201.57595825195312,91.84656524658203,46.16495895385742,80.11000061035156,160.263427734375,113.26000213623047,369.010009765625,250.0,171.40773010253906,193.89117431640625,74.70999908447266,,553.189208984375,285.4619445800781,79.0789566040039
2024-09-24,225.8861541748047,182.4966278076172,524.0700073242188,271.0010986328125,194.13052368164062,158.32000732421875,315.7575378417969,193.9600067138672,201.74034118652344,519.760009765625,,716.3643798828125,1.1799999475479126,261.2781677246094,155.80999755859375,38.12814712524414,28.773820877075195,74.12004852294922,118.47000122070312,454.55999755859375,377.2251892089844,27.026086807250977,893.1519775390625,267.7101135253906,244.72999572753906,187.7267303466797,80.37537384033203,161.35821533203125,483.11114501953125,386.2837219238281,187.47642517089844,22.809999465942383,155.859375,203.97303771972656,68.2947006225586,914.5422973632812,555.6299438476562,482.4271545410156,290.0511169433594,560.6266479492188,109.10678100585938,97.93405151367188,379.6210021972656,424.2080078125,93.4268798828125,14.760000228881836,72.22599792480469,84.45808410644531,184.72000122070312,120.82209014892578,162.7983856201172,26.209840774536133,77.92338562011719,161.4086151123047,116.83061981201172,224.9502716064453,201.57595825195312,90.85575103759766,46.98127365112305,80.33000183105469,162.98072814941406,112.5,380.3599853515625,254.27000427246094,178.4794158935547,194.9279327392578,77.44000244140625,,554.906494140625,269.78594970703125,79.41365814208984
2024-09-25,224.89268493652344,180.37466430664062,517.9000244140625,269.53472900390625,194.6533660888672,162.02000427246094,298.5250244140625,192.52999877929688,200.40170288085938,549.010009765625,,723.6500854492188,1.1799999475479126,261.2388916015625,152.22000122070312,37.934852600097656,28.49099349975586,71.7860107421875,115.80000305175781,452.3599853515625,369.7184143066406,27.103303909301758,899.9679565429688,271.32330322265625,241.72000122070312,187.40008544921875,78.85975646972656,160.56283569335938,476.4371337890625,382.6875,188.8555450439453,23.540000915527344,153.77206420898438,202.62344360351562,68.40957641601562,914.6708984375,554.9674072265625,484.4462890625,290.2442626953125,565.5827026367188,108.88850402832031,97.70491790771484,382.4341125488281,427.1139831542969,95.18609619140625,14.180000305175781,72.15599822998047,84.97953033447266,178.00599670410156,123.4610366821289,163.26971435546875,25.70341682434082,76.94860076904297,162.68479919433594,117.6676254272461,217.5081024169922,196.65472412109375,91.98123168945312,49.03646469116211,79.26000213623047,165.08567810058594,112.62000274658203,383.9599914550781,257.0199890136719,178.8521270751953,195.0420684814453,77.13999938964844,,555.987060546875,266.67047119140625,80.13229370117188
2024-09-26,226.0352020263672,180.97825622558594,515.3800048828125,271.09271240234375,206.78778076171875,167.49000549316406,304.4790954589844,191.16000366210938,201.14540100097656,524.5800170898438,,748.067138671875,1.190000057220459,263.1822204589844,154.5800018310547,38.19580841064453,28.89290428161621,74.51854705810547,117.63999938964844,454.17999267578125,382.14178466796875,27.296348571777344,893.0529174804688,272.9764709472656,255.66000366210938,182.97898864746094,79.65592193603516,161.79571533203125,482.0440979003906,382.4658203125,189.08387756347656,23.920000076293945,154.5284881591797,202.2281951904297,68.3617172241211,899.5939331054688,554.4488525390625,486.2476501464844,293.3160705566406,565.1149291992188,107.33200073242188,99.86255645751953,380.11456298828125,426.3232727050781,109.21006774902344,14.050000190734863,71.14299774169922,86.32183837890625,176.9720001220703,123.99082946777344,165.0567626953125,25.738954544067383,79.65413665771484,166.92904663085938,117.10313415527344,222.20330810546875,199.28587341308594,93.76083374023438,49.26695251464844,80.75,173.8882293701172,112.48999786376953,379.1600036621094,254.22000122070312,183.2461700439453,199.036865234375,76.69000244140625,,554.5399169921875,268.7078857421875,78.67533874511719
2024-09-27,226.30343627929688,183.70375061035156,515.47998046875,271.7342529296875,202.16090393066406,164.35000610351562,307.885498046875,187.97000122070312,202.2857208251953,536.1099853515625,,745.605712890625,1.1699999570846558,266.038330078125,156.32000732421875,38.07982635498047,30.153217315673828,76.98541259765625,118.22000122070312,457.4700012207031,382.259033203125,27.199827194213867,877.3800659179688,273.84759521484375,255.75,183.76210021972656,80.20270538330078,163.00872802734375,483.58648681640625,385.1942138671875,189.63186645507812,23.90999984741211,154.53807067871094,202.9222869873047,68.7351303100586,868.401123046875,559.211669921875,488.5934753417969,293.3547058105469,564.6373291015625,107.90144348144531,99.39476013183594,379.8184509277344,423.0712585449219,106.84457397460938,14.130000114440918,70.73500061035156,86.37012481689453,176.35800170898438,121.35187530517578,165.6851806640625,25.845569610595703,77.46583557128906,164.48304748535156,117.17125701904297,222.0961456298828,200.45526123046875,93.65501403808594,51.783119201660156,79.20999908447266,174.95982360839844,113.91999816894531,369.20001220703125,260.4599914550781,174.55613708496094,198.92271423339844,75.75,,561.3316650390625,272.14971923828125,78.53751373291016
2024-09-30,231.47943115234375,186.24063110351562,517.780029296875,270.35955810546875,199.32955932617188,164.0800018310547,307.44659423828125,186.3300018310547,206.50003051757812,542.0800170898438,,734.0864868164062,1.159999966621399,266.17572021484375,152.0399932861328,38.350440979003906,30.09367561340332,75.12577056884766,118.7699966430664,460.260009765625,382.2981872558594,27.161216735839844,878.2717895507812,270.9471435546875,249.44000244140625,186.93418884277344,80.42333221435547,164.89779663085938,480.28826904296875,390.6607971191406,188.7916259765625,23.459999084472656,155.16998291015625,203.26931762695312,68.80213928222656,876.4639892578125,561.3242797851562,488.7518005371094,294.1468505859375,569.6929931640625,107.778076171875,99.51886749267578,379.078125,425.324951171875,103.07767486572266,13.920000076293945,70.927001953125,85.36581420898438,178.8780059814453,121.39186096191406,167.3151092529297,25.71230125427246,77.61503601074219,164.40570068359375,117.92066955566406,223.16766357421875,199.18841552734375,93.78006744384766,51.72549819946289,80.13999938964844,173.5054931640625,114.86000061035156,368.5299987792969,261.6300048828125,170.338623046875,196.47830200195312,75.16000366210938,,564.0618896484375,271.93212890625,79.49241638183594
2024-10-01,224.7337646484375,185.75025939941406,502.79998779296875,268.9848327636719,194.5448455810547,159.75,305.6431884765625,185.1300048828125,202.037841796875,547.280029296875,,730.3450317382812,1.1200000047683716,263.6239013671875,154.22000122070312,37.905860900878906,30.21276092529297,73.75950622558594,119.93000030517578,457.4100036621094,383.53948974609375,26.89095687866211,869.2169189453125,268.13580322265625,240.66000366210938,184.674072265625,80.51925659179688,166.03125,475.49615478515625,394.3726806640625,188.2070770263672,22.690000534057617,155.10296630859375,199.5868377685547,68.65852355957031,875.0195922851562,581.7776489257812,491.3054504394531,292.66888427734375,573.7035522460938,108.89798736572266,99.69071960449219,375.47540283203125,415.8260803222656,99.69841003417969,13.5,70.61299896240234,86.07076263427734,173.43600463867188,116.95362091064453,164.1337432861328,25.472414016723633,77.05801391601562,160.2774200439453,121.06431579589844,219.96286010742188,199.09097290039062,93.72235107421875,51.07244873046875,78.44999694824219,172.0894317626953,110.2300033569336,375.3999938964844,258.0199890136719,168.76931762695312,191.7510986328125,74.23999786376953,,562.7305908203125,274.55303955078125,80.00431060791016
2024-10-02,225.30003356933594,185.61822509765625,505.80999755859375,267.42681884765625,198.44166564941406,159.77999877929688,305.08026123046875,184.75999450683594,203.62437438964844,550.0,,745.7041625976562,1.090000033378601,265.90093994140625,152.88999938964844,37.915523529052734,30.16314125061035,73.6456527709961,119.0,456.6700134277344,385.1620788574219,26.71721839904785,870.3561401367188,276.6589050292969,234.44000244140625,184.8128662109375,81.2866439819336,164.90774536132812,477.2616271972656,396.5033874511719,186.20692443847656,22.389999389648438,154.3178253173828,199.82781982421875,67.98831176757812,881.5390625,579.2233276367188,490.5036926269531,293.42236328125,570.0610961914062,106.37342834472656,99.78618621826172,374.4389953613281,412.30718994140625,99.24121856689453,12.960000038146973,71.10900115966797,80.24772644042969,176.08200073242188,118.8028793334961,164.673828125,25.419103622436523,77.0281753540039,162.73312377929688,120.72367095947266,218.81341552734375,198.55499267578125,92.82775115966797,50.61146926879883,79.0999984741211,172.8166046142578,109.6500015258789,374.75,249.02000427246094,172.42774963378906,193.49166870117188,72.87000274658203,,571.4227905273438,273.9595947265625,79.1773910522461
2024-10-03,224.197265625,184.32618713378906,503.79998779296875,265.50225830078125,196.9026641845703,162.85000610351562,302.9333190917969,181.9600067138672,202.48403930664062,542.989990234375,,743.439697265625,1.059999942779541,263.61407470703125,150.52000427246094,37.934852600097656,29.637184143066406,72.50708770751953,119.80000305175781,452.9599914550781,382.2688903808594,26.446956634521484,867.5226440429688,278.074462890625,235.1199951171875,182.2851104736328,80.73988342285156,164.90774536132812,471.5480041503906,396.8118591308594,185.29360961914062,22.260000228881836,153.67633056640625,197.84197998046875,67.51914978027344,876.078125,581.7391967773438,489.90985107421875,293.12286376953125,579.973388671875,104.57015228271484,99.83391571044922,373.9947814941406,411.7240295410156,101.19920349121094,12.930000305175781,70.68000030517578,79.28205871582031,178.1280059814453,122.80130004882812,163.83921813964844,25.179218292236328,76.89885711669922,163.31321716308594,120.36356353759766,214.76113891601562,195.6802215576172,91.92351531982422,50.24652862548828,78.13999938964844,171.82154846191406,110.47000122070312,372.6000061035156,240.66000366210938,176.03717041015625,191.81768798828125,72.94000244140625,,571.8472900390625,273.8211364746094,79.1773910522461
2024-10-04,225.31988525390625,183.2322235107422,507.2200012207031,267.42681884765625,199.25062561035156,170.89999389648438,305.0133972167969,186.50999450683594,203.07901000976562,529.9500122070312,,745.8026123046875,1.159999966621399,271.56512451171875,155.0,38.76603698730469,29.5776424407959,73.77848052978516,122.68000030517578,461.9700012207031,388.13348388671875,26.54347801208496,874.8934936523438,284.8454284667969,231.1300048828125,185.447265625,81.14276123046875,166.10084533691406,480.3367614746094,393.7073974609375,186.11561584472656,22.59000015258789,153.47523498535156,204.86415100097656,67.18405151367188,877.6709594726562,581.0765991210938,492.6119689941406,293.42236328125,593.080078125,104.18103790283203,102.99401092529297,374.8338317871094,411.24957275390625,101.62657928466797,13.420000076293945,71.97000122070312,79.42691040039062,183.53599548339844,124.87047576904297,167.76681518554688,25.392452239990234,78.9379653930664,163.2938690185547,121.57041931152344,215.1605224609375,195.582763671875,92.90470123291016,49.7663459777832,82.43000030517578,174.9789581298828,114.72000122070312,371.45001220703125,250.0800018310547,177.68495178222656,192.806884765625,74.27999877929688,,570.3519897460938,274.87939453125,79.67945098876953
2024-10-07,220.24325561523438,182.59092712402344,487.29998779296875,267.8850402832031,197.43539428710938,170.97000122070312,302.90472412109375,180.8000030517578,203.37649536132812,522.7899780273438,,736.0555419921875,1.1200000047683716,269.4198913574219,155.91000366210938,38.62106704711914,29.542909622192383,73.85438537597656,121.55000305175781,453.5,389.2673645019531,26.195999145507812,865.4620971679688,281.6975402832031,229.6199951171875,184.33705139160156,80.98928833007812,162.0442657470703,479.8128967285156,393.4181823730469,185.70460510253906,22.3799991607666,152.74755859375,204.5828399658203,66.07341766357422,888.7907104492188,581.47021484375,486.2773742675781,290.6113586425781,581.9736328125,103.06110382080078,102.76487731933594,373.5506591796875,404.8049621582031,102.39773559570312,13.15999984741211,70.19200134277344,78.0556411743164,181.18800354003906,127.66936492919922,166.89291381835938,25.943302154541016,79.83317565917969,161.39894104003906,121.70667266845703,212.4817352294922,195.19296264648438,92.43334197998047,49.51665115356445,80.86000061035156,176.41416931152344,113.81999969482422,362.95001220703125,240.8300018310547,180.970703125,191.4372100830078,74.58999633789062,,562.9813842773438,270.7848815917969,77.86810302734375
2024-10-08,224.29661560058594,182.02508544921875,496.239990234375,266.60198974609375,198.17529296875,172.8000030517578,303.1241760253906,182.72000122070312,203.77313232421875,527.1599731445312,,740.486083984375,1.1299999952316284,264.8146057128906,154.64999389648438,38.59206771850586,29.01198959350586,72.35528564453125,120.30000305175781,453.79998779296875,379.20941162109375,25.848522186279297,882.1354370117188,288.62689208984375,225.63999938964844,185.83387756347656,81.73750305175781,163.4362335205078,481.7045593261719,399.31854248046875,189.05645751953125,23.31999969482422,152.90077209472656,204.4082489013672,66.23617553710938,903.9468383789062,583.8804321289062,491.9784851074219,291.6256103515625,590.044677734375,102.99468231201172,102.62167358398438,372.5635681152344,409.9151611328125,102.0295639038086,13.109999656677246,72.1760025024414,77.9977035522461,184.39999389648438,132.83731079101562,171.21324157714844,25.9255313873291,80.7283935546875,160.81884765625,120.19811248779297,220.76162719726562,199.7731170654297,92.54878234863281,49.30537033081055,82.58000183105469,172.39561462402344,113.5199966430664,370.3800048828125,244.5,182.48117065429688,192.33128356933594,76.16999816894531,,561.0711669921875,271.9419860839844,78.46861267089844
2024-10-09,228.04200744628906,183.66603088378906,494.0799865722656,268.8931579589844,202.29901123046875,171.02000427246094,307.637451171875,185.1699981689453,206.6487579345703,520.52001953125,,755.6482543945312,1.090000033378601,267.0877685546875,149.3699951171875,38.843360900878906,27.042133331298828,73.24715423583984,117.47000122070312,455.8999938964844,387.2538146972656,25.694087982177734,900.6417236328125,285.01373291015625,226.0500030517578,187.62806701660156,82.62959289550781,160.9307098388672,490.05682373046875,401.1407775878906,195.1757049560547,23.459999084472656,153.81991577148438,206.99790954589844,66.60958862304688,909.9024658203125,581.057373046875,495.49688720703125,293.48992919921875,587.6761474609375,104.65558624267578,104.10147094726562,378.2391662597656,412.63336181640625,101.19374084472656,13.760000228881836,72.74299621582031,79.62004089355469,187.72999572753906,132.59739685058594,175.062255859375,26.822887420654297,81.21578216552734,164.570068359375,120.63607788085938,222.97283935546875,202.5504608154297,92.23133850097656,49.497440338134766,83.41000366210938,176.49070739746094,119.66999816894531,373.9800109863281,241.0500030517578,183.55023193359375,194.95645141601562,77.87000274658203,,570.3711547851562,273.890380859375,79.14787292480469
2024-10-10,227.54525756835938,183.28878784179688,503.57000732421875,269.8096618652344,201.21383666992188,164.17999267578125,306.3015441894531,186.64999389648438,207.2437286376953,527.25,,750.8239135742188,1.0800000429153442,266.1529235839844,146.6199951171875,38.630733489990234,26.565793991088867,72.71582794189453,118.37000274658203,454.92999267578125,387.6936950683594,25.732696533203125,885.315673828125,287.2409973144531,205.0399932861328,186.4781951904297,81.21949768066406,161.14944458007812,488.6405334472656,395.2499694824219,195.08436584472656,23.219999313354492,153.68588256835938,206.43536376953125,66.30321502685547,900.94921875,573.740234375,493.58404541015625,293.69281005859375,581.0282592773438,103.82987976074219,103.18495178222656,376.116943359375,411.0321044921875,105.16388702392578,13.300000190734863,73.02899932861328,79.28205871582031,188.92599487304688,134.7565460205078,172.6217041015625,26.06768798828125,78.55998992919922,162.92648315429688,119.653076171875,218.94979858398438,200.79635620117188,90.30744171142578,49.497440338134766,82.70999908447266,175.438232421875,123.79000091552734,378.0,238.77000427246094,182.21633911132812,192.57858276367188,77.91999816894531,,576.6227416992188,274.4244384765625,78.37016296386719
2024-10-11,226.06500244140625,183.13792419433594,495.4200134277344,272.2841491699219,202.29901123046875,167.88999938964844,313.3052978515625,188.82000732421875,206.35128784179688,536.7000122070312,,758.798828125,1.100000023841858,271.7521057128906,151.02000427246094,40.54438400268555,26.064645767211914,71.89986419677734,120.5199966430664,460.2099914550781,392.9522705078125,25.50104331970215,880.7584228515625,285.1919250488281,211.49000549316406,189.49166870117188,81.48809051513672,162.3027801513672,500.8438720703125,397.12042236328125,197.26718139648438,23.559999465942383,154.5955047607422,215.60101318359375,66.60958862304688,922.0906372070312,580.15478515625,497.7863464355469,294.65875244140625,587.1188354492188,104.14307403564453,105.45716094970703,374.5870361328125,411.506591796875,106.38775634765625,13.1899995803833,72.27899932861328,79.33033752441406,187.71800231933594,134.74656677246094,172.97598266601562,25.90776252746582,80.08184814453125,164.33799743652344,120.61661529541016,222.2422637939453,203.28134155273438,91.91389465332031,50.61146926879883,83.23999786376953,177.81109619140625,124.02999877929688,373.70001220703125,217.8000030517578,187.14984130859375,195.089599609375,86.33999633789062,,576.9603881835938,274.7903747558594,78.8525390625
2024-10-14,229.79052734375,184.51480102539062,509.6499938964844,274.30035400390625,211.01011657714844,165.27000427246094,309.7461853027344,187.5399932861328,208.7806854248047,543.5599975585938,,779.7698974609375,1.100000023841858,272.1063232421875,148.99000549316406,40.5057258605957,25.905866622924805,72.33631134033203,120.13999938964844,459.9800109863281,385.0643310546875,25.558956146240234,881.4816284179688,288.6961669921875,209.9600067138672,190.9488525390625,81.58402252197266,164.01290893554688,507.10076904296875,400.51409912109375,198.7376251220703,23.440000534057617,154.7295379638672,214.8153839111328,67.34681701660156,919.5679931640625,586.5885009765625,502.1470947265625,299.2954406738281,587.5865478515625,104.10511779785156,107.19473266601562,379.8677978515625,414.2939758300781,107.80068969726562,12.90999984741211,71.30000305175781,78.79922485351562,188.93800354003906,138.01527404785156,173.32041931152344,25.836685180664062,80.24099731445312,172.1304931640625,121.30763244628906,225.79776000976562,206.15611267089844,91.15396118164062,50.477020263671875,83.68000030517578,177.2561492919922,123.16000366210938,372.5,219.16000366210938,188.52297973632812,198.46617126464844,84.94000244140625,,584.05126953125,277.5992126464844,79.0395736694336
2024-10-15,232.3238983154297,182.38543701171875,508.0299987792969,275.95001220703125,188.44805908203125,156.63999938964844,310.19464111328125,187.69000244140625,214.48236083984375,544.7100219726562,,657.783203125,1.090000033378601,272.8836975097656,152.35000610351562,40.728023529052734,26.327625274658203,71.42546081542969,117.52999877929688,462.67999267578125,379.2388000488281,25.095653533935547,886.2864990234375,285.43939208984375,201.97999572753906,188.9068145751953,82.3226318359375,164.51002502441406,506.7419128417969,400.6683349609375,198.43624877929688,22.65999984741211,157.12326049804688,215.697998046875,67.34681701660156,903.5510864257812,580.95166015625,502.7120361328125,302.6763000488281,583.4566040039062,105.85142517089844,107.137451171875,377.7456359863281,413.8985595703125,103.80070495605469,12.9399995803833,70.5979995727539,79.30137634277344,185.5919952392578,131.54783630371094,171.32269287109375,26.156536102294922,79.126953125,168.31158447265625,121.68720245361328,223.57679748535156,204.45074462890625,91.4233169555664,49.92000198364258,81.93000030517578,174.94068908691406,122.73999786376953,372.6000061035156,219.57000732421875,183.54043579101562,190.0770721435547,83.19999694824219,,536.6730346679688,276.2244567871094,80.37840270996094
2024-10-16,230.26739501953125,181.0545654296875,502.5400085449219,276.04168701171875,182.10462951660156,156.1300048828125,306.8931884765625,186.88999938964844,210.3672332763672,540.6099853515625,,624.1112670898438,1.2100000381469727,277.1839599609375,154.89999389648438,41.36590576171875,26.223424911499023,70.9131088256836,117.73999786376953,465.69000244140625,384.74176025390625,25.134262084960938,879.1237182617188,287.92401123046875,205.6199951171875,190.5027618408203,83.2147445678711,164.2117462158203,513.9979248046875,403.5896301269531,199.979736328125,22.309999465942383,157.2956085205078,216.91038513183594,67.56702423095703,906.6179809570312,588.4705810546875,509.4911193847656,302.2705993652344,574.0220336914062,104.79794311523438,114.09728240966797,376.85723876953125,411.3088684082031,108.69622039794922,12.880000114440918,70.19999694824219,81.05889129638672,183.7740020751953,135.66619873046875,171.9918670654297,26.360883712768555,80.39019775390625,165.7882537841797,122.84538269042969,223.49887084960938,205.27906799316406,91.82732391357422,49.823970794677734,81.8499984741211,173.18019104003906,118.9000015258789,371.69000244140625,221.3300018310547,183.88369750976562,190.88555908203125,81.9000015258789,,551.1923828125,284.3641052246094,79.95509338378906
2024-10-17,230.63497924804688,179.25791931152344,496.8299865722656,277.5080261230469,180.7728271484375,156.25,306.6069030761719,187.52999877929688,212.5487823486328,543.8400268554688,,624.4066162109375,1.2000000476837158,281.2185363769531,155.30999755859375,41.17259979248047,26.297853469848633,70.93209075927734,114.47000122070312,465.8500061035156,385.5921630859375,24.96052360534668,877.0531616210938,288.1714782714844,203.3699951171875,190.93893432617188,83.79988098144531,161.9945526123047,513.1637573242188,400.6876525878906,200.51861572265625,22.440000534057617,157.4775390625,217.66693115234375,66.92554473876953,907.3104248046875,585.38818359375,509.183837890625,303.9900207519531,574.161376953125,104.16206359863281,114.03045654296875,380.361328125,411.9019470214844,111.49223327636719,13.1899995803833,68.76499938964844,80.53742980957031,183.4239959716797,136.87570190429688,172.8874053955078,26.005496978759766,79.39551544189453,165.4208526611328,122.38795471191406,222.91439819335938,206.20484924316406,91.64454650878906,49.7663459777832,81.62999725341797,176.3184814453125,119.02999877929688,366.75,220.88999938964844,201.8915252685547,188.61231994628906,79.9000015258789,,546.0696411132812,287.2026672363281,79.63021850585938
2024-10-18,233.46636962890625,179.53358459472656,494.8999938964844,278.8827209472656,183.85079956054688,155.97000122070312,306.92181396484375,188.99000549316406,214.4327850341797,565.0,,654.2387084960938,1.2799999713897705,272.37200927734375,155.0,40.9019889831543,26.17380714416504,71.25467681884766,111.7699966430664,464.79998779296875,384.9763488769531,25.192174911499023,881.2833862304688,289.9830322265625,200.5500030517578,190.92901611328125,83.18596649169922,162.4817352294922,512.6787109375,400.10919189453125,202.77447509765625,22.770000457763672,158.0998992919922,218.58831787109375,67.44256591796875,908.1513671875,587.4910278320312,511.7408752441406,305.7867431640625,573.7035522460938,103.16551208496094,115.57707214355469,379.9664611816406,413.3253173828125,110.59671020507812,13.170000076293945,76.38899993896484,80.07391357421875,184.35000610351562,137.94529724121094,171.91314697265625,25.961071014404297,80.50955963134766,165.24681091308594,122.55341339111328,224.4729766845703,207.4229736328125,93.15480041503906,50.36177444458008,82.68000030517578,177.58145141601562,119.54000091552734,378.8800048828125,220.6999969482422,196.9285888671875,188.77398681640625,79.16000366210938,,549.5232543945312,287.4300537109375,80.04368591308594
2024-10-21,234.93670654296875,177.328125,497.7099914550781,276.04168701171875,181.97637939453125,157.89999389648438,302.22723388671875,189.07000732421875,215.6722869873047,560.4500122070312,,647.4452514648438,1.2000000476837158,266.4185791015625,159.82000732421875,40.36075210571289,25.90090560913086,71.04594421386719,111.58000183105469,464.1600036621094,383.0439147949219,24.86400032043457,878.5194091796875,288.3497009277344,196.25,192.5348663330078,82.77349853515625,163.12802124023438,502.2989807128906,391.8177795410156,202.299560546875,22.84000015258789,155.90725708007812,216.28964233398438,66.49469757080078,896.4380493164062,590.1797485351562,510.4227600097656,304.173583984375,572.39990234375,100.9256820678711,112.9229736328125,377.8937072753906,413.9381408691406,108.5370101928711,13.390000343322754,77.20700073242188,78.6833267211914,183.66799926757812,143.6530303955078,170.9979248046875,25.70341682434082,80.13158416748047,163.40020751953125,122.53394317626953,223.53782653808594,205.3765106201172,92.77964782714844,49.90079879760742,82.66000366210938,177.10305786132812,119.55999755859375,381.9700012207031,218.85000610351562,198.07614135742188,186.2059326171875,80.45999908447266,,551.3176879882812,283.70147705078125,79.55148315429688
2024-10-22,234.32078552246094,179.43850708007812,493.1099853515625,271.09271240234375,180.53604125976562,154.08999633789062,305.0133972167969,189.6999969482422,215.0277557373047,568.489990234375,,656.5032348632812,1.2799999713897705,268.0521240234375,159.8800048828125,40.882652282714844,25.677621841430664,71.36853790283203,110.87999725341797,461.45001220703125,381.0623474121094,24.43930435180664,885.1769409179688,285.4195556640625,201.39999389648438,175.11822509765625,84.5672836303711,164.19186401367188,502.7840576171875,387.4310302734375,203.0758819580078,22.399999618530273,156.50088500976562,217.37594604492188,66.49469757080078,899.4257202148438,554.0455932617188,508.450439453125,303.9803466796875,579.2169799804688,101.21040344238281,112.96116638183594,389.8370361328125,422.56719970703125,107.28329467773438,13.630000114440918,76.42400360107422,78.6253890991211,183.58999633789062,143.53309631347656,172.52328491210938,25.623456954956055,80.47972106933594,167.43182373046875,122.17383575439453,226.30430603027344,209.76177978515625,93.13557434082031,49.30537033081055,81.61000061035156,175.5721893310547,115.5,387.6300048828125,217.97000122070312,194.6726837158203,184.49383544921875,80.41000366210938,,549.764404296875,281.66412353515625,80.74263000488281
2024-10-23,229.25404357910156,178.6019744873047,485.0299987792969,269.44305419921875,180.2400665283203,152.91000366210938,300.4715881347656,184.7100067138672,214.63111877441406,557.9199829101562,,648.6267700195312,1.2100000381469727,266.9007873535156,157.05999755859375,40.92131805419922,25.42456817626953,71.69112396240234,110.9800033569336,460.6099853515625,378.3843688964844,24.246261596679688,890.8040771484375,281.5589294433594,192.41000366210938,180.10430908203125,83.6751708984375,161.84542846679688,501.717041015625,385.30035400390625,201.24012756347656,21.979999542236328,158.80841064453125,216.6873016357422,65.11597442626953,893.5888061523438,548.3992309570312,509.15411376953125,288.40899658203125,560.9849243164062,100.96363067626953,112.9229736328125,391.9098205566406,419.69085693359375,104.52708435058594,13.539999961853027,74.92900085449219,77.30241394042969,181.53599548339844,139.50466918945312,170.3484344482422,25.641223907470703,80.400146484375,161.07022094726562,123.80891418457031,228.51551818847656,213.07508850097656,93.93399047851562,49.4398193359375,79.66000366210938,173.37155151367188,113.61000061035156,379.8399963378906,213.64999389648438,197.00704956054688,191.88426208496094,79.83000183105469,,544.7285766601562,280.6454162597656,81.9731674194336
2024-10-24,229.0653076171875,180.28456115722656,482.8699951171875,270.26788330078125,181.27593994140625,153.44000244140625,301.225341796875,186.3800048828125,211.1605224609375,551.1500244140625,,651.088134765625,1.1399999856948853,265.6707458496094,155.1999969482422,41.22093200683594,25.533727645874023,72.56402587890625,111.7300033569336,457.7699890136719,379.68902587890625,24.497217178344727,885.1074829101562,283.86541748046875,196.0399932861328,178.1713409423828,85.16201782226562,161.78575134277344,508.7984313964844,388.231201171875,190.9744415283203,22.34000015258789,156.7115478515625,218.21006774902344,64.4361801147461,881.786376953125,541.7831420898438,506.0718078613281,291.3164978027344,565.0552978515625,100.48908996582031,113.77265930175781,388.15899658203125,419.8193054199219,106.31810760498047,13.800000190734863,75.45500183105469,76.32707977294922,191.3159942626953,140.35433959960938,171.60806274414062,25.445756912231445,80.95716857910156,162.52044677734375,121.82344818115234,232.1294403076172,213.4648895263672,93.45301055908203,49.32457733154297,79.81999969482422,171.7067413330078,114.91999816894531,376.8699951171875,260.4800109863281,194.1332550048828,196.51634216308594,78.37999725341797,,541.0336303710938,280.111328125,81.74674224853516
2024-10-25,229.89979553222656,178.57345581054688,483.7200012207031,269.259765625,184.00865173339844,156.22999572753906,302.4562072753906,187.8300018310547,212.6479034423828,556.8300170898438,,653.8448486328125,1.1399999856948853,263.0827331542969,155.00999450683594,40.486392974853516,25.55357551574707,72.10859680175781,110.4800033569336,454.010009765625,378.6197814941406,24.43930435180664,882.9278564453125,287.5281066894531,198.47000122070312,177.53692626953125,85.37305450439453,164.3211212158203,497.2546691894531,384.59649658203125,189.96978759765625,22.68000030517578,154.0401611328125,215.62039184570312,64.07234954833984,883.1517333984375,539.939453125,502.8408203125,282.6517639160156,570.4989624023438,98.68582916259766,111.58638763427734,392.89691162109375,423.19976806640625,107.37284851074219,13.880000114440918,75.46800231933594,76.14360809326172,190.1699981689453,141.48388671875,170.7617645263672,25.27695083618164,81.26551818847656,164.618408203125,121.81372833251953,231.5352325439453,215.41390991210938,93.6069107055664,49.286163330078125,79.05000305175781,172.625244140625,116.04000091552734,379.1600036621094,269.19000244140625,199.53758239746094,196.82069396972656,77.62000274658203,,544.6513061523438,278.6376647949219,81.22500610351562
2024-10-28,231.87681579589844,180.31307983398438,481.0400085449219,271.2760009765625,182.8445281982422,159.9199981689453,302.6375427246094,188.38999938964844,214.53196716308594,554.469970703125,,645.377685546875,1.2200000286102295,267.136962890625,150.69000244140625,41.191932678222656,25.905866622924805,71.6531753540039,113.26000213623047,458.489990234375,383.1713562011719,24.400697708129883,882.6703491210938,290.8046569824219,205.02999877929688,173.8295440673828,85.14282989501953,165.76280212402344,507.9060363769531,388.4337158203125,188.23448181152344,22.920000076293945,154.7295379638672,218.71444702148438,63.83299255371094,886.0108032226562,533.1024169921875,503.68328857421875,286.6895446777344,575.3854370117188,98.9231185913086,113.73448944091797,390.72540283203125,421.6578063964844,105.86040496826172,14.020000457763672,74.91200256347656,76.2015380859375,189.0,140.4643096923828,169.67922973632812,25.641223907470703,83.14546966552734,166.50369262695312,122.07649993896484,234.05816650390625,217.02182006835938,94.2898941040039,47.42304611206055,79.87000274658203,173.98390197753906,117.33000183105469,384.3599853515625,262.510009765625,190.94558715820312,195.77442932128906,77.69000244140625,,545.3074951171875,281.0707092285156,81.46126556396484
2024-10-29,232.1450653076172,180.09445190429688,485.3900146484375,270.35955810546875,187.5601806640625,166.25,301.5211181640625,190.8300018310547,214.13531494140625,552.8800048828125,,646.5817260742188,1.1399999856948853,266.1135559082031,152.97999572753906,41.10494613647461,25.355098724365234,70.49564361572266,114.01000213623047,454.6199951171875,380.13043212890625,24.1883487701416,878.7373657226562,295.87298583984375,199.6699981689453,172.53099060058594,84.49053955078125,168.705810546875,508.5850830078125,380.894287109375,188.12489318847656,22.899999618530273,153.2837371826172,216.1926727294922,62.77022933959961,893.9153442382812,525.065185546875,501.7705078125,284.9604797363281,590.4329223632812,98.44857025146484,113.89678192138672,392.8475341796875,426.9558410644531,107.64149475097656,13.5600004196167,75.94400024414062,75.70904541015625,190.61599731445312,141.19400024414062,170.6731719970703,25.28583335876465,79.85306549072266,170.158203125,119.507080078125,236.03561401367188,218.28868103027344,93.68387603759766,47.25017547607422,80.38999938964844,173.2375946044922,118.38999938964844,391.2300109863281,259.5199890136719,193.16226196289062,201.0247802734375,79.20999908447266,,542.3070068359375,278.7860412597656,80.4276123046875
2024-10-30,228.59835815429688,191.54937744140625,486.67999267578125,267.610107421875,182.80506896972656,148.60000610351562,301.08221435546875,192.72999572753906,211.30926513671875,551.7100219726562,,625.6605834960938,1.1200000047683716,269.705322265625,154.2899932861328,40.89232635498047,24.804332733154297,69.67967987060547,113.94000244140625,454.9599914550781,372.0179138183594,23.763652801513672,870.9109497070312,293.4081115722656,197.5,173.11585998535156,84.69198608398438,173.45835876464844,508.7014465332031,378.435791015625,186.49920654296875,22.299999237060547,153.78163146972656,217.6572265625,63.11490249633789,837.7723388671875,524.2392578125,509.114501953125,281.598876953125,588.9599609375,99.49256896972656,112.57928466796875,396.9931945800781,427.5291442871094,103.56190490722656,13.149999618530273,75.3740005493164,73.82597351074219,190.0,139.28475952148438,171.7852020263672,25.339143753051758,77.80402374267578,162.05638122558594,118.60195922851562,231.20404052734375,213.9521484375,93.61653900146484,46.35703659057617,80.01000213623047,171.72586059570312,118.98999786376953,394.0199890136719,257.54998779296875,190.7494354248047,197.7718505859375,79.43000030517578,,543.1077880859375,286.9751892089844,80.12245178222656
2024-10-31,224.4357147216797,193.80235290527344,478.0799865722656,265.227294921875,179.1351776123047,144.07000732421875,305.4905090332031,186.39999389648438,207.78907775878906,586.2999877929688,,613.0289916992188,1.059999942779541,265.7691345214844,149.30999755859375,40.41874313354492,24.605859756469727,68.61702728271484,113.0999984741211,450.9200134277344,369.03582763671875,23.705739974975586,866.0465698242188,288.42889404296875,194.47999572753906,170.2808074951172,85.20038604736328,170.12759399414062,502.289306640625,379.62164306640625,187.85092163085938,21.520000457763672,153.06350708007812,215.2421417236328,62.53086471557617,820.8650512695312,524.344970703125,495.1401062011719,282.16876220703125,564.8562622070312,97.11035919189453,111.86241149902344,371.3298034667969,401.65185546875,99.15394592285156,13.050000190734863,75.60299682617188,74.48263549804688,186.59800720214844,132.70738220214844,165.17202758789062,25.143680572509766,78.87828826904297,157.3673553466797,117.75521087646484,227.59011840820312,209.32325744628906,93.9820785522461,46.06892395019531,78.20999908447266,170.69252014160156,114.81999969482422,385.1000061035156,249.85000610351562,186.885009765625,194.507080078125,72.05000305175781,,544.593505859375,286.6685791015625,80.67372131347656
2024-11-01,221.4552764892578,193.49815368652344,482.79998779296875,265.227294921875,180.9109344482422,141.86000061035156,304.59356689453125,197.92999267578125,203.4260711669922,595.5800170898438,,618.851318359375,1.0800000429153442,268.33746337890625,154.58999633789062,40.36075210571289,24.605859756469727,68.61702728271484,111.4800033569336,452.1400146484375,372.4005126953125,23.705739974975586,870.3023071289062,291.74505615234375,204.94000244140625,170.20150756835938,85.86226654052734,170.30654907226562,503.8026123046875,378.50323486328125,191.056640625,23.200000762939453,153.32205200195312,216.23147583007812,62.24363327026367,810.1707153320312,523.6727294921875,503.554443359375,285.1632995605469,564.4381713867188,96.69275665283203,112.43976593017578,377.5482177734375,405.6253662109375,99.23355102539062,13.050000190734863,75.61000061035156,75.38072204589844,188.6820068359375,135.34632873535156,167.31739807128906,24.957101821899414,76.83917999267578,159.78436279296875,115.5750961303711,227.07383728027344,209.32325744628906,95.10755920410156,46.424259185791016,78.98999786376953,173.67771911621094,115.48999786376953,384.5,248.97999572753906,189.24876403808594,196.19212341308594,73.25,,547.5455932617188,287.548828125,80.90998077392578
2024-11-04,220.56114196777344,190.57025146484375,481.3500061035156,265.9604797363281,179.37193298339844,140.7100067138672,302.3894348144531,195.77999877929688,201.59161376953125,588.6699829101562,,610.0684204101562,1.0800000429153442,265.87738037109375,155.07000732421875,39.94516372680664,24.556241989135742,68.9775619506836,108.97000122070312,442.2900085449219,369.3497009277344,23.57061004638672,878.9923706054688,295.00189208984375,212.27999877929688,170.26095581054688,86.1788101196289,168.26834106445312,496.15850830078125,381.3763122558594,189.54966735839844,22.520000457763672,151.5124053955078,213.16653442382812,62.339378356933594,797.517578125,521.5122680664062,501.0767517089844,282.8836669921875,557.9893188476562,96.68326568603516,111.75656127929688,369.6517639160156,403.7373962402344,101.22360229492188,13.65999984741211,75.5510025024414,74.54058074951172,190.91799926757812,135.99607849121094,166.89419555664062,24.663904190063477,77.7145004272461,159.69732666015625,114.84515380859375,226.80108642578125,208.3487548828125,93.33757781982422,46.0305061340332,78.44000244140625,173.4672393798828,113.73999786376953,377.7300109863281,242.83999633789062,187.8854522705078,194.98577880859375,73.25,,538.1008911132812,288.6465759277344,81.16592407226562
2024-11-05,221.99176025390625,191.72047424316406,486.4200134277344,267.51849365234375,183.96917724609375,141.66000366210938,304.660400390625,199.5,202.5832061767578,602.469970703125,,615.7921142578125,1.0800000429153442,271.5356140136719,151.0,40.47673416137695,24.392499923706055,68.90166473388672,110.97000122070312,445.05999755859375,376.06927490234375,23.705739974975586,883.0595703125,294.4870910644531,215.88999938964844,173.73043823242188,86.54332733154297,168.7654571533203,511.18475341796875,385.73419189453125,190.68218994140625,23.31999969482422,151.61773681640625,214.82510375976562,62.58831024169922,797.4383544921875,525.0171508789062,501.05694580078125,287.2015075683594,569.6829833984375,96.47447204589844,113.36353302001953,374.2415466308594,406.7027587890625,104.96487426757812,13.109999656677246,76.39099884033203,75.303466796875,194.20799255371094,139.8545379638672,169.0493927001953,24.868253707885742,78.82855224609375,160.4031219482422,115.79895782470703,229.7915802001953,210.15158081054688,93.39527893066406,46.462677001953125,79.56999969482422,176.05056762695312,116.5,382.6300048828125,251.44000244140625,192.0048828125,193.83689880371094,74.1500015258789,,547.0343017578125,290.07080078125,82.37677764892578
2024-11-06,221.2665252685547,191.26419067382812,504.8299865722656,265.50225830078125,184.9951629638672,145.10000610351562,307.04583740234375,207.08999633789062,207.93783569335938,588.969970703125,,602.7657470703125,1.1799999475479126,290.4488220214844,147.16000366210938,43.888450622558594,23.76234245300293,64.36640930175781,106.63999938964844,468.8999938964844,408.9411315917969,23.454782485961914,892.067138671875,303.8021545410156,194.02000427246094,179.1824188232422,87.95342254638672,175.49659729003906,578.1386108398438,374.4346618652344,197.64163208007812,25.049999237060547,151.16770935058594,239.6256561279297,60.98937225341797,768.0758666992188,529.8856811523438,516.4881591796875,283.9945068359375,569.3047485351562,95.601318359375,126.5272216796875,383.2731018066406,415.3219299316406,111.27332305908203,12.119999885559082,78.02100372314453,72.7347640991211,198.89599609375,145.55227661132812,178.35903930664062,24.308517456054688,80.97706604003906,167.2481231689453,118.33917236328125,225.3107147216797,207.52041625976562,92.4237289428711,49.228538513183594,81.91999816894531,176.14627075195312,121.41999816894531,391.1600036621094,288.5299987792969,189.5135955810547,205.81407165527344,74.36000061035156,,575.6483154296875,304.0259094238281,82.14051818847656
2024-11-07,225.99545288085938,190.60826110839844,500.9200134277344,265.41058349609375,191.47669982910156,149.82000732421875,307.1603698730469,210.0500030517578,208.1857452392578,591.4400024414062,,616.48291015625,1.350000023841858,282.241943359375,150.97999572753906,43.2698974609375,24.179140090942383,66.24503326416016,107.87999725341797,460.1300048828125,400.4362487792969,23.744348526000977,906.6297607421875,307.6429748535156,196.6999969482422,177.28912353515625,93.91034698486328,179.7122344970703,564.741943359375,385.10748291015625,198.64630126953125,26.229999542236328,150.06658935546875,229.26702880859375,60.95107650756836,788.9204711914062,529.9048461914062,513.2671508789062,284.63201904296875,588.8604736328125,96.01891326904297,123.59232330322266,389.5409240722656,420.51123046875,112.84545135498047,12.289999961853027,79.65399932861328,73.31416320800781,203.05599975585938,148.8209991455078,183.407470703125,24.397367477416992,80.9173812866211,167.17080688476562,116.86955261230469,233.9705047607422,214.97537231445312,92.46220397949219,50.688297271728516,85.55000305175781,179.85862731933594,123.54000091552734,399.8399963378906,296.9100036621094,197.3307342529297,208.27459716796875,73.12999725341797,,584.0994873046875,302.4434814453125,82.54412841796875
2024-11-08,225.72691345214844,189.64813232421875,494.67999267578125,263.0277404785156,189.4444580078125,147.9499969482422,310.3759460449219,208.17999267578125,210.072021484375,596.0,,613.324951171875,1.409999966621399,283.0094909667969,151.67999267578125,43.61783981323242,23.89631462097168,64.1197280883789,110.63999938964844,463.4100036621094,385.8788757324219,23.628520965576172,936.2611694335938,318.7002258300781,193.92999267578125,183.19708251953125,92.6345443725586,177.32603454589844,571.6197509765625,391.3356628417969,200.4637908935547,26.200000762939453,148.8601531982422,229.8489532470703,61.20001220703125,822.6458129882812,542.1192016601562,520.0858764648438,288.79534912109375,586.5118408203125,97.67980194091797,124.64118194580078,390.23187255859375,417.6546630859375,111.34297943115234,12.300000190734863,79.50399780273438,73.2755355834961,201.61599731445312,147.5714874267578,186.24169921875,24.1086368560791,82.56855010986328,165.23715209960938,120.24677276611328,231.40859985351562,215.75497436523438,93.83779907226562,50.13128662109375,87.12000274658203,175.1703338623047,120.88999938964844,400.67999267578125,321.2200012207031,197.3405303955078,210.90748596191406,72.04000091552734,,594.0941162109375,304.49078369140625,83.50887298583984
2024-11-11,223.01174926757812,165.816162109375,504.4800109863281,265.3189392089844,186.02117919921875,147.35000610351562,307.06494140625,206.83999633789062,207.73898315429688,588.9400024414062,,619.0487060546875,1.5800000429153442,288.2937927246094,148.9600067138672,44.53600311279297,24.233720779418945,64.36640930175781,108.7300033569336,467.3599853515625,388.98846435546875,24.555131912231445,925.4284057617188,338.28057861328125,193.8300018310547,182.94927978515625,93.07579803466797,179.31454467773438,584.3082275390625,393.63995361328125,205.7153778076172,25.049999237060547,148.4484405517578,232.08944702148438,60.66384506225586,823.5361938476562,547.8999633789062,525.3981323242188,291.2682189941406,580.3713989257812,95.601318359375,128.48060607910156,387.27069091796875,413.17706298828125,108.10914611816406,12.279999732971191,80.54399871826172,73.9708251953125,207.20199584960938,145.202392578125,186.1236114501953,23.67555046081543,86.47765350341797,162.70411682128906,121.2297592163086,229.75262451171875,215.9498748779297,96.49275207519531,49.939208984375,89.98999786376953,177.81109619140625,123.5,410.19000244140625,350.0,190.32769775390625,206.6757354736328,71.6500015258789,,603.2012329101562,307.5072937011719,82.8985366821289
2024-11-12,223.01174926757812,162.64112854003906,526.4199829101562,259.2702331542969,184.09742736816406,143.6300048828125,285.1473693847656,208.91000366210938,210.66766357421875,593.9500122070312,,622.0092163085938,1.4600000381469727,283.9049987792969,145.1699981689453,44.32337188720703,20.720722198486328,63.778160095214844,106.31999969482422,466.2900085449219,385.5257263183594,22.04556655883789,924.9324951171875,337.7064208984375,182.25999450683594,181.0460205078125,90.5050277709961,180.57723999023438,574.8501586914062,388.61688232421875,213.6337890625,24.15999984741211,146.15049743652344,232.35134887695312,60.510650634765625,810.1013793945312,543.463623046875,524.45654296875,288.4862365722656,582.0135498046875,93.56078338623047,127.3162612915039,390.5773010253906,418.1390075683594,103.5818099975586,11.5600004196167,81.94999694824219,74.02877807617188,209.6580047607422,148.231201171875,186.5664520263672,23.63043785095215,85.9405288696289,157.98609924316406,120.07158660888672,228.39862060546875,214.7804718017578,95.04022216796875,48.47945022583008,108.91999816894531,170.2523956298828,125.45999908447266,419.3900146484375,328.489990234375,188.09144592285156,203.71734619140625,71.37000274658203,,592.9943237304688,307.0316467285156,83.66636657714844
2024-11-13,223.89691162109375,161.93765258789062,532.5,260.8282165527344,180.32887268066406,139.3000030517578,287.62823486328125,214.10000610351562,210.51876831054688,599.3499755859375,,619.4434204101562,1.350000023841858,283.0488586425781,139.97000122070312,44.33303451538086,19.991331100463867,62.582672119140625,111.4800033569336,468.1000061035156,379.6988830566406,23.068695068359375,926.2716064453125,338.2706298828125,182.1300048828125,181.95799255371094,88.85511779785156,177.8529815673828,576.4313354492188,395.4717712402344,212.8666229248047,24.920000076293945,146.7249755859375,233.9031982421875,60.31916046142578,803.1268310546875,535.5607299804688,517.2315673828125,287.2304382324219,577.216552734375,93.48484802246094,127.74925231933594,394.57489013671875,420.28387451171875,99.422607421875,11.510000228881836,83.0469970703125,73.8935775756836,209.11000061035156,146.21200561523438,186.6156768798828,24.1086368560791,86.8456802368164,155.0953369140625,120.44142150878906,224.04437255859375,213.8546905517578,96.00216674804688,47.8552131652832,115.08999633789062,171.64932250976562,130.72999572753906,467.3699951171875,330.239990234375,183.07943725585938,196.9580535888672,71.16000366210938,,584.504638671875,306.6650390625,84.16842651367188
2024-11-14,226.98007202148438,161.25320434570312,529.8699951171875,261.4697570800781,183.4956512451172,138.83999633789062,282.3707275390625,211.47999572753906,212.75254821777344,595.0399780273438,,662.7659301757812,1.3700000047683716,283.69830322265625,138.13999938964844,44.36203384399414,20.3436222076416,64.17665100097656,103.55999755859375,467.70001220703125,379.9833068847656,23.04939079284668,916.5101928710938,328.3022766113281,195.13999938964844,176.84300231933594,88.3563003540039,174.57192993164062,570.9891967773438,391.1621398925781,210.67466735839844,25.030000686645508,145.4132080078125,234.59182739257812,59.8883056640625,777.8204956054688,517.5656127929688,515.7647705078125,288.3992919921875,574.3902587890625,93.35198974609375,127.43172454833984,397.6841125488281,421.954345703125,98.68629455566406,11.449999809265137,83.72599792480469,73.0823974609375,207.9600067138672,146.70181274414062,184.07666015625,23.477052688598633,85.33377075195312,158.5275115966797,115.74055480957031,225.40811157226562,215.41390991210938,95.453857421875,48.191341400146484,109.08000183105469,180.06912231445312,129.27000427246094,477.5,311.17999267578125,184.88417053222656,197.22613525390625,71.44000244140625,,572.2332153320312,305.4461975097656,83.15447235107422
2024-11-15,223.77757263183594,156.8423614501953,503.3699951171875,263.8525695800781,166.60617065429688,134.89999389648438,270.6152038574219,202.61000061035156,211.85902404785156,564.2249755859375,,626.6473388671875,1.6100000143051147,282.2911376953125,140.19000244140625,45.18355178833008,20.150110244750977,64.44231414794922,99.72000122070312,470.2799987792969,376.7559814453125,23.30034828186035,899.8245849609375,321.9768371582031,190.4499969482422,175.3858642578125,84.79749298095703,171.4996795654297,575.7716674804688,393.5338439941406,210.16986083984375,24.350000381469727,147.45266723632812,237.92831420898438,59.1127815246582,739.4412841796875,513.5709838867188,517.241455078125,282.671142578125,551.4210205078125,91.40635681152344,129.00021362304688,389.78765869140625,410.2018737792969,95.86042785644531,11.8100004196167,82.39600372314453,74.02877807617188,202.2779998779297,141.9237060546875,180.81930541992188,22.376283645629883,85.3735580444336,155.1726837158203,115.97538757324219,222.3981170654297,211.75950622558594,95.2602767944336,48.191341400146484,108.48999786376953,179.30368041992188,125.95999908447266,458.32000732421875,320.7200012207031,182.44190979003906,192.553955078125,73.25,,571.3456420898438,306.82354736328125,82.93789672851562
2024-11-18,226.7811737060547,158.06863403320312,499.510009765625,264.3108215332031,168.43125915527344,138.92999267578125,268.1145324707031,201.6999969482422,214.98626708984375,567.9000244140625,,621.3184814453125,1.6699999570846558,280.98236083984375,143.8699951171875,45.15455627441406,20.060794830322266,65.20135498046875,101.87000274658203,472.20001220703125,377.13848876953125,23.30034828186035,912.1652221679688,318.9971618652344,195.55999755859375,175.970703125,84.85504150390625,174.29354858398438,570.3876953125,395.7127990722656,210.0413818359375,24.84000015258789,148.18994140625,237.65673828125,59.2276725769043,720.6134033203125,509.8548278808594,516.9837036132812,281.19317626953125,551.739501953125,91.64362335205078,128.7307891845703,389.24481201171875,410.95306396484375,97.02460479736328,11.8100004196167,84.70500183105469,72.31952667236328,201.0679931640625,140.09442138671875,182.77764892578125,22.430419921875,84.21971893310547,159.03993225097656,116.81685638427734,225.3107147216797,213.0263671875,97.17671203613281,48.191341400146484,105.87999725341797,176.05056762695312,127.43000030517578,454.3599853515625,338.739990234375,183.88369750976562,198.35585021972656,69.33000183105469,,568.8566284179688,309.3206481933594,82.77056121826172
2024-11-19,227.0397491455078,158.3443145751953,499.6099853515625,261.37811279296875,167.03036499023438,139.38999938964844,269.2590637207031,204.61000061035156,215.2344512939453,574.5399780273438,,616.48291015625,1.7300000190734863,280.9921875,145.60000610351562,44.85494613647461,20.00125503540039,65.52394104003906,106.4000015258789,468.8599853515625,375.0491027832031,23.512697219848633,922.72021484375,320.16522216796875,187.36000061035156,176.01036071777344,84.17398071289062,177.0973358154297,563.9757080078125,392.203369140625,209.44480895996094,24.200000762939453,146.49517822265625,235.77508544921875,59.92660903930664,723.120361328125,512.0633544921875,514.8330688476562,280.8357849121094,558.3973999023438,91.62464904785156,127.24891662597656,387.1719970703125,412.9595947265625,97.24351501464844,11.75,87.13200378417969,71.37316131591797,204.4199981689453,146.95172119140625,185.89727783203125,22.646963119506836,83.64280700683594,159.24295043945312,116.3961181640625,227.1614990234375,214.293212890625,95.1925277709961,47.38462829589844,104.58999633789062,170.15670776367188,130.24000549316406,463.8299865722656,346.0,186.03170776367188,192.506103515625,69.12999725341797,,556.6527709960938,309.0134582519531,85.25130462646484
2024-11-20,227.75584411621094,159.47555541992188,499.5,261.4697570800781,168.19447326660156,137.60000610351562,276.8765869140625,202.8800048828125,213.34817504882812,591.8200073242188,,608.3907470703125,1.590000033378601,283.11773681640625,146.0800018310547,44.51667404174805,19.394916534423828,64.99261474609375,102.13999938964844,468.8299865722656,374.2348937988281,23.30034828186035,920.666748046875,322.4123840332031,184.83999633789062,176.42669677734375,85.01812744140625,174.96963500976562,564.5091552734375,385.6474304199219,208.04055786132812,24.010000228881836,146.6005096435547,233.53460693359375,60.30958938598633,746.5858764648438,513.4749145507812,507.9747009277344,281.0096435546875,562.80615234375,92.47883605957031,126.71966552734375,387.96160888671875,410.6861572265625,97.88033294677734,11.760000228881836,88.38500213623047,70.842041015625,204.5959930419922,145.83216857910156,187.71786499023438,22.50259780883789,84.28935241699219,149.14947509765625,116.58202362060547,228.9343719482422,214.97537231445312,95.10541534423828,47.73036575317383,103.94000244140625,168.93202209472656,129.1199951171875,470.010009765625,342.0299987792969,184.746826171875,189.74874877929688,69.5999984741211,,579.3240356445312,304.59405517578125,85.822265625
2024-11-21,227.27845764160156,163.24951171875,504.44000244140625,266.7853088378906,173.79139709472656,137.49000549316406,278.8291015625,198.3800048828125,216.57470703125,596.739990234375,,623.1934814453125,1.5199999809265137,288.3232727050781,143.41000366210938,44.90326690673828,19.36911392211914,64.46129608154297,108.2300033569336,472.05999755859375,382.17083740234375,23.145912170410156,948.0165405273438,332.390625,181.9499969482422,177.14041137695312,86.10208129882812,166.66757202148438,578.2647705078125,395.722412109375,207.50820922851562,24.440000534057617,148.88888549804688,237.3948516845703,61.04682159423828,743.1275024414062,520.465576171875,510.5118408203125,278.6526794433594,560.3877563476562,94.77560424804688,129.89511108398438,391.2554626464844,408.9132995605469,102.24846649169922,11.420000076293945,89.74800109863281,72.52230834960938,209.41000366210938,146.6118621826172,189.37115478515625,22.67403221130371,84.36892700195312,150.2999725341797,117.93228149414062,229.918212890625,218.97084045410156,96.84762573242188,47.182952880859375,106.4800033569336,168.39620971679688,171.35000610351562,470.70001220703125,339.6400146484375,187.57159423828125,189.7583465576172,69.63999938964844,,576.4200439453125,307.0812072753906,87.013427734375
2024-11-22,228.62112426757812,168.2117156982422,512.1500244140625,267.0602111816406,172.9311065673828,138.35000610351562,283.2822570800781,197.1199951171875,219.00701904296875,605.9199829101562,,633.6539916992188,1.6100000143051147,296.4908142089844,149.2899932861328,45.425174713134766,19.65094566345215,64.32846069335938,113.12999725341797,476.57000732421875,389.9203796386719,22.29652214050293,956.309814453125,338.5675964355469,186.0500030517578,179.5690155029297,86.51455688476562,163.81405639648438,584.735107421875,404.9297790527344,210.28001403808594,24.5,148.57293701171875,241.07080078125,61.20001220703125,741.2349243164062,520.6671752929688,516.2206420898438,280.4010925292969,556.4567260742188,94.13023376464844,129.60643005371094,392.8875427246094,413.00372314453125,102.12906646728516,11.319999694824219,89.77899932861328,74.74337005615234,212.1199951171875,141.8937225341797,189.23336791992188,23.143211364746094,86.30855560302734,151.5858154296875,118.16710662841797,230.1325225830078,220.14022827148438,99.20928192138672,47.82639694213867,106.95999908447266,169.8887939453125,167.44000244140625,475.0400085449219,352.55999755859375,186.43385314941406,189.56686401367188,71.51000213623047,,570.0336303710938,307.1010437011719,89.03150177001953
2024-11-25,231.60479736328125,168.3162841796875,518.72998046875,268.068359375,172.6047821044922,141.1300048828125,282.77252197265625,201.4499969482422,219.05667114257812,605.6599731445312,,643.423828125,1.6799999475479126,300.3384094238281,153.10000610351562,45.908424377441406,19.777969360351562,65.75165557861328,120.76000213623047,477.42999267578125,397.92498779296875,22.33513069152832,953.2147827148438,335.68701171875,192.82000732421875,178.63723754882812,86.80233764648438,166.6874542236328,584.9776000976562,413.2886657714844,211.64755249023438,24.8700008392334,149.15699768066406,242.75845336914062,61.640438079833984,748.1615600585938,501.14532470703125,521.909423828125,286.1099548339844,562.3980102539062,96.0094223022461,128.6153106689453,392.8875427246094,414.776611328125,103.95992279052734,11.890000343322754,86.55899810791016,76.5395278930664,210.54200744628906,135.96609497070312,185.00173950195312,23.61239242553711,87.30323791503906,153.5484619140625,116.09281158447266,227.75570678710938,217.80142211914062,98.57047271728516,47.82639694213867,111.0,173.0079803466797,171.4199981689453,481.3800048828125,338.5899963378906,181.52975463867188,194.286865234375,73.41999816894531,,584.466064453125,310.34124755859375,88.10614013671875
2024-11-26,233.7829132080078,172.19482421875,525.2999877929688,266.0520935058594,171.26980590820312,137.72000122070312,269.3167724609375,207.86000061035156,222.38247680664062,607.1599731445312,,631.5816650390625,1.690000057220459,300.69268798828125,150.75999450683594,46.150047302246094,18.75185775756836,64.97364807128906,118.54000091552734,478.55999755859375,400.0634460449219,22.354434967041016,963.7398681640625,339.7159118652344,192.32000732421875,182.9889373779297,87.62728118896484,168.14903259277344,587.3735961914062,414.1081848144531,211.46400451660156,24.049999237060547,149.1376953125,242.4480743408203,61.80320358276367,782.1707153320312,500.72283935546875,523.7727661132812,286.2451477050781,570.7875366210938,96.44600677490234,126.32513427734375,402.2843933105469,423.888427734375,101.29325866699219,11.630000114440918,87.26000213623047,74.9461669921875,214.01400756835938,136.86573791503906,187.34390258789062,23.25148582458496,86.47765350341797,151.72117614746094,118.01055145263672,228.97332763671875,217.5090789794922,97.44772338867188,48.80597686767578,112.08000183105469,172.52957153320312,171.27999877929688,476.6099853515625,338.2300109863281,180.31353759765625,192.39120483398438,71.55999755859375,,585.3922119140625,308.9837646484375,89.88795471191406
2024-11-27,233.65362548828125,174.03903198242188,513.6799926757812,263.8525695800781,169.4107666015625,136.24000549316406,269.3744812011719,205.74000549316406,220.3969268798828,614.5900268554688,,619.4434204101562,1.7300000190734863,299.3937072753906,152.39999389648438,46.169376373291016,19.00987434387207,64.89774322509766,120.72000122070312,483.0799865722656,396.0121154785156,22.064870834350586,953.869384765625,326.67889404296875,192.57000732421875,179.02383422851562,88.64408111572266,168.25839233398438,587.3056640625,414.0306091308594,210.76644897460938,23.649999618530273,149.98703002929688,242.2734832763672,61.68830871582031,781.0509643554688,504.85186767578125,527.6380004882812,285.0377197265625,566.4683837890625,97.86962890625,126.25778198242188,397.58599853515625,418.9363098144531,97.71116638183594,11.729999542236328,87.73400115966797,75.65110778808594,208.27999877929688,135.2863311767578,179.7958221435547,23.305620193481445,86.109619140625,151.20877075195312,117.74636840820312,226.01206970214844,214.53683471679688,98.2510757446289,48.959632873535156,112.54000091552734,171.24745178222656,173.6999969482422,475.239990234375,332.8900146484375,177.71437072753906,190.7061767578125,71.62000274658203,,586.926025390625,311.8375549316406,90.4490737915039
2024-11-28,,,,263.8525695800781,,,,,220.3969268798828,,,634.4435424804688,,,,,19.00987434387207,64.89774322509766,,,,22.064870834350586,,,,,,,,,,,,,,,,,,,,,397.58599853515625,,,11.729999542236328,,,,,,,,,,,214.53683471679688,,48.959632873535156,,171.24745178222656,,,,,,,,,,
2024-11-29,236.0405731201172,173.89642333984375,515.9299926757812,267.7934265136719,172.7629852294922,137.17999267578125,272.0675354003906,207.88999938964844,222.4817657470703,616.5499877929688,,649.73974609375,1.7799999713897705,299.81683349609375,155.44000244140625,45.918087005615234,19.24010467529297,66.43478393554688,118.38999938964844,483.0199890136719,398.376220703125,22.740522384643555,964.116943359375,326.6590270996094,199.27000427246094,180.57020568847656,88.80716705322266,167.97998046875,590.3517456054688,415.910888671875,213.7860565185547,24.049999237060547,149.61061096191406,242.2056121826172,61.818546295166016,788.1461181640625,508.3663024902344,528.1929931640625,285.9360656738281,571.5639038085938,96.46497344970703,126.6426773071289,396.69573974609375,419.40185546875,97.46241760253906,11.949999809265137,88.68099975585938,76.06634521484375,209.88800048828125,138.19520568847656,181.90179443359375,23.648481369018555,86.30855560302734,153.26808166503906,119.20426177978516,231.44757080078125,219.1657257080078,99.17057037353516,49.286163330078125,115.5999984741211,175.2468719482422,174.8000030517578,476.9599914550781,345.1600036621094,181.1177978515625,192.46780395507812,71.95999908447266,,588.6819458007812,312.2140808105469,91.05941772460938
2024-12-02,238.2882843017578,172.79371643066406,516.2000122070312,271.7342529296875,181.22760009765625,142.05999755859375,267.4797058105469,210.7100067138672,226.75070190429688,617.489990234375,,655.3645629882812,1.690000057220459,297.43548583984375,156.5399932861328,45.463836669921875,19.13888168334961,68.19954681396484,117.19999694824219,477.3299865722656,394.8447570800781,22.006956100463867,967.2119750976562,327.6687316894531,207.9199981689453,178.86521911621094,90.18846893310547,170.5054168701172,586.5887451171875,413.8077087402344,211.05099487304688,23.93000030517578,149.40794372558594,238.84002685546875,61.403717041015625,792.5557250976562,502.791015625,526.6270751953125,284.1868591308594,589.9850463867188,95.48741912841797,126.08457946777344,405.894775390625,426.8497619628906,98.05943298339844,11.8100004196167,89.77400207519531,76.76518249511719,209.68600463867188,138.5750274658203,178.52633666992188,23.296594619750977,86.06983947753906,157.6187286376953,116.12215423583984,235.33424377441406,225.15892028808594,98.2510757446289,49.7663459777832,112.9800033569336,179.99256896972656,172.4199981689453,480.2699890136719,357.0899963378906,190.6709747314453,193.1858673095703,73.06999969482422,,587.0611572265625,313.76983642578125,91.19725036621094
2024-12-03,241.3316650390625,172.53704833984375,516.260009765625,272.6507263183594,181.11883544921875,141.97999572753906,267.6913146972656,213.44000244140625,227.79310607910156,606.469970703125,,668.983154296875,1.6299999952316284,297.287841796875,155.0,45.2512092590332,19.087278366088867,68.12364959716797,115.58999633789062,470.19000244140625,391.6567077636719,22.103477478027344,974.304931640625,328.0845031738281,207.50999450683594,179.14276123046875,88.72081756591797,170.35629272460938,586.949462890625,416.12408447265625,208.3067169189453,22.469999313354492,147.05291748046875,237.45306396484375,61.27830505371094,805.9632568359375,499.5636291503906,521.4932861328125,286.1887512207031,610.7051391601562,96.66429138183594,125.516845703125,406.43878173828125,427.0676574707031,99.34300231933594,11.40999984741211,90.21700286865234,76.54194641113281,211.46400451660156,140.20440673828125,179.98280334472656,23.0620059967041,84.68721771240234,157.1836700439453,115.55464172363281,237.58444213867188,227.01046752929688,98.30915832519531,49.651100158691406,111.86000061035156,181.9827117919922,175.94000244140625,493.32000732421875,351.4200134277344,195.07484436035156,188.82965087890625,71.2699966430664,,583.8871459960938,310.16290283203125,92.05369567871094
2024-12-04,241.68971252441406,167.74591064453125,536.489990234375,275.0335693359375,179.14109802246094,143.99000549316406,267.6336364746094,218.16000366210938,228.68663024902344,624.9600219726562,,674.5094604492188,1.600000023841858,297.7700500488281,158.27999877929688,44.8162841796875,19.113080978393555,69.67967987060547,114.69999694824219,468.32000732421875,391.9019470214844,22.856348037719727,983.0048828125,364.15667724609375,201.57000732421875,181.05593872070312,87.85749053955078,173.36886596679688,583.6641235351562,414.7381286621094,210.9041290283203,21.959999084472656,145.22874450683594,236.07579040527344,60.01453399658203,822.3236694335938,500.0467834472656,516.4981689453125,286.7620849609375,610.8344116210938,96.20873260498047,125.08382415771484,410.345947265625,433.22802734375,102.68627166748047,11.260000228881836,91.10600280761719,76.06635284423828,224.62600708007812,145.0824737548828,185.19854736328125,22.764257431030273,88.85494995117188,157.91844177246094,116.6603012084961,247.04299926757812,235.53738403320312,97.46707153320312,49.70872116088867,113.43000030517578,183.60926818847656,186.50999450683594,502.3800048828125,357.92999267578125,196.84033203125,188.27435302734375,72.16000366210938,,589.2510986328125,307.0812072753906,92.97904205322266
2024-12-05,241.71954345703125,167.47023010253906,538.219970703125,279.1576843261719,170.11285400390625,141.36000061035156,263.85369873046875,220.5500030517578,227.8427734375,626.1199951171875,,670.26611328125,1.4900000095367432,295.73309326171875,156.6699981689453,45.425174713134766,19.35124969482422,71.34955596923828,118.83999633789062,470.57000732421875,387.45819091796875,23.242435455322266,974.4140014648438,357.732177734375,197.92999267578125,171.40093994140625,89.58414459228516,171.64881896972656,581.8021240234375,413.40069580078125,207.69178771972656,20.799999237060547,144.31185913085938,238.09320068359375,60.69948196411133,818.1419067382812,500.0274658203125,520.0958862304688,291.01849365234375,606.0077514648438,98.27774047851562,125.40137481689453,411.82965087890625,438.3782043457031,100.36788177490234,11.420000076293945,91.78700256347656,76.27017211914062,224.74400329589844,145.0124969482422,183.279541015625,23.188323974609375,88.57145690917969,155.87750244140625,115.9655990600586,248.9230194091797,235.19631958007812,96.04428100585938,49.670310974121094,114.08999633789062,184.7191619873047,183.05999755859375,493.510009765625,369.489990234375,200.38107299804688,184.770263671875,65.2300033569336,,558.5531616210938,306.26861572265625,93.8158187866211
2024-12-06,241.5206298828125,167.48924255371094,552.9600219726562,276.4082946777344,171.09182739257812,138.58999633789062,262.17047119140625,227.02999877929688,228.83554077148438,623.1099853515625,,668.68701171875,1.559999942779541,299.13787841796875,153.92999267578125,45.43489456176758,19.862321853637695,73.28510284423828,121.72000122070312,470.5,387.5072326660156,22.933565139770508,984.6812744140625,358.3360290527344,194.19000244140625,174.04763793945312,88.37548828125,173.70693969726562,584.6097412109375,418.0818786621094,207.7743682861328,20.920000076293945,144.1091766357422,239.91661071777344,60.323246002197266,819.2220458984375,495.7275695800781,523.8619995117188,290.5423278808594,620.776611328125,97.84114837646484,125.05497741699219,415.5389404296875,439.319091796875,100.66637420654297,11.420000076293945,93.4739990234375,76.57106018066406,224.8679962158203,142.39334106445312,188.64291381835938,23.215391159057617,89.40201568603516,155.02224731445312,115.44701385498047,247.5592803955078,235.82972717285156,96.89602661132812,49.40140151977539,118.37000274658203,185.33151245117188,183.63999938964844,498.6300048828125,389.2200012207031,199.1256561279297,184.87554931640625,66.08999633789062,,530.2381591796875,308.1811218261719,94.20958709716797
2024-12-09,245.40940856933594,167.8505096435547,547.9299926757812,273.6588439941406,169.9447784423828,130.8699951171875,267.0276794433594,226.08999633789062,231.61532592773438,611.010009765625,,666.1212158203125,1.590000033378601,291.9839172363281,157.0399932861328,44.61852264404297,20.075681686401367,75.14474487304688,120.81999969482422,463.8699951171875,391.6567077636719,23.454782485961914,979.9692993164062,348.021240234375,200.0,169.8248291015625,86.89825439453125,174.56297302246094,579.189453125,415.9593505859375,206.59039306640625,20.809999465942383,144.3890838623047,236.4734649658203,60.39077377319336,796.3015747070312,492.8094177246094,518.1632690429688,292.8648681640625,610.62548828125,98.5055160522461,123.72704315185547,418.9514465332031,441.7456359863281,102.30816650390625,11.710000038146973,91.36900329589844,75.35780334472656,224.0959930419922,138.7645263671875,187.42262268066406,23.549232482910156,89.5213851928711,156.2176513671875,114.06741333007812,246.00070190429688,234.36798095703125,96.12169647216797,50.28494644165039,115.29000091552734,185.75250244140625,180.75999450683594,482.5199890136719,389.7900085449219,195.34947204589844,185.2106475830078,65.73999786376953,,542.9246826171875,305.49578857421875,92.36870574951172
2024-12-10,246.4238739013672,166.9949188232422,547.0499877929688,273.6588439941406,166.29586791992188,127.73999786376953,265.219482421875,225.0399932861328,231.61532592773438,609.8800048828125,,661.4830322265625,1.5299999713897705,297.287841796875,164.10000610351562,44.4630241394043,20.075681686401367,75.14474487304688,116.8499984741211,462.489990234375,380.99371337890625,23.454782485961914,985.4650268554688,345.29901123046875,202.9199981689453,169.7752685546875,88.5769271850586,184.31787109375,570.327880859375,409.57232666015625,210.25247192382812,20.15999984741211,144.0319366455078,235.55201721191406,60.68983459472656,792.3377075195312,495.6405944824219,524.2980346679688,292.2234802246094,616.3479614257812,95.85755920410156,122.00460052490234,421.22650146484375,439.0814208984375,97.61166381835938,11.710000038146973,91.33499908447266,74.48426055908203,225.5679931640625,135.0257568359375,174.91465759277344,23.071027755737305,88.28797149658203,152.0580596923828,115.07521057128906,244.82203674316406,234.36798095703125,95.00862121582031,50.28494644165039,113.44999694824219,185.75250244140625,171.5500030517578,471.5799865722656,400.989990234375,188.2581787109375,182.07989501953125,64.95999908447266,,547.3505249023438,309.5386657714844,93.0774917602539
2024-12-11,245.15081787109375,165.75912475585938,549.9299926757812,276.4082946777344,169.222900390625,130.14999389648438,262.9688415527344,230.25999450683594,236.678466796875,605.8699951171875,,669.3778076171875,1.4800000190734863,297.5141906738281,165.9600067138672,44.78374481201172,19.843467712402344,74.46161651611328,119.33999633789062,461.3900146484375,381.46453857421875,23.821565628051758,986.7446899414062,351.2681579589844,201.0,167.168212890625,88.61530303955078,194.50079345703125,577.6686401367188,408.39959716796875,210.234130859375,20.1200008392334,141.5321502685547,236.20187377929688,60.42936706542969,788.8199462890625,487.2339782714844,529.6896362304688,287.7436218261719,629.643798828125,94.67121124267578,122.77440643310547,424.14447021484375,444.6871643066406,101.55195617675781,11.390000343322754,93.65599822998047,76.53223419189453,229.43600463867188,139.2643585205078,175.74130249023438,22.764257431030273,90.26739501953125,155.33323669433594,114.4196548461914,243.0686492919922,232.5164337158203,95.2602767944336,51.95598602294922,117.37000274658203,187.0728759765625,171.9600067138672,476.9100036621094,424.7699890136719,190.8671417236328,183.53518676757812,61.18000030517578,,516.6898193359375,310.93585205078125,93.48111724853516
2024-12-12,246.6128387451172,164.63742065429688,474.6300048828125,274.39202880859375,167.19573974609375,130.60000610351562,263.593994140625,228.97000122070312,234.7921905517578,603.4000244140625,,674.3120727539062,1.3899999856948853,295.5068054199219,167.75,44.78374481201172,20.021100997924805,75.88481140136719,120.69000244140625,458.6300048828125,373.5285949707031,23.1073055267334,980.4949951171875,354.416015625,196.32000732421875,163.39146423339844,88.61530303955078,191.07662963867188,576.7424926757812,401.6540222167969,208.97671508789062,20.780000686645508,141.14610290527344,234.26206970214844,61.58701705932617,775.2637939453125,479.83233642578125,527.6677856445312,288.25860595703125,627.762939453125,96.09483337402344,123.08232879638672,427.4085998535156,445.2516784667969,97.75096893310547,11.489999771118164,92.55500030517578,75.66841125488281,229.6840057373047,137.29501342773438,172.53314208984375,22.89057731628418,88.92457580566406,153.78799438476562,113.54883575439453,247.0625,235.3424835205078,94.67953491210938,51.667877197265625,115.30999755859375,185.61854553222656,170.0,480.1099853515625,418.1000061035156,188.3837127685547,183.54476928710938,61.40999984741211,,499.4807434082031,311.371826171875,92.62464904785156
2024-12-13,246.7819061279297,164.8085174560547,465.69000244140625,276.86651611328125,167.4627227783203,126.91000366210938,260.28533935546875,227.4600067138672,233.55123901367188,607.2050170898438,,678.6541748046875,1.3600000143051147,297.3174133300781,169.64999389648438,44.38527297973633,19.609268188476562,76.05559539794922,120.37999725341797,457.8999938964844,373.2637634277344,23.26173973083496,981.4473876953125,350.7335510253906,199.6699981689453,164.5611572265625,88.85713195800781,188.9464569091797,570.7665405273438,404.1351623535156,208.91246032714844,20.34000015258789,141.5128631591797,232.7199249267578,60.892425537109375,781.9725952148438,477.9674072265625,524.2881469726562,288.2294616699219,617.373046875,96.80664825439453,122.59159088134766,421.9189147949219,442.9836120605469,101.98975372314453,11.520000457763672,91.88700103759766,74.97926330566406,224.22000122070312,134.20602416992188,170.63380432128906,23.08005142211914,90.53594970703125,154.06983947753906,115.21219635009766,246.74102783203125,234.90396118164062,94.2923812866211,51.37976837158203,114.62999725341797,183.1117401123047,167.6699981689453,483.30999755859375,436.2300109863281,197.7605743408203,183.4298553466797,59.93000030517578,,504.0516662597656,311.8771667480469,92.98773193359375
2024-12-16,249.67608642578125,163.1544647216797,461.5299987792969,274.39202880859375,167.52206420898438,126.69000244140625,256.3227233886719,232.92999267578125,236.03318786621094,632.6400146484375,,678.9503173828125,1.3300000429153442,298.7245788574219,173.1699981689453,44.19089889526367,19.34926414489746,73.6456527709961,114.22000122070312,455.20001220703125,371.7040100097656,22.79843521118164,984.9392700195312,353.62408447265625,190.52999877929688,164.3430938720703,89.04092407226562,195.7550048828125,571.5952758789062,398.05828857421875,216.603759765625,20.829999923706055,138.83935546875,232.37074279785156,60.34253692626953,771.9441528320312,475.068603515625,525.5864868164062,289.30816650390625,621.7454223632812,95.72559356689453,124.16006469726562,422.11669921875,447.26226806640625,107.7210922241211,11.420000076293945,92.10800170898438,74.93073272705078,225.98599243164062,131.9567413330078,168.50814819335938,22.782302856445312,90.81446838378906,153.44784545898438,115.56443786621094,246.4098358154297,234.51416015625,90.13043212890625,51.64866638183594,115.94000244140625,182.0975341796875,172.47000122070312,484.8999938964844,463.0199890136719,198.9708251953125,181.39059448242188,60.25,,482.7655029296875,313.0167236328125,93.59943389892578
2024-12-17,252.1028289794922,166.71923828125,455.2300109863281,274.1170654296875,168.4416961669922,125.0199966430664,255.79371643066406,231.14999389648438,238.8625946044922,638.3300170898438,,694.147705078125,1.3200000524520874,296.5301818847656,173.02999877929688,43.782718658447266,19.182546615600586,74.34776306152344,117.38999938964844,455.6600036621094,368.6434326171875,22.489564895629883,974.2354125976562,347.4273376464844,188.27000427246094,164.35299682617188,89.76641082763672,194.52069091796875,560.238037109375,395.88726806640625,213.96961975097656,20.440000534057617,141.3101806640625,231.1874542236328,61.16254806518555,771.567626953125,474.0636901855469,526.2802124023438,287.7241516113281,616.964599609375,95.72559356689453,122.91873931884766,428.10101318359375,450.104736328125,108.05940246582031,11.0600004196167,91.91300201416016,75.70722198486328,222.94400024414062,130.3472900390625,167.01229858398438,23.846981048583984,90.3768081665039,153.47698974609375,114.88929748535156,244.47137451171875,232.9549560546875,89.13349151611328,51.18769073486328,119.48999786376953,184.585205078125,170.80999755859375,474.3699951171875,479.8599853515625,197.43588256835938,180.10765075683594,61.029998779296875,,470.1951904296875,315.4047546386719,94.14205932617188
2024-12-18,246.70233154296875,164.47581481933594,441.30999755859375,272.7424011230469,163.60618591308594,121.41000366210938,248.8975067138672,220.52000427246094,240.053955078125,624.1799926757812,,707.8648071289062,1.1799999475479126,283.1866149902344,172.6199951171875,42.27631759643555,19.07537078857422,74.00619506835938,111.61000061035156,446.5899963378906,356.96026611328125,22.37373924255371,957.0339965820312,334.2068786621094,184.27000427246094,158.5540313720703,87.72538757324219,187.53298950195312,536.4219360351562,381.68853759765625,208.2149200439453,19.299999237060547,139.70799255371094,223.43788146972656,60.631954193115234,757.7836303710938,466.65234375,515.32861328125,282.6708984375,594.8035278320312,94.08009338378906,116.47162628173828,426.8151550292969,433.1983337402344,103.38279724121094,11.359999656677246,88.95500183105469,74.63955688476562,212.197998046875,128.86778259277344,162.78065490722656,23.359756469726562,84.99557495117188,148.7440185546875,111.98332214355469,238.1201934814453,234.173095703125,87.01380920410156,51.2068977355957,109.69999694824219,186.3074493408203,162.58999633789062,448.6499938964844,440.1300048828125,192.41781616210938,177.12054443359375,61.22999954223633,,483.9469909667969,306.9622497558594,92.29710388183594
2024-12-19,248.43289184570312,163.04986572265625,437.3900146484375,272.100830078125,159.640869140625,118.87999725341797,251.2154998779297,223.2899932861328,240.2524871826172,626.030029296875,,681.7134399414062,1.190000057220459,288.40203857421875,177.0399932861328,42.15969467163086,18.726057052612305,73.32305908203125,111.33999633789062,449.3399963378906,353.5072937011719,22.37373924255371,947.1732788085938,333.21588134765625,175.8800048828125,163.36172485351562,88.11228942871094,187.6425018310547,540.0679321289062,373.1596374511719,208.23329162597656,19.059999465942383,138.57876586914062,225.94993591308594,60.24607467651367,750.6785278320312,463.4830017089844,518.619140625,282.0392761230469,593.18994140625,95.208984375,115.9520034790039,421.1769714355469,432.841796875,86.65647888183594,11.380000114440918,90.2040023803711,74.83367919921875,214.9739990234375,130.63717651367188,166.10691833496094,23.25148582458496,86.3185043334961,146.1685791015625,112.9715576171875,239.32809448242188,231.00595092773438,85.91041564941406,50.40019226074219,107.06999969482422,181.25555419921875,164.2100067138672,454.1600036621094,436.1700134277344,191.5126190185547,176.61312866210938,60.209999084472656,,473.8074951171875,312.01593017578125,92.14912414550781
2024-12-20,253.10736083984375,166.90936279296875,447.1700134277344,269.9929504394531,161.76690673828125,119.20999908447266,253.32183837890625,224.9199981689453,240.55032348632812,623.8200073242188,,677.0752563476562,1.190000057220459,293.88311767578125,177.35000610351562,42.92747497558594,18.791553497314453,73.60769653320312,113.08000183105469,453.20001220703125,359.0693054199219,22.624696731567383,946.44921875,340.5693359375,182.38999938964844,166.90057373046875,89.54391479492188,190.52914428710938,551.8735961914062,380.50616455078125,209.554931640625,19.520000457763672,139.437744140625,230.45033264160156,60.34253692626953,760.8059692382812,472.5273132324219,523.326904296875,284.42010498046875,582.9111938476562,93.80267333984375,118.78104400634766,418.6052551269531,432.4158935546875,89.67139434814453,11.489999771118164,90.90499877929688,74.67839050292969,218.25,134.65586853027344,166.96310424804688,23.78382110595703,86.66664123535156,148.5885009765625,113.96956634521484,241.48085021972656,230.71359252929688,85.14576721191406,50.035247802734375,108.94999694824219,181.08331298828125,166.2899932861328,460.8800048828125,421.05999755859375,194.0413055419922,178.910888671875,60.72999954223633,,484.34405517578125,314.82012939453125,91.00464630126953
2024-12-23,253.8831329345703,169.58059692382812,446.739990234375,269.6263732910156,165.5937957763672,124.5999984741211,253.91818237304688,225.05999755859375,243.1315460205078,628.3200073242188,,674.805419921875,1.2000000476837158,294.0307312011719,177.69000244140625,42.65534210205078,18.74590301513672,73.00047302246094,113.51000213623047,454.3500061035156,358.4317321777344,22.4123477935791,942.3223876953125,339.8260192871094,186.36000061035156,167.54490661621094,90.34679412841797,193.73434448242188,556.43603515625,380.3608093261719,208.471923828125,20.200000762939453,140.2098846435547,231.21653747558594,60.17853927612305,789.0676879882812,470.08258056640625,524.24853515625,283.0693359375,597.452880859375,95.06549835205078,119.75292205810547,412.2253112792969,431.078857421875,89.27338409423828,11.699999809265137,91.1449966430664,74.50367736816406,217.65199279785156,139.62423706054688,166.4513702392578,24.0996150970459,86.4378662109375,153.78799438476562,114.1163330078125,242.41600036621094,230.3238067626953,84.63278198242188,50.035247802734375,109.25,180.8154296875,161.44000244140625,456.2900085449219,430.6000061035156,204.02822875976562,182.0416259765625,61.869998931884766,,490.3580322265625,314.3345947265625,89.13996124267578
2024-12-24,256.7972106933594,171.11111450195312,447.94000244140625,,166.49365234375,126.29000091552734,254.3894805908203,229.0500030517578,,629.989990234375,,679.4437255859375,1.2300000190734863,298.6163330078125,179.33999633789062,43.131561279296875,,,114.12999725341797,458.6600036621094,360.5701904296875,,951.1612548828125,341.34234619140625,186.2100067138672,169.9933319091797,90.87881469726562,195.20751953125,568.1441650390625,383.9371643066406,210.0872802734375,20.399999618530273,140.76968383789062,235.01856994628906,60.622310638427734,788.4631958007812,471.6673278808594,530.9384155273438,285.6931457519531,605.3212890625,95.14202117919922,122.26441192626953,,435.1197509765625,88.83556365966797,,93.21199798583984,74.53279113769531,221.11199951171875,140.174072265625,168.685302734375,24.126686096191406,87.78068542480469,154.87649536132812,114.31202697753906,247.07223510742188,,87.02348327636719,,110.18000030517578,,163.05999755859375,461.6400146484375,462.2799987792969,203.0147705078125,184.24368286132812,61.709999084472656,,490.1256103515625,317.7333984375,91.43875885009766
2024-12-26,257.61273193359375,170.35061645507812,450.1600036621094,,165.68280029296875,125.05999755859375,253.12948608398438,227.0500030517578,,632.0399780273438,,,1.25,299.13787841796875,180.3800048828125,43.29677963256836,,,113.7699966430664,459.0799865722656,360.12872314453125,,948.502685546875,338.6566162109375,183.7100067138672,170.64756774902344,91.32377624511719,194.69989013671875,566.6233520507812,382.9679260253906,212.8040008544922,20.440000534057617,140.5090789794922,235.82362365722656,60.361839294433594,786.9470825195312,473.4549560546875,531.3743896484375,286.48028564453125,600.9389038085938,95.54383087158203,123.19779205322266,,433.9114074707031,89.37288665771484,,92.41400146484375,74.67839050292969,219.82200622558594,139.88417053222656,168.9509735107422,23.964275360107422,87.67127227783203,154.06983947753906,114.51749420166016,246.94558715820312,,88.91088104248047,,109.95999908447266,,163.47999572753906,457.9800109863281,454.1300048828125,199.79730224609375,183.5638885498047,61.560001373291016,,495.0162048339844,317.9910583496094,91.54729461669922
2024-12-27,254.20138549804688,169.21937561035156,446.4800109863281,270.4512023925781,164.97079467773438,125.19000244140625,252.61972045898438,223.75,242.4862518310547,626.3099975585938,,675.8910522460938,1.2799999713897705,296.24481201171875,180.72000122070312,43.092689514160156,19.134912490844727,74.32878112792969,113.94999694824219,456.510009765625,357.91180419921875,22.47026252746582,932.1939697265625,335.41595458984375,182.6300048828125,168.87033081054688,91.03357696533203,191.87294006347656,561.7003173828125,380.75811767578125,210.6471405029297,20.299999237060547,139.99754333496094,233.91290283203125,60.24607467651367,776.076416015625,472.4789733886719,527.4595947265625,285.3335876464844,597.4130859375,95.38118743896484,121.9757308959961,407.77410888671875,426.4040832519531,88.18880462646484,11.3100004196167,90.75499725341797,74.17366790771484,216.29200744628906,136.96511840820312,166.2742462158203,24.018415451049805,86.39807891845703,152.81613159179688,114.19461059570312,243.67259216308594,233.3934783935547,89.28836059570312,50.035247802734375,108.18000030517578,181.4086456298828,158.64999389648438,456.4800109863281,431.6600036621094,198.3903045654297,183.03732299804688,61.130001068115234,,493.8927917480469,315.76153564453125,90.43242645263672
2024-12-30,250.8297882080078,167.49874877929688,445.79998779296875,271.1843566894531,161.8163604736328,122.44000244140625,249.3976593017578,221.3000030517578,242.4862518310547,619.9600219726562,,663.0621337890625,1.350000023841858,292.58416748046875,176.5500030517578,42.67478561401367,19.166669845581055,74.93601989746094,112.58000183105469,452.1600036621094,356.0970153808594,22.431652069091797,914.84375,332.730224609375,178.07000732421875,166.90438842773438,89.00223541259766,190.3599395751953,559.1363525390625,377.43377685546875,207.97630310058594,19.81999969482422,138.34710693359375,232.11856079101562,59.84088897705078,766.8309936523438,467.06787109375,520.8687744140625,281.4270324707031,588.877197265625,94.10881805419922,121.00386047363281,403.6197204589844,420.75872802734375,84.99562072753906,11.270000457763672,90.04299926757812,72.45569610595703,213.5399932861328,137.4449462890625,164.2567901611328,23.83795738220215,84.9756851196289,150.23095703125,112.7367172241211,242.38677978515625,230.2750701904297,87.67196655273438,50.035247802734375,106.69000244140625,181.4086456298828,154.97000122070312,451.7900085449219,417.4100036621094,197.17019653320312,179.9544677734375,60.77000045776367,,491.77191162109375,312.44195556640625,89.35702514648438
2024-12-31,249.0594482421875,168.9246826171875,444.67999267578125,,160.81761169433594,120.79000091552734,250.68650817871094,219.38999938964844,,615.0,,669.7725830078125,1.3300000429153442,292.0528259277344,177.0,42.713661193847656,,,113.94999694824219,453.2799987792969,355.8517761230469,,908.9511108398438,331.3328552246094,176.24000549316406,165.60369873046875,89.35045623779297,188.4288787841797,558.229736328125,377.0073547363281,207.3246612548828,20.049999237060547,139.58251953125,232.49684143066406,60.062774658203125,765.007568359375,469.5511779785156,521.8797607421875,281.7088317871094,583.1702270507812,95.17073059082031,120.97498321533203,,417.4606018066406,83.849853515625,,89.13200378417969,73.44571685791016,212.0240020751953,134.2460174560547,163.99111938476562,23.93720817565918,84.89610290527344,149.2979736328125,113.22594451904297,239.83462524414062,,88.32047271728516,,106.33000183105469,,154.41000366210938,447.3800048828125,403.8399963378906,194.3168182373047,179.5236358642578,60.31999969482422,,489.8931884765625,313.1653747558594,89.13996124267578
2025-01-02,242.52516174316406,170.57875061035156,441.0,272.0091857910156,162.0437774658203,120.62999725341797,249.37840270996094,220.22000122070312,237.22450256347656,620.1599731445312,,680.9240112304688,1.600000023841858,293.66656494140625,171.8699951171875,43.044097900390625,19.24010467529297,74.10107421875,115.30000305175781,451.1000061035156,352.918701171875,22.701913833618164,902.542724609375,327.6957702636719,186.47000122070312,167.39089965820312,88.87647247314453,188.55825805664062,560.5206298828125,376.4936828613281,206.9850616455078,20.219999313354492,139.00341796875,232.77809143066406,59.65760040283203,771.0225830078125,465.98565673828125,517.7470092773438,284.2548828125,596.8453369140625,94.87416076660156,120.07047271728516,406.78497314453125,414.568603515625,87.0081787109375,11.75,88.6729965209961,71.50450134277344,210.8679962158203,138.2646942138672,163.3907928466797,24.00939178466797,85.72169494628906,149.3174285888672,113.50969696044922,236.8246307373047,232.46771240234375,89.21092987060547,49.19012451171875,107.52999877929688,180.94937133789062,157.50999450683594,457.7900085449219,379.2799987792969,198.34109497070312,178.9874725341797,63.16999816894531,,488.5857849121094,311.5402526855469,88.79463958740234
2025-01-03,242.03782653808594,172.27085876464844,430.57000732421875,272.100830078125,168.16481018066406,125.37000274658203,251.24435424804688,224.19000244140625,234.74256896972656,621.2899780273438,,678.9503173828125,1.7699999809265137,298.943603515625,169.89999389648438,43.549468994140625,18.84514045715332,72.50708770751953,115.79000091552734,453.55999755859375,356.8621826171875,22.605392456054688,909.2586669921875,329.9156799316406,186.42999267578125,170.7369384765625,88.42183685302734,190.90740966796875,565.5509643554688,377.1915283203125,207.9028778076172,20.559999465942383,139.16751098632812,235.9593963623047,59.57077407836914,774.8971557617188,465.5701599121094,516.7161254882812,286.4608459472656,602.2136840820312,94.84545135498047,121.18668365478516,405.00457763671875,419.29290771484375,89.538818359375,11.899999618530273,88.1050033569336,71.15508270263672,214.75399780273438,144.4226837158203,163.67617797851562,23.991342544555664,87.13414001464844,153.38951110839844,113.37271118164062,235.149169921875,228.86204528808594,89.60777282714844,49.17091751098633,109.25,178.71046447753906,162.22000122070312,466.69000244140625,410.44000244140625,205.25814819335938,182.39585876464844,64.58999633789062,,496.8077697753906,312.0456237792969,89.564208984375
2025-01-06,243.66891479492188,171.2061767578125,431.17999267578125,274.02545166015625,175.50213623046875,129.5500030517578,248.7147674560547,227.61000061035156,235.09002685546875,645.3699951171875,,737.9636840820312,1.7799999713897705,297.75994873046875,170.77999877929688,44.12287139892578,19.569570541381836,75.71402740478516,120.20999908447266,451.4100036621094,357.264404296875,22.9721736907959,915.3396606445312,327.56695556640625,191.27000427246094,171.2234649658203,88.24773406982422,195.9640350341797,568.7291259765625,377.37567138671875,203.51573181152344,19.8700008392334,138.6559600830078,234.80899047851562,58.66394805908203,758.1700439453125,450.2836608886719,507.3701171875,283.9342346191406,627.6815795898438,95.40032958984375,123.7847671508789,410.64263916015625,423.7497863769531,98.89421081542969,11.930000305175781,88.17900085449219,69.88360595703125,215.41000366210938,149.38104248046875,163.05621337890625,24.262025833129883,89.05387878417969,155.35269165039062,111.64086151123047,240.6528778076172,233.1498565673828,90.14010620117188,50.01604080200195,114.23999786376953,184.73829650878906,163.0800018310547,468.92999267578125,411.04998779296875,216.47496032714844,183.99473571777344,66.30999755859375,,497.4566345214844,310.1926574707031,90.20549774169922
2025-01-07,240.89407348632812,170.664306640625,422.6300048828125,275.21685791015625,175.8383331298828,127.33000183105469,252.05227661132812,222.11000061035156,233.20375061035156,648.6199951171875,,728.6873168945312,1.75,297.8980712890625,172.50999450683594,44.78374481201172,19.635068893432617,74.82215881347656,126.87999725341797,452.9200134277344,356.0872497558594,23.22313117980957,914.0104370117188,322.0171203613281,197.72999572753906,171.08445739746094,87.6673355102539,194.59039306640625,565.541259765625,372.3940124511719,202.4969482421875,20.010000228881836,141.13644409179688,237.07080078125,58.69289016723633,766.2858276367188,448.3124694824219,506.84490966796875,281.17437744140625,615.4207763671875,96.64401245117188,122.09119415283203,405.8453063964844,418.322265625,101.53445434570312,11.880000114440918,87.91899871826172,69.97093200683594,210.8300018310547,140.09408569335938,159.4543914794922,24.47856903076172,87.50218200683594,156.00384521484375,112.3257827758789,243.04916381835938,237.09658813476562,89.85941314697266,49.97762680053711,106.77999877929688,185.1784210205078,158.83999633789062,463.92999267578125,394.3599853515625,208.0229949951172,184.02346801757812,66.1500015258789,,498.01837158203125,308.83514404296875,89.59380340576172
2025-01-08,241.38140869140625,169.6851806640625,419.5799865722656,276.4082946777344,175.01759338378906,121.83999633789062,254.1201629638672,222.1300048828125,233.20375061035156,649.260009765625,,714.772705078125,1.6200000047683716,298.7167663574219,171.75999450683594,44.91008377075195,19.5159854888916,72.8296890258789,122.1500015258789,451.8399963378906,354.1939392089844,22.663305282592773,919.9624633789062,323.9694519042969,191.1300048828125,171.6603240966797,86.22604370117188,193.05746459960938,565.44384765625,375.2725524902344,202.0747833251953,19.8799991607666,137.31439208984375,237.0318145751953,59.53218460083008,780.0896606445312,453.03759765625,511.8004150390625,278.80322265625,608.2794189453125,95.52468872070312,123.03421020507812,408.1203308105469,420.49127197265625,99.04366302490234,11.880000114440918,87.5,69.1944580078125,209.8159942626953,140.06410217285156,160.54673767089844,24.23495864868164,87.47234344482422,154.60435485839844,113.42162322998047,246.92611694335938,238.50961303710938,89.62712097167969,49.97762680053711,107.63999938964844,185.1784210205078,161.02999877929688,479.7300109863281,394.94000244140625,203.7920684814453,183.49688720703125,64.91000366210938,,507.9642028808594,309.75665283203125,90.5705337524414
2025-01-09,,,,275.400146484375,,,,,234.39511108398438,,,724.2465209960938,,,,,19.607282638549805,71.6531753540039,,,,22.33513069152832,,,,,,,,,,,,,,,,,,,,,406.48828125,,,11.1899995803833,,,,,,,,,,,238.8994140625,,49.03646469116211,,188.10623168945312,,,,,,,,,,
2025-01-10,235.56320190429688,166.51962280273438,405.9200134277344,271.2760009765625,169.7371063232422,116.04000091552734,252.21575927734375,218.94000244140625,226.89959716796875,656.260009765625,,715.7596435546875,1.5,289.2970275878906,172.0,43.841026306152344,19.829574584960938,72.4691390991211,122.8499984741211,442.6600036621094,344.31573486328125,22.489564895629883,929.4559936523438,315.0006103515625,189.24000549316406,170.46885681152344,86.94185638427734,191.15626525878906,545.9269409179688,377.879638671875,200.25750732421875,19.149999618530273,137.1116943359375,233.85357666015625,58.914772033691406,792.6549072265625,452.2645263671875,500.9120178222656,274.3427429199219,613.3988647460938,94.95068359375,118.79065704345703,403.12518310546875,414.93505859375,98.97392272949219,11.279999732971191,83.76899719238281,69.10710906982422,204.91400146484375,135.86549377441406,152.41778564453125,24.1086368560791,82.91669464111328,152.5634307861328,112.62908935546875,245.01686096191406,239.58157348632812,89.28836059570312,49.4398193359375,103.70999908447266,186.09693908691406,162.4600067138672,459.5299987792969,394.739990234375,205.02198791503906,182.05120849609375,65.97000122070312,,504.255126953125,304.9111022949219,91.75447082519531
2025-01-13,233.12649536132812,168.0120849609375,408.5,269.3514404296875,168.95591735839844,117.31999969482422,259.87176513671875,218.4600067138672,224.71551513671875,670.4000244140625,,702.1412353515625,1.4199999570846558,292.96630859375,170.57000732421875,43.79243087768555,19.882169723510742,72.31733703613281,113.73999786376953,443.9100036621094,355.59674072265625,22.29652214050293,917.313720703125,316.2096862792969,183.61000061035156,170.34974670410156,86.99990844726562,190.13099670410156,548.8027954101562,377.1915283203125,201.0926971435547,19.200000762939453,139.437744140625,238.08473205566406,59.474300384521484,790.2567749023438,466.8649597167969,501.15020751953125,275.6255187988281,605.8991088867188,96.60574340820312,119.3102798461914,400.99853515625,413.19195556640625,94.70968627929688,11.609999656677246,84.02899932861328,69.96124267578125,203.1479949951172,133.18637084960938,151.84561157226562,24.180822372436523,83.5433349609375,152.709228515625,115.20240783691406,243.0686492919922,237.68128967285156,90.5079116821289,48.729148864746094,101.76000213623047,184.83396911621094,162.42999267578125,458.5400085449219,403.30999755859375,198.1246337890625,182.95115661621094,65.69999694824219,,524.0595703125,304.1283264160156,90.30415344238281
2025-01-14,232.01258850097656,166.880859375,412.7099914550781,270.909423828125,171.7147979736328,116.08999633789062,256.8997802734375,217.75999450683594,226.1053924560547,665.5999755859375,,703.3253784179688,1.3300000429153442,296.2607421875,167.02000427246094,44.49217987060547,19.452470779418945,72.0896224975586,112.43000030517578,450.0299987792969,364.4940490722656,22.006956100463867,909.9033813476562,320.63958740234375,185.35000610351562,175.60208129882812,88.02523803710938,188.7871856689453,557.1671752929688,380.68060302734375,200.54200744628906,19.200000762939453,139.70799255371094,241.262939453125,59.85053634643555,738.1629028320312,468.12109375,505.2296142578125,273.63336181640625,591.875244140625,95.33336639404297,119.91651153564453,399.9104309082031,411.6865539550781,97.00121307373047,11.869999885559082,82.83999633789062,69.07798767089844,206.25799560546875,131.71682739257812,154.2034149169922,23.828937530517578,86.71637725830078,155.04168701171875,116.89511108398438,246.93585205078125,241.092041015625,90.08203887939453,49.03646469116211,101.61000061035156,185.5802764892578,163.41000366210938,463.5899963378906,396.3599853515625,198.2131805419922,185.25851440429688,64.83999633789062,,526.5775146484375,306.2785949707031,89.5740737915039
2025-01-15,236.57765197753906,164.42433166503906,417.2799987792969,276.13330078125,176.39208984375,119.95999908447266,258.66949462890625,223.35000610351562,229.13339233398438,665.1900024414062,,703.3253784179688,1.440000057220459,308.0575256347656,166.1999969482422,45.775047302246094,20.571868896484375,73.09534454345703,113.66999816894531,458.510009765625,367.75079345703125,22.875654220581055,916.1233520507812,318.28094482421875,186.82000732421875,179.00767517089844,89.3601303100586,194.6501007080078,590.69287109375,393.58062744140625,201.49655151367188,19.719999313354492,139.92034912109375,246.02053833007812,59.590065002441406,739.976318359375,467.6476135253906,518.4603271484375,274.3330383300781,614.6539306640625,95.75430297851562,125.62271118164062,409.7029724121094,422.2244873046875,102.80973052978516,12.479999542236328,84.82599639892578,68.9809341430664,210.8260040283203,136.1953887939453,156.1764373779297,23.657503128051758,89.16329193115234,159.78440856933594,116.5233154296875,255.01121520996094,247.13397216796875,90.09172058105469,49.478233337402344,104.23999786376953,187.13027954101562,165.7100067138672,490.69000244140625,428.2200012207031,203.4772186279297,189.0977020263672,67.0199966430664,,526.267578125,313.4031982421875,90.11669921875
2025-01-16,227.0198516845703,166.67935180664062,426.92999267578125,278.2412109375,184.4018096923828,118.44000244140625,259.1408386230469,220.66000366210938,221.6378936767578,659.8099975585938,,735.5952758789062,1.3899999856948853,307.22900390625,168.92999267578125,45.32798767089844,20.581790924072266,72.33631134033203,112.76000213623047,462.80999755859375,373.302978515625,23.30034828186035,912.4032592773438,317.13134765625,190.88999938964844,178.4616241455078,88.65399932861328,192.02224731445312,597.5852661132812,396.7207946777344,204.3876495361328,19.670000076293945,142.622802734375,247.89239501953125,60.05312728881836,750.738037109375,470.4401550292969,519.2445678710938,271.84527587890625,608.8570556640625,96.33787536621094,130.68417358398438,409.8513488769531,420.5110778808594,102.22190856933594,12.069999694824219,84.23699951171875,69.0197525024414,211.4320068359375,133.52626037597656,157.38986206054688,23.9011173248291,88.4471206665039,156.8882293701172,117.8637924194336,254.80661010742188,248.5469970703125,91.39837646484375,48.97883987426758,103.5,186.72842407226562,167.63999938964844,490.3399963378906,413.82000732421875,211.33883666992188,179.38958740234375,68.58000183105469,,494.473876953125,314.36431884765625,90.0772476196289
2025-01-17,228.7305145263672,164.62583923339844,429.989990234375,280.2574462890625,189.9097442626953,121.45999908447266,261.71844482421875,225.94000244140625,222.43211364746094,640.52001953125,,729.3779907226562,1.4600000381469727,308.2942199707031,171.08999633789062,45.2210807800293,20.983701705932617,73.15227508544922,111.93000030517578,467.95001220703125,378.6688232421875,23.30034828186035,935.6560668945312,321.65045166015625,192.8800048828125,181.5494842529297,88.83777618408203,195.0980224609375,610.2097778320312,396.7692565917969,204.2866668701172,21.489999771118164,141.9085693359375,252.6597442626953,60.496891021728516,719.146728515625,473.7834777832031,520.7927856445312,273.02117919921875,610.3213500976562,93.67829895019531,132.66641235351562,412.1263427734375,424.9184265136719,105.36029815673828,12.069999694824219,85.80999755859375,68.75768280029297,214.29600524902344,137.66490173339844,158.8597869873047,23.729684829711914,91.3217544555664,159.93016052246094,118.49977111816406,256.02423095703125,250.3011016845703,92.07589721679688,48.97883987426758,103.3499984741211,192.172607421875,170.7899932861328,485.5299987792969,426.5,208.10171508789062,184.22451782226562,67.33999633789062,,493.6700744628906,316.7127685546875,90.70867156982422
2025-01-20,,,,280.53240966796875,,,,,221.98536682128906,,,738.1611328125,,,,,21.117673873901367,75.2016830444336,,,,23.30034828186035,,,,,,,,,,,,,,,,,,,,,409.3072814941406,,,12.069999694824219,,,,,,,,,,,249.4727783203125,,48.97883987426758,,193.08157348632812,,,,,,,,,,
2025-01-21,221.43038940429688,165.6334228515625,436.3599853515625,280.53240966796875,190.72061157226562,122.27999877929688,264.3153381347656,230.7100067138672,221.98536682128906,647.3900146484375,,722.7662963867188,1.5,313.6106262207031,175.55999755859375,45.3474235534668,21.276451110839844,75.2016830444336,117.25,468.57000732421875,392.2063903808594,23.30034828186035,940.1597290039062,323.9100036621094,183.50999450683594,186.16639709472656,89.92117309570312,197.1385955810547,618.7886352539062,405.54046630859375,206.57205200195312,21.770000457763672,142.98956298828125,256.43267822265625,60.217124938964844,735.6260986328125,489.2148742675781,524.1278686523438,274.63427734375,613.9965209960938,92.07107543945312,132.11795043945312,406.9333801269531,424.3935241699219,108.97691345214844,12.069999694824219,86.96800231933594,71.01919555664062,219.3699951171875,140.78387451171875,170.2442626953125,24.03645896911621,89.2926025390625,162.56393432617188,123.0397720336914,262.3169860839844,249.4727783203125,94.83440399169922,48.97883987426758,106.27999877929688,193.08157348632812,173.52999877929688,487.510009765625,424.07000732421875,215.18600463867188,186.91481018066406,67.73999786376953,,508.41937255859375,320.6863098144531,91.83340454101562
2025-01-22,222.61392211914062,162.36122131347656,437.32000732421875,280.89898681640625,193.3311767578125,123.75,262.9976806640625,235.00999450683594,212.3553924560547,639.8400268554688,,738.2597045898438,1.5199999809265137,317.8519592285156,174.8000030517578,44.501895904541016,20.82492446899414,74.21492767333984,115.16999816894531,460.510009765625,391.4679870605469,23.35826301574707,937.1541137695312,329.63818359375,171.89999389648438,187.02029418945312,89.99855041503906,197.45713806152344,616.8291625976562,397.4670715332031,204.7548065185547,21.860000610351562,140.2098846435547,256.2474365234375,59.59971237182617,747.1507568359375,482.499267578125,523.2543334960938,273.40985107421875,621.0084228515625,91.53533172607422,130.8669891357422,421.0780944824219,441.9239501953125,108.82748413085938,11.40999984741211,95.39900207519531,71.86363220214844,225.03399658203125,147.0218505859375,181.73724365234375,23.46803092956543,89.37217712402344,165.45037841796875,121.69929504394531,265.930908203125,255.6121368408203,94.5924301147461,51.821537017822266,106.37000274658203,198.20042419433594,177.49000549316406,493.55999755859375,415.1099853515625,219.6137237548828,188.65731811523438,67.81999969482422,,503.3157043457031,320.6169738769531,91.98139953613281
2025-01-23,222.44485473632812,163.7718048095703,437.2799987792969,284.8398132324219,188.57479858398438,123.04000091552734,267.26812744140625,235.4199981689453,213.94386291503906,652.1900024414062,,705.8912353515625,1.5099999904632568,321.4225769042969,178.5,45.085018157958984,20.914236068725586,73.41793823242188,122.12000274658203,459.8299865722656,400.1221923828125,23.242435455322266,934.63427734375,331.659912109375,174.11000061035156,199.371826171875,89.88247680664062,197.06890869140625,623.4291381835938,401.625,207.11355590820312,21.56999969482422,141.5321502685547,259.2794494628906,59.35853576660156,759.656494140625,480.5087585449219,530.241943359375,276.40289306640625,633.9066162109375,92.4441909790039,132.59906005859375,421.5232238769531,442.4290466308594,104.45365142822266,11.65999984741211,98.48600006103516,72.10627746582031,226.83999633789062,147.17178344726562,183.95692443847656,23.85600471496582,89.25281524658203,169.4544677734375,123.5681381225586,268.2395324707031,255.7095947265625,94.84407043457031,52.18647384643555,106.0999984741211,199.97048950195312,174.94000244140625,501.5,412.3800048828125,221.01089477539062,192.06568908691406,68.30000305175781,,513.0485229492188,325.2246398925781,92.55361938476562
2025-01-24,221.5696258544922,163.41677856445312,435.3800048828125,284.8398132324219,184.66880798339844,122.83999633789062,264.902099609375,234.85000610351562,213.94386291503906,648.9400024414062,,691.4832153320312,1.5800000429153442,316.9544372558594,176.05999755859375,45.211360931396484,20.914236068725586,73.41793823242188,118.13999938964844,463.19000244140625,401.3332214355469,23.242435455322266,932.1741333007812,330.8869323730469,168.25,195.35061645507812,90.02758026123047,199.28866577148438,620.8944702148438,401.7315368652344,203.3046417236328,20.829999923706055,141.70590209960938,258.197265625,59.734771728515625,778.2960815429688,480.1995544433594,529.5173950195312,277.4038391113281,644.9025268554688,91.41097259521484,132.61831665039062,419.69329833984375,439.8044128417969,102.80973052978516,11.65999984741211,97.75900268554688,71.40744018554688,224.99600219726562,142.57327270507812,181.1256103515625,23.929380416870117,88.63611602783203,167.26776123046875,122.6092529296875,269.1357421875,255.7095947265625,95.63775634765625,52.18647384643555,107.68000030517578,199.97048950195312,174.1199951171875,510.42999267578125,406.5799865722656,218.31492614746094,177.618408203125,68.55999755859375,,515.7019653320312,327.19659423828125,93.49089813232422
2025-01-27,228.6111602783203,169.75,438.6000061035156,286.8560791015625,172.62454223632812,115.01000213623047,272.14447021484375,235.4199981689453,216.02870178222656,648.8200073242188,,643.0289916992188,1.4500000476837158,312.1015930175781,175.16000366210938,45.76533126831055,21.281414031982422,76.89054107666016,119.75,474.70001220703125,388.87860107421875,23.1073055267334,957.5399169921875,343.9884033203125,164.30999755859375,193.07688903808594,92.23303985595703,190.92730712890625,617.3654174804688,411.7821044921875,207.15943908691406,20.290000915527344,147.56446838378906,259.18194580078125,61.61595916748047,800.8499755859375,486.7025451660156,543.5620727539062,284.81854248046875,657.2429809570312,93.69744110107422,131.49246215820312,402.7294921875,430.3954772949219,90.77424621582031,11.460000038146973,97.18900299072266,73.35836029052734,228.12399291992188,118.3812026977539,156.14686584472656,24.6356143951416,89.76010131835938,166.36392211914062,122.35486602783203,268.463623046875,254.73509216308594,96.80891418457031,51.64866638183594,107.37999725341797,192.69883728027344,175.52000427246094,513.97998046875,397.1499938964844,189.2200469970703,179.0640869140625,68.7699966430664,,526.364501953125,331.4971008300781,96.09553527832031
2025-01-28,236.96554565429688,167.74449157714844,442.8399963378906,288.68902587890625,170.92373657226562,114.16999816894531,269.5957336425781,238.14999389648438,227.9916534423828,648.1099853515625,,638.0948486328125,1.4800000190734863,312.71307373046875,177.77999877929688,45.522361755371094,21.331031799316406,74.7652359008789,124.30000305175781,469.9700012207031,384.2610778808594,24.053218841552734,951.012451171875,356.7231750488281,160.24000549316406,193.04710388183594,90.78207397460938,194.4012451171875,621.771728515625,405.92816162109375,202.56121826171875,19.799999237060547,145.14190673828125,260.4395751953125,60.15924835205078,797.6987915039062,442.02203369140625,543.2841186523438,282.9333190917969,671.63525390625,93.2286605834961,133.31112670898438,419.2976379394531,442.9143371582031,87.9247817993164,10.8100004196167,97.18299865722656,72.2033462524414,234.0780029296875,128.94775390625,161.78976440429688,24.53472328186035,87.72100830078125,166.7235107421875,125.583740234375,266.7004699707031,255.90451049804688,97.18638610839844,52.09043884277344,117.44999694824219,191.40716552734375,188.02000427246094,530.7999877929688,398.0899963378906,199.1479034423828,172.8792266845703,68.06999969482422,,525.3572998046875,331.4376220703125,95.98703002929688
2025-01-29,238.05955505371094,168.1763153076172,441.67999267578125,287.9558410644531,173.32664489746094,117.3499984741211,270.9230041503906,237.07000732421875,225.80755615234375,654.760009765625,,673.5225830078125,1.5,310.9474792480469,173.66000366210938,45.43489456176758,21.375690460205078,75.23963165283203,121.16000366210938,469.260009765625,387.1556396484375,23.43548011779785,956.3197021484375,350.8265380859375,166.00999450683594,197.68389892578125,92.46519470214844,194.5107421875,621.3623046875,400.684814453125,202.88243103027344,19.75,145.88507080078125,259.8935852050781,60.6126594543457,796.7970581054688,439.03619384765625,544.7134399414062,281.9226379394531,673.78662109375,94.022705078125,133.47470092773438,420.2867736816406,438.09100341796875,88.68199157714844,11.0,97.81500244140625,74.3289566040039,228.7259979248047,123.65947723388672,159.83645629882812,24.415489196777344,88.28797149658203,166.87901306152344,122.43313598632812,269.6617431640625,260.38720703125,105.0940933227539,52.416969299316406,116.58999633789062,194.56459045410156,182.8800048828125,538.8300170898438,389.1000061035156,199.0790557861328,172.59201049804688,66.75,,521.1156005859375,332.82489013671875,96.19420623779297
2025-01-30,236.29916381835938,168.55052185058594,446.0,289.2388916015625,179.69488525390625,118.86000061035156,273.1736145019531,234.63999938964844,226.8499755859375,665.6799926757812,,697.4043579101562,1.600000023841858,314.5970153808594,179.52999877929688,45.405738830566406,21.693248748779297,75.78993225097656,120.87999725341797,472.3500061035156,369.1875915527344,24.36208724975586,971.18994140625,340.49005126953125,167.38999938964844,204.10787963867188,93.7807388305664,199.94561767578125,629.4732055664062,401.7315368652344,205.6450653076172,20.010000228881836,147.54515075683594,261.5022277832031,61.789608001708984,815.7734985351562,444.1478271484375,561.7952270507812,282.1267395019531,684.2546997070312,94.66368103027344,134.65829467773438,393.33270263671875,411.01300048828125,92.15911865234375,11.369999885559082,97.3239974975586,76.02752685546875,202.5500030517578,124.60917663574219,168.0837860107422,24.68147087097168,89.09366607666016,167.0928192138672,126.20014953613281,272.126220703125,261.21551513671875,105.5006103515625,52.80111312866211,119.18000030517578,196.2868194580078,179.2899932861328,550.1300048828125,400.2799987792969,204.80551147460938,177.37904357910156,66.58999633789062,,528.3497924804688,339.9296569824219,97.32879638671875
2025-01-31,234.71780395507812,176.4670867919922,437.45001220703125,288.1391296386719,178.34014892578125,115.94999694824219,274.5201721191406,237.67999267578125,228.48805236816406,655.1300048828125,,713.1937866210938,1.5499999523162842,313.1175231933594,176.52000427246094,44.99755096435547,21.474925994873047,74.57546997070312,123.7699966430664,468.6700134277344,365.7022705078125,24.43930435180664,972.052978515625,338.63677978515625,167.52000427246094,202.12213134765625,94.02256774902344,203.0811309814453,624.3064575195312,399.2891540527344,205.33297729492188,19.43000030517578,146.85023498535156,260.5955505371094,61.23971939086914,803.733642578125,447.3365478515625,551.2940673828125,280.55242919921875,686.4259033203125,94.53932189941406,134.09161376953125,395.65716552734375,411.0823059082031,90.90376281738281,11.1899995803833,97.6760025024414,74.63955688476562,203.67599487304688,120.03067016601562,167.76809692382812,24.32377052307129,88.10893249511719,168.06466674804688,126.17080688476562,268.91168212890625,261.654052734375,104.22299194335938,52.78190231323242,116.80000305175781,198.48745727539062,181.50999450683594,548.5499877929688,404.6000061035156,205.9567413330078,178.05418395996094,66.8499984741211,,525.3670043945312,338.6910095214844,96.84537506103516
2025-02-03,226.7711944580078,182.4548797607422,438.6000061035156,285.8479309082031,176.8074188232422,114.2699966430664,277.8384094238281,237.4199981689453,218.7588348388672,657.5599975585938,,700.562255859375,1.850000023841858,312.2100524902344,175.8699951171875,44.91008377075195,20.8497314453125,72.79173278808594,119.81999969482422,464.6099853515625,355.9649963378906,23.956695556640625,997.7957153320312,336.1988220214844,167.19000244140625,202.6582794189453,95.16400146484375,200.303955078125,616.4782104492188,396.1683654785156,204.13067626953125,19.3799991607666,146.57998657226562,260.1178894042969,61.11430358886719,803.0894775390625,440.0605163574219,559.7506103515625,281.86431884765625,694.6728515625,95.46729278564453,132.86141967773438,394.8658142089844,406.9820251464844,89.58863067626953,10.949999809265137,97.89399719238281,74.33866882324219,204.18800354003906,116.62179565429688,166.32777404785156,24.030269622802734,89.03398895263672,165.45037841796875,127.11991119384766,265.5023193359375,256.4404602050781,104.68757629394531,51.89836883544922,114.38999938964844,193.3686065673828,182.5399932861328,549.0800170898438,383.67999267578125,196.58969116210938,174.51451110839844,67.29000091552734,,530.8773803710938,342.6744689941406,98.20687103271484
2025-02-04,231.53518676757812,182.27255249023438,440.2300109863281,286.764404296875,176.570068359375,119.5,277.9826965332031,242.05999755859375,221.19113159179688,651.2999877929688,,703.0293579101562,2.25,311.5195617675781,176.22999572753906,45.396018981933594,21.058128356933594,73.2092056274414,117.13999938964844,467.489990234375,356.3588562011719,23.956695556640625,1013.6976318359375,341.0549621582031,166.22999572753906,200.74200439453125,94.7867431640625,205.43026733398438,618.24267578125,398.81427001953125,205.17697143554688,19.290000915527344,148.14356994628906,261.2195129394531,60.45830535888672,818.5878295898438,438.3791809082031,554.9466552734375,281.59222412109375,701.3759155273438,86.80931854248047,132.48365783691406,393.9755859375,408.4180908203125,90.3259048461914,10.930000305175781,99.48699951171875,74.46485137939453,202.0260009765625,118.61113739013672,165.6273193359375,23.72760009765625,77.31165313720703,168.17160034179688,125.60330200195312,270.9085693359375,260.4846496582031,107.04924011230469,51.49501037597656,119.19999694824219,193.12940979003906,189.11000061035156,621.77001953125,392.2099914550781,200.77142333984375,174.1479949951172,69.75,,528.233642578125,342.0105895996094,99.42041015625
2025-02-05,231.2069854736328,183.9998016357422,437.6300048828125,286.9477233886719,178.65655517578125,112.01000213623047,296.05511474609375,236.1699981689453,219.4537811279297,671.7449951171875,,696.8121948242188,2.450000047683716,316.1554260253906,181.83999633789062,45.78476333618164,20.879505157470703,72.41221618652344,122.37999725341797,473.7300109863281,353.3067321777344,24.535825729370117,1034.5496826171875,344.8109436035156,162.3699951171875,203.1249237060547,96.3924789428711,190.4495391845703,629.2295532226562,401.0724792480469,204.07559204101562,19.649999618530273,149.30177307128906,263.6470642089844,60.892425537109375,834.5518798828125,434.69769287109375,562.0731201171875,280.6787414550781,702.0532836914062,85.78567504882812,134.57595825195312,391.7005615234375,409.3293151855469,93.25506591796875,11.460000038146973,101.11100006103516,72.3780517578125,205.41200256347656,124.78911590576172,169.34654235839844,24.250394821166992,78.77881622314453,170.91226196289062,126.37627410888672,275.8570556640625,263.8953857421875,108.64627075195312,52.12885284423828,121.7300033569336,192.55532836914062,188.92999267578125,626.0,378.1700134277344,205.2187957763672,175.1414337158203,64.4800033569336,,522.7716064453125,346.2615661621094,101.08777618408203
2025-02-06,231.95289611816406,185.17050170898438,435.3999938964844,290.4302978515625,180.76283264160156,110.16000366210938,286.40814208984375,238.8300018310547,221.53858947753906,657.969970703125,,705.8912353515625,2.119999885559082,315.7806701660156,184.8000030517578,46.39704895019531,21.058128356933594,73.6456527709961,119.94000244140625,477.2200012207031,359.8047790527344,24.593738555908203,1042.594970703125,327.84442138671875,167.6699981689453,204.59439086914062,94.83511352539062,190.71827697753906,641.6785888671875,401.4020080566406,192.57540893554688,19.3799991607666,148.16287231445312,269.95477294921875,61.123958587646484,862.486572265625,433.3931884765625,562.9366455078125,286.05267333984375,709.1447143554688,84.23584747314453,136.65855407714844,398.03106689453125,411.8350524902344,94.19160461425781,11.529999732971191,101.56800079345703,69.6312255859375,204.66000366210938,128.63784790039062,170.02723693847656,23.69091033935547,78.15216827392578,164.5562744140625,126.00447845458984,275.89605712890625,266.6727600097656,108.11392974853516,54.875511169433594,118.58000183105469,199.06153869628906,186.3699951171875,625.8699951171875,374.32000732421875,207.11776733398438,176.7714080810547,69.98999786376953,,513.3098754882812,344.3193664550781,101.47254943847656
2025-02-07,226.39328002929688,182.8962860107422,433.07000732421875,291.80499267578125,177.99403381347656,107.55999755859375,282.3301086425781,229.14999389648438,220.14874267578125,646.6400146484375,,693.7529296875,2.180000066757202,312.44677734375,181.49000549316406,46.06660842895508,20.785226821899414,72.4691390991211,117.61000061035156,472.739990234375,358.259033203125,24.265565872192383,1036.6165771484375,322.9090576171875,168.33999633789062,203.8199462890625,92.90049743652344,184.48709106445312,639.4169921875,394.8211364746094,188.62881469726562,19.100000381469727,147.7864532470703,268.88238525390625,61.58701705932617,870.3546752929688,429.40252685546875,558.5595092773438,285.9944152832031,711.6646118164062,83.49920654296875,135.59304809570312,393.382080078125,405.8232116699219,91.9598617553711,11.59000015258789,101.39299774169922,66.66117858886719,201.6580047607422,129.79745483398438,172.1088104248047,23.608362197875977,76.89885711669922,163.23452758789062,125.1923599243164,272.3990173339844,264.09033203125,108.59786987304688,53.991973876953125,117.41000366210938,198.48745727539062,184.02999877929688,622.989990234375,361.6199951171875,202.80813598632812,173.60789489746094,74.5999984741211,,510.3950500488281,344.85443115234375,99.79532623291016
2025-02-10,226.66209411621094,182.64678955078125,451.1000061035156,291.80499267578125,181.61326599121094,110.4800033569336,283.5323791503906,233.13999938964844,220.397216796875,646.4500122070312,,709.1019897460938,2.2200000286102295,306.025634765625,180.5500030517578,45.35714340209961,20.785226821899414,72.4691390991211,115.2699966430664,470.1700134277344,357.6092529296875,24.265565872192383,1054.6016845703125,324.26678466796875,162.88999938964844,203.7603759765625,92.35879516601562,185.6118927001953,634.1818237304688,401.23724365234375,191.38226318359375,19.770000457763672,148.867431640625,264.24176025390625,62.27195739746094,861.0100708007812,433.1033630371094,561.2791137695312,299.7159118652344,714.5331420898438,82.6573257446289,133.00672912597656,397.734375,408.26953125,95.57648468017578,11.59000015258789,102.76000213623047,68.85475158691406,204.36199951171875,133.52626037597656,176.50868225097656,23.72760009765625,77.82391357421875,166.53887939453125,125.48589324951172,273.4704895019531,264.09033203125,107.87195587158203,53.991973876953125,119.9000015258789,198.48745727539062,186.1199951171875,637.6900024414062,350.7300109863281,204.60873413085938,173.90689086914062,78.62999725341797,,516.5348510742188,348.0352783203125,101.54161071777344
2025-02-11,231.6105499267578,184.07656860351562,458.82000732421875,293.4546813964844,181.1583709716797,111.0999984741211,285.3309326171875,232.75999450683594,225.11822509765625,636.02001953125,,715.6293334960938,2.2300000190734863,305.3450622558594,180.44000244140625,45.47377014160156,20.571868896484375,72.31733703613281,114.5,472.6099853515625,356.6345520019531,23.840869903564453,1051.0462646484375,321.4919128417969,161.60000610351562,207.3347930908203,92.99722290039062,184.46719360351562,630.9744873046875,403.53424072265625,189.93212890625,20.969999313354492,150.69158935546875,268.0926818847656,65.21431732177734,857.1652221679688,434.2048645019531,560.4949951171875,301.455322265625,716.9235229492188,82.79126739501953,133.4716796875,392.7391662597656,407.4970397949219,93.73330688476562,11.390000343322754,100.80799865722656,69.24298858642578,201.80999755859375,132.7565155029297,174.80201721191406,23.415756225585938,75.80471801757812,167.15115356445312,126.3273696899414,281.3899841308594,271.2529296875,107.46543884277344,55.60539245605469,123.58999633789062,205.61558532714844,183.5500030517578,623.1500244140625,328.5,205.38604736328125,172.884521484375,76.94999694824219,,517.0674438476562,348.11468505859375,101.09764099121094
2025-02-12,235.84210205078125,185.1992950439453,462.760009765625,296.1124267578125,178.87411499023438,111.72000122070312,283.7920227050781,228.92999267578125,225.16790771484375,649.0900268554688,,710.4866333007812,2.549999952316284,302.2182922363281,186.25,44.91008377075195,20.81995964050293,72.33631134033203,111.88999938964844,471.7300109863281,346.6019287109375,24.246261596679688,1057.7796630859375,323.1964416503906,158.61000061035156,208.14894104003906,99.9328384399414,182.7650604248047,632.6903076171875,394.59832763671875,188.16073608398438,22.479999542236328,149.85189819335938,268.5411682128906,66.28514099121094,865.06298828125,427.0641174316406,560.3956909179688,298.9190673828125,722.4812622070312,81.95893859863281,132.81297302246094,389.22772216796875,405.12005615234375,91.3421401977539,11.3100004196167,102.73100280761719,70.13595581054688,196.47999572753906,131.09706115722656,169.89898681640625,23.3607234954834,75.86439514160156,165.49896240234375,124.0475845336914,283.43560791015625,272.0325012207031,109.4109115600586,54.97154998779297,120.48999786376953,202.88873291015625,187.22999572753906,640.5900268554688,336.510009765625,203.06396484375,173.5982666015625,79.3499984741211,,510.7532958984375,348.8789367675781,102.22237396240234
2025-02-13,240.48187255859375,185.631103515625,459.2200012207031,302.7110290527344,182.21646118164062,111.80999755859375,285.6291198730469,230.3699951171875,228.89503479003906,651.3400268554688,,729.7718505859375,2.2699999809265137,303.3033142089844,185.44000244140625,45.026710510253906,21.455080032348633,76.71975708007812,122.77999877929688,480.489990234375,348.236328125,23.89878273010254,1069.438720703125,326.8930358886719,160.33999633789062,206.8780517578125,102.49620056152344,185.2834014892578,632.6416015625,399.7253112792969,188.39935302734375,24.1299991607666,151.77259826660156,269.3893127441406,67.04727172851562,863.963134765625,420.0586242675781,562.093017578125,301.270751953125,725.6485595703125,80.76309967041016,132.55145263671875,387.5461730957031,406.6056213378906,95.30747985839844,11.520000457763672,104.36900329589844,71.05802154541016,197.89599609375,135.24566650390625,171.51687622070312,23.516645431518555,76.18268585205078,167.306640625,123.12783813476562,286.0851745605469,273.1531982421875,109.37220001220703,55.70143127441406,127.6500015258789,217.62338256835938,192.66000366210938,648.3200073242188,355.94000244140625,198.5870819091797,174.37950134277344,80.29000091552734,,514.4139404296875,352.9881896972656,103.64309692382812
2025-02-14,243.53855895996094,185.0745391845703,460.1600036621094,295.28759765625,167.3144073486328,113.0999984741211,282.3034362792969,228.67999267578125,230.78343200683594,639.4099731445312,,724.1345825195312,2.299999952316284,306.79498291015625,184.4199981689453,45.63898468017578,21.211946487426758,78.71222686767578,119.83000183105469,479.5899963378906,347.86212158203125,23.97599983215332,1064.463134765625,323.61273193359375,159.75999450683594,206.7886962890625,100.67767333984375,184.37757873535156,643.9500732421875,396.88555908203125,186.08645629882812,23.600000381469727,150.7108917236328,269.65252685546875,66.43949890136719,838.06494140625,408.91748046875,560.5545654296875,299.84222412109375,733.7261962890625,79.41416931152344,134.5953369140625,384.38092041015625,404.515869140625,99.15324401855469,11.430000305175781,105.86000061035156,70.89302062988281,197.3260040283203,138.8045196533203,171.8128204345703,23.415756225585938,77.55535125732422,167.3843994140625,119.77176666259766,283.1628723144531,269.88861083984375,109.52790069580078,55.029170989990234,128.35000610351562,220.51199340820312,187.60000610351562,638.1799926757812,355.8399963378906,200.62379455566406,176.53028869628906,79.41999816894531,,506.9860534667969,351.1817321777344,102.6466064453125
2025-02-17,,,,300.0532531738281,,,,,230.2864990234375,,,719.7830810546875,,,,,21.231794357299805,79.7748794555664,,,,24.420000076293945,,,,,,,,,,,,,,,,,,,,,388.0901794433594,,,11.3100004196167,,,,,,,,,,,272.95831298828125,,55.144412994384766,,222.27452087402344,,,,,,,,,,
2025-02-18,243.40911865234375,188.31790161132812,464.1099853515625,301.427978515625,170.0832061767578,114.27999877929688,283.8935241699219,226.64999389648438,232.37367248535156,639.0,,708.3108520507812,2.069999933242798,308.5802917480469,184.97000122070312,45.2210807800293,21.474925994873047,80.00259399414062,122.75,482.82000732421875,348.5316467285156,24.207653045654297,1048.7523193359375,326.01104736328125,162.8699951171875,208.5858154296875,101.80941772460938,182.92430114746094,655.2974853515625,390.88623046875,190.94171142578125,27.389999389648438,150.78875732421875,272.92828369140625,66.6131591796875,850.8998413085938,414.0870666503906,564.3758544921875,296.22723388671875,713.5072631835938,79.68204498291016,136.30018615722656,386.4581298828125,405.71429443359375,106.39646911621094,11.539999961853027,103.58499908447266,75.30927276611328,199.49600219726562,139.35433959960938,177.37681579589844,23.44327163696289,78.201904296875,168.7547149658203,121.09266662597656,285.101318359375,271.2529296875,109.99500274658203,55.144412994384766,129.30999755859375,221.4911651611328,192.77999877929688,630.5599975585938,354.1099853515625,199.4824676513672,179.83848571777344,81.48999786376953,,484.9251403808594,354.0800476074219,102.39009857177734
2025-02-19,243.80738830566406,189.3734588623047,456.989990234375,293.2713623046875,172.1202392578125,114.69000244140625,285.31878662109375,226.6300048828125,233.16883850097656,640.1400146484375,,709.5964965820312,2.0899999141693115,305.6902770996094,186.14999389648438,44.7157096862793,21.13751983642578,78.18090057373047,119.58000183105469,483.7699890136719,347.547119140625,24.033912658691406,1055.2174072265625,321.6207275390625,162.5,209.00282287597656,104.1309585571289,184.4174041748047,651.359130859375,383.24896240234375,193.4840545654297,25.719999313354492,153.61013793945312,272.245849609375,67.5971450805664,860.6774291992188,418.3483581542969,564.2667236328125,293.41876220703125,700.9576416015625,81.89198303222656,136.2808074951172,390.0684814453125,410.79510498046875,103.97541809082031,11.539999961853027,104.33300018310547,74.52307891845703,197.42799377441406,139.18438720703125,179.0736541748047,23.745941162109375,77.94328308105469,170.29026794433594,122.70709991455078,281.0003356933594,269.25518798828125,109.4695053100586,54.9588737487793,127.66000366210938,215.76295471191406,186.55999755859375,642.72998046875,360.55999755859375,197.72120666503906,189.3483428955078,81.16000366210938,,494.9096984863281,352.5911865234375,102.60714721679688
2025-02-20,244.7632293701172,192.7607879638672,454.69000244140625,292.8131408691406,174.44940185546875,114.16999816894531,288.86749267578125,222.8800048828125,233.61605834960938,647.489990234375,,702.0802001953125,2.0399999618530273,299.71295166015625,180.8800048828125,44.02568054199219,21.509658813476562,78.2757797241211,117.87999725341797,481.79998779296875,343.7565612792969,24.053218841552734,1027.6983642578125,315.5754089355469,164.08999633789062,207.25534057617188,106.43315124511719,183.71067810058594,626.1197509765625,382.48333740234375,193.97967529296875,26.09000015258789,155.35159301757812,260.10809326171875,67.56820678710938,866.702880859375,421.5756530761719,559.0855712890625,294.4974670410156,692.0632934570312,83.88187408447266,130.12979125976562,394.70745849609375,412.9684753417969,102.79976654052734,11.520000457763672,102.4540023803711,74.9598617553711,193.5959930419922,140.06410217285156,173.62802124023438,23.75511360168457,77.2171630859375,168.8130340576172,122.41357421875,280.464599609375,267.93963623046875,110.29668426513672,53.84563446044922,123.47000122070312,216.6442108154297,184.9600067138672,636.77001953125,354.3999938964844,196.8848876953125,196.717041015625,81.26000213623047,,486.5617980957031,347.8863830566406,95.9080810546875
2025-02-21,244.48443603515625,193.9122772216797,444.32000732421875,293.4546813964844,170.45513916015625,110.83999633789062,293.7929992675781,216.5800018310547,234.759033203125,644.47998046875,,702.278076171875,1.9900000095367432,291.3684387207031,177.14999389648438,43.549468994140625,21.881797790527344,78.3516845703125,120.01000213623047,478.739990234375,334.7873229980469,24.207653045654297,1027.8970947265625,307.02276611328125,155.44000244140625,198.40872192382812,106.35577392578125,178.83322143554688,609.8782348632812,373.4310302734375,194.5211639404297,24.8700008392334,157.9005889892578,257.6123352050781,68.83197784423828,867.2586669921875,425.85626220703125,553.3585205078125,296.207763671875,680.8184204101562,85.623046875,127.56285095214844,392.4275817871094,405.108642578125,98.47575378417969,11.739999771118164,100.31500244140625,74.2513198852539,187.6820068359375,134.38595581054688,165.5484161376953,24.12198829650879,74.5514144897461,160.77569580078125,121.24331665039062,275.6622314453125,266.6240234375,108.74937438964844,54.43155288696289,115.55999755859375,216.84005737304688,177.88999938964844,607.3800048828125,337.79998779296875,195.05474853515625,194.82664489746094,78.88999938964844,,451.6980895996094,345.9409484863281,93.51063537597656
2025-02-24,246.0277099609375,195.83145141601562,444.4200134277344,296.1124267578125,167.07537841796875,108.11000061035156,300.2988586425781,212.7100067138672,234.70933532714844,626.1300048828125,,705.6405639648438,1.8200000524520874,291.4966125488281,179.91000366210938,43.209312438964844,22.10508155822754,79.1107177734375,116.9800033569336,498.4200134277344,333.6846008300781,25.153564453125,1028.463134765625,305.5560607910156,152.91000366210938,197.2966766357422,107.40047454833984,178.42510986328125,610.4048461914062,370.6397399902344,192.65802001953125,24.270000457763672,159.30154418945312,254.78504943847656,68.09879302978516,874.9219970703125,425.4214172363281,554.8375244140625,298.8898620605469,665.4600219726562,87.31636047363281,125.8967514038086,381.87103271484375,400.9306335449219,95.05839538574219,12.0,98.84700012207031,77.92020416259766,185.51600646972656,130.23733520507812,167.66943359375,24.443002700805664,74.84981536865234,156.56753540039062,123.3478012084961,277.18182373046875,267.30615234375,110.15071105957031,53.22065734863281,115.4800033569336,213.55979919433594,170.9199981689453,601.6099853515625,330.5299987792969,188.57064819335938,193.61138916015625,76.41999816894531,,446.9526672363281,347.26104736328125,92.41549682617188
2025-02-25,245.9679718017578,195.88900756835938,443.4100036621094,298.7702331542969,164.07223510742188,103.95999908447266,306.02911376953125,212.8000030517578,234.21240234375,624.9400024414062,,690.1134643554688,1.7200000286102295,289.3365173339844,178.27000427246094,42.703941345214844,22.467296600341797,81.29295349121094,110.97000122070312,499.82000732421875,337.07147216796875,25.230783462524414,1048.3848876953125,303.1379089355469,147.4600067138672,197.8527069091797,107.88412475585938,174.61273193359375,599.4569702148438,381.1749267578125,194.57623291015625,22.989999771118164,161.5878448486328,250.94387817382812,68.967041015625,895.1720581054688,433.335205078125,559.830078125,301.95098876953125,654.87255859375,87.46942901611328,125.53834533691406,375.1802062988281,394.8769836425781,92.87647247314453,12.380000114440918,97.7239990234375,79.31788635253906,184.45799255371094,126.5885238647461,166.26856994628906,24.525548934936523,73.67609405517578,156.6841583251953,125.22608947753906,279.50994873046875,265.4546203613281,111.51311492919922,52.94723129272461,110.94999694824219,212.0910186767578,164.1999969482422,588.5700073242188,302.79998779296875,186.3272705078125,192.8783721923828,74.94999694824219,,455.5330505371094,349.4744873046875,96.38165283203125
2025-02-26,239.3169403076172,194.8046875,441.5,306.7435302734375,167.01589965820312,104.73999786376953,297.06048583984375,214.35000610351562,229.69017028808594,623.02001953125,,706.629638671875,1.7300000190734863,292.0588684082031,173.0399932861328,42.703941345214844,22.859283447265625,82.46946716308594,114.0,494.1000061035156,337.28802490234375,25.114957809448242,1024.858154296875,304.57489013671875,156.83999633789062,200.17605590820312,106.8490982055664,171.93511962890625,602.2451782226562,378.45147705078125,193.9613037109375,23.520000457763672,158.6594696044922,252.29904174804688,68.3013916015625,908.2850341796875,426.6099548339844,557.090576171875,295.6830139160156,671.0077514648438,85.50823974609375,126.94290924072266,380.6815490722656,396.693115234375,97.34991455078125,12.6899995803833,99.00599670410156,78.78404235839844,188.39199829101562,131.23699951171875,170.14561462402344,24.23204803466797,71.6668472290039,157.53941345214844,125.19658660888672,278.4774169921875,268.1832275390625,109.96581268310547,52.94723129272461,113.2300033569336,218.7984161376953,166.19000244140625,603.1300048828125,290.79998779296875,191.492919921875,191.20016479492188,75.87000274658203,,448.9573669433594,348.02532958984375,94.91160583496094
2025-02-27,236.27024841308594,196.7334442138672,437.19000244140625,305.46044921875,155.25112915039062,99.51000213623047,296.51751708984375,208.74000549316406,230.5846710205078,624.7000122070312,,691.3990478515625,1.649999976158142,290.1847839355469,173.8300018310547,42.87887191772461,22.57149887084961,79.33843994140625,108.80000305175781,502.4100036621094,334.7479248046875,24.381391525268555,1014.6688842773438,292.25634765625,141.17999267578125,199.99732971191406,108.3290786743164,167.72459411621094,592.7206420898438,378.2479248046875,194.8240509033203,23.09000015258789,159.29180908203125,252.55250549316406,68.3689193725586,898.5072631835938,431.40264892578125,560.6141967773438,301.2027282714844,655.6095581054688,86.65625762939453,125.18963623046875,379.5416259765625,389.5477600097656,91.48162841796875,12.829999923706055,96.30699920654297,77.6678466796875,184.19200134277344,120.11064910888672,162.53952026367188,23.93855094909668,70.35386657714844,150.09490966796875,128.3533172607422,267.4894714355469,260.6795654296875,111.41580200195312,52.634742736816406,110.83000183105469,216.00775146484375,173.69000244140625,590.760009765625,281.95001220703125,178.1802978515625,184.50662231445312,74.20999908447266,,453.7705078125,353.0973815917969,95.49370574951172
2025-02-28,240.79052734375,200.58135986328125,438.55999755859375,302.7110290527344,156.66847229003906,99.86000061035156,298.6893615722656,212.27999877929688,226.65878295898438,624.6699829101562,,671.1249389648438,1.7200000286102295,296.8525085449219,174.6300048828125,44.80317687988281,22.53676414489746,79.60409545898438,112.91999816894531,513.8300170898438,338.6369323730469,24.265565872192383,1041.3831787109375,295.1799011230469,136.17999267578125,205.5078582763672,110.57324981689453,169.4963836669922,609.6597290039062,384.3829345703125,196.43882751464844,23.729999542236328,160.54685974121094,258.0120544433594,68.6969223022461,913.8636474609375,435.1808166503906,572.0185546875,299.62841796875,665.5297241210938,88.25391387939453,128.9383544921875,372.156982421875,393.973876953125,93.28495025634766,13.050000190734863,98.05599975585938,77.0951919555664,185.95199584960938,124.87908172607422,163.82200622558594,24.241222381591797,70.67215728759766,152.7480926513672,130.7823028564453,267.8791198730469,258.53564453125,112.70036315917969,52.49802780151367,112.0,216.5952606201172,177.10000610351562,608.010009765625,292.9800109863281,177.6293182373047,189.0300750732422,76.01000213623047,,459.968505859375,360.0155944824219,97.28933715820312
2025-03-03,236.9970703125,202.93235778808594,440.7200012207031,311.8757629394531,150.7811279296875,98.2300033569336,301.3266296386719,205.02000427246094,228.74595642089844,622.6099853515625,,682.6961059570312,1.5,291.4571838378906,170.05999755859375,44.27836990356445,23.816923141479492,80.57186889648438,111.55999755859375,510.0799865722656,326.910888671875,25.057043075561523,1039.635498046875,290.43280029296875,127.62999725341797,200.5235595703125,112.19833374023438,166.241455078125,592.9754028320312,377.6858215332031,195.6360626220703,22.739999771118164,162.74559020996094,254.0831298828125,69.76774597167969,922.8867797851562,439.9213562011719,570.6388549804688,297.4097595214844,652.4322509765625,89.11492156982422,125.08308410644531,372.355224609375,385.5384521484375,90.20634460449219,13.0600004196167,97.37000274658203,76.4903793334961,182.06199645996094,114.02263641357422,159.83645629882812,24.076128005981445,69.37907409667969,149.2979736328125,131.6083526611328,273.3828125,264.62628173828125,112.31110382080078,52.77145767211914,106.58000183105469,221.24636840820312,173.64999389648438,599.8599853515625,284.6499938964844,170.19078063964844,187.4868927001953,74.44000244140625,,452.3081970214844,359.1322326660156,96.28299713134766
2025-03-04,234.9061737060547,199.36270141601562,446.0299987792969,306.46856689453125,151.51455688476562,100.75,302.6937255859375,203.8000030517578,225.46609497070312,621.25,,653.224365234375,1.5549999475479126,279.60125732421875,158.89999389648438,41.469661712646484,23.340585708618164,75.827880859375,109.6500015258789,495.8599853515625,321.7026062011719,23.47408676147461,1029.7242431640625,284.7641296386719,131.22999572753906,197.3562774658203,110.98918914794922,170.13343811035156,569.3449096679688,369.92254638671875,191.92669677734375,21.329999923706055,160.93600463867188,243.9732208251953,67.71292877197266,904.3639526367188,436.8843078613281,550.9367065429688,298.8562927246094,637.4423828125,88.55049133300781,117.90531158447266,362.0959777832031,385.65753173828125,90.86392211914062,13.600000381469727,97.25800323486328,75.42705535888672,181.21800231933594,115.9520034790039,155.34776306152344,23.617536544799805,67.12114715576172,150.1143341064453,126.56350708007812,271.8242492675781,252.34756469726562,109.05105590820312,51.16995620727539,101.7300033569336,208.85971069335938,173.60000610351562,584.1400146484375,272.0400085449219,177.10781860351562,187.9208984375,75.26000213623047,,459.6295471191406,349.6134948730469,93.69808197021484
2025-03-05,234.7169952392578,202.98992919921875,451.239990234375,313.7087097167969,153.94285583496094,101.66999816894531,306.94049072265625,208.36000061035156,212.24720764160156,636.489990234375,,665.2900390625,1.6100000143051147,280.3015441894531,163.16000366210938,41.10036087036133,24.303184509277344,79.09174346923828,114.7699966430664,498.5,333.2612609863281,26.910261154174805,1040.529296875,289.3526306152344,130.89999389648438,201.05972290039062,111.66631317138672,172.22378540039062,581.0327758789062,374.4486999511719,193.4215087890625,20.809999465942383,160.64414978027344,245.22113037109375,67.60680389404297,922.8867797851562,448.1758117675781,554.1427001953125,300.498291015625,653.8466796875,89.15320587158203,119.87169647216797,360.609130859375,397.9732360839844,93.99234008789062,15.100000381469727,99.09200286865234,75.9050521850586,183.1580047607422,117.26158142089844,159.3826446533203,23.79180145263672,69.1303939819336,154.0309600830078,127.48792266845703,279.305419921875,257.9509582519531,108.69097900390625,51.7363395690918,106.1500015258789,226.72979736328125,177.30999755859375,586.8300170898438,279.1000061035156,181.3190460205078,188.625,76.4800033569336,,460.956298828125,350.0600891113281,94.69456481933594
2025-03-06,234.30877685546875,202.23187255859375,444.7799987792969,316.9163818359375,150.1963348388672,98.8499984741211,308.1524963378906,200.6999969482422,217.36581420898438,613.1799926757812,,662.6197509765625,1.5700000524520874,271.8781433105469,158.42999267578125,40.293704986572266,24.665401458740234,82.52639770507812,110.83000183105469,497.8399963378906,335.74237060546875,26.910261154174805,1019.544921875,283.48565673828125,131.1300048828125,194.6555938720703,112.24669647216797,171.55685424804688,556.1482543945312,369.9710388183594,194.9347686767578,20.75,161.33489990234375,240.35626220703125,67.973388671875,906.051513671875,449.2270812988281,545.725830078125,303.352294921875,625.420654296875,89.92810821533203,115.62895965576172,366.2096252441406,393.87469482421875,88.94102478027344,16.15999984741211,90.63600158691406,75.80751037597656,173.41799926757812,110.53378295898438,148.90576171875,24.066957473754883,67.71794891357422,152.4675750732422,126.15049743652344,272.10675048828125,254.68637084960938,102.63800048828125,51.462913513183594,102.48999786376953,237.9414520263672,156.22000122070312,543.4099731445312,263.45001220703125,173.02450561523438,182.61619567871094,74.95999908447266,,472.32574462890625,341.6034240722656,93.37251281738281
2025-03-07,238.03256225585938,205.62876892089844,449.3999938964844,314.5335693359375,154.2996368408203,100.30999755859375,314.97833251953125,199.25,218.50880432128906,594.2100219726562,,658.663818359375,1.5099999904632568,269.48126220703125,154.17999267578125,40.48931121826172,23.07264518737793,79.33843994140625,108.77999877929688,495.6199951171875,344.8887939453125,26.369739532470703,957.6643676757812,280.3540344238281,139.1300048828125,192.47125244140625,113.57191467285156,173.05992126464844,548.3106689453125,365.1929016113281,197.94287109375,20.639999389648438,162.17160034179688,236.20310974121094,68.9091567993164,863.1889038085938,461.053955078125,542.698486328125,314.025390625,623.1597290039062,90.54995727539062,115.55146026611328,354.0174865722656,390.32183837890625,92.617431640625,15.960000038146973,89.11100006103516,76.66596221923828,170.12600708007812,112.65309143066406,153.06890869140625,24.516376495361328,70.10519409179688,157.52899169921875,126.26850128173828,269.63250732421875,247.86485290527344,103.62088012695312,51.15042495727539,100.12999725341797,229.4225616455078,158.91000366210938,532.0999755859375,262.6700134277344,174.2544403076172,183.7543182373047,76.2699966430664,,477.9039611816406,342.7547912597656,90.49162292480469
2025-03-10,226.49285888671875,207.90298461914062,435.0799865722656,313.7087097167969,148.6601104736328,96.62999725341797,317.40228271484375,194.5399932861328,207.37710571289062,571.0,,631.9612426757812,1.409999966621399,257.7535705566406,148.14999389648438,38.95384216308594,23.37531852722168,81.27398681640625,105.3499984741211,497.1000061035156,339.8774108886719,25.36591339111328,927.970458984375,270.45355224609375,133.11000061035156,191.10845947265625,113.37844848632812,165.2968292236328,520.869140625,363.1091003417969,197.29693603515625,19.93000030517578,163.15420532226562,226.39544677734375,68.9284439086914,823.6615600585938,466.42718505859375,533.120361328125,310.0766906738281,595.600341796875,91.10482025146484,108.18965148925781,349.6065368652344,377.2717590332031,86.75910186767578,15.220000267028809,86.66799926757812,74.52958679199219,156.76600646972656,106.94495391845703,146.78472900390625,24.43383026123047,67.79753112792969,151.43185424804688,126.38650512695312,254.54360961914062,236.02462768554688,98.41453552246094,50.72075271606445,92.75,223.64537048339844,147.58999633789062,489.239990234375,222.14999389648438,167.90806579589844,179.86741638183594,73.05999755859375,,467.0500183105469,338.9433288574219,86.64385223388672
2025-03-11,219.8816680908203,204.95706176757812,433.6600036621094,309.5845642089844,145.6867218017578,96.76000213623047,309.18994140625,196.58999633789062,199.27684020996094,580.4299926757812,,625.038330078125,1.4199999570846558,251.9044647216797,154.05999755859375,38.738677978515625,23.45966911315918,80.00259399414062,98.38999938964844,496.25,334.5214538574219,24.690261840820312,924.0773315429688,274.56634521484375,139.10000610351562,190.7105712890625,110.68932342529297,163.47315979003906,520.6438598632812,356.8190002441406,192.47108459472656,19.780000686645508,161.36407470703125,223.3927001953125,68.53292083740234,818.0033569335938,456.4107971191406,521.8846435546875,299.82391357421875,603.28955078125,90.6264877319336,108.52867889404297,346.285888671875,377.5595703125,88.72183990478516,15.649999618530273,89.51000213623047,72.35417938232422,161.67999267578125,108.72437286376953,142.2368621826172,23.837657928466797,67.61848449707031,149.5948944091797,125.98330688476562,253.9202117919922,232.5651397705078,96.9061508178711,50.349674224853516,92.94999694824219,218.55361938476562,149.89999389648438,508.44000244140625,230.5800018310547,168.22293090820312,171.04234313964844,70.6500015258789,,472.71038818359375,329.6727294921875,86.26892852783203
2025-03-12,216.0384063720703,203.48890686035156,438.6000061035156,317.7412109375,147.73834228515625,100.79000091552734,302.9942932128906,198.88999938964844,199.02835083007812,591.4500122070312,,638.3896484375,1.4500000476837158,257.19134521484375,158.8000030517578,39.03207778930664,22.824552536010742,79.96463775634766,100.30999755859375,495.94000244140625,332.90679931640625,24.96052360534668,920.69091796875,282.02880859375,136.0399932861328,193.97329711914062,110.26371002197266,166.5325469970703,524.8369750976562,353.49468994140625,190.40419006347656,20.68000030517578,158.43568420410156,222.18380737304688,67.47174835205078,815.8195190429688,449.2270812988281,520.7333984375,292.63031005859375,617.0841674804688,89.30626678466797,110.42725372314453,349.55694580078125,380.3581237792969,95.28755950927734,15.369999885559082,91.96800231933594,71.77861785888672,168.6280059814453,115.71273040771484,148.8564453125,23.580846786499023,68.25508117675781,149.3017578125,125.83580017089844,257.2808532714844,236.36572265625,96.04005432128906,51.228546142578125,96.52999877929688,222.1276397705078,152.3699951171875,535.8400268554688,248.08999633789062,174.32330322265625,169.46060180664062,71.19999694824219,,467.91552734375,330.3675231933594,84.05892944335938
2025-03-13,208.7700958251953,202.99952697753906,377.8399963378906,319.2991943359375,148.62046813964844,98.11000061035156,303.1300354003906,193.88999938964844,194.46636962890625,581.2100219726562,,635.3237915039062,1.3899999856948853,252.93028259277344,159.32000732421875,38.79736328125,22.72531509399414,78.10499572753906,97.46499633789062,504.25,328.1612548828125,24.593738555908203,884.4822387695312,269.30389404296875,132.80999755859375,191.40687561035156,109.64462280273438,162.19757080078125,514.158203125,338.68896484375,190.7179412841797,23.700000762939453,158.5718994140625,219.54177856445312,67.16303253173828,795.7581787109375,455.486083984375,515.9591674804688,290.7732849121094,588.2797241210938,90.60735321044922,108.17996978759766,346.53369140625,375.8923034667969,94.53034973144531,15.640000343322754,89.01699829101562,70.86163330078125,162.32400512695312,115.55277252197266,145.6699676513672,23.47995948791504,66.5541763305664,148.46145629882812,127.05520629882812,248.58209228515625,230.85975646972656,93.4612045288086,50.03718566894531,90.58999633789062,221.78492736816406,149.8300018310547,537.9099731445312,240.67999267578125,168.83297729492188,167.43516540527344,69.51000213623047,,468.3143005371094,326.1093444824219,83.3683090209961
2025-03-14,212.56358337402344,203.2106475830078,394.739990234375,322.23193359375,154.27984619140625,100.97000122070312,304.16748046875,197.9499969482422,194.1483154296875,604.9600219726562,,648.477294921875,1.4800000190734863,262.00469970703125,161.80999755859375,39.99052429199219,23.107378005981445,77.8962631225586,99.47000122070312,514.5999755859375,334.39349365234375,26.292522430419922,897.6905517578125,276.895263671875,132.50999450683594,196.0721893310547,108.55364227294922,164.9181671142578,530.4212646484375,342.6488037109375,193.28309631347656,24.049999237060547,158.3967742919922,226.60992431640625,67.21162414550781,807.5011596679688,453.77288818359375,523.7109985351562,293.05059814453125,605.7102661132812,90.47341918945312,111.72525787353516,352.1837158203125,385.6079406738281,100.41857147216797,16.239999771118164,91.80000305175781,69.9056167602539,168.86599731445312,121.6413345336914,147.25828552246094,23.59002113342285,68.58332061767578,152.99522399902344,127.83210754394531,257.0470886230469,236.41444396972656,95.47562408447266,51.013710021972656,94.8499984741211,226.92564392089844,156.11000061035156,574.7899780273438,249.97999572753906,171.29278564453125,170.155029296875,71.55000305175781,,475.248779296875,329.335205078125,84.20692443847656
2025-03-17,213.07135009765625,205.80149841308594,399.3399963378906,322.23193359375,154.08160400390625,104.58999633789062,307.5222473144531,195.74000549316406,192.45867919921875,614.1900024414062,,654.0155639648438,1.4600000381469727,260.77178955078125,161.85000610351562,40.52842712402344,23.107378005981445,77.8962631225586,100.86000061035156,523.010009765625,337.3471374511719,26.292522430419922,910.2930908203125,278.23321533203125,133.02999877929688,200.96629333496094,109.35240173339844,163.72230529785156,540.1498413085938,345.3993225097656,194.15969848632812,25.690000534057617,158.4259490966797,228.06253051757812,68.14457702636719,818.6982421875,455.174560546875,528.028564453125,297.09698486328125,603.0187377929688,91.4673080444336,114.26314544677734,351.3411560058594,385.74688720703125,102.73003387451172,16.239999771118164,95.00199890136719,71.89567565917969,168.58599853515625,119.50183868408203,151.93438720703125,23.892690658569336,69.27960205078125,154.3338623046875,129.85789489746094,262.57025146484375,236.41444396972656,96.4195785522461,51.013710021972656,96.58999633789062,229.4225616455078,156.38999938964844,597.4600219726562,238.00999450683594,173.4082489013672,173.5982666015625,72.7300033569336,,485.3343811035156,332.0647888183594,86.28866577148438
2025-03-18,211.7670135498047,205.20654296875,391.3699951171875,328.37225341796875,152.14889526367188,103.51000213623047,308.95721435546875,192.82000732421875,194.04891967773438,611.1799926757812,,658.5648803710938,1.350000023841858,259.13446044921875,161.57000732421875,40.73380661010742,24.57112693786621,80.32518768310547,98.95999908447266,523.1400146484375,331.50872802734375,27.026086807250977,891.8609619140625,276.2313232421875,127.33999633789062,199.7327880859375,107.37499237060547,160.1147918701172,540.5808715820312,340.9517517089844,193.53221130371094,25.920000076293945,159.7977294921875,229.07647705078125,67.42542266845703,816.4647827148438,456.8002014160156,526.2420043945312,296.7353820800781,580.5487670898438,91.39976501464844,114.40843963623047,347.2275695800781,380.6062316894531,101.34513854980469,17.139999389648438,92.99800109863281,71.51522064208984,166.0,115.40280151367188,147.4358367919922,24.131160736083984,68.5136947631836,152.71185302734375,130.48728942871094,263.6320495605469,240.40989685058594,95.64106750488281,51.81446075439453,94.01000213623047,232.06634521484375,154.36000061035156,569.47998046875,225.30999755859375,171.01194763183594,173.0774383544922,71.55000305175781,,489.9833068847656,332.28314208984375,84.4437026977539
2025-03-19,214.3059539794922,203.67124938964844,387.8900146484375,325.8061828613281,153.0904998779297,106.2300033569336,306.14544677734375,195.5399932861328,196.3547821044922,619.969970703125,,665.685546875,1.3899999856948853,266.9562072753906,172.6199951171875,41.281490325927734,24.19898796081543,78.54144287109375,99.2699966430664,525.27001953125,333.3892517089844,27.35426139831543,897.8196411132812,276.8854064941406,129.33999633789062,204.48764038085938,104.72543334960938,163.32366943359375,546.0280151367188,344.7068176269531,192.52645874023438,24.1200008392334,158.5718994140625,233.1126251220703,67.3282470703125,830.8582153320312,458.0364074707031,532.0980834960938,299.98028564453125,582.2435913085938,90.72429656982422,116.09391784667969,352.6297302246094,384.8735656738281,101.68389129638672,17.059999465942383,95.9489974975586,71.20305633544922,168.82400512695312,117.49230194091797,150.39541625976562,24.039440155029297,69.62774658203125,154.63674926757812,133.0736083984375,264.41131591796875,242.01783752441406,96.5266342163086,51.56056213378906,101.54000091552734,231.7725830078125,155.9600067138672,586.22998046875,235.86000061035156,171.63421630859375,175.28611755371094,73.0199966430664,,489.3997497558594,337.34527587890625,85.1738052368164
2025-03-20,213.17091369628906,203.39295959472656,389.6099853515625,324.1565246582031,153.0111846923828,107.13999938964844,305.45703125,194.9499969482422,196.41439819335938,613.0399780273438,,665.0922241210938,1.3700000047683716,267.1337585449219,172.8300018310547,41.54554748535156,23.811962127685547,75.77095794677734,96.2300033569336,528.72998046875,331.05584716796875,26.968175888061523,889.2293090820312,276.528564453125,128.4600067138672,202.85626220703125,103.12791442871094,162.23745727539062,551.259521484375,346.7550354003906,194.59336853027344,23.959999084472656,158.60107421875,233.01512145996094,67.74612426757812,836.3773803710938,454.32769775390625,532.3858642578125,300.0585021972656,584.1774291992188,91.40941619873047,116.6944808959961,353.6210021972656,383.9010314941406,102.62042999267578,16.290000915527344,95.08399963378906,70.10072326660156,164.82400512695312,118.50206756591797,150.6617889404297,24.02109718322754,69.29949188232422,154.3338623046875,132.23773193359375,264.65484619140625,243.7719268798828,96.61420440673828,50.212955474853516,101.8499984741211,229.56942749023438,157.19000244140625,594.5499877929688,236.25999450683594,175.298828125,174.26373291015625,74.3499984741211,,497.277587890625,336.9780578613281,84.66075897216797
2025-03-21,217.3227996826172,201.52175903320312,387.260009765625,322.0486145019531,150.77120971679688,106.44000244140625,306.4266052246094,196.2100067138672,197.52760314941406,615.02001953125,,653.4221801757812,1.4500000476837158,266.8181457519531,178.11000061035156,41.535770416259766,23.89631462097168,75.10680389404297,95.37999725341797,521.9099731445312,330.59307861328125,26.736522674560547,902.9937133789062,278.1043395996094,131.32000732421875,203.0552215576172,104.30656433105469,163.42335510253906,553.6697387695312,342.4927673339844,193.8828582763672,24.260000228881836,159.19454956054688,235.56942749023438,66.73542785644531,831.4141235351562,428.0068054199219,531.7009887695312,298.53375244140625,594.3956298828125,89.84619903564453,116.37481689453125,352.9270935058594,388.2873840332031,94.37094116210938,15.899999618530273,96.02899932861328,66.27669525146484,165.5500030517578,117.6722640991211,150.1783905029297,24.10364532470703,69.81672668457031,153.229736328125,130.17259216308594,265.47308349609375,245.5260467529297,94.46354675292969,50.54497528076172,104.20999908447266,224.0860137939453,158.38999938964844,599.9400024414062,248.7100067138672,174.56787109375,172.64340209960938,75.83999633789062,,502.6754150390625,333.16656494140625,85.06144714355469
2025-03-24,219.7721405029297,200.71571350097656,394.4700012207031,322.0486145019531,153.5761260986328,113.8499984741211,304.8171081542969,203.25999450683594,197.52760314941406,607.9500122070312,,667.1690063476562,1.5700000524520874,274.06781005859375,180.89999389648438,42.1225700378418,23.89631462097168,75.10680389404297,100.63999938964844,525.8499755859375,336.39215087890625,26.736522674560547,919.6580200195312,283.396484375,128.82000732421875,209.1230926513672,103.97537231445312,167.1005859375,568.3259887695312,354.8016662597656,195.4791717529297,24.219999313354492,158.86375427246094,241.83816528320312,67.00753784179688,858.5433349609375,423.412353515625,539.6215209960938,298.7585754394531,616.92529296875,89.07423400878906,120.37538146972656,352.9270935058594,390.09356689453125,96.58275604248047,15.899999618530273,97.1989974975586,65.74016571044922,169.9459991455078,121.38140106201172,152.7827911376953,23.975236892700195,70.59258270263672,156.41510009765625,132.45408630371094,268.5999450683594,245.5260467529297,93.14979553222656,50.54497528076172,109.27999877929688,224.0860137939453,163.1699981689453,604.7100219726562,278.3900146484375,178.94371032714844,178.9222412109375,76.51000213623047,,502.33502197265625,341.3155517578125,86.55530548095703
2025-03-25,222.77903747558594,193.2021942138672,403.6400146484375,326.4477233886719,152.27774047851562,114.80999755859375,297.52581787109375,205.7100067138672,204.94207763671875,605.52001953125,,667.2679443359375,1.5700000524520874,275.46844482421875,182.58999633789062,42.32794952392578,23.39020347595215,76.77667999267578,97.05000305175781,528.8699951171875,337.32745361328125,26.948869705200195,923.8490600585938,286.0227355957031,131.4600067138672,211.0131072998047,105.09559631347656,169.9706268310547,574.0474243164062,352.0902099609375,195.72833251953125,24.200000762939453,156.6552734375,244.83116149902344,66.87147521972656,846.0853881835938,430.3138122558594,541.1005249023438,299.98028564453125,624.3621826171875,84.78987884521484,121.2762451171875,361.2534484863281,392.1578063964844,93.83293151855469,15.270000457763672,99.72799682617188,64.91096496582031,172.2760009765625,120.66156768798828,151.85546875,23.434097290039062,70.48316192626953,156.4834747314453,133.40798950195312,272.9737243652344,252.1526641845703,93.30550384521484,50.72075271606445,109.81999969482422,224.1349639892578,162.8300018310547,615.8800048828125,288.1400146484375,178.68685913085938,177.43692016601562,75.61000061035156,,499.3492126464844,342.05999755859375,83.8544692993164
2025-03-26,220.56866455078125,193.163818359375,397.80999755859375,325.5312194824219,149.34397888183594,110.19000244140625,296.41082763671875,201.1300048828125,205.98565673828125,583.6599731445312,,649.9607543945312,1.4700000286102295,272.23321533203125,178.5500030517578,41.87806701660156,22.611190795898438,75.22064971923828,95.9000015258789,533.2100219726562,335.84075927734375,26.311826705932617,923.3425903320312,278.4710388183594,126.33999633789062,206.27816772460938,106.4398422241211,164.48963928222656,562.271484375,353.20208740234375,196.6510467529297,23.420000076293945,157.3363037109375,244.73365783691406,68.04740142822266,820.6835327148438,433.33135986328125,544.9814453125,306.4897155761719,609.0797729492188,85.02146911621094,118.37026977539062,360.7082824707031,387.0072326660156,91.79048919677734,15.579999923706055,97.06500244140625,64.13056182861328,167.7100067138672,113.73320007324219,145.80809020996094,23.122255325317383,69.597900390625,154.76377868652344,132.1000518798828,261.0603942871094,243.7232208251953,95.33938598632812,49.54892349243164,104.27999877929688,219.82655334472656,159.74000549316406,576.3499755859375,272.05999755859375,171.37741088867188,177.93844604492188,74.18000030517578,,503.9884033203125,341.6232604980469,84.2996597290039
2025-03-27,222.87860107421875,194.52642822265625,396.1499938964844,327.455810546875,146.37057495117188,106.6500015258789,296.468994140625,201.36000061035156,205.78688049316406,593.469970703125,,635.4226684570312,1.5700000524520874,268.3074951171875,179.11000061035156,41.62378692626953,22.4970703125,73.30408477783203,95.4000015258789,534.52001953125,334.0587463378906,26.022260665893555,932.2803955078125,275.3195495605469,126.5999984741211,204.7960205078125,108.28089141845703,161.6793975830078,547.5758666992188,353.78729248046875,197.61990356445312,23.6200008392334,158.70809936523438,241.89662170410156,68.74710845947266,815.6309204101562,430.5182189941406,553.418212890625,305.61981201171875,600.7059326171875,84.52933502197266,115.27055358886719,359.171875,387.6125793457031,90.8240737915039,15.489999771118164,97.6719970703125,64.18909454345703,165.54800415039062,111.40375518798828,143.8153076171875,22.938817977905273,68.49380493164062,154.3533935546875,131.21499633789062,261.2065124511719,242.89488220214844,96.19576263427734,49.47079849243164,102.5199966430664,216.93797302246094,156.97999572753906,580.219970703125,273.1300048828125,166.1817626953125,174.3408966064453,74.86000061035156,,501.5763854980469,347.26104736328125,84.71517181396484
2025-03-28,216.9544219970703,196.99252319335938,385.7099914550781,325.62286376953125,143.7738037109375,103.22000122070312,297.6131286621094,192.72000122070312,200.96646118164062,589.1500244140625,,618.7088012695312,1.4700000286102295,261.8567810058594,173.30999755859375,40.34260940551758,22.3978328704834,72.05167388916016,94.94999694824219,526.3099975585938,324.59716796875,25.520349502563477,923.253173828125,267.54986572265625,127.31999969482422,198.82760620117188,108.89457702636719,153.79673767089844,532.0964965820312,349.3201904296875,194.0858612060547,22.709999084472656,159.27236938476562,236.7588348388672,68.38753509521484,816.4647827148438,429.74920654296875,536.5843505859375,300.14642333984375,574.9462890625,86.10220336914062,111.715576171875,348.66485595703125,375.92205810546875,88.11408233642578,14.760000228881836,93.38500213623047,61.740535736083984,159.552001953125,109.6441650390625,138.97146606445312,23.122255325317383,64.80353546142578,149.2235870361328,129.5333709716797,261.0603942871094,240.45863342285156,95.1058349609375,49.50986099243164,96.68000030517578,211.50350952148438,150.6300048828125,561.1599731445312,263.54998779296875,163.22833251953125,170.06822204589844,72.75,,501.8876037597656,340.30316162109375,84.24030303955078
2025-03-31,221.1660614013672,201.0515899658203,383.5299987792969,322.6901550292969,143.83328247070312,102.73999786376953,302.07318115234375,190.25999450683594,201.9603729248047,591.864990234375,,599.32470703125,1.3600000143051147,265.3780212402344,170.5500030517578,40.81204605102539,21.90164566040039,69.90738677978516,91.05999755859375,532.5800170898438,324.7054748535156,21.65947914123535,939.2620849609375,265.95428466796875,126.43000030517578,199.09617614746094,109.14784240722656,154.1056365966797,535.2022094726562,357.4545593261719,195.3869171142578,22.709999084472656,161.34463500976562,239.1473846435547,69.60231018066406,819.8397827148438,434.83038330078125,544.0385131835938,305.30706787109375,574.5675048828125,86.6136245727539,113.01356506347656,339.7438049316406,372.5379943847656,86.68251037597656,14.229999542236328,93.25299835205078,61.92588424682617,159.22799682617188,108.35446166992188,137.92576599121094,23.24148941040039,64.90299987792969,150.0932159423828,130.2611083984375,261.4889831542969,238.1685333251953,95.4561538696289,48.4454460144043,95.4800033569336,207.4888458251953,146.16000366210938,550.030029296875,259.1600036621094,163.9691619873047,173.31854248046875,72.86000061035156,,509.38616943359375,347.8565979003906,86.85209655761719
2025-04-01,222.22146606445312,197.9329376220703,383.20001220703125,327.1808776855469,144.36849975585938,102.77999877929688,297.5840759277344,192.1699981689453,204.8426971435547,567.0900268554688,,612.873779296875,1.2400000095367432,266.7885437011719,168.1699981689453,40.57732391357422,22.144777297973633,70.3058853149414,90.29000091552734,532.989990234375,325.463623046875,22.740522384643555,947.8226928710938,267.7778015136719,127.56999969482422,202.71701049804688,108.39778900146484,156.5272674560547,537.3184204101562,356.50848388671875,196.95553588867188,22.049999237060547,149.09591674804688,237.54852294921875,69.84528350830078,799.311767578125,436.7091064453125,544.425537109375,306.53857421875,584.1774291992188,84.06616973876953,112.11271667480469,349.2595520019531,379.2863464355469,88.4981689453125,14.430000305175781,92.83799743652344,63.1745491027832,162.31199645996094,110.12405395507812,140.02706909179688,22.507741928100586,65.74848175048828,149.54605102539062,130.64462280273438,263.3398132324219,243.7719268798828,95.59241485595703,48.94347381591797,97.63999938964844,210.27952575683594,149.5399932861328,551.72998046875,268.4599914550781,166.57687377929688,171.66928100585938,72.98999786376953,,508.7734375,343.7771911621094,87.88098907470703
2025-04-02,222.91842651367188,196.89657592773438,385.7799987792969,327.455810546875,146.43995666503906,102.95999908447266,296.4011535644531,196.00999450683594,205.33963012695312,583.6199951171875,,609.5111694335938,1.4800000190734863,271.493408203125,168.55999755859375,40.929405212402344,21.261566162109375,69.96431732177734,93.31999969482422,537.719970703125,329.49041748046875,23.377565383911133,958.4290771484375,269.1058044433594,129.82000732421875,198.71817016601562,108.99198150634766,156.49732971191406,551.6710205078125,361.74615478515625,199.29925537109375,21.979999542236328,151.14871215820312,239.6543426513672,69.32049560546875,812.206298828125,440.8265686035156,543.303955078125,304.534912109375,582.1138916015625,83.56439971923828,115.53208923339844,349.06134033203125,379.2367248535156,88.388427734375,14.90999984741211,93.552001953125,63.36965560913086,164.80599975585938,110.39398193359375,143.8942413330078,22.654491424560547,66.79290008544922,150.55245971679688,130.9396209716797,264.391845703125,242.74871826171875,96.74072265625,48.92394256591797,100.6500015258789,210.27952575683594,153.91000366210938,565.4099731445312,282.760009765625,168.30543518066406,171.86216735839844,74.5,,508.85125732421875,343.7572937011719,88.80105590820312
2025-04-03,202.30825805664062,193.4900665283203,367.25,324.2481384277344,134.3084716796875,93.80000305175781,300.4248962402344,178.41000366210938,184.07017517089844,590.0599975585938,,572.3253784179688,1.315000057220459,244.4377899169922,150.91000366210938,36.40125274658203,21.102785110473633,67.47846984863281,92.01000213623047,530.1599731445312,301.036865234375,23.802261352539062,960.4152221679688,252.94195556640625,136.22999572753906,186.64210510253906,109.47903442382812,150.19918823242188,500.85382080078125,347.13543701171875,190.70870971679688,22.43000030517578,155.48782348632812,222.95399475097656,71.11837768554688,783.2904663085938,442.685791015625,526.599365234375,311.0736389160156,529.9666137695312,83.36175537109375,104.54749298095703,335.87799072265625,370.2752990722656,74.16248321533203,15.329999923706055,91.70500183105469,54.21929168701172,154.81399536132812,101.7760238647461,135.38052368164062,22.278446197509766,61.3818244934082,136.2280731201172,128.068115234375,257.4951477050781,232.8574981689453,85.8901138305664,45.427982330322266,82.29000091552734,193.36903381347656,139.89999389648438,558.4199829101562,267.2799987792969,155.45462036132812,158.3689727783203,69.8499984741211,,525.6184692382812,336.8688659667969,86.32776641845703
2025-04-04,187.56253051757812,179.4033966064453,349.07000732421875,304.6356506347656,125.82438659667969,85.76000213623047,285.4351806640625,171.0,175.92019653320312,555.1099853515625,,557.88623046875,1.309999942779541,231.25595092773438,136.58999633789062,33.633506774902344,19.941709518432617,64.51821899414062,88.05000305175781,493.5400085449219,283.62994384765625,23.26173973083496,910.1640014648438,238.60169982910156,128.69000244140625,165.9317169189453,104.47216033935547,145.09689331054688,461.25421142578125,345.1749572753906,176.23117065429688,19.850000381469727,149.086181640625,206.2684783935547,67.95993041992188,732.784423828125,420.6575927734375,486.12298583984375,293.32427978515625,503.1602783203125,78.61421966552734,96.70133209228516,331.9130859375,357.10614013671875,64.5654525756836,14.630000114440918,85.58599853515625,55.84840774536133,144.3300018310547,94.28778076171875,126.54130554199219,21.067758560180664,58.05958557128906,124.54190826416016,115.5002670288086,242.06532287597656,225.3050994873047,79.89551544189453,43.52375793457031,76.88999938964844,181.75592041015625,130.52999877929688,503.29998779296875,239.42999267578125,145.00404357910156,146.01388549804688,64.62000274658203,,510.6504821777344,310.803955078125,82.30123901367188
2025-04-07,180.6725616455078,179.0099639892578,340.70001220703125,289.60546875,131.67208862304688,83.63999938964844,280.8781433105469,175.25999450683594,162.7013397216797,550.0,,543.9415283203125,1.2699999809265137,231.8497314453125,138.86000061035156,34.797332763671875,19.68071746826172,63.645328521728516,86.81999969482422,490.3800048828125,275.73382568359375,22.68260955810547,901.8715209960938,242.02076721191406,130.0500030517578,166.8170166015625,102.78697204589844,146.24290466308594,456.0617980957031,333.0904541015625,172.97393798828125,19.56999969482422,146.53720092773438,210.34913635253906,66.44387817382812,718.4108276367188,419.36297607421875,481.90460205078125,293.1092834472656,514.6444091796875,78.33438873291016,97.75717163085938,322.49639892578125,355.14117431640625,68.20674133300781,14.270000457763672,86.78299713134766,54.248558044433594,147.10000610351562,97.61698913574219,125.44625091552734,20.755916595458984,58.21873474121094,126.75017547607422,115.37242889404297,235.28553771972656,215.75497436523438,77.85189819335938,42.224979400634766,78.81999969482422,172.9237060546875,131.0399932861328,518.969970703125,233.2899932861328,144.3817596435547,148.53118896484375,65.63999938964844,,510.3100891113281,309.9999694824219,82.93441009521484
2025-04-08,171.67178344726562,168.5697021484375,340.0,297.9454040527344,127.81656646728516,78.20999908447266,271.7350158691406,170.66000366210938,168.1678009033203,548.9299926757812,,567.4794311523438,1.2100000381469727,228.98973083496094,139.38999938964844,34.25942611694336,20.249347686767578,62.31700897216797,86.6500015258789,492.6400146484375,269.7083740234375,23.696086883544922,902.4872436523438,241.80271911621094,120.37999725341797,168.4782257080078,100.51731872558594,144.19998168945312,452.83856201171875,326.9750061035156,168.7294158935547,18.1299991607666,145.9340057373047,212.73277282714844,66.49246978759766,720.9024047851562,431.5694580078125,476.3463134765625,293.05059814453125,508.86248779296875,76.18254852294922,97.16629791259766,333.845947265625,351.8662109375,65.38349914550781,14.850000381469727,87.04000091552734,51.96584701538086,145.52000427246094,96.27731323242188,122.82209777832031,20.031339645385742,57.10469436645508,121.8060073852539,118.4603042602539,231.37939453125,218.09378051757812,77.55022430419922,43.01596450805664,77.08999633789062,178.93588256835938,133.50999450683594,518.3499755859375,221.86000061035156,139.64048767089844,140.82492065429688,65.06999969482422,,537.9118041992188,305.9800109863281,80.91620635986328
2025-04-09,197.98709106445312,172.57118225097656,364.6400146484375,288.872314453125,148.4024200439453,96.83999633789062,282.23553466796875,191.10000610351562,160.6936492919922,564.1300048828125,,548.1941528320312,1.2999999523162842,259.63848876953125,160.82000732421875,36.332794189453125,19.319494247436523,60.267608642578125,94.13999938964844,521.4099731445312,296.3602294921875,22.103477478027344,958.5382690429688,262.7928771972656,129.6300048828125,186.28399658203125,102.52396392822266,158.16159057617188,506.3793640136719,346.6282653808594,183.71444702148438,21.530000686645508,146.87771606445312,229.86949157714844,67.9793701171875,748.1704711914062,449.9473876953125,512.4033203125,297.08721923828125,583.9482421875,79.03880310058594,108.19933319091797,322.74420166015625,387.5232849121094,77.68405151367188,14.520000457763672,94.5469970703125,57.86772918701172,165.19000244140625,114.30306243896484,137.80738830566406,20.627511978149414,63.60991668701172,140.30262756347656,126.2979965209961,252.88763427734375,208.93344116210938,86.29883575439453,41.433990478515625,91.4000015258789,173.4720458984375,151.14999389648438,569.0599975585938,272.20001220703125,156.807861328125,163.4807586669922,72.68000030517578,,562.6347045898438,329.9605407714844,88.64276123046875
2025-04-10,189.5936737060547,167.15914916992188,350.04998779296875,301.5196228027344,137.01429748535156,88.69999694824219,272.8500061035156,181.22000122070312,167.53167724609375,546.219970703125,,571.237548828125,1.2100000381469727,244.3289337158203,155.52000427246094,35.06138610839844,19.74026107788086,61.76670455932617,93.12000274658203,515.8099975585938,284.6932373046875,22.923913955688477,957.6643676757812,253.23020935058594,122.19000244140625,180.5543212890625,98.77367401123047,152.29193115234375,479.8587951660156,344.9018859863281,178.4456787109375,19.8799991607666,144.65951538085938,222.77743530273438,68.76655578613281,715.6114501953125,451.3685607910156,496.4078063964844,299.8434753417969,544.591064453125,74.83162689208984,103.23979949951172,334.341552734375,378.45269775390625,69.88272857666016,15.279999732971191,92.11699676513672,53.06818389892578,156.697998046875,107.5446548461914,132.02542114257812,19.802043914794922,60.23794174194336,131.32301330566406,124.96057891845703,251.796630859375,224.1356964111328,82.32838439941406,42.390987396240234,84.62999725341797,183.04844665527344,144.4499969482422,553.02001953125,252.39999389648438,149.28109741210938,151.03887939453125,70.94000244140625,,578.0986328125,322.1986389160156,89.64197540283203
2025-04-11,197.2901153564453,167.97479248046875,352.4700012207031,300.6031494140625,143.65489196777344,93.4000015258789,277.281005859375,184.8699951171875,169.32070922851562,580.9400024414062,,570.9408569335938,1.2899999618530273,248.5249481201172,156.83999633789062,35.1591911315918,20.006214141845703,62.96219253540039,96.5199966430664,524.1099853515625,288.9169921875,22.9721736907959,956.7704467773438,253.11111450195312,125.93000030517578,180.71348571777344,100.9459228515625,156.59701538085938,484.40460205078125,345.135986328125,183.2069549560547,19.739999771118164,147.61709594726562,231.6940155029297,69.41767120361328,727.0269165039062,462.2707214355469,506.7566833496094,302.89288330078125,541.8795166015625,76.40449523925781,104.73153686523438,334.8867492675781,385.498779296875,69.38392639160156,15.039999961853027,91.8290023803711,53.05842208862305,157.13400268554688,110.90386199951172,131.03533935546875,20.095542907714844,62.25714874267578,136.0619659423828,126.13081359863281,252.43954467773438,219.0682830810547,83.13609313964844,42.5081672668457,83.70999908447266,176.91876220703125,144.9600067138672,543.6599731445312,252.30999755859375,155.15829467773438,142.35848999023438,72.27999877929688,,583.029541015625,330.92333984375,91.8085708618164
2025-04-14,201.64117431640625,171.86109924316406,350.9100036621094,309.4929504394531,143.24851989746094,94.5,284.9794616699219,182.1199951171875,177.72911071777344,606.3900146484375,,583.5009765625,1.3799999952316284,252.73085021972656,159.27999877929688,35.86335372924805,20.73064613342285,65.1444320678711,102.33999633789062,529.52001953125,293.51483154296875,23.840869903564453,972.5708618164062,252.66444396972656,131.25999450683594,185.02069091796875,103.74159240722656,158.5203399658203,493.7509765625,348.3936462402344,184.7755889892578,20.309999465942383,150.1758270263672,230.24224853515625,70.40892791748047,748.8057250976562,462.69903564453125,509.4507751464844,308.9234313964844,529.8270263671875,76.39483642578125,105.69050598144531,339.4464111328125,384.8636474609375,70.85040283203125,15.359999656677246,93.12799835205078,54.0534553527832,159.96400451660156,110.68391418457031,133.30259704589844,20.288150787353516,61.93885040283203,136.0033721923828,126.99620819091797,252.80970764160156,222.96629333496094,83.19448852539062,43.260093688964844,82.7699966430664,181.83425903320312,144.5500030517578,549.1699829101562,252.35000610351562,153.93345642089844,145.61843872070312,73.0999984741211,,570.9598999023438,332.69012451171875,93.71795654296875
2025-04-15,201.2628173828125,171.221923828125,350.3800048828125,314.3502502441406,144.1603546142578,95.29000091552734,286.3174743652344,179.58999633789062,178.06704711914062,605.375,,598.7313232421875,1.3899999856948853,255.1851348876953,155.52000427246094,37.15431594848633,20.6661434173584,66.54864501953125,99.0,528.1699829101562,288.89727783203125,23.840869903564453,970.1874389648438,253.0416259765625,126.81999969482422,184.69241333007812,102.94282531738281,155.76988220214844,497.58160400390625,345.3797912597656,183.44686889648438,19.850000381469727,149.4558563232422,228.6825714111328,69.8355712890625,751.614990234375,457.0921936035156,514.3418579101562,305.41461181640625,519.8980712890625,75.64218139648438,106.97882843017578,340.3880615234375,382.7994384765625,70.87036895751953,15.359999656677246,97.62799835205078,53.48765563964844,163.3000030517578,112.1735610961914,132.60955810546875,20.581649780273438,61.670284271240234,135.42686462402344,126.50450897216797,255.1768035888672,226.7181396484375,81.4622802734375,43.260093688964844,83.91000366210938,181.44259643554688,146.5399932861328,572.3900146484375,254.11000061035156,155.4052276611328,145.8113250732422,74.0199966430664,,567.5850830078125,333.3154602050781,92.96607971191406
2025-04-16,193.42697143554688,166.26344299316406,344.19000244140625,318.2910461425781,136.96473693847656,88.29000091552734,274.0426025390625,174.3300018310547,173.47520446777344,587.5900268554688,,567.6771850585938,1.4199999570846558,250.29637145996094,156.47000122070312,36.50883865356445,20.795150756835938,66.89021301269531,98.25,516.4500122070312,285.6581115722656,24.564783096313477,961.0806884765625,247.98931884765625,124.37999725341797,181.48936462402344,102.16354370117188,152.8001708984375,488.9210205078125,337.4599914550781,178.3441925048828,19.229999542236328,149.73802185058594,225.229736328125,69.66063690185547,729.498779296875,464.39276123046875,510.4150390625,302.1110534667969,500.7477722167969,73.77983093261719,104.47968292236328,331.0209655761719,368.78668212890625,69.1644515991211,15.479999542236328,96.16300201416016,52.238990783691406,159.33200073242188,104.46538543701172,128.4710693359375,20.21477699279785,59.91964340209961,132.63233947753906,127.1043930053711,253.73512268066406,226.42579650878906,78.59150695800781,43.93389892578125,83.95999908447266,182.26510620117188,146.0800018310547,563.0700073242188,241.5500030517578,149.81446838378906,141.34576416015625,73.05999755859375,,568.9953002929688,328.86871337890625,90.21578216552734
2025-04-17,196.12521362304688,167.53213500976562,348.79998779296875,319.1159362792969,136.24122619628906,87.5,268.8553466796875,172.61000061035156,171.6663360595703,596.2000122070312,,557.9852294921875,1.4700000286102295,248.7030792236328,161.89999389648438,36.587074279785156,20.869579315185547,66.66250610351562,98.76000213623047,518.2100219726562,289.7046203613281,24.564783096313477,987.6463012695312,245.42843627929688,127.9800033569336,180.8328399658203,101.83235168457031,150.63766479492188,499.1491394042969,346.306396484375,181.4076385498047,18.93000030517578,153.20152282714844,227.534912109375,70.94344329833984,833.7865600585938,451.73846435546875,514.292236328125,304.26123046875,499.9203796386719,75.26586151123047,105.75831604003906,323.38848876953125,364.98577880859375,68.63571166992188,15.979999542236328,97.3030014038086,54.3948860168457,154.4320068359375,101.46607971191406,127.3423843383789,20.306493759155273,60.675601959228516,133.53128051757812,126.75035095214844,250.73486328125,220.23768615722656,79.3116226196289,43.61164474487305,83.6500015258789,183.1267852783203,143.42999267578125,574.25,241.3699951171875,149.8836212158203,143.16864013671875,75.23999786376953,,441.65606689453125,327.1614990234375,92.2240982055664
2025-04-21,192.32177734375,164.79141235351562,343.2200012207031,,134.35804748535156,85.55999755859375,265.3551025390625,167.32000732421875,,595.7000122070312,,,1.4199999570846558,239.9943389892578,159.33999633789062,36.10784912109375,,,101.80999755859375,506.9200134277344,281.69134521484375,,951.16943359375,234.5099334716797,122.44999694824219,177.4109649658203,101.62779235839844,147.15972900390625,491.18414306640625,338.3475341796875,179.22076416015625,18.84000015258789,152.66641235351562,224.62156677246094,70.71992492675781,812.0077514648438,446.1413879394531,506.3291931152344,301.7396240234375,483.1526794433594,75.12110900878906,102.96857452392578,,356.3916320800781,66.58062744140625,,98.79100036621094,54.746070861816406,151.197998046875,96.88717651367188,121.5999984741211,20.21477699279785,59.96440505981445,133.023193359375,124.0263442993164,244.052490234375,,78.5136489868164,,81.63999938964844,,137.0,558.8200073242188,227.5,146.05108642578125,140.4391326904297,72.91999816894531,,413.66534423828125,317.72216796875,91.42274475097656
2025-04-22,198.8732452392578,168.29718017578125,349.9100036621094,325.072998046875,137.07376098632812,86.26000213623047,269.9315490722656,173.17999267578125,171.96449279785156,599.8699951171875,,554.9193115234375,1.4700000286102295,249.8015594482422,162.52000427246094,37.477054595947266,21.321109771728516,68.10467529296875,104.68000030517578,520.7899780273438,288.0525207519531,24.999130249023438,972.4815063476562,241.5871124267578,135.35000610351562,188.18392944335938,102.77722930908203,150.94659423828125,509.43603515625,345.69189453125,183.04087829589844,19.510000228881836,153.4739227294922,231.0956268310547,71.81809997558594,821.457763671875,449.7916564941406,524.2334594726562,311.8653564453125,498.7240905761719,76.20185852050781,106.92070007324219,314.8143615722656,364.0331115722656,70.04234313964844,15.890000343322754,104.03399658203125,55.663063049316406,153.36599731445312,98.86669921875,125.9760971069336,20.664196014404297,61.09336853027344,135.5636749267578,111.86168670654297,245.8643341064453,212.92892456054688,79.55491638183594,43.728824615478516,85.70999908447266,185.37890625,140.22999572753906,590.3900146484375,237.97000122070312,149.54776000976562,141.54827880859375,74.44000244140625,,415.464599609375,328.93817138671875,93.83667755126953
2025-04-23,203.71214294433594,171.46401977539062,351.9599914550781,327.27252197265625,142.3069305419922,90.38999938964844,269.44677734375,180.60000610351562,178.56399536132812,594.6500244140625,,574.501220703125,1.5199999809265137,257.4414978027344,172.3699951171875,37.89760208129883,21.936378479003906,69.86943817138672,114.83000183105469,526.8099975585938,292.6032409667969,25.385217666625977,969.114990234375,248.62457275390625,131.10000610351562,192.6602325439453,103.62468719482422,154.81320190429688,518.5668334960938,347.6329040527344,182.06275939941406,20.59000015258789,151.16818237304688,236.28472900390625,71.23499298095703,823.323974609375,451.2225646972656,526.897705078125,311.2789306640625,518.6519775390625,75.97991180419922,108.79020690917969,328.19598388671875,371.5456237792969,72.75585174560547,15.979999542236328,104.95899963378906,55.98497772216797,162.5399932861328,102.68580627441406,130.0947723388672,20.535791397094727,62.127838134765625,137.24429321289062,118.28329467773438,264.4502868652344,235.53738403320312,80.5864486694336,44.558876037597656,90.95999908447266,192.40943908691406,147.38999938964844,592.7000122070312,250.74000549316406,155.87936401367188,146.7469024658203,73.7699966430664,,416.22320556640625,331.8861389160156,93.94550323486328
2025-04-24,207.4657745361328,174.67926025390625,360.9100036621094,326.7226257324219,148.83851623535156,94.47000122070312,271.3277587890625,186.5399932861328,180.3927459716797,600.510009765625,,585.1822509765625,1.5299999713897705,264.5469970703125,176.25999450683594,38.70934295654297,22.30851936340332,70.97004699707031,120.54000091552734,531.6400146484375,303.5744934082031,25.43347930908203,968.7573852539062,262.7392578125,136.44000244140625,196.37060546875,103.4006576538086,158.7296142578125,534.3008422851562,350.7734680175781,185.22772216796875,21.489999771118164,150.73036193847656,239.97299194335938,70.47696685791016,853.4111938476562,454.3958435058594,532.315673828125,309.07000732421875,531.4918823242188,77.04135131835938,111.97710418701172,335.1345520019531,384.3574523925781,77.23512268066406,15.760000228881836,109.68699645996094,57.04829406738281,187.71400451660156,106.40492248535156,136.1440887451172,20.893495559692383,64.42555236816406,143.8397674560547,119.94523620605469,266.4666442871094,235.00140380859375,81.6082534790039,44.80300521850586,95.12000274658203,196.47303771972656,158.66000366210938,605.9500122070312,259.510009765625,162.1714324951172,156.37249755859375,78.0999984741211,,412.614990234375,333.2161560058594,94.81608581542969
2025-04-25,208.371826171875,180.1897430419922,367.7200012207031,329.10546875,150.20626831054688,96.6500015258789,272.2973327636719,188.99000549316406,180.3927459716797,614.760009765625,,584.2299194335938,1.4600000381469727,262.0630187988281,177.9499969482422,38.816917419433594,22.814626693725586,72.41221618652344,102.0199966430664,530.9600219726562,303.1689147949219,25.771305084228516,970.4257202148438,265.8659362792969,141.86000061035156,197.38522338867188,100.49783325195312,161.40036010742188,533.80126953125,348.7642517089844,183.76980590820312,20.049999237060547,150.38986206054688,238.90379333496094,69.8841552734375,878.0389404296875,464.9378967285156,530.3473510742188,309.5782775878906,545.5679931640625,79.8396987915039,112.37427520751953,337.4639587402344,388.8729553222656,79.58948516845703,15.899999618530273,110.15299987792969,56.2093505859375,189.052001953125,110.98385620117188,137.11436462402344,21.021900177001953,64.99251556396484,145.15882873535156,123.14128112792969,270.7527770996094,238.4608917236328,81.5595932006836,45.74047088623047,97.12000274658203,196.47303771972656,158.39999389648438,620.719970703125,284.95001220703125,163.08016967773438,157.0765838623047,77.75,,407.1588439941406,332.6802062988281,94.0740966796875
2025-04-28,209.2281036376953,186.2716064453125,368.6199951171875,331.03009033203125,149.4530029296875,96.38999938964844,274.4788818359375,187.6999969482422,181.34689331054688,620.969970703125,,579.86474609375,1.4600000381469727,262.20159912109375,182.3000030517578,38.90494155883789,22.914342880249023,72.43118286132812,104.0,530.9400024414062,303.7724304199219,25.626522064208984,971.7962646484375,263.6722717285156,140.72999572753906,199.80242919921875,103.58573150634766,160.0550079345703,535.31005859375,348.12054443359375,185.15390014648438,20.510000228881836,151.1389923095703,238.58009338378906,69.76752471923828,870.8421630859375,463.623779296875,531.3514404296875,309.64666748046875,548.0302734375,80.27393341064453,112.19989776611328,337.9100036621094,388.18817138671875,78.37239837646484,16.459999084472656,111.03800201416016,55.90694046020508,187.48199462890625,108.70439147949219,138.74794006347656,21.14113426208496,64.58470916748047,144.2403564453125,122.72826385498047,277.9611511230469,242.45635986328125,81.64718627929688,46.11155319213867,98.56999969482422,200.78146362304688,158.9600067138672,597.72998046875,285.8800048828125,161.40097045898438,156.67147827148438,78.33000183105469,,408.48150634765625,335.0028076171875,94.20272827148438
2025-04-29,210.29345703125,187.40469360351562,370.9800109863281,331.4883117675781,148.22401428222656,96.05999755859375,279.78253173828125,187.38999938964844,183.6328582763672,629.510009765625,,580.3607788085938,1.409999966621399,264.2500915527344,182.0,39.110321044921875,23.10379981994629,72.60196685791016,104.0,534.5700073242188,304.1087646484375,25.626522064208984,984.8656616210938,265.7765808105469,137.24000549316406,199.44435119628906,101.51089477539062,159.60658264160156,537.7788696289062,350.1492614746094,195.14700317382812,20.34000015258789,151.6837921142578,239.95338439941406,70.31175231933594,878.694091796875,463.22467041015625,536.5108642578125,307.388916015625,552.7156982421875,81.74065399169922,112.5679931640625,340.9827880859375,391.0462951660156,76.69641876220703,16.459999084472656,112.56400299072266,56.13130569458008,188.57200622558594,108.99430847167969,139.3914794921875,21.819852828979492,65.96731567382812,143.51730346679688,123.642822265625,284.97467041015625,248.1084747314453,82.57167053222656,46.11155319213867,98.91999816894531,198.03973388671875,160.35000610351562,576.9400024414062,292.0299987792969,162.46775817871094,155.06080627441406,79.41999816894531,,398.00689697265625,338.9830017089844,95.01396942138672
2025-04-30,211.57785034179688,188.94454956054688,374.9800109863281,333.6878356933594,149.37371826171875,97.3499984741211,282.0707092285156,184.4199981689453,184.38821411132812,645.1400146484375,,577.880615234375,1.5,263.64642333984375,183.24000549316406,39.00273895263672,22.964200973510742,70.49564361572266,104.1500015258789,533.25,305.9587097167969,26.012609481811523,987.6463012695312,266.71954345703125,125.81999969482422,200.47886657714844,103.78055572509766,158.25128173828125,536.4366455078125,351.60247802734375,194.23348999023438,20.100000381469727,152.0729522705078,239.95338439941406,70.50611877441406,892.343017578125,465.0449523925781,544.8416748046875,312.4224548339844,547.2926025390625,82.21347045898438,112.69981384277344,341.4784240722656,392.2570495605469,76.76625061035156,16.489999771118164,113.1719970703125,55.01921844482422,191.0019989013672,108.89433288574219,139.3221893310547,22.388507843017578,65.48986053466797,145.06114196777344,124.03617858886719,284.6240234375,248.79063415527344,77.90055847167969,46.26779556274414,95.0,197.74598693847656,159.49000549316406,613.97998046875,282.1600036621094,164.6507110595703,155.6833038330078,81.01000213623047,,400.15631103515625,342.9334716796875,96.21104431152344
2025-05-01,212.39430236816406,187.2400665283203,374.6300048828125,,147.63925170898438,96.6500015258789,275.14788818359375,190.1999969482422,,639.9000244140625,,,1.4700000286102295,265.7543640136719,182.88999938964844,39.28636169433594,,,102.43000030517578,530.22998046875,310.5984802246094,,992.155029296875,267.3349609375,126.56999969482422,202.5379638671875,100.57577514648438,160.7426300048828,542.5892333984375,349.46649169921875,194.45497131347656,19.979999542236328,150.2731170654297,242.18008422851562,69.2816162109375,788.2635498046875,465.0157470703125,543.4201049804688,306.5483703613281,570.4303588867188,80.34147644042969,114.00823211669922,,422.16802978515625,77.58428955078125,,113.34700012207031,55.370399475097656,191.58999633789062,111.58370208740234,144.04481506347656,21.948259353637695,65.0621566772461,132.11447143554688,125.29493713378906,281.44842529296875,,79.80792236328125,,97.01000213623047,,165.36000061035156,602.260009765625,280.5199890136719,170.60694885253906,153.94215393066406,80.88999938964844,,389.69134521484375,339.9061279296875,96.36933135986328
2025-05-02,204.45889282226562,192.20822143554688,380.8699951171875,339.09503173828125,153.7248077392578,98.80000305175781,272.665771484375,189.97999572753906,179.697021484375,649.6699829101562,,604.0712890625,1.5,273.9781494140625,185.4600067138672,40.16656494140625,23.811771392822266,70.989013671875,104.94000244140625,539.7999877929688,320.2144470214844,26.736522674560547,1002.6558227539062,273.0423583984375,130.5399932861328,206.60641479492188,100.99462127685547,163.46319580078125,554.610107421875,355.5331726074219,197.5830078125,20.6200008392334,151.8881072998047,247.69285583496094,69.63148498535156,817.5665893554688,460.2265625,556.1051635742188,304.9063415527344,595.1632690429688,80.26427459716797,117.38668823242188,380.9293212890625,431.97296142578125,80.5272445678711,16.440000534057617,115.64900207519531,57.15560531616211,195.4720001220703,114.47303009033203,149.23275756835938,22.195898056030273,66.88241577148438,136.60916137695312,128.04847717285156,293.9072570800781,259.5101318359375,82.41596984863281,46.88300323486328,99.25,205.4325714111328,167.66000366210938,644.0,287.2099914550781,177.08668518066406,160.02163696289062,84.27999877929688,,388.95220947265625,345.01788330078125,97.69501495361328
2025-05-05,198.02691650390625,189.8839569091797,381.05999755859375,343.76904296875,153.23916625976562,100.58999633789062,271.5410461425781,186.35000610351562,174.72752380371094,656.6500244140625,,601.9879150390625,1.4700000286102295,275.1459045410156,186.4600067138672,40.21546173095703,24.130857467651367,71.17877197265625,101.0999984741211,512.1500244140625,319.6505126953125,26.688261032104492,1009.208984375,270.6105041503906,127.16000366210938,207.83990478515625,100.14716339111328,163.642578125,548.2029418945312,352.8119812011719,197.69374084472656,20.270000457763672,150.7984619140625,247.7418975830078,69.68006134033203,815.4225463867188,459.0195617675781,557.824951171875,308.581298828125,597.40625,79.93619537353516,116.78129577636719,382.06927490234375,432.8562316894531,80.22796630859375,16.649999618530273,113.40599822998047,55.945960998535156,195.61000061035156,113.79318237304688,147.8070526123047,21.893226623535156,68.17550659179688,136.2476348876953,126.4553451538086,294.793701171875,260.53338623046875,79.46733093261719,46.85371017456055,98.37999725341797,206.85238647460938,167.8699951171875,637.6500244140625,280.260009765625,174.24191284179688,157.9886474609375,85.43000030517578,,393.7080993652344,346.0501403808594,98.26881408691406
2025-05-06,197.64854431152344,181.24537658691406,382.9800109863281,346.0602111816406,151.6731414794922,98.62000274658203,262.2137145996094,185.00999450683594,174.76727294921875,615.1099853515625,,596.7299194335938,1.3799999952316284,272.51348876953125,185.9600067138672,39.94162368774414,23.981285095214844,71.02696990966797,94.73999786376953,512.3300170898438,317.454345703125,26.736522674560547,1004.843505859375,271.3351135253906,126.76000213623047,207.501708984375,95.3448486328125,162.6659698486328,538.2099609375,350.5198974609375,193.70753479003906,19.940000534057617,150.28282165527344,244.4950408935547,69.69950103759766,769.4231567382812,455.7586669921875,555.70751953125,309.6271667480469,585.4834594726562,76.26939392089844,115.54122924804688,381.3258361816406,430.0179443359375,80.3177490234375,16.549999237060547,113.76899719238281,55.64354705810547,193.052001953125,113.51325988769531,146.23284912109375,20.985212326049805,67.6881103515625,136.6970977783203,126.03247833251953,289.9718322753906,257.6098937988281,80.55725860595703,46.277557373046875,93.83000183105469,204.6002655029297,168.4499969482422,632.8499755859375,275.3500061035156,170.17233276367188,156.6949462890625,85.83000183105469,,383.6905822753906,345.11712646484375,97.49715423583984
2025-05-07,195.3983612060547,182.1557159423828,384.9700012207031,340.65301513671875,154.4285125732422,100.36000061035156,267.4494323730469,188.7100067138672,169.85740661621094,622.9299926757812,,599.9046020507812,1.3899999856948853,273.37445068359375,185.55999755859375,40.02964401245117,23.373029708862305,72.20347595214844,92.80000305175781,518.219970703125,316.8607177734375,26.736522674560547,1001.5123291015625,276.1690673828125,129.77999877929688,208.8147430419922,96.33843994140625,150.85690307617188,540.7178955078125,353.8067626953125,198.02589416503906,20.309999465942383,153.03611755371094,244.63238525390625,70.3603515625,771.0112915039062,458.7859191894531,563.00439453125,310.93682861328125,594.953857421875,76.34659576416016,116.29308319091797,378.94683837890625,430.0576477050781,82.42271423339844,16.610000610351562,115.54100036621094,57.18486404418945,196.6580047607422,117.03242492675781,147.88626098632812,20.902667999267578,68.32470703125,140.99636840820312,125.38343811035156,289.6308898925781,254.83253479003906,80.4891357421875,45.486576080322266,94.5,204.7960968017578,170.55999755859375,657.0999755859375,276.2200012207031,172.4046630859375,160.29397583007812,83.6500015258789,,380.335205078125,347.25115966796875,97.77415466308594
2025-05-08,196.63299560546875,179.7248992919922,383.989990234375,341.2945556640625,154.61680603027344,101.69999694824219,263.7746887207031,192.0800018310547,174.7076416015625,569.1199951171875,,625.4999389648438,1.399999976158142,280.7174987792969,191.6999969482422,40.68490219116211,23.353086471557617,74.23390197753906,94.77999877929688,513.25,320.7783508300781,27.31565284729004,1002.0692138671875,277.6678466796875,133.75999450683594,213.36068725585938,95.61760711669922,153.7469024658203,554.21826171875,355.86474609375,197.9613037109375,21.0,151.44058227539062,248.63455200195312,69.16499328613281,745.9271240234375,461.9105529785156,563.789794921875,306.4017028808594,596.150146484375,74.92811584472656,119.00755310058594,387.6201171875,434.8410949707031,84.94667053222656,17.06999969482422,114.44300079345703,57.467769622802734,194.8979949951172,117.34236145019531,148.80703735351562,21.067758560180664,70.10519409179688,141.77804565429688,126.53400421142578,286.7085876464844,256.099365234375,79.98310089111328,45.447513580322266,94.0,208.7617950439453,173.97000122070312,655.260009765625,284.82000732421875,173.07635498046875,161.1208038330078,82.30000305175781,,374.9762878417969,348.66058349609375,96.38911437988281
2025-05-09,197.66848754882812,178.7758331298828,383.2799987792969,346.4570007324219,154.2302703857422,102.83999633789062,257.77301025390625,193.05999755859375,175.34373474121094,549.6500244140625,,621.8292846679688,1.3899999856948853,281.5587158203125,194.85000610351562,40.8707275390625,23.976299285888672,75.60017395019531,92.7699966430664,513.739990234375,322.1336669921875,27.508695602416992,1002.4470825195312,273.3798522949219,140.67999267578125,213.8282012939453,94.39997863769531,152.22216796875,555.5899047851562,353.76776123046875,196.56800842285156,21.420000076293945,150.03961181640625,248.25198364257812,68.53330993652344,729.1712036132812,460.9273986816406,565.3009033203125,306.5874328613281,590.6473999023438,73.30701446533203,118.83180236816406,385.191650390625,435.3967590332031,85.65497589111328,17.290000915527344,114.02200317382812,56.87269973754883,196.01199340820312,116.62252044677734,148.8466339111328,20.82474136352539,69.88636016845703,141.856201171875,126.53400421142578,286.35791015625,254.9787139892578,78.14385223388672,45.95530700683594,91.7699966430664,209.59410095214844,174.13999938964844,648.25,298.260009765625,174.36044311523438,167.56991577148438,82.80999755859375,,370.20098876953125,349.9211730957031,95.91805267333984
2025-05-12,210.15048217773438,184.07325744628906,395.94000244140625,336.2277526855469,166.50050354003906,108.12000274658203,266.40228271484375,208.63999938964844,187.12887573242188,560.9000244140625,,661.611328125,1.440000057220459,295.8192138671875,198.52999877929688,42.406192779541016,23.991256713867188,77.34595489501953,97.2699966430664,514.2999877929688,338.88238525390625,28.4256534576416,1010.4619750976562,286.68060302734375,156.2100067138672,217.79718017578125,101.1310043334961,157.91244506835938,579.337890625,367.3055725097656,202.39039611816406,22.18000030517578,149.9617919921875,255.08900451660156,67.57119750976562,750.016845703125,460.5769958496094,574.8743286132812,304.86724853515625,637.4412841796875,77.61067199707031,124.06548309326172,395.94647216796875,445.8467712402344,92.06962585449219,17.420000076293945,111.0,61.04792022705078,203.1199951171875,122.97102355957031,155.65829467773438,21.581836700439453,71.92545318603516,148.63734436035156,128.39263916015625,285.90985107421875,255.80703735351562,83.3696517944336,47.64469528198242,104.33999633789062,217.13380432128906,180.5399932861328,620.8099975585938,318.3800048828125,184.69248962402344,182.17039489746094,88.0999984741211,,368.36279296875,353.2065734863281,95.94779968261719
2025-05-13,212.2840118408203,182.0685577392578,397.3999938964844,335.4629211425781,171.49581909179688,112.45999908447266,262.2234191894531,211.3699951171875,188.38302612304688,542.469970703125,,678.278076171875,1.409999966621399,299.16412353515625,203.4199981689453,43.30595397949219,24.669313430786133,79.68000793457031,94.5,511.8800048828125,348.76544189453125,27.412174224853516,993.4378051757812,287.02801513671875,191.60000610351562,220.41334533691406,98.80290222167969,158.978759765625,591.5548095703125,364.3893127441406,201.35694885253906,22.559999465942383,144.41629028320312,257.9925842285156,67.01725006103516,740.5767211914062,447.6014709472656,573.2042236328125,301.71026611328125,653.98974609375,73.9438705444336,126.30152130126953,397.8793640136719,445.7276916503906,96.69854736328125,18.149999618530273,113.84400177001953,60.862571716308594,207.343994140625,129.89938354492188,160.6581573486328,21.376203536987305,71.90556335449219,147.8751983642578,128.54998779296875,284.77947998046875,255.66087341308594,84.54715728759766,47.966949462890625,107.68000030517578,220.46302795410156,181.02000427246094,620.0700073242188,334.07000732421875,191.61672973632812,183.0653076171875,91.72000122070312,,302.84039306640625,354.0815124511719,95.08500671386719
2025-05-14,211.68582153320312,171.8417205810547,399.4700012207031,335.4629211425781,172.5959930419922,117.72000122070312,254.3018798828125,210.25,188.38302612304688,532.27001953125,,681.1550903320312,1.4299999475479126,296.9869689941406,204.72000122070312,43.755836486816406,24.669313430786133,79.68000793457031,92.08499908447266,503.3999938964844,345.9162902832031,27.412174224853516,985.9896240234375,288.58636474609375,192.97999572753906,222.0646209716797,95.8319091796875,164.79856872558594,599.1867065429688,363.6188049316406,200.39730834960938,21.520000457763672,142.39266967773438,260.5724182128906,67.21162414550781,710.3008422851562,437.2347106933594,569.9136352539062,300.54718017578125,657.309326171875,70.89463806152344,127.95166015625,397.8793640136719,449.4988098144531,95.09239196777344,18.149999618530273,115.0989990234375,60.218727111816406,205.36399841308594,135.30810546875,161.3313751220703,20.58172607421875,72.29348754882812,149.47764587402344,128.61880493164062,283.5311584472656,257.9716491699219,84.21630096435547,47.966949462890625,111.44999694824219,220.46302795410156,181.4499969482422,633.22998046875,347.67999267578125,192.37730407714844,182.228759765625,90.41000366210938,,299.5628356933594,354.3996276855469,96.02713775634766
2025-05-15,210.8084716796875,175.9479522705078,404.69000244140625,332.8817138671875,173.2005615234375,114.98999786376953,263.4256591796875,205.1699981689453,189.3983154296875,561.75,,676.7899169921875,1.6299999952316284,296.4426574707031,206.24000549316406,43.403751373291016,22.799671173095703,77.58000183105469,92.33999633789062,507.3299865722656,346.0646667480469,27.701740264892578,1004.813720703125,288.6062316894531,186.17999267578125,228.1722869873047,97.74113464355469,163.39344787597656,603.3994140625,369.2952880859375,205.11244201660156,21.549999237060547,145.5545654296875,262.3870544433594,69.59259796142578,727.9005126953125,452.7702941894531,578.7811889648438,307.3693542480469,641.8775024414062,72.17802429199219,129.3870391845703,404.0178527832031,450.512939453125,95.2220687866211,17.43000030517578,117.7979965209961,60.87232971191406,207.03599548339844,134.79823303222656,157.816650390625,21.123842239379883,71.18938446044922,149.11610412597656,133.27029418945312,289.3205261230469,258.8074951171875,84.91696166992188,47.703285217285156,110.20999908447266,217.2317352294922,182.97000122070312,640.1799926757812,342.82000732421875,191.8439178466797,182.70541381835938,90.16000366210938,,266.8259582519531,360.20587158203125,95.55111694335938
2025-05-16,210.6190643310547,178.21412658691406,417.1300048828125,335.7497253417969,164.10195922851562,117.16999816894531,266.45794677734375,205.58999633789062,187.8455352783203,565.6300048828125,,663.0994262695312,1.649999976158142,296.61090087890625,205.82000732421875,43.70692825317383,22.804656982421875,76.91999816894531,92.7699966430664,514.3099975585938,349.7942810058594,26.64000129699707,1020.0877075195312,288.9932861328125,178.4600067138672,230.5596466064453,99.8451919555664,165.61572265625,606.4659423828125,371.39227294921875,206.70762634277344,21.65999984741211,147.22796630859375,262.4557800292969,69.97161102294922,753.364501953125,455.86572265625,579.8549194335938,311.40594482421875,638.3485107421875,73.39385986328125,129.06480407714844,400.9883728027344,451.6463623046875,97.76598358154297,17.559999465942383,119.15299987792969,61.56494140625,208.03599548339844,135.36810302734375,158.89581298828125,21.338817596435547,71.79615020751953,149.00865173339844,133.23095703125,291.3453369140625,261.80657958984375,83.85856628417969,47.703285217285156,110.75,215.37127685546875,183.0800018310547,656.2999877929688,349.9800109863281,191.8439178466797,183.35711669921875,91.79000091552734,,283.9043884277344,363.00958251953125,97.4254379272461
2025-05-19,208.14659118652344,179.85079956054688,420.67999267578125,336.13214111328125,164.4686737060547,114.73999786376953,269.8227844238281,206.16000366210938,183.6053009033203,578.0999755859375,,657.1470336914062,1.840000033378601,296.19525146484375,205.25,43.78517532348633,22.849529266357422,77.55999755859375,97.80000305175781,512.3900146484375,348.7951354980469,27.07434844970703,1028.550048828125,285.4993896484375,164.9199981689453,234.0511474609375,103.41040802001953,165.96450805664062,599.8724365234375,370.02679443359375,208.61814880371094,21.3799991607666,148.3565216064453,259.826904296875,69.9035873413086,751.0965576171875,460.4796447753906,582.9664306640625,313.96673583984375,638.438232421875,74.5228500366211,127.75638580322266,403.1239013671875,456.2197570800781,98.41444396972656,17.3799991607666,119.16400146484375,60.56016540527344,205.14999389648438,135.53805541992188,158.05426025390625,21.497713088989258,71.9354019165039,150.18115234375,134.9224090576172,293.6355285644531,261.0199279785156,82.91777038574219,48.06460189819336,109.0999984741211,217.18276977539062,182.0500030517578,664.6199951171875,342.0899963378906,191.13272094726562,183.20147705078125,92.45999908447266,,307.22674560546875,365.77349853515625,97.30644226074219
2025-05-20,206.232421875,179.0179443359375,417.6099853515625,332.4992980957031,164.2605438232422,113.51000213623047,269.0011291503906,204.07000732421875,183.54554748535156,578.3099975585938,,654.7660522460938,2.049999952316284,293.0977478027344,207.6699981689453,43.70692825317383,23.36305809020996,79.30000305175781,101.72000122070312,508.739990234375,345.7480773925781,27.556957244873047,1031.0162353515625,285.9262390136719,167.22000122070312,234.0213165283203,106.28399658203125,163.41336059570312,594.2098388671875,367.7542419433594,208.72943115234375,21.270000457763672,149.4947967529297,260.61163330078125,69.67035675048828,743.0396118164062,463.1662902832031,577.6975708007812,312.5690612792969,635.1185913085938,75.23690795898438,126.08670043945312,402.57757568359375,455.5238342285156,97.8657455444336,17.899999618530273,119.2020034790039,61.028411865234375,204.3679962158203,134.3483428955078,158.71759033203125,21.983749389648438,72.22386169433594,150.2984161376953,134.90274047851562,294.1564636230469,260.67578125,83.87816619873047,47.918121337890625,106.43000030517578,217.62339782714844,182.8800048828125,658.6099853515625,343.82000732421875,191.0833282470703,183.5614013671875,91.87000274658203,,312.7606506347656,364.7196350097656,96.98909759521484
2025-05-21,201.4768829345703,176.0641632080078,414.0299987792969,336.0365295410156,160.79156494140625,112.05999755859375,265.41131591796875,201.1199951171875,181.29603576660156,584.9500122070312,,659.4287719726562,1.909999966621399,283.0332336425781,203.2100067138672,42.29861068725586,23.64724349975586,79.0199966430664,99.08999633789062,507.0299987792969,338.84283447265625,26.9295654296875,1019.5607299804688,280.18902587890625,163.3699951171875,232.3103790283203,104.92999267578125,167.97755432128906,581.4149169921875,361.69732666015625,205.7709197998047,20.690000534057617,149.02780151367188,256.06011962890625,69.82585144042969,721.0968627929688,457.7735900878906,566.195556640625,309.2850341796875,633.5235595703125,74.28160858154297,122.34696197509766,400.4420166015625,449.9561462402344,95.61113739013672,17.559999465942383,119.46299743652344,58.51156997680664,202.95199584960938,131.76895141601562,155.6186981201172,21.53510093688965,71.26896667480469,147.84588623046875,132.70974731445312,293.3111572265625,261.36407470703125,81.32036590576172,47.65446090698242,102.31999969482422,216.3994140625,179.1199951171875,643.0,334.6199951171875,189.41400146484375,180.36114501953125,88.66999816894531,,294.6707763671875,356.22900390625,95.63045501708984
2025-05-22,200.7490997314453,176.7808074951172,414.3299865722656,335.4629211425781,159.54913330078125,110.70999908447266,265.9590759277344,203.10000610351562,177.77244567871094,581.4400024414062,,651.5913696289062,2.0199999809265137,284.2009582519531,203.41000366210938,42.35729217529297,24.2903995513916,78.16000366210938,99.06999969482422,503.57000732421875,341.4941711425781,26.591739654541016,1012.430908203125,281.32061767578125,156.35000610351562,229.05760192871094,103.97537231445312,170.27955627441406,586.0880126953125,357.1034851074219,207.40321350097656,20.549999237060547,148.47325134277344,255.6972198486328,69.1358413696289,711.3987426757812,457.9390563964844,566.7920532226562,307.20318603515625,634.5902099609375,75.11145782470703,123.28433227539062,401.28631591796875,452.2329406738281,94.60356140136719,17.31999969482422,118.7969970703125,59.818763732910156,203.1540069580078,132.7987060546875,155.74740600585938,21.53510093688965,71.07003021240234,143.99607849121094,131.84439086914062,294.71673583984375,261.069091796875,82.29056549072266,47.07830810546875,103.29000091552734,212.5806121826172,203.17999267578125,636.75,341.0400085449219,193.78981018066406,175.2932891845703,88.0,,288.5338439941406,355.90087890625,95.13459777832031
2025-05-23,194.67758178710938,177.4780731201172,407.69000244140625,331.7344970703125,156.5573272705078,110.30999755859375,265.7243347167969,200.99000549316406,172.77569580078125,587.6099853515625,,637.5039672851562,2.059999942779541,282.26129150390625,202.36000061035156,42.24971008300781,24.405071258544922,75.26000213623047,98.68000030517578,503.4599914550781,339.71343994140625,26.012609481811523,1002.854736328125,271.1068115234375,158.3800048828125,231.5643310546875,104.58906555175781,167.8878631591797,586.3916625976562,353.76776123046875,205.91929626464844,20.049999237060547,148.79429626464844,255.73643493652344,69.74809265136719,709.9166870117188,456.4107971191406,560.2705688476562,307.45733642578125,625.1098022460938,74.8605728149414,123.09880828857422,395.0782775878906,447.5799865722656,93.14704132080078,17.450000762939453,118.53900146484375,58.55058670043945,200.87399291992188,131.25906372070312,154.42071533203125,21.796810150146484,69.4785385131836,142.0516357421875,130.81643676757812,289.8316345214844,256.2016906738281,82.71196746826172,45.418216705322266,101.51000213623047,207.8805389404297,200.0500030517578,653.8200073242188,339.3399963378906,189.63131713867188,171.48997497558594,87.75,,287.4640197753906,351.49652099609375,95.54119873046875
2025-05-26,,,,336.80133056640625,,,,,175.6821746826172,,,648.8136596679688,,,,,24.609485626220703,76.80000305175781,,,,26.9295654296875,,,,,,,,,,,,,,,,,,,,,395.922607421875,,,17.549999237060547,,,,,,,,,,,257.9224853515625,,46.326385498046875,,214.09832763671875,,,,,,,,,,
2025-05-27,199.60260009765625,179.86050415039062,413.1000061035156,336.89691162109375,160.85121154785156,114.55999755859375,273.3441162109375,206.02000427246094,175.08493041992188,579.77001953125,,660.8175659179688,2.2100000381469727,290.71270751953125,201.02999877929688,43.24727249145508,24.85877227783203,76.44000244140625,98.55000305175781,509.1600036621094,347.7464599609375,27.219131469726562,1012.0927124023438,275.13677978515625,155.72999572753906,240.5070037841797,106.26451110839844,172.3025360107422,603.2328491210938,361.2681884765625,210.02786254882812,20.549999237060547,150.37408447265625,260.22906494140625,69.75780487060547,721.3654174804688,464.1688537597656,571.1760864257812,307.8287658691406,640.3223266601562,74.87022399902344,126.1648178100586,401.3359680175781,458.02923583984375,96.14984893798828,17.43000030517578,121.15699768066406,61.29179763793945,205.47799682617188,135.4680633544922,160.3017120361328,22.06787109375,71.09986877441406,145.2272491455078,132.63511657714844,296.68255615234375,261.2165832519531,85.26976776123047,46.502159118652344,106.73999786376953,216.3994140625,206.35000610351562,653.4000244140625,362.8900146484375,195.26158142089844,178.24063110351562,89.0,,286.9096374511719,357.22320556640625,96.77091979980469
2025-05-28,199.81195068359375,177.31346130371094,412.2300109863281,332.8817138671875,160.61265563964844,112.86000061035156,272.3170471191406,204.72000122070312,177.27476501464844,576.239990234375,,655.5596923828125,2.309999942779541,290.31683349609375,201.5,43.09079360961914,24.59951400756836,79.73999786376953,97.52999877929688,503.1099853515625,345.7480773925781,27.653478622436523,1007.4688110351562,273.9853210449219,156.4499969482422,242.38702392578125,105.63134765625,171.76441955566406,596.0908203125,358.98590087890625,208.31210327148438,20.3700008392334,149.56947326660156,258.46337890625,69.14556121826172,715.5665283203125,457.4815673828125,572.5380859375,305.7664489746094,641.5784301757812,73.5,124.5048828125,403.421875,454.718505859375,95.95032501220703,17.969999313354492,120.8550033569336,60.26750183105469,204.25999450683594,134.7782440185547,162.22244262695312,21.665956497192383,71.06008911132812,144.22080993652344,131.31063842773438,292.97698974609375,258.9057922363281,84.27996063232422,45.99436569213867,107.11000061035156,212.97227478027344,204.39999389648438,663.9600219726562,356.8999938964844,193.7404327392578,179.12579345703125,88.26000213623047,,289.934326171875,357.6507873535156,96.43373107910156
2025-05-29,199.3433837890625,179.7636260986328,413.3599853515625,332.4037170410156,158.5154266357422,113.02999877929688,277.3447570800781,205.6999969482422,175.38356018066406,580.9500122070312,,660.2223510742188,2.319999933242798,292.31591796875,208.17999267578125,43.26683807373047,24.65435791015625,78.4800033569336,100.25,506.17999267578125,348.02349853515625,27.6052188873291,1003.0933837890625,264.94281005859375,155.9499969482422,242.8744659423828,108.23218536376953,171.26614379882812,592.58349609375,359.210205078125,208.85000610351562,20.25,150.69789123535156,259.32659912109375,69.47598266601562,718.7295532226562,461.0928955078125,574.38720703125,304.8085632324219,643.0438842773438,73.72193145751953,125.13956451416016,400.5910339355469,456.0308837890625,96.56884765625,18.079999923706055,118.48600006103516,59.935829162597656,203.04600524902344,139.15721130371094,161.28187561035156,21.918319702148438,70.55279541015625,144.94386291503906,133.23805236816406,291.8564453125,258.07000732421875,82.36896514892578,45.96507263183594,107.69999694824219,208.17428588867188,202.30999755859375,636.6699829101562,358.42999267578125,194.73806762695312,179.94288635253906,84.30000305175781,,289.99273681640625,360.3053283691406,96.29490661621094
2025-05-30,200.24066162109375,180.23818969726562,415.0899963378906,333.3597106933594,155.8019256591797,110.7300033569336,281.88336181640625,205.00999450683594,174.5275421142578,573.260009765625,,648.71435546875,2.309999942779541,290.9997253417969,207.32000732421875,43.15925598144531,24.664329528808594,78.0999984741211,95.80999755859375,503.9599914550781,344.3037414550781,27.170869827270508,1034.3575439453125,263.4042663574219,158.0800018310547,244.615234375,107.22886657714844,171.1465606689453,591.1952514648438,359.210205078125,210.2226104736328,19.549999237060547,152.2973175048828,258.96368408203125,70.06880187988281,733.7492065429688,469.5517883300781,582.1612548828125,306.75360107421875,645.4762573242188,74.1465072631836,125.01261138916016,401.3359680175781,457.7011413574219,94.23443603515625,17.8700008392334,120.7229995727539,59.10663986206055,202.21800231933594,135.09817504882812,163.88575744628906,21.955707550048828,69.90625,141.87576293945312,134.8985595703125,297.68511962890625,261.46240234375,82.27096557617188,45.486576080322266,107.22000122070312,207.3909454345703,205.6699981689453,665.1400146484375,346.4599914550781,190.95494079589844,177.86126708984375,84.16000366210938,,293.630126953125,363.0792236328125,97.90147399902344
2025-06-02,201.08807373046875,181.09042358398438,403.3999938964844,335.1761169433594,156.3188018798828,114.62999725341797,282.1670227050781,206.64999389648438,174.64700317382812,584.60498046875,,641.075439453125,2.490000009536743,292.2664489746094,211.47000122070312,43.1103515625,25.06817054748535,76.19999694824219,113.0999984741211,502.80999755859375,340.9797058105469,27.991304397583008,1050.93408203125,259.6820983886719,149.64999389648438,246.17697143554688,106.08917236328125,168.4459228515625,589.4918823242188,358.8883056640625,209.15606689453125,19.739999771118164,152.48373413085938,259.611083984375,69.97161102294922,743.1490478515625,469.2969665527344,577.8070068359375,307.3433532714844,668.8134765625,73.57719421386719,125.37389373779297,400.0943603515625,459.3018798828125,97.94554901123047,17.860000610351562,121.89800262451172,60.46179962158203,202.4219970703125,137.34764099121094,164.91543579101562,21.92766571044922,70.55279541015625,143.27304077148438,135.86721801757812,299.4543762207031,259.88909912109375,83.48616790771484,44.715118408203125,106.54000091552734,209.20242309570312,210.1699981689453,672.0,342.69000244140625,192.45631408691406,179.1841583251953,83.63999938964844,,296.3630676269531,363.20843505859375,98.9427490234375
2025-06-03,202.6533203125,181.34222412109375,412.489990234375,335.3673095703125,160.7617645263672,117.30999755859375,283.24298095703125,205.7100067138672,177.25485229492188,576.6099853515625,,647.920654296875,2.3499999046325684,294.3050842285156,213.42999267578125,43.667816162109375,24.88868522644043,77.62000274658203,115.63999938964844,497.8299865722656,345.6590270996094,28.03956413269043,1049.6810302734375,262.5109558105469,159.3699951171875,247.55966186523438,106.49829864501953,165.6057586669922,594.5231323242188,363.8821105957031,210.31536865234375,20.290000915527344,151.52212524414062,261.1903381347656,69.15528106689453,746.7896728515625,470.6201477050781,578.5525512695312,307.0583190917969,664.7760009765625,74.43599700927734,125.64729309082031,403.8191833496094,460.2961120605469,102.0058364868164,17.84000015258789,121.79399871826172,61.24739456176758,202.17599487304688,141.1867218017578,167.45989990234375,21.824853897094727,70.95066833496094,145.53013610839844,135.90673828125,301.1548156738281,265.0514831542969,84.86795806884766,45.10572814941406,105.11000061035156,209.59410095214844,209.14999389648438,671.0700073242188,344.2699890136719,195.19244384765625,182.9485626220703,82.52999877929688,,292.9590759277344,363.7452697753906,99.15101623535156
2025-06-04,202.20468139648438,181.42938232421875,413.9100036621094,337.37493896484375,160.95059204101562,118.58000183105469,280.7388916015625,207.22999572753906,178.01133728027344,573.5050048828125,,647.226318359375,2.4700000286102295,292.86016845703125,211.97999572753906,43.384193420410156,25.247655868530273,77.23999786376953,111.1449966430664,491.0,345.5898132324219,28.860000610351562,1045.8031005859375,261.2206115722656,159.80999755859375,249.55908203125,106.19631958007812,167.4693145751953,589.974365234375,363.21893310546875,210.94601440429688,20.25,150.3446502685547,259.1794738769531,69.35935974121094,761.7695922851562,472.61956787109375,580.6998901367188,306.2523193359375,685.8104248046875,75.52638244628906,125.13956451416016,404.1171569824219,461.1908874511719,103.00344848632812,18.18000030517578,123.96600341796875,61.640201568603516,202.54800415039062,141.88656616210938,166.4302215576172,21.862239837646484,72.41285705566406,145.6376190185547,136.944580078125,304.0347595214844,266.77227783203125,86.34776306152344,45.02760696411133,103.58000183105469,213.51083374023438,209.60000610351562,701.0800170898438,332.04998779296875,199.923828125,185.5165252685547,83.44999694824219,,292.1421203613281,365.8729553222656,98.52623748779297
2025-06-05,200.02133178710938,181.55526733398438,415.20001220703125,338.3309326171875,163.1969451904297,115.69000244140625,280.82696533203125,207.91000366210938,177.93170166015625,580.5900268554688,,653.7738647460938,2.4800000190734863,292.889892578125,209.02000427246094,43.403751373291016,26.3544864654541,77.23999786376953,110.1500015258789,488.739990234375,345.2237854003906,28.860000610351562,1005.1517944335938,265.16119384765625,163.83999633789062,250.59359741210938,107.59901428222656,167.62876892089844,596.54150390625,362.41412353515625,210.2226104736328,19.989999771118164,150.77639770507812,256.9527587890625,68.9123306274414,761.6104125976562,468.5226745605469,582.0022583007812,303.7065124511719,682.49072265625,74.89918518066406,127.54156494140625,405.80572509765625,464.9788818359375,106.03618621826172,18.18000030517578,125.052001953125,61.54199981689453,203.52000427246094,139.95703125,169.4400177001953,21.60987663269043,72.08460235595703,145.04783630371094,137.45855712890625,303.8185119628906,266.4281311035156,85.25016021728516,45.02760696411133,105.02999877929688,214.68585205078125,210.10000610351562,712.8200073242188,284.70001220703125,200.8523406982422,185.29281616210938,84.66999816894531,,287.72662353515625,364.6500549316406,97.14776611328125
2025-06-06,203.30133056640625,183.8408203125,416.9200134277344,339.6693420410156,165.73153686523438,116.19000244140625,283.9863586425781,213.57000732421875,177.41412353515625,585.9299926757812,,662.3057250976562,2.4100000858306885,299.3323974609375,210.8000030517578,44.23995590209961,26.35947036743164,76.68000030517578,108.48999786376953,493.5299987792969,349.5667724609375,29.00478172302246,1009.2587280273438,272.4765930175781,166.35000610351562,254.28407287597656,109.54722595214844,173.07984924316406,604.536376953125,360.5003967285156,212.1795196533203,20.059999465942383,152.1206817626953,260.6606750488281,69.33992767333984,765.7880859375,472.1098937988281,586.65478515625,302.1141357421875,695.5401000976562,76.20185852050781,128.7133026123047,410.3251953125,467.6632995605469,108.30076599121094,17.93000030517578,124.14700317382812,61.66966247558594,206.04200744628906,141.6865997314453,172.29144287109375,21.824853897094727,73.03950500488281,146.69923400878906,137.48822021484375,304.50653076171875,267.8047790527344,87.84716033935547,45.02760696411133,111.41000366210938,214.24522399902344,210.83999633789062,712.260009765625,295.1400146484375,202.66983032226562,187.170166015625,85.5999984741211,,294.9042053222656,368.080078125,96.66183471679688
2025-06-09,200.83883666992188,183.19195556640625,416.260009765625,339.6693420410156,168.7630615234375,121.7300033569336,283.64404296875,216.97999572753906,177.41412353515625,583.6199951171875,,674.7066040039062,2.2799999713897705,298.43182373046875,217.50999450683594,44.14157485961914,26.40932846069336,76.68000030517578,108.97000122070312,493.3299865722656,354.23626708984375,29.00478172302246,1000.5476684570312,270.2333068847656,160.16000366210938,250.0863037109375,110.07322692871094,175.69395446777344,604.0637817382812,358.4100036621094,210.6492462158203,20.479999542236328,152.31692504882812,261.6513977050781,69.74809265136719,769.5977172851562,471.2669982910156,580.8987426757812,299.57818603515625,691.9014282226562,76.54924011230469,128.84022521972656,409.18292236328125,470.0196228027344,110.68505859375,17.93000030517578,122.44599914550781,60.79568099975586,205.3719940185547,142.59640502929688,175.39031982421875,22.404356002807617,73.15886688232422,152.76419067382812,139.34642028808594,300.2013854980469,267.8047790527344,88.85655975341797,45.02760696411133,107.80000305175781,214.24522399902344,210.85000610351562,699.1099853515625,308.5799865722656,204.46755981445312,193.77491760253906,87.12000274658203,,294.87506103515625,364.54071044921875,96.6419906616211
2025-06-10,202.05511474609375,183.52120971679688,416.05999755859375,332.30810546875,172.71900939941406,123.23999786376953,287.0186462402344,217.61000061035156,176.7173614501953,575.4600219726562,,679.0717163085938,2.25,296.4129638671875,215.72999572753906,44.35800552368164,26.66858673095703,77.83999633789062,106.88999938964844,491.1300048828125,354.73089599609375,29.00478172302246,1001.6316528320312,266.2331848144531,164.6199951171875,240.72584533691406,107.23859405517578,178.19833374023438,605.3929443359375,361.06964111328125,209.8423614501953,22.079999923706055,153.51405334472656,263.4759521484375,70.31175231933594,802.8997802734375,467.4151611328125,586.078125,295.30242919921875,700.2155151367188,78.49842834472656,128.7133026123047,406.84869384765625,468.2001953125,113.86743927001953,17.469999313354492,120.36199951171875,62.720401763916016,201.95799255371094,143.92608642578125,175.71705627441406,22.712800979614258,74.3624267578125,156.42086791992188,136.91493225097656,299.2086486816406,261.2657470703125,89.60135650634766,45.8283576965332,110.26000213623047,214.49002075195312,208.24000549316406,693.3200073242188,326.0899963378906,209.86077880859375,196.77085876464844,86.38999938964844,,295.45855712890625,368.5573425292969,96.51306915283203
2025-06-11,198.17694091796875,185.45811462402344,412.8399963378906,330.7784729003906,171.7449188232422,121.13999938964844,285.43402099609375,213.1999969482422,174.2090301513672,574.9600219726562,,684.7265014648438,2.2300000190734863,295.9973449707031,214.0,44.00384521484375,27.67569923400879,77.13999938964844,105.45999908447266,488.1400146484375,359.251953125,29.00478172302246,991.2003784179688,263.9402770996094,167.86000061035156,244.227294921875,106.46906280517578,176.95114135742188,614.5496215820312,353.7581481933594,209.43429565429688,20.68000030517578,152.3463592529297,263.03448486328125,70.0396499633789,804.312255859375,447.5188903808594,587.2710571289062,296.5704040527344,691.981201171875,77.50453186035156,128.70352172851562,410.6728515625,469.8903503417969,115.7529296875,17.600000381469727,121.98799896240234,61.97407913208008,200.86599731445312,142.80625915527344,174.62799072265625,22.881046295166016,74.21322631835938,156.764892578125,140.16680908203125,294.09747314453125,258.75830078125,93.4821548461914,45.447513580322266,114.12999725341797,215.12648010253906,208.61000061035156,709.1400146484375,326.42999267578125,211.48069763183594,194.2418212890625,86.58000183105469,,302.0429382324219,371.1522521972656,95.00567626953125
2025-06-12,198.5956573486328,186.34910583496094,413.67999267578125,328.0060729980469,173.94155883789062,118.5,290.7942810058594,213.24000549316406,170.38681030273438,586.760009765625,,671.234375,2.180000066757202,294.8988342285156,203.75,43.89563751220703,27.740514755249023,76.76000213623047,104.91999816894531,490.3399963378906,357.09527587890625,28.618696212768555,997.0972290039062,264.9328918457031,167.8300018310547,238.72640991210938,109.14784240722656,175.30482482910156,615.4751586914062,356.4079284667969,209.64759826660156,20.770000457763672,153.7200927734375,263.12274169921875,70.20484924316406,807.714111328125,459.9368896484375,585.8197021484375,297.98583984375,691.20361328125,78.95195007324219,128.81092834472656,409.3319091796875,476.104248046875,115.90257263183594,17.530000686645508,121.50299835205078,61.66966247558594,201.4739990234375,144.9759063720703,197.87474060058594,23.217531204223633,74.41216278076172,155.9981689453125,139.34642028808594,296.5842590332031,256.79168701171875,92.43355560302734,45.32056427001953,109.20999908447266,212.82540893554688,211.27999877929688,702.8200073242188,319.1099853515625,213.572509765625,194.21263122558594,85.62000274658203,,309.7651672363281,369.2532958984375,94.04371643066406
2025-06-13,195.85398864746094,185.05137634277344,391.67999267578125,326.5720520019531,169.55821228027344,116.16000366210938,288.76953125,212.10000610351562,169.82940673828125,577.8900146484375,,659.3294677734375,2.109999895095825,284.80462646484375,200.32000732421875,43.37424087524414,27.401485443115234,75.30000305175781,106.56999969482422,487.5400085449219,353.2271423339844,28.329132080078125,984.6671752929688,256.48590087890625,175.1999969482422,235.35426330566406,107.89214324951172,174.27716064453125,604.0834350585938,348.06597900390625,208.0153045654297,20.139999389648438,154.15184020996094,259.89556884765625,69.50994110107422,815.0050659179688,476.77520751953125,558.729736328125,296.75714111328125,680.7462768554688,78.8458023071289,126.4382095336914,408.88494873046875,472.2168273925781,115.3239517211914,17.360000610351562,121.21499633789062,59.44051742553711,197.73199462890625,141.9464111328125,213.08216857910156,22.93712615966797,70.45332336425781,152.0859375,144.00186157226562,288.3474426269531,250.4984893798828,91.39476013183594,44.578407287597656,105.33999633789062,210.47535705566406,208.17999267578125,710.8499755859375,325.30999755859375,209.2798614501953,189.6797637939453,83.93000030517578,,304.93145751953125,350.8105163574219,93.6569595336914
2025-06-16,197.8180389404297,184.83831787109375,401.7300109863281,328.7708740234375,175.48219299316406,126.38999938964844,289.10211181640625,216.10000610351562,169.51089477539062,551.219970703125,,664.7859497070312,2.240000009536743,291.1679382324219,201.6999969482422,43.68904495239258,27.4962158203125,74.05999755859375,106.33000183105469,490.2300109863281,358.5594482421875,28.280868530273438,978.8499145507812,261.9253234863281,175.25,235.29457092285156,108.72600555419922,176.3724365234375,618.1728515625,346.98638916015625,207.82981872558594,20.739999771118164,152.30712890625,265.20233154296875,69.02057647705078,803.2877197265625,457.7708740234375,565.3306884765625,291.23309326171875,700.4749145507812,78.90428161621094,127.81497955322266,411.6661071777344,476.3727111816406,119.5538330078125,17.84000015258789,122.53500366210938,60.78586196899414,201.0260009765625,144.66595458984375,209.0030975341797,22.806270599365234,71.87571716308594,154.19932556152344,144.76292419433594,290.7850646972656,253.1534423828125,91.61035919189453,44.959251403808594,108.37000274658203,211.50350952148438,209.1199951171875,715.5700073242188,329.1300048828125,213.82034301757812,193.78463745117188,85.12000274658203,,301.3465881347656,353.42529296875,93.5082015991211
2025-06-17,195.0464630126953,179.6280517578125,382.67999267578125,323.8952331542969,173.0370635986328,127.0999984741211,283.7124938964844,214.82000732421875,170.66552734375,540.7100219726562,,660.7184448242188,2.2200000286102295,289.7726135253906,200.25999450683594,43.511962890625,27.082399368286133,73.44000244140625,104.97000122070312,483.4800109863281,353.85040283203125,27.556957244873047,972.2470092773438,260.8136291503906,143.89999389648438,234.50872802734375,105.94972229003906,175.5542755126953,615.012451171875,342.2952880859375,205.69671630859375,20.799999237060547,149.52041625976562,264.37835693359375,68.13972473144531,787.0345458984375,469.8066101074219,566.1061401367188,287.3210144042969,695.5963134765625,76.2923355102539,127.02405548095703,411.1694641113281,475.279052734375,120.0526351928711,17.3799991607666,122.06700134277344,58.9200553894043,200.98199462890625,144.09603881835938,206.11209106445312,22.432397842407227,70.29418182373047,151.8303680419922,146.759521484375,287.6397705078125,251.7767791748047,89.75816345214844,44.79323959350586,106.52999877929688,209.54513549804688,209.4499969482422,721.280029296875,316.3500061035156,212.05569458007812,192.29637145996094,84.76000213623047,,302.53173828125,355.77166748046875,93.4685287475586
2025-06-18,195.9835968017578,179.6377410888672,378.0400085449219,322.8436279296875,171.7946319580078,126.79000091552734,283.30169677734375,212.52000427246094,169.86924743652344,537.9199829101562,,659.7263793945312,2.3299999237060547,293.34515380859375,197.67999267578125,44.328495025634766,27.12727165222168,72.54000091552734,104.4000015258789,485.1400146484375,355.94769287109375,27.701740264892578,969.4428100585938,257.9862365722656,143.6699981689453,234.6479949951172,105.94972229003906,172.93020629882812,625.4490356445312,340.57781982421875,205.7709197998047,21.489999771118164,147.9013671875,268.7336730957031,67.73843383789062,780.8576049804688,459.2802429199219,535.5665283203125,284.686767578125,694.1398315429688,77.27668762207031,129.3968048095703,413.15606689453125,477.4663391113281,121.52910614013672,16.8700008392334,122.22899627685547,58.43887710571289,196.41600036621094,145.455810546875,208.77537536621094,22.320234298706055,68.2053451538086,151.01451110839844,144.17977905273438,284.85809326171875,248.72853088378906,90.43435668945312,44.47098922729492,105.97000122070312,206.65655517578125,212.0800018310547,710.1900024414062,322.04998779296875,211.6591339111328,192.93838500976562,83.44000244140625,,300.8960266113281,338.41259765625,94.30155181884766
2025-06-19,,,,318.7327880859375,,,,,168.21690368652344,,,647.920654296875,,,,,26.853057861328125,71.5,,,,27.026086807250977,,,,,,,,,,,,,,,,,,,,,410.6728515625,,,16.6200008392334,,,,,,,,,,,243.6153106689453,,44.82253646850586,,203.57211303710938,,,,,,,,,,
2025-06-20,200.39019775390625,179.45375061035156,376.9200134277344,325.233642578125,168.43507385253906,128.24000549316406,283.0082092285156,209.69000244140625,171.14328002929688,542.1500244140625,,645.2421264648438,2.4800000190734863,295.49261474609375,198.75,44.7613525390625,26.60875701904297,72.0,106.52999877929688,484.8500061035156,356.6600036621094,26.9295654296875,974.8026123046875,259.109619140625,145.0,238.10968017578125,106.44023132324219,166.26522827148438,630.9232788085938,343.1196594238281,205.7059783935547,21.079999923706055,146.97901916503906,269.7538146972656,67.37630462646484,758.6760864257812,461.2012634277344,529.8402709960938,282.5538024902344,680.751220703125,77.05252838134766,129.58233642578125,413.9010009765625,474.64276123046875,123.30485534667969,16.75,123.14099884033203,58.713836669921875,194.28199768066406,143.8260955810547,203.13198852539062,22.404356002807617,69.67747497558594,148.7438201904297,144.9408416748047,282.676025390625,246.9585723876953,91.25756072998047,45.14479064941406,106.4000015258789,204.94297790527344,211.99000549316406,707.4199829101562,322.1600036621094,207.70355224609375,192.79246520996094,83.77999877929688,,295.8125305175781,336.6130676269531,95.32302856445312
2025-06-23,200.888671875,177.9623260498047,380.1199951171875,321.4096374511719,170.91993713378906,129.5800018310547,266.4872741699219,208.47000122070312,172.5567169189453,540.760009765625,,663.39697265625,2.0199999809265137,296.5218200683594,201.30999755859375,45.548362731933594,26.160043716430664,72.22000122070312,103.01000213623047,487.7699890136719,362.3088684082031,26.833044052124023,998.8572387695312,261.8733825683594,144.6699981689453,246.5052490234375,104.17408752441406,164.81846618652344,636.9096069335938,350.32318115234375,208.4326629638672,21.190000534057617,148.4803009033203,272.9613952636719,68.25716400146484,766.5440673828125,463.06341552734375,539.1652221679688,284.5786437988281,696.8933715820312,78.12459564208984,130.84193420410156,412.4607238769531,483.19305419921875,121.78848266601562,16.579999923706055,125.35399627685547,59.68601608276367,196.0800018310547,144.1460418701172,204.98341369628906,22.460439682006836,71.6270523071289,150.53282165527344,144.12046813964844,285.8311767578125,245.77859497070312,90.49315643310547,45.457275390625,109.9800033569336,204.45339965820312,213.7100067138672,731.1500244140625,348.67999267578125,208.506591796875,195.89541625976562,85.23999786376953,,294.5097961425781,341.76312255859375,97.05851745605469
2025-06-24,199.6923065185547,179.6958465576172,382.3399963378906,325.711669921875,179.09022521972656,138.42999267578125,271.4269104003906,212.77000427246094,172.45716857910156,568.0599975585938,,685.9170532226562,2.109999895095825,305.18109130859375,200.94000244140625,45.90251922607422,26.40932846069336,73.16000366210938,105.08999633789062,493.4800109863281,369.02618408203125,27.75,996.3115844726562,269.588134765625,151.17999267578125,247.44029235839844,105.16490936279297,166.3949432373047,651.9048461914062,353.7188720703125,208.30282592773438,22.549999237060547,149.333984375,275.8944091796875,68.7171630859375,773.9445190429688,451.0473327636719,554.2561645507812,286.495361328125,710.5313110351562,78.28053283691406,132.6971435546875,419.31439208984375,487.2793273925781,127.60456848144531,17.079999923706055,127.91100311279297,60.31449890136719,199.26400756835938,147.87539672851562,213.13168334960938,22.722148895263672,73.18870544433594,153.05908203125,140.2063446044922,292.0038757324219,250.6951446533203,89.66996002197266,45.79906463623047,114.41999816894531,210.03472900390625,223.13999938964844,749.9099731445312,340.4700012207031,218.19232177734375,200.19483947753906,91.6500015258789,,299.3484191894531,349.5975646972656,97.18743133544922
2025-06-25,200.94850158691406,179.54087829589844,387.54998779296875,324.94683837890625,181.96275329589844,143.39999389648438,274.22442626953125,211.99000549316406,172.9747772216797,560.530029296875,,688.992431640625,2.200000047683716,305.3888854980469,198.89999389648438,46.08942794799805,26.334543228149414,72.91999816894531,104.80000305175781,486.2099914550781,367.6015625,27.75,981.0177001953125,266.1980285644531,152.6999969482422,248.58424377441406,103.91902160644531,170.29612731933594,659.5452270507812,355.132080078125,205.69671630859375,22.200000762939453,149.4222869873047,278.6409912109375,68.14950561523438,788.0889282226562,449.2733154296875,546.4721069335938,280.6763610839844,707.01953125,77.64703369140625,134.47422790527344,420.9036560058594,489.4268493652344,126.94613647460938,17.399999618530273,127.5250015258789,59.7351188659668,201.03199768066406,154.28436279296875,208.6268768310547,22.6754150390625,72.68141174316406,153.27532958984375,139.74179077148438,288.2786560058594,248.28604125976562,89.27796936035156,45.8674201965332,113.88999938964844,209.15347290039062,221.52000427246094,736.2999877929688,327.54998779296875,220.81948852539062,199.77658081054688,90.9000015258789,,295.8222961425781,343.264404296875,96.45357513427734
2025-06-26,200.39019775390625,180.896728515625,384.95001220703125,325.3292236328125,182.4100341796875,143.67999267578125,273.0115051269531,217.1199951171875,170.06829833984375,560.0399780273438,,672.028076171875,2.25,308.1895446777344,202.5800018310547,46.68952941894531,26.204914093017578,72.95999908447266,106.13999938964844,485.04998779296875,377.79132080078125,27.850000381469727,977.407958984375,269.16064453125,155.6300048828125,249.67845153808594,105.57694244384766,173.1497039794922,676.5687255859375,356.7416076660156,209.9536590576172,22.5,149.1573486328125,283.2414855957031,67.99291229248047,790.8939208984375,448.79302978515625,542.6049194335938,280.7550354003906,724.3887939453125,76.828369140625,136.45639038085938,419.0660400390625,494.57696533203125,125.69912719726562,17.43000030517578,130.66700744628906,61.414344787597656,202.28799438476562,154.99423217773438,210.70602416992188,22.656721115112305,72.78087615966797,155.4968719482422,141.01683044433594,290.5000305175781,247.45022583007812,90.00315856933594,45.74047088623047,113.06999969482422,210.37745666503906,221.9199981689453,775.9000244140625,325.7799987792969,222.07852172851562,200.68118286132812,93.12000274658203,,296.40997314453125,344.0299377441406,95.22384643554688
2025-06-27,200.46995544433594,176.5580596923828,385.8299865722656,328.6752624511719,182.10191345214844,143.80999755859375,271.0747985839844,223.3000030517578,171.26275634765625,560.1400146484375,,677.0875244140625,2.200000047683716,313.899658203125,214.5500030517578,46.35505294799805,26.89792823791504,76.83999633789062,106.72000122070312,485.67999267578125,380.59100341796875,28.0,979.62548828125,271.8250427246094,152.13999938964844,253.16995239257812,108.56903839111328,178.12847900390625,680.1624755859375,361.8841857910156,212.2444305419922,22.690000534057617,149.5498504638672,281.63275146484375,68.83462524414062,771.3285522460938,449.46929931640625,547.0884399414062,286.573974609375,731.9110717773438,77.09150695800781,137.374267578125,422.4432373046875,493.07568359375,124.46208190917969,17.489999771118164,132.31199645996094,70.74335479736328,204.48399353027344,157.72378540039062,208.15162658691406,22.609987258911133,73.24837493896484,155.8408966064453,142.98379516601562,295.94537353515625,253.6942596435547,90.26776123046875,45.79906463623047,113.6500015258789,218.1129913330078,222.61000061035156,772.5999755859375,323.6300048828125,226.59922790527344,201.43019104003906,91.52999877929688,,302.76678466796875,346.5950012207031,96.46348571777344
2025-06-30,204.54754638671875,179.7636260986328,386.8800048828125,328.9620666503906,181.96275329589844,141.89999389648438,273.1093444824219,219.38999938964844,169.4312744140625,551.219970703125,,672.2264404296875,2.190000057220459,315.671142578125,209.52999877929688,46.55180358886719,25.4620418548584,75.45999908447266,106.47000122070312,485.7699890136719,384.05352783203125,28.049999237060547,984.3986206054688,271.0992736816406,165.5399932861328,256.0348205566406,108.76524353027344,175.83363342285156,696.8413696289062,359.8232421875,215.9820098876953,22.399999618530273,149.8834686279297,284.37939453125,69.24568939208984,775.3868408203125,453.9288330078125,558.6401977539062,287.18341064453125,736.3607177734375,77.14998626708984,137.54025268554688,421.3009338378906,494.5372009277344,122.95568084716797,16.81999969482422,133.91299438476562,69.7613525390625,205.61599731445312,157.96376037597656,216.45831298828125,22.656721115112305,73.92476654052734,156.54864501953125,144.32803344726562,298.9039306640625,253.84173583984375,89.79734802246094,45.95530700683594,115.3499984741211,213.11915588378906,223.77000427246094,767.3400268554688,317.6600036621094,224.5371551513672,201.95545959472656,93.30000305175781,,305.568115234375,352.9977722167969,96.9692611694336
2025-07-01,207.18951416015625,183.99575805664062,392.1000061035156,327.71923828125,182.64857482910156,136.11000061035156,284.1722106933594,220.4600067138672,175.72198486328125,542.469970703125,,662.9010009765625,2.7100000381469727,319.18426513671875,209.7899932861328,47.36833190917969,26.3843994140625,75.30000305175781,107.51000213623047,489.6099853515625,386.7345275878906,27.799999237060547,980.44091796875,270.3238220214844,162.9600067138672,247.7088623046875,109.6089096069336,175.44451904296875,695.5712890625,366.22198486328125,221.44464111328125,22.850000381469727,152.99398803710938,284.8698425292969,70.14613342285156,771.776123046875,456.67315673828125,561.2944946289062,292.41259765625,717.5348510742188,79.73269653320312,137.7453155517578,416.284912109375,489.2081298828125,120.60132598876953,16.799999237060547,129.36000061035156,72.08869171142578,202.3780059814453,153.2745361328125,216.78501892089844,23.404468536376953,74.88961029052734,156.68624877929688,142.5192413330078,295.5423583984375,251.3343048095703,93.02155303955078,45.8185920715332,112.66999816894531,211.16078186035156,215.97000122070312,722.3499755859375,300.7099914550781,222.7427520751953,204.70823669433594,92.12999725341797,,319.4473571777344,353.4153747558594,97.4254379272461
2025-07-02,211.79550170898438,184.73178100585938,378.4700012207031,325.52044677734375,188.86077880859375,138.52000427246094,290.36395263671875,219.9199981689453,179.10623168945312,545.1099853515625,,672.2264404296875,2.75,322.2322998046875,212.02999877929688,47.91923522949219,26.279699325561523,79.08000183105469,108.26000213623047,480.4800109863281,394.16412353515625,27.399999618530273,976.8610229492188,267.6395568847656,170.52000427246094,243.4613494873047,109.3930892944336,178.23822021484375,704.8558959960938,364.9363708496094,221.89907836914062,21.8799991607666,152.6407470703125,286.42950439453125,69.40229797363281,775.13818359375,453.35052490234375,558.2227172851562,289.6014404296875,711.8980712890625,80.29796600341797,139.49310302734375,415.14263916015625,488.2536926269531,121.44929504394531,17.190000534057617,128.48599243164062,75.01504516601562,201.95199584960938,157.22386169433594,227.695556640625,23.66617774963379,75.90418243408203,159.55654907226562,142.8454132080078,293.0654296875,248.87603759765625,92.29635620117188,46.306854248046875,114.7699966430664,214.93064880371094,217.33999633789062,709.5,315.6499938964844,231.5858612060547,209.7080078125,92.05000305175781,,301.2486267089844,352.1725769042969,96.80066680908203
2025-07-03,212.90213012695312,183.30816650390625,379.30999755859375,328.7708740234375,189.8944854736328,137.91000366210938,291.7235412597656,223.41000366210938,181.05712890625,543.47998046875,,671.7304077148438,2.7699999809265137,325.5460510253906,215.9199981689453,48.13566589355469,25.975570678710938,78.33999633789062,110.0,485.0,393.6002197265625,27.299999237060547,981.4949951171875,270.56243896484375,185.02999877929688,245.58013916015625,109.6285400390625,179.126220703125,712.52587890625,364.7695007324219,222.95635986328125,22.489999771118164,153.08229064941406,291.75201416015625,69.83293151855469,776.5206909179688,453.3211364746094,565.8973999023438,289.060791015625,717.3253784179688,78.87504577636719,140.74293518066406,420.9036560058594,495.9589538574219,121.99798583984375,18.469999313354492,129.71800231933594,75.01504516601562,208.93800354003906,159.3135223388672,234.96266174316406,23.722259521484375,76.18268585205078,159.44842529296875,144.0611572265625,298.5304260253906,253.89093017578125,92.5511703491211,45.8283576965332,116.5199966430664,216.69317626953125,221.49000549316406,725.0499877929688,315.3500061035156,232.77549743652344,210.1262664794922,93.62999725341797,,302.21832275390625,356.7857360839844,97.54444885253906
2025-07-04,,,,326.66766357421875,,,,,179.48448181152344,,,654.1707763671875,,,,,26.12015724182129,77.83999633789062,,,,26.399999618530273,,,,,,,,,,,,,,,,,,,,,418.2217712402344,,,18.170000076293945,,,,,,,,,,,251.23597717285156,,45.633052825927734,,211.50350952148438,,,,,,,,,,
2025-07-07,209.3130340576172,181.71023559570312,376.92999267578125,334.2201232910156,189.62611389160156,134.8000030517578,286.5491638183594,223.47000122070312,179.74325561523438,546.0399780273438,,666.2739868164062,2.75,320.1885681152344,218.6300048828125,47.87004852294922,26.075284957885742,78.05999755859375,110.05000305175781,478.0299987792969,387.3182067871094,27.100000381469727,986.6260986328125,268.22613525390625,177.05999755859375,247.7020263671875,109.657958984375,176.3923797607422,699.9723510742188,360.80462646484375,221.9825439453125,22.0,152.35618591308594,287.77984619140625,69.50016021728516,768.7621459960938,459.7310791015625,561.801513671875,288.52020263671875,716.6668701171875,78.84580993652344,140.35238647460938,421.7975769042969,494.84539794921875,119.74624633789062,18.219999313354492,128.96200561523438,75.15252685546875,207.0019989013672,158.21371459960938,229.95291137695312,23.59140396118164,75.7748794555664,155.3985595703125,144.22918701171875,300.30950927734375,256.79168701171875,91.76715850830078,45.506103515625,116.66000366210938,213.80459594726562,225.7899932861328,736.2899780273438,293.94000244140625,227.1940460205078,207.58749389648438,96.68000030517578,,297.4776306152344,354.57861328125,98.52623748779297
2025-07-08,209.3728485107422,183.78271484375,382.239990234375,335.271728515625,193.81065368652344,137.82000732421875,290.5106506347656,219.36000061035156,178.50900268554688,538.6400146484375,,673.5160522460938,2.630000114440918,314.48382568359375,218.52000427246094,46.38456344604492,27.10234260559082,79.81999969482422,111.66000366210938,477.4700012207031,390.0684509277344,27.799999237060547,980.3216552734375,272.0536804199219,165.47999572753906,246.10812377929688,108.95162963867188,173.9678497314453,686.5328369140625,360.667236328125,222.39990234375,23.59000015258789,152.86642456054688,278.72174072265625,68.74653625488281,773.5267333984375,453.8014221191406,559.1372680664062,286.69195556640625,718.9813842773438,79.30387115478516,137.80389404296875,420.2580261230469,493.7517395019531,124.2397232055664,18.059999465942383,127.53099822998047,72.58950805664062,204.5959930419922,159.97341918945312,232.17066955566406,23.94658660888672,74.63098907470703,156.7353973388672,143.2308807373047,303.48431396484375,259.7416076660156,93.04116821289062,45.8088264465332,112.4800033569336,212.53164672851562,223.5,721.3900146484375,297.80999755859375,225.89535522460938,210.71963500976562,97.4800033569336,,301.3857727050781,352.50067138671875,96.28497314453125
2025-07-09,210.49942016601562,184.6058807373047,373.3800048828125,340.52978515625,194.20823669433594,138.41000366210938,290.0411071777344,222.5399932861328,176.69744873046875,555.1900024414062,,674.408935546875,2.6600000858306885,314.8509521484375,226.60000610351562,46.079593658447266,27.251914978027344,82.0,111.77999877929688,478.9100036621094,397.87396240234375,27.799999237060547,976.5925903320312,269.3396301269531,165.99000549316406,249.37564086914062,111.09024810791016,176.22276306152344,685.8238525390625,364.14141845703125,221.3982391357422,23.440000534057617,153.34722900390625,279.0963134765625,68.00270080566406,782.737548828125,453.85040283203125,562.5516967773438,288.0188903808594,731.0631103515625,81.5844497680664,138.2139892578125,425.0754699707031,500.6019592285156,122.0628890991211,18.719999313354492,128.8280029296875,72.2359848022461,202.74200439453125,162.85293579101562,233.46763610839844,23.8905029296875,74.43206024169922,156.63711547851562,144.48617553710938,306.6001281738281,261.069091796875,93.34496307373047,46.28732681274414,114.31999969482422,220.8057403564453,221.89999389648438,722.1199951171875,295.8800048828125,229.8410186767578,210.48617553710938,96.63999938964844,,296.69403076171875,355.6921691894531,96.0073013305664
2025-07-10,211.7655792236328,188.8477020263672,371.42999267578125,332.977294921875,196.83226013183594,144.16000366210938,293.8070068359375,222.25999450683594,181.35577392578125,563.3099975585938,,684.528076171875,2.7300000190734863,322.6788024902344,226.08999633789062,46.207489013671875,27.70062828063965,85.4000015258789,113.91999816894531,478.2699890136719,403.9581298828125,27.75,964.7393188476562,262.43017578125,165.08999633789062,251.60708618164062,112.36557006835938,177.22052001953125,698.1903076171875,366.359375,219.58973693847656,23.81999969482422,154.7307586669922,284.0541076660156,68.2865219116211,786.4476928710938,455.0755615234375,560.9689331054688,293.2972412109375,725.5360107421875,81.8865737915039,139.71768188476562,425.5721130371094,498.58367919921875,122.93162536621094,19.309999465942383,125.05899810791016,73.27691650390625,193.6179962158203,164.07273864746094,233.16006469726562,24.096134185791016,75.29742431640625,156.38153076171875,144.70361328125,300.9778747558594,258.7091369628906,93.24696350097656,46.72676086425781,115.16000366210938,222.0786895751953,214.4199981689453,709.9500122070312,309.8699951171875,227.77894592285156,213.66696166992188,96.4000015258789,,293.36383056640625,353.8229675292969,94.0734634399414
2025-07-11,210.51937866210938,186.37815856933594,363.3500061035156,331.3520812988281,196.73284912109375,146.4199981689453,288.81842041015625,225.02000427246094,179.40484619140625,560.239990234375,,678.4765014648438,2.619999885559082,316.9542541503906,226.83999633789062,45.971378326416016,27.261886596679688,85.58000183105469,112.88999938964844,475.8599853515625,401.5738830566406,27.399999618530273,964.8984375,256.5645446777344,162.44000244140625,254.4462127685547,107.55859375,179.78475952148438,694.0845947265625,363.189453125,218.81069946289062,23.43000030517578,153.95559692382812,282.7431945800781,68.38440704345703,788.795166015625,458.2119140625,547.6892700195312,294.7912902832031,715.8289184570312,81.24334716796875,138.92677307128906,427.16131591796875,500.4130554199219,124.34956359863281,18.969999313354492,124.51100158691406,71.32272338867188,187.75599670410156,164.89259338378906,228.7548370361328,23.974624633789062,70.98051452636719,154.77928161621094,145.16818237304688,295.70947265625,254.43173217773438,93.04116821289062,44.998313903808594,112.11000061035156,218.40675354003906,210.83999633789062,709.1500244140625,313.510009765625,228.41343688964844,215.21359252929688,95.38999938964844,,297.8596496582031,345.9189453125,93.6172866821289
2025-07-14,207.98707580566406,185.4774932861328,366.989990234375,329.8224792480469,195.90789794921875,146.24000549316406,290.53997802734375,225.69000244140625,177.6728973388672,561.280029296875,,681.8494262695312,2.7200000286102295,318.392822265625,230.50999450683594,46.30586242675781,27.431400299072266,83.45999908447266,111.0,476.30999755859375,401.42547607421875,26.75,975.4191284179688,258.1651611328125,160.83999633789062,261.3398132324219,109.96207427978516,181.1516571044922,702.3058471679688,363.22869873046875,220.78614807128906,23.299999237060547,153.87709045410156,284.5567932128906,67.99291229248047,795.091552734375,464.1513977050781,550.5164794921875,296.7276916503906,719.2308349609375,81.54546356201172,140.5769500732422,427.2110290527344,500.1147766113281,118.43814849853516,19.049999237060547,126.19499969482422,70.9495620727539,192.3560028076172,164.04273986816406,227.48487854003906,23.6942195892334,73.49705505371094,151.6632537841797,147.55026245117188,295.5030822753906,253.743408203125,91.55156707763672,44.910423278808594,116.73999786376953,215.7139892578125,213.52000427246094,717.489990234375,316.8999938964844,226.69834899902344,214.04632568359375,93.88999938964844,,294.41180419921875,348.4740905761719,94.98583984375
2025-07-15,208.4755859375,182.06842041015625,364.17999267578125,324.7556457519531,198.0846405029297,155.61000061035156,286.1187438964844,226.35000610351562,181.21641540527344,555.9600219726562,,700.5003662109375,2.6500000953674316,308.2037048339844,230.0,45.40079879760742,27.236957550048828,85.05999755859375,110.6500015258789,470.1300048828125,400.3076477050781,26.75,962.2632446289062,256.077392578125,171.92999267578125,263.66094970703125,106.98960876464844,181.59066772460938,691.6821899414062,351.97198486328125,218.22642517089844,22.920000076293945,152.258056640625,282.4376525878906,67.88524627685547,767.6481323242188,460.7699890136719,547.8685302734375,294.5062255859375,708.7255859375,79.45005798339844,138.25303649902344,433.8659973144531,502.89862060546875,119.93596649169922,19.309999465942383,126.0270004272461,70.69424438476562,191.38400268554688,170.671630859375,233.12039184570312,23.00255584716797,72.57199096679688,151.67308044433594,146.9571990966797,296.4269714355469,255.46420288085938,90.63035583496094,45.09596252441406,115.05000305175781,213.75563049316406,212.7899932861328,710.4600219726562,310.7799987792969,234.90695190429688,212.40243530273438,92.20999908447266,,285.723876953125,345.0141906738281,94.59907531738281
2025-07-16,209.52239990234375,186.16127014160156,361.7699890136719,324.7556457519531,193.63174438476562,160.0800018310547,292.4864807128906,223.19000244140625,181.21641540527344,577.9199829101562,,620.8372192382812,2.700000047683716,309.4438171386719,229.89999389648438,45.282745361328125,27.236957550048828,85.05999755859375,112.48999786376953,471.30999755859375,408.4594421386719,26.75,946.0445556640625,256.4452819824219,166.82000732421875,265.1651916503906,107.76460266113281,182.55850219726562,697.8948974609375,350.7550048828125,219.69178771972656,22.690000534057617,161.68771362304688,281.7181396484375,67.79715728759766,785.6021728515625,462.0931396484375,553.005126953125,293.79852294921875,701.2630004882812,80.33695220947266,136.49545288085938,433.8659973144531,502.6997375488281,116.26130676269531,19.309999465942383,125.03099822998047,70.8022689819336,193.3939971923828,171.34152221679688,239.41075134277344,23.00255584716797,72.58194732666016,151.44700622558594,148.429931640625,300.7911071777344,255.46420288085938,90.6597671508789,45.09596252441406,120.0,213.75563049316406,211.94000244140625,705.5499877929688,321.6700134277344,235.51170349121094,210.7293701171875,90.75,,286.4878234863281,347.8775634765625,94.3610610961914
2025-07-17,209.38284301757812,186.9622344970703,366.45001220703125,329.8224792480469,191.3555908203125,160.41000366210938,291.73333740234375,223.8800048828125,180.5594482421875,572.7100219726562,,645.0437622070312,2.7899999618530273,312.8666687011719,231.0,46.25667190551758,27.890085220336914,83.83999633789062,111.04000091552734,473.3999938964844,413.5938415527344,27.0,948.5702514648438,258.3640441894531,173.5399932861328,259.28765869140625,106.73454284667969,183.1671142578125,694.9608764648438,352.3645324707031,221.0736541748047,22.799999237060547,159.92147827148438,285.73956298828125,69.0890884399414,757.45263671875,459.8682861328125,553.0947875976562,295.24346923828125,699.7665405273438,79.45005798339844,137.5792999267578,439.0807189941406,508.7446594238281,113.09590148925781,19.18000030517578,127.41699981689453,71.66642761230469,191.8300018310547,172.97125244140625,246.80242919921875,22.97451400756836,73.46720886230469,150.01185607910156,149.74452209472656,303.33685302734375,261.36407470703125,91.32616424560547,45.496337890625,126.75,221.2953338623047,211.5800018310547,720.9099731445312,319.4100036621094,243.4823760986328,210.68072509765625,90.5,,282.1585693359375,347.7880859375,94.30155181884766
2025-07-18,210.53929138183594,184.8718719482422,365.7900085449219,330.3960876464844,189.28817749023438,156.99000549316406,288.3196105957031,226.1300048828125,180.16131591796875,564.5900268554688,,628.4761962890625,3.2300000190734863,305.52496337890625,229.33999633789062,46.55180358886719,27.5909423828125,83.5199966430664,110.0199966430664,473.79998779296875,409.2804870605469,26.600000381469727,945.6268920898438,260.8494567871094,175.85000610351562,262.2662658691406,106.1655502319336,184.643798828125,697.3435668945312,352.7178649902344,219.37643432617188,23.100000381469727,160.62796020507812,287.08990478515625,68.36483001708984,767.6083374023438,454.7325134277344,550.1580200195312,291.9997863769531,702.6298828125,77.92967987060547,137.51095581054688,435.10760498046875,507.10418701171875,114.22425842285156,20.139999389648438,120.92400360107422,71.16561126708984,192.67999267578125,172.38136291503906,243.52825927734375,22.87169647216797,73.77556610107422,152.16458129882812,149.74452209472656,300.7419738769531,259.6432800292969,91.92395782470703,45.02760696411133,127.06999969482422,219.53280639648438,216.88999938964844,695.47998046875,329.6499938964844,238.32720947265625,210.70989990234375,90.58999633789062,,276.84979248046875,347.032470703125,94.26190185546875
2025-07-21,211.83535766601562,180.5641326904297,367.67999267578125,330.3960876464844,191.44505310058594,157.0,289.40533447265625,229.3000030517578,181.47520446777344,566.1400146484375,,619.1506958007812,3.5299999713897705,300.58416748046875,229.32000732421875,46.70920181274414,27.5909423828125,83.5199966430664,108.91000366210938,474.4100036621094,407.1656188964844,26.600000381469727,942.255859375,260.7500305175781,178.3300018310547,261.8578186035156,106.22441101074219,189.67247009277344,695.118408203125,357.2715759277344,218.1522216796875,23.260000228881836,161.2755889892578,286.794189453125,68.58014678955078,758.1290283203125,451.3707275390625,552.1390991210938,290.6925048828125,711.2994384765625,77.29618072509766,137.159423828125,432.7734069824219,507.1141052246094,113.0659408569336,20.139999389648438,123.3270034790039,72.68771362304688,191.98199462890625,171.35153198242188,241.63320922851562,22.6754150390625,74.42211151123047,156.26358032226562,149.8038330078125,302.019775390625,259.6432800292969,90.8067626953125,44.724884033203125,128.42999267578125,219.87551879882812,215.64999389648438,706.8800048828125,328.489990234375,236.7906036376953,208.71585083007812,91.16000366210938,,276.35028076171875,348.91156005859375,94.87674713134766
2025-07-22,213.74952697753906,182.771728515625,372.8699951171875,325.4248352050781,186.0081329345703,154.72000122070312,299.0107727050781,227.47000122070312,180.77842712402344,571.22998046875,,597.622802734375,3.5299999713897705,301.7449645996094,228.47999572753906,46.99449920654297,27.725557327270508,83.23999786376953,111.44000244140625,478.1300048828125,414.23516845703125,26.399999618530273,936.3391723632812,262.0523681640625,179.99000549316406,258.0125732421875,108.07852172851562,190.90966796875,689.614501953125,364.11199951171875,219.41354370117188,23.239999771118164,164.77859497070312,287.2475891113281,68.17887115478516,772.313232421875,402.57098388671875,556.23046875,294.06396484375,703.1585693359375,79.53777313232422,136.73956298828125,430.33984375,502.3517761230469,109.06175231933594,19.780000686645508,119.00800323486328,74.0330581665039,192.4739990234375,167.00225830078125,236.2457275390625,23.497936248779297,75.59583282470703,155.30026245117188,147.4415283203125,301.0565185546875,255.16921997070312,95.00115966796875,44.60770034790039,123.70999908447266,215.76295471191406,212.25,675.739990234375,332.1099853515625,232.57723999023438,209.0562744140625,91.79000091552734,,279.2789001464844,349.82623291015625,95.05525970458984
2025-07-23,213.5002899169922,186.13197326660156,372.4599914550781,330.1092834472656,185.87892150878906,158.64999389648438,302.463623046875,228.2899932861328,180.73861694335938,575.4199829101562,,601.7894287109375,3.880000114440918,306.2293701171875,233.8800048828125,47.358489990234375,28.39364242553711,83.23999786376953,114.5999984741211,482.6300048828125,424.5614929199219,26.399999618530273,935.9215698242188,265.6611633300781,179.77000427246094,262.1766357421875,111.40416717529297,189.8021697998047,706.4608764648438,369.3526611328125,221.90834045410156,23.489999771118164,165.92666625976562,292.5010986328125,67.68949890136719,794.6439208984375,411.0489501953125,559.5454711914062,293.0318603515625,711.9080810546875,81.84760284423828,138.8584442138672,425.8204040527344,502.9483337402344,109.67086791992188,19.780000686645508,117.6780014038086,75.36857604980469,191.28599548339844,170.75161743164062,240.0060577392578,23.703567504882812,76.25232696533203,157.15809631347656,154.67672729492188,285.6640930175781,244.69696044921875,94.00155639648438,44.60770034790039,122.20999908447266,222.95994567871094,212.55999755859375,674.4600219726562,332.55999755859375,238.25782775878906,181.1685028076172,89.94000244140625,,286.5074462890625,353.2364196777344,94.88666534423828
2025-07-24,213.11148071289062,186.40548706054688,371.69000244140625,329.344482421875,186.98219299316406,162.1199951171875,301.8082580566406,232.22999572753906,182.11224365234375,591.739990234375,,611.0157470703125,3.740000009536743,305.8226013183594,231.27000427246094,47.60443115234375,29.041786193847656,86.62000274658203,114.56999969482422,480.6000061035156,426.4778137207031,26.149999618530273,928.5728759765625,266.1383972167969,180.72000122070312,266.9882507324219,111.0510025024414,191.73777770996094,708.0952758789062,366.1532897949219,208.19151306152344,22.6299991607666,166.3780059814453,292.2940979003906,67.63076782226562,801.1491088867188,412.18585205078125,560.9490356445312,289.4539794921875,713.125244140625,81.97429656982422,139.14158630371094,431.18414306640625,507.92938232421875,111.568115234375,20.540000915527344,118.07599639892578,74.06250762939453,199.23599243164062,173.7111358642578,240.9287872314453,23.6942195892334,77.40615844726562,156.13580322265625,153.42141723632812,281.2704772949219,241.99285888671875,91.82595825195312,46.77558898925781,122.08000183105469,222.51931762695312,215.02000427246094,681.4199829101562,305.29998779296875,239.51687622070312,180.623779296875,90.87000274658203,,272.8633117675781,351.9240417480469,95.79904174804688
2025-07-25,213.2311248779297,185.86822509765625,370.739990234375,326.4764404296875,184.56690979003906,166.47000122070312,299.88134765625,231.44000244140625,181.91314697265625,591.989990234375,,600.1029663085938,3.569999933242798,309.1560974121094,233.05999755859375,47.66345977783203,29.126541137695312,89.0199966430664,115.30999755859375,484.07000732421875,430.6778564453125,26.200000762939453,930.2434692382812,267.5401306152344,185.32000732421875,270.5545654296875,113.99405670166016,192.74551391601562,717.744140625,368.3614807128906,207.96893310546875,20.700000762939453,165.14166259765625,294.3344421386719,67.69927978515625,808.37060546875,412.7935485839844,565.6476440429688,293.37591552734375,711.0101318359375,82.5590591430664,139.6395721435547,435.00830078125,510.74310302734375,111.09880065917969,20.780000686645508,118.04900360107422,74.89720916748047,193.75799560546875,173.47117614746094,243.20083618164062,23.570615768432617,77.56529998779297,155.70327758789062,155.06219482421875,283.1085205078125,240.9112091064453,92.53155517578125,46.84394454956055,124.43000030517578,222.5682830810547,219.50999450683594,693.0999755859375,316.05999755859375,243.4823760986328,179.94288635253906,91.29000091552734,,275.29241943359375,354.9762878417969,96.66183471679688
2025-07-28,213.40060424804688,184.14903259277344,369.4700012207031,324.6600341796875,189.11920166015625,173.66000366210938,294.7069091796875,232.7899932861328,183.78445434570312,595.1900024414062,,624.9705200195312,3.3299999237060547,308.29296875,236.41000366210938,47.4470329284668,28.872270584106445,86.0999984741211,112.79000091552734,481.70001220703125,429.8736267089844,25.950000762939453,928.7617797851562,268.6734924316406,183.5800018310547,269.57830810546875,110.88423156738281,192.14686584472656,712.496337890625,370.2163391113281,208.74798583984375,20.68000030517578,163.10069274902344,293.9992980957031,66.64225006103516,803.8148803710938,412.96014404296875,565.7074584960938,294.1130676269531,715.9486083984375,81.9255599975586,139.20018005371094,437.9881286621094,509.5400390625,111.08881378173828,20.15999984741211,117.45999908447266,77.81375122070312,197.14999389648438,176.7206268310547,245.77056884765625,23.114225387573242,77.80402374267578,158.3081817626953,154.26158142089844,277.5550537109375,239.97706604003906,91.79655456542969,46.74629211425781,126.83999633789062,220.95262145996094,218.6699981689453,700.97998046875,325.5899963378906,240.65696716308594,184.08665466308594,90.5999984741211,,276.3306579589844,353.4153747558594,96.80066680908203
2025-07-29,210.62904357910156,186.78643798828125,370.70001220703125,329.5356750488281,187.2704620361328,177.44000244140625,296.92730712890625,231.00999450683594,182.92843627929688,598.7899780273438,,619.6985473632812,3.309999942779541,306.11029052734375,226.0800018310547,47.171573638916016,28.493358612060547,86.16000366210938,111.4800033569336,476.55999755859375,427.00408935546875,26.649999618530273,929.3385620117188,265.8302307128906,181.82000732421875,269.2794494628906,112.06145477294922,195.30975341796875,720.6979370117188,370.32427978515625,205.6317901611328,20.40999984741211,164.95523071289062,292.777099609375,67.90481567382812,758.8949584960938,411.77423095703125,560.7698364257812,297.50421142578125,698.35986328125,80.53187561035156,140.17660522460938,442.6069030761719,509.6096496582031,111.79777526855469,20.959999084472656,116.8740005493164,76.92013549804688,198.63999938964844,175.4808349609375,248.0227813720703,23.104717254638672,71.07003021240234,159.3206329345703,155.29940795898438,282.62689208984375,244.3036346435547,91.10076141357422,47.39079666137695,124.8499984741211,222.323486328125,218.75999450683594,620.010009765625,321.20001220703125,239.2491912841797,186.15853881835938,87.11000061035156,,255.71263122558594,349.259521484375,97.51470184326172
2025-07-30,208.415771484375,184.92071533203125,364.0,330.3960876464844,188.24453735351562,179.50999450683594,294.78515625,230.19000244140625,181.972900390625,598.8900146484375,,624.1746826171875,3.4700000286102295,301.0207214355469,225.83999633789062,47.18141555786133,28.124414443969727,84.4800033569336,110.05000305175781,476.0,431.04522705078125,26.25,922.318115234375,263.2652282714844,179.1300048828125,272.507080078125,112.5813980102539,196.08799743652344,719.48681640625,365.1620788574219,206.03985595703125,20.34000015258789,164.1211700439453,295.3299255371094,67.28821563720703,756.0402221679688,410.35302734375,556.578857421875,298.42816162109375,693.5811157226562,79.67422485351562,141.5240936279297,443.99749755859375,510.2757568359375,114.57374572753906,21.0,118.41999816894531,75.29983520507812,195.49600219726562,179.24021911621094,248.637939453125,22.638818740844727,69.33927917480469,156.35205078125,156.5645751953125,285.53631591796875,248.77769470214844,90.9047622680664,48.32826614379883,123.01000213623047,224.1839141845703,220.27999877929688,650.469970703125,319.0400085449219,240.81556701660156,184.3492889404297,87.63999938964844,,260.5806579589844,348.8817443847656,96.78083038330078
2025-07-31,206.9402618408203,184.637451171875,357.69000244140625,331.92572021484375,178.970947265625,176.30999755859375,288.65216064453125,234.11000061035156,181.53494262695312,670.3300170898438,,609.8510131835938,4.099999904632568,296.9530029296875,221.83999633789062,46.50261306762695,27.27185821533203,83.87999725341797,107.5,471.8800048828125,434.9176025390625,25.75,934.3801879882812,256.8230285644531,174.72999572753906,270.0464782714844,110.15827941894531,191.46839904785156,712.437255859375,360.6770324707031,206.21607971191406,19.799999237060547,161.6484832763672,291.9885559082031,66.44650268554688,736.1365356445312,412.6073303222656,563.9055786132812,294.9485778808594,771.6278076171875,76.13639831542969,140.06893920898438,465.800048828125,530.4187622070312,108.98186492919922,21.600000381469727,115.94000244140625,73.34565734863281,188.62399291992188,177.84043884277344,251.78311157226562,22.144397735595703,68.39433288574219,144.26144409179688,155.74420166015625,281.80126953125,246.61441040039062,87.37676239013672,46.18967056274414,122.20999908447266,220.21823120117188,223.5,626.5399780273438,308.2699890136719,239.53668212890625,177.39306640625,87.75,,244.43881225585938,343.47314453125,97.16759490966797
2025-08-01,201.76602172851562,190.6936798095703,347.79998779296875,319.4020080566406,178.90138244628906,171.6999969482422,290.3932800292969,214.75,175.2242889404297,673.7999877929688,,591.846923828125,4.170000076293945,291.9526672363281,221.89999389648438,44.91875076293945,28.039657592773438,82.0999984741211,107.33999633789062,472.8399963378906,425.6536865234375,22.75,948.5004272460938,249.27732849121094,183.97000122070312,268.3529968261719,111.03138732910156,188.7046356201172,698.63330078125,366.7127380371094,201.91275024414062,19.309999465942383,164.1898651123047,285.2171936035156,67.39588165283203,758.2782592773438,412.63671875,557.3554077148438,297.720458984375,748.2527465820312,77.27668762207031,136.75547790527344,449.90753173828125,521.0830078125,104.72804260253906,21.68000030517578,115.86000061035156,73.27691650390625,182.87399291992188,173.69113159179688,242.50631713867188,22.33456039428711,66.75311279296875,145.6671142578125,154.99301147460938,278.1644592285156,240.56704711914062,85.12276458740234,45.34009552001953,118.5999984741211,208.51699829101562,205.02000427246094,627.1500244140625,302.6300048828125,233.18197631835938,177.19712829589844,86.91000366210938,,232.89076232910156,337.3885498046875,97.67337036132812
2025-08-04,202.7330780029297,192.61801147460938,338.8500061035156,330.1092834472656,181.7142791748047,176.77999877929688,295.34271240234375,211.64999389648438,177.05577087402344,690.3200073242188,,599.207763671875,4.260000228881836,296.2386474609375,222.33999633789062,45.10566711425781,27.41644287109375,82.58000183105469,110.02999877929688,459.1099853515625,430.62823486328125,22.450000762939453,951.3383178710938,250.84811401367188,183.4199981689453,275.1769104003906,112.33614349365234,194.60133361816406,714.8396606445312,373.7395935058594,204.76927185058594,19.5,167.83023071289062,290.0369873046875,67.4937515258789,764.9127197265625,415.2732238769531,567.23046875,299.0375671386719,774.5509643554688,77.83221435546875,138.98739624023438,458.4497375488281,532.54638671875,107.61384582519531,22.219999313354492,117.0989990234375,73.47330474853516,184.60000610351562,179.9700927734375,250.55282592773438,22.37259292602539,67.64832305908203,144.99867248535156,155.556396484375,278.94097900390625,240.66537475585938,87.98436737060547,45.15455627441406,125.20999908447266,212.28684997558594,208.47999572753906,658.5900268554688,309.260009765625,236.9392852783203,179.0292510986328,88.43000030517578,,236.03489685058594,340.1723327636719,98.76424407958984
2025-08-05,202.30438232421875,193.9464874267578,338.739990234375,332.0212707519531,178.06643676757812,174.30999755859375,293.5233459472656,213.75,175.64236450195312,674.9000244140625,,593.9357299804688,4.139999866485596,294.30401611328125,224.86000061035156,44.820377349853516,27.64578628540039,83.73999786376953,111.06999969482422,464.19000244140625,431.15447998046875,22.5,939.6478271484375,246.04629516601562,186.83999633789062,271.0825500488281,110.32505798339844,194.23216247558594,709.798583984375,378.2442321777344,205.01968383789062,20.190000534057617,167.53587341308594,287.1884460449219,67.58184814453125,761.8789672851562,419.722900390625,563.4775390625,293.6707763671875,761.6712036132812,78.73860168457031,138.10250854492188,456.41351318359375,524.701904296875,108.9019775390625,21.920000076293945,114.78700256347656,73.04122924804688,181.0240020751953,178.23037719726562,253.66824340820312,23.532583236694336,67.46928405761719,144.21231079101562,154.5185546875,280.3170471191406,242.53366088867188,88.39595794677734,44.695587158203125,127.0,214.24522399902344,205.77000427246094,647.0,308.7200012207031,230.46560668945312,181.6451873779297,89.38999938964844,,245.84927368164062,335.4796447753906,98.48657989501953
2025-08-06,212.60302734375,191.74864196777344,345.6199951171875,336.89691162109375,177.06256103515625,163.1199951171875,278.4500427246094,222.30999755859375,183.22703552246094,673.1500244140625,,589.758056640625,4.190000057220459,293.2126770019531,225.0399932861328,44.682647705078125,24.903642654418945,84.73999786376953,111.30000305175781,468.9100036621094,424.6905822753906,22.100000381469727,964.47265625,247.7164764404297,185.00999450683594,271.2419128417969,108.18643951416016,195.64898681640625,713.5695190429688,379.6083984375,203.3224639892578,20.40999984741211,167.388671875,287.1687316894531,68.03205871582031,742.403076171875,426.20147705078125,566.5535278320312,302.4090576171875,770.1812133789062,77.42288208007812,138.92840576171875,449.063232421875,521.908203125,108.62239074707031,22.600000381469727,117.8479995727539,74.1214370727539,182.46200561523438,179.3901824951172,254.4222869873047,22.752918243408203,69.05081939697266,143.35711669921875,153.94528198242188,286.79443359375,244.69696044921875,87.21015167236328,44.539344787597656,154.89999389648438,214.44105529785156,210.5399932861328,666.8099975585938,319.9100036621094,229.37506103515625,182.14486694335938,89.22000122070312,,240.73638916015625,337.77630615234375,102.50299072265625
2025-08-07,219.3624725341797,194.24929809570312,338.2699890136719,350.759033203125,182.04225158691406,172.39999389648438,278.4794006347656,223.1300048828125,188.24368286132812,672.3499755859375,,607.4638061523438,4.150000095367432,292.4090881347656,227.3300018310547,44.19076156616211,25.297515869140625,86.36000061035156,111.3499984741211,461.4700012207031,414.1656494140625,22.700000762939453,973.3250732421875,239.474853515625,185.60000610351562,270.98291015625,108.18643951416016,196.07801818847656,708.6465454101562,378.9901123046875,200.86474609375,19.770000457763672,168.31103515625,282.822021484375,68.9324951171875,637.4537963867188,422.1830139160156,558.6793212890625,302.6547546386719,760.0449829101562,78.32926940917969,138.5547637939453,449.063232421875,517.8319091796875,111.70791625976562,22.579999923706055,118.03700256347656,73.01177215576172,174.82400512695312,180.73995971679688,247.43740844726562,23.038158416748047,67.85720825195312,143.41607666015625,153.9551544189453,290.41156005859375,250.4984893798828,89.1995620727539,45.08619689941406,151.07000732421875,222.3724365234375,206.39999389648438,686.739990234375,322.2699890136719,240.52806091308594,182.14486694335938,92.66999816894531,,239.649169921875,330.1705017089844,102.26498413085938
2025-08-08,228.65420532226562,193.45806884765625,341.04998779296875,348.942626953125,183.75186157226562,172.75999450683594,281.9322814941406,222.69000244140625,191.46868896484375,661.8300170898438,,613.6309204101562,4.130000114440918,295.0877685546875,229.1199951171875,45.263065338134766,25.641529083251953,87.44000244140625,111.66000366210938,465.3999938964844,413.56988525390625,23.600000381469727,976.8402709960938,239.10699462890625,184.64999389648438,273.9615173339844,117.14312744140625,200.9669952392578,710.1530151367188,380.638916015625,200.6143341064453,19.950000762939453,170.0772705078125,284.615966796875,68.84440612792969,622.32470703125,417.1648254394531,571.7200927734375,300.23675537109375,767.49755859375,78.64114379882812,140.77682495117188,443.451171875,519.0249633789062,118.71773529052734,22.979999542236328,121.16400146484375,72.85465240478516,174.5019989013672,182.6696319580078,248.09225463867188,23.370943069458008,67.29023742675781,145.04783630371094,153.0655975341797,287.1286315917969,245.9261016845703,90.2775650024414,45.34009552001953,149.61000061035156,227.56210327148438,191.72999572753906,705.8900146484375,329.6499938964844,239.744873046875,183.42832946777344,89.55999755859375,,245.7415313720703,334.8333740234375,102.86993408203125
2025-08-11,226.74781799316406,194.0343780517578,333.6499938964844,347.8910217285156,183.26483154296875,172.27999877929688,278.86083984375,221.3000030517578,195.97381591796875,638.9000244140625,,623.6773681640625,3.9600000381469727,293.89727783203125,225.9600067138672,45.4106330871582,25.63654136657715,86.58000183105469,109.26000213623047,464.7300109863281,405.64642333984375,23.399999618530273,984.5674438476562,231.32266235351562,182.1300048828125,274.15081787109375,118.18299102783203,200.54794311523438,708.1543579101562,380.3248596191406,200.74420166015625,20.649999618530273,170.55807495117188,285.4044494628906,69.24568939208984,631.84375,417.7823181152344,570.9933471679688,299.1653137207031,764.0755615234375,77.99789428710938,141.46511840820312,449.6095275878906,518.7565307617188,123.54074096679688,22.920000076293945,121.83100128173828,72.68771362304688,171.2740020751953,182.0297393798828,250.70164489746094,23.370943069458008,66.72327423095703,145.45086669921875,153.0063018798828,282.3320007324219,245.18861389160156,89.90515899658203,44.81277084350586,147.5,223.3026580810547,191.8000030517578,689.22998046875,339.0299987792969,240.0026397705078,179.98941040039062,90.58000183105469,,247.191162109375,333.95849609375,103.06826782226562
2025-08-12,229.21310424804688,194.0343780517578,338.42999267578125,347.79541015625,187.31021118164062,174.9499969482422,278.7532958984375,221.47000122070312,195.89407348632812,637.5599975585938,,630.540771484375,4.130000114440918,300.822265625,232.61000061035156,46.7288818359375,25.885828018188477,87.5,111.0,470.3900146484375,409.786865234375,22.399999618530273,987.06689453125,230.3086395263672,184.72999572753906,278.5639343261719,117.74153900146484,202.88267517089844,731.9222412109375,388.6373596191406,201.26356506347656,21.809999465942383,169.53758239746094,288.6472473144531,69.20654296875,636.0313720703125,422.9768981933594,571.5806884765625,296.4918212890625,788.1489868164062,78.26104736328125,144.81785583496094,447.7719421386719,526.183349609375,127.56490325927734,23.139999389648438,122.52799987792969,73.55187225341797,170.68600463867188,183.1295623779297,251.87242126464844,23.437501907348633,67.60853576660156,151.11279296875,153.6883087158203,271.17596435546875,228.12815856933594,91.5025634765625,44.81277084350586,149.3000030517578,226.28916931152344,193.05999755859375,689.3499755859375,340.8399963378906,242.1836700439453,189.06187438964844,91.7300033569336,,256.2023620605469,335.3827209472656,102.76083374023438
2025-08-13,232.88612365722656,196.7987823486328,351.07000732421875,352.4798583984375,188.88064575195312,184.4199981689453,283.0082092285156,224.55999755859375,197.34930419921875,646.5999755859375,,637.2052612304688,4.050000190734863,304.4534606933594,233.3699951171875,46.473106384277344,26.723426818847656,88.68000030517578,112.77999877929688,477.30999755859375,410.7698974609375,22.450000762939453,974.7191772460938,235.6472930908203,184.83999633789062,267.8349609375,117.85926055908203,201.5057830810547,733.2120361328125,399.6094665527344,203.79547119140625,22.219999313354492,171.1468048095703,286.3605041503906,68.96186065673828,656.9795532226562,433.7679443359375,575.2838745117188,299.8632507324219,778.2523193359375,80.60984802246094,145.2799835205078,447.7222900390625,517.5734252929688,124.08993530273438,22.31999969482422,120.44400024414062,75.81047058105469,172.66000366210938,181.559814453125,242.2681884765625,23.922414779663086,70.25438690185547,153.92408752441406,153.90574645996094,274.055908203125,235.01133728027344,92.29635620117188,45.388919830322266,150.08999633789062,225.4568634033203,196.8699951171875,695.0,339.3800048828125,239.35824584960938,189.37539672851562,90.83000183105469,,266.23223876953125,341.1692810058594,100.15264129638672
2025-08-14,232.33717346191406,199.93434143066406,348.5799865722656,352.4798583984375,187.1014862060547,180.9499969482422,283.947265625,230.97999572753906,198.4456787109375,652.4299926757812,,639.4931640625,4.010000228881836,305.30670166015625,233.19000244140625,46.93547058105469,26.723426818847656,88.68000030517578,112.69999694824219,479.2200012207031,414.54296875,22.450000762939453,971.2738037109375,232.00863647460938,180.0500030517578,268.6717834472656,116.7605209350586,202.48358154296875,735.683349609375,392.87701416015625,202.36721801757812,23.860000610351562,171.44117736816406,289.9384460449219,68.07120513916016,680.792236328125,428.6223449707031,581.1173095703125,303.6770324707031,780.2974243164062,80.65857696533203,146.0173797607422,447.7222900390625,519.4623413085938,125.10846710205078,22.31999969482422,123.05599975585938,75.01504516601562,170.1719970703125,181.98974609375,243.04209899902344,23.874876022338867,69.01103210449219,155.3985595703125,153.2830352783203,274.14434814453125,235.01133728027344,91.19876098632812,45.68187713623047,144.27000427246094,228.3944091796875,194.89999389648438,698.5,335.5799865722656,238.9220428466797,189.78688049316406,91.4000015258789,,265.9187927246094,344.0974426269531,100.0137939453125
2025-08-15,231.1494140625,201.8977508544922,354.8500061035156,360.8927001953125,160.78163146972656,177.50999450683594,289.9922180175781,231.02999877929688,196.59181213378906,653.8300170898438,,633.3259887695312,3.880000114440918,303.0644836425781,235.25999450683594,46.17797088623047,26.967727661132812,90.13999938964844,113.5199966430664,477.20001220703125,404.9017333984375,22.649999618530273,967.93798828125,241.02574157714844,199.9499969482422,266.8288269042969,116.12286376953125,203.44140625,719.4573364257812,391.9544982910156,202.0875244140625,24.559999465942383,173.3251495361328,286.32110595703125,68.43334197998047,699.0349731445312,428.8575744628906,579.066650390625,303.6573486328125,783.3901977539062,82.0717544555664,142.20249938964844,443.5505065917969,517.1657104492188,120.69486999511719,21.540000915527344,123.8949966430664,75.5846176147461,173.447998046875,180.42001342773438,246.3361053466797,23.903396606445312,68.8618392944336,155.16265869140625,152.97528076171875,273.10247802734375,233.0447235107422,89.3738021850586,45.96507263183594,141.47000122070312,229.37359619140625,199.0800018310547,732.8099975585938,330.55999755859375,236.8203125,190.6294708251953,92.5999984741211,,297.771484375,343.0815734863281,99.40247344970703
2025-08-18,230.45074462890625,201.78053283691406,357.239990234375,357.0686950683594,162.5409393310547,176.13999938964844,286.226318359375,231.49000549316406,197.16989135742188,661.3200073242188,,635.3153686523438,4.050000190734863,304.6320495605469,232.41000366210938,47.142059326171875,27.5909423828125,89.31999969482422,112.55000305175781,478.5199890136719,409.7174072265625,22.649999618530273,975.217041015625,242.54681396484375,219.3300018310547,267.4265441894531,115.75007629394531,203.0423126220703,719.6936645507812,387.36151123046875,201.74258422851562,23.65999984741211,172.9424591064453,287.34619140625,67.66012573242188,695.8648681640625,431.8763427734375,581.49560546875,303.4312744140625,765.572021484375,82.08150482177734,142.34999084472656,439.62701416015625,514.1134033203125,123.37098693847656,22.059999465942383,124.50900268554688,76.03633880615234,178.41000366210938,181.97975158691406,247.11990356445312,23.836841583251953,69.16024017333984,156.19476318359375,154.37509155273438,271.99176025390625,232.7005615234375,91.28754425048828,46.121315002441406,143.11000061035156,228.68817138671875,198.24000549316406,728.0700073242188,335.1600036621094,239.32850646972656,190.3943328857422,93.9800033569336,,302.1595458984375,341.3585205078125,100.0982894897461
2025-08-19,230.1213836669922,201.4093475341797,361.0299987792969,357.9290771484375,161.23886108398438,166.5500030517578,289.0923156738281,228.00999450683594,197.62838745117188,656.8900146484375,,638.8963012695312,3.9700000286102295,303.68951416015625,225.0,47.299468994140625,28.009742736816406,91.41999816894531,111.4000015258789,485.30999755859375,413.1429443359375,22.899999618530273,976.7107543945312,244.56497192382812,210.9600067138672,264.9161376953125,115.74026489257812,201.11666870117188,710.2613525390625,399.629150390625,202.05955505371094,25.309999465942383,174.46337890625,286.4886779785156,68.63887023925781,701.0087890625,432.3271789550781,582.8594360351562,305.6231994628906,749.71923828125,82.77347564697266,141.6519012451172,434.36260986328125,506.8258056640625,121.87316131591797,21.479999542236328,121.41500091552734,75.4962387084961,177.3560028076172,175.61080932617188,232.78305053710938,24.074542999267578,68.68279266357422,153.5898895263672,152.54840087890625,269.5443420410156,232.94638061523438,89.69932556152344,46.560752868652344,139.25,233.2903289794922,192.6300048828125,719.3499755859375,329.30999755859375,230.69358825683594,191.97171020507812,95.31999969482422,,297.9967346191406,341.0697326660156,100.68476867675781
2025-08-20,225.5800323486328,204.3007049560547,353.42999267578125,358.9806823730469,159.98648071289062,165.1999969482422,289.97265625,223.80999755859375,194.080078125,660.969970703125,,634.8180541992188,3.9700000286102295,305.9714050292969,225.6199951171875,47.56508255004883,27.8751277923584,90.80000305175781,111.30000305175781,488.67999267578125,417.611083984375,22.5,990.3728637695312,245.01234436035156,206.44000244140625,265.4241943359375,116.47602844238281,198.87171936035156,709.5720825195312,394.2706298828125,202.3019561767578,23.540000915527344,175.48387145996094,288.04595947265625,69.1967544555664,703.2318115234375,437.12969970703125,589.9968872070312,307.73651123046875,745.9680786132812,82.51033782958984,141.70106506347656,431.78009033203125,502.7991943359375,117.04017639160156,21.420000076293945,121.38600158691406,74.88739776611328,178.0500030517578,175.370849609375,233.2196044921875,24.131591796875,67.71794891357422,152.79367065429688,155.4571990966797,267.87335205078125,229.8489532470703,88.29854583740234,47.029483795166016,137.2899932861328,228.6392059326172,194.8000030517578,703.7899780273438,323.8999938964844,226.6289520263672,196.70391845703125,93.7300033569336,,293.68701171875,342.5437316894531,101.95712280273438
2025-08-21,224.47213745117188,204.64259338378906,353.42999267578125,358.4070739746094,159.32858276367188,163.7100067138672,289.2977294921875,221.9499969482422,193.5219268798828,663.72998046875,,631.1375732421875,4.389999866485596,305.7431945800781,224.4600067138672,47.47654342651367,28.04962730407715,90.41999816894531,110.7699966430664,488.5899963378906,414.9302062988281,22.700000762939453,965.587890625,244.39596557617188,192.0,267.685546875,113.93519592285156,199.30075073242188,704.9150390625,390.3057556152344,202.69351196289062,23.5,175.57217407226562,287.28704833984375,69.1576156616211,707.5980834960938,438.3058776855469,589.2404174804688,307.8741455078125,737.3682250976562,83.89427185058594,141.62240600585938,434.646240234375,502.15185546875,115.62223052978516,21.65999984741211,120.62100219726562,74.808837890625,175.3939971923828,174.95091247558594,231.33448791503906,24.47388458251953,67.1907730102539,151.5059814453125,155.18914794921875,264.6100769042969,228.27565002441406,87.36141204833984,46.66817092895508,136.67999267578125,228.78607177734375,194.67999267578125,689.469970703125,320.1099853515625,225.3699188232422,196.64511108398438,94.2300033569336,,297.125,342.3046875,97.37467193603516
2025-08-22,227.3267059326172,205.71710205078125,362.0899963378906,356.5906677246094,161.97010803222656,167.75999450683594,289.63299560546875,228.83999633789062,194.13987731933594,660.0,,642.775634765625,4.570000171661377,316.64666748046875,230.1199951171875,48.67673873901367,28.47341537475586,91.41999816894531,110.87999725341797,489.0,432.58428955078125,22.799999237060547,954.494873046875,246.8415985107422,202.27999877929688,265.51385498046875,112.59120178222656,205.62649536132812,730.4552001953125,405.11517333984375,207.737060546875,24.799999237060547,175.9254150390625,291.9885559082031,68.63887023925781,709.4522705078125,437.32574462890625,596.24853515625,308.70965576171875,753.021484375,85.15151977539062,145.53561401367188,432.0090026855469,505.1295166015625,117.5094985961914,21.920000076293945,120.46499633789062,76.96923065185547,177.35000610351562,177.96043395996094,234.5193634033203,24.606998443603516,69.52827453613281,155.31991577148438,155.1097412109375,266.47760009765625,228.71815490722656,87.18384552001953,46.85371017456055,142.11000061035156,231.9684295654297,196.80999755859375,692.989990234375,340.010009765625,230.98109436035156,201.88674926757812,96.79000091552734,,301.1114807128906,348.6291198730469,96.25141906738281
2025-08-25,226.7278594970703,202.73780822753906,363.2099914550781,354.3918762207031,161.47171020507812,163.36000061035156,284.4560546875,227.94000244140625,195.0967254638672,677.3200073242188,,643.27294921875,4.739999771118164,313.3131103515625,226.8699951171875,48.67673873901367,28.024700164794922,90.94000244140625,105.06999969482422,486.17999267578125,429.2381286621094,23.0,937.6065673828125,246.424072265625,199.44000244140625,265.5935363769531,111.98297882080078,208.02108764648438,727.4029541015625,401.2974853515625,205.6674346923828,24.549999237060547,175.0619354248047,290.6678161621094,67.46439361572266,693.1534423828125,438.81549072265625,590.5245361328125,308.09039306640625,751.5349731445312,83.14382934570312,145.1718292236328,432.4070739746094,502.17181396484375,116.2513198852539,21.559999465942383,121.80699920654297,77.7450180053711,175.98800659179688,179.78012084960938,233.56687927246094,23.903396606445312,69.11050415039062,153.75698852539062,155.13951110839844,265.64215087890625,229.11148071289062,84.64862823486328,46.42403793334961,140.52999877929688,230.5975799560547,194.67999267578125,694.7899780273438,346.6000061035156,233.55868530273438,201.79859924316406,95.16000366210938,,298.6040344238281,347.4140319824219,95.49596405029297
2025-08-26,228.87376403808594,203.52903747558594,354.9100036621094,348.4646301269531,163.983642578125,166.6199951171875,285.55059814453125,228.7100067138672,194.15980529785156,708.0900268554688,,647.1522216796875,4.829999923706055,318.0753479003906,234.8300018310547,49.43423843383789,28.50831413269043,90.4800033569336,104.79000091552734,492.2099914550781,428.20550537109375,22.450000762939453,937.3674926757812,242.31817626953125,196.72000122070312,272.8955993652344,112.57158660888672,206.6741180419922,737.4063110351562,399.96282958984375,207.4853515625,24.350000381469727,174.44911193847656,294.28515625,67.26864624023438,733.72607421875,446.4015808105469,588.9317016601562,307.59893798828125,752.3331298828125,82.83194732666016,146.46966552734375,429.0234680175781,499.96099853515625,116.3311996459961,21.579999923706055,122.60900115966797,77.234375,172.9320068359375,181.7397918701172,232.3762664794922,23.6942195892334,69.80677795410156,156.4601593017578,158.4156494140625,265.24896240234375,227.9806671142578,85.45752716064453,46.131080627441406,140.85000610351562,230.0100555419922,194.35000610351562,696.469970703125,351.6700134277344,236.66168212890625,201.80838012695312,96.52999877929688,,294.2649230957031,349.7644958496094,95.47608184814453
2025-08-27,230.05152893066406,203.2359619140625,356.3500061035156,347.9866027832031,163.86402893066406,167.1300048828125,283.9630126953125,229.1199951171875,197.1499481201172,707.9600219726562,,656.701416015625,4.570000171661377,319.9206848144531,235.6199951171875,49.562129974365234,28.33381462097168,89.4800033569336,103.01000213623047,495.7200012207031,429.60552978515625,22.299999237060547,945.5130615234375,248.70071411132812,191.22999572753906,272.307861328125,111.75733947753906,207.01336669921875,738.115234375,400.6497497558594,206.2640838623047,24.850000381469727,174.74563598632812,294.9849548339844,67.36652374267578,731.8718872070312,445.4312744140625,587.986083984375,306.11468505859375,745.62890625,81.93531036376953,146.87278747558594,432.2080078125,504.6415100097656,117.57939147949219,21.280000686645508,122.3499984741211,76.65499114990234,177.5959930419922,181.56982421875,233.96372985839844,23.836841583251953,69.27960205078125,157.0499725341797,158.68368530273438,270.4092712402344,232.45472717285156,86.47359466552734,46.082252502441406,139.88999938964844,228.1496124267578,200.38999938964844,692.989990234375,349.6000061035156,237.22677612304688,201.30870056152344,95.33000183105469,,297.6441345214844,348.9378662109375,95.50589752197266
2025-08-28,232.11758422851562,203.09921264648438,353.9599914550781,345.69219970703125,164.74122619628906,168.5800018310547,281.6358337402344,231.60000610351562,197.6682586669922,704.0700073242188,,650.8327026367188,4.650000095367432,324.41497802734375,236.16000366210938,49.67034149169922,27.845212936401367,90.18000030517578,101.93000030517578,499.8599853515625,431.82965087890625,23.100000381469727,940.9722900390625,253.04519653320312,197.02000427246094,274.94775390625,110.42314910888672,211.16400146484375,739.641357421875,399.8744812011719,206.35733032226562,24.93000030517578,173.42112731933594,296.749267578125,66.90650177001953,729.6688232421875,447.10723876953125,587.806884765625,306.8912048339844,749.35009765625,81.0971450805664,147.6593475341797,433.1037292480469,507.5295104980469,121.82322692871094,21.520000457763672,123.1449966430664,76.51750946044922,185.72000122070312,180.1400604248047,238.4384307861328,23.38995933532715,69.68741607666016,158.0624237060547,159.49777221679688,270.6943359375,232.40557861328125,86.8287124633789,46.25802993774414,141.5399932861328,231.9194793701172,241.0,687.7999877929688,345.9800109863281,236.21559143066406,199.9566650390625,95.95999908447266,,296.0867614746094,348.4498291015625,95.53572082519531
2025-08-29,231.69837951660156,205.521728515625,356.70001220703125,345.309814453125,160.24563598632812,162.6300048828125,283.7066345214844,229.0,197.787841796875,712.2000122070312,,633.2265014648438,4.579999923706055,328.6712341308594,234.67999267578125,49.916282653808594,27.979827880859375,89.45999908447266,100.0,502.9800109863281,416.0720520019531,22.950000762939453,939.339111328125,254.75518798828125,195.19000244140625,274.15081787109375,110.82537841796875,212.43116760253906,737.6913452148438,399.20709228515625,204.6326141357422,24.350000381469727,175.12124633789062,297.0942687988281,67.52310943603516,730.286865234375,446.5682067871094,592.5950927734375,308.1886901855469,736.96923828125,81.98403930664062,147.95431518554688,431.6109313964844,504.59173583984375,118.83757019042969,20.899999618530273,120.82499694824219,75.9774169921875,183.49200439453125,174.1510467529297,224.35952758789062,23.542091369628906,69.81672668457031,157.99362182617188,157.45266723632812,267.50970458984375,227.8331756591797,86.99641418457031,46.25802993774414,141.27999877929688,231.6746826171875,238.66000366210938,681.8800048828125,333.8699951171875,228.87936401367188,198.3792724609375,93.75,,303.5111999511719,350.36212158203125,96.40052032470703
2025-09-01,,,,344.0669860839844,,,,,197.1898193359375,,,632.7291259765625,,,,,27.7804012298584,90.5199966430664,,,,23.549999237060547,,,,,,,,,,,,,,,,,,,,,429.4215393066406,,,20.8799991607666,,,,,,,,,,,229.99644470214844,,46.580284118652344,,234.22055053710938,,,,,,,,,,
2025-09-02,229.28298950195312,207.00648498535156,345.6300048828125,338.6177673339844,157.06585693359375,162.32000732421875,282.9276428222656,225.33999633789062,194.2794189453125,706.4099731445312,,613.9293212890625,4.590000152587891,328.572021484375,237.3800048828125,49.60147476196289,27.356613159179688,88.5999984741211,100.62000274658203,501.1400146484375,413.1032409667969,22.950000762939453,934.8582153320312,251.3849639892578,195.77999877929688,274.340087890625,110.57030487060547,210.8746795654297,723.4373779296875,398.7556457519531,202.86131286621094,24.209999084472656,176.00094604492188,295.39892578125,67.59162902832031,732.888671875,446.73602294921875,589.1906127929688,312.1328430175781,733.3875732421875,83.30951690673828,146.3516845703125,427.679931640625,503.0282287597656,118.30834197998047,20.280000686645508,121.41100311279297,73.33197784423828,182.28399658203125,170.75161743164062,223.53602600097656,23.75126838684082,68.88172912597656,156.0768280029297,156.86691284179688,261.65155029296875,223.4574432373047,88.56489562988281,45.1740837097168,139.0399932861328,223.9391326904297,233.60000610351562,689.6199951171875,329.3599853515625,226.42074584960938,195.7633514404297,92.80999755859375,,302.4631652832031,348.65899658203125,97.26531982421875
2025-09-03,238.01634216308594,206.9478759765625,348.5,337.4705505371094,155.7500762939453,162.1300048828125,279.90032958984375,225.99000549316406,201.53550720214844,722.010009765625,,621.986328125,4.519999980926514,321.16082763671875,232.3800048828125,49.2473258972168,27.954898834228516,88.27999877929688,100.41999816894531,501.489990234375,412.1798095703125,22.549999237060547,945.7719116210938,254.95404052734375,201.49000549316406,274.8780212402344,110.8449935913086,230.14125061035156,723.1503295898438,400.1296081542969,199.50515747070312,24.0,175.94163513183594,295.211669921875,67.52310943603516,735.5204467773438,443.33984375,590.5941772460938,312.7556457519531,735.3230590820312,82.04251861572266,146.0370635986328,430.5162048339844,503.2572937011719,118.54798889160156,20.68000030517578,122.61799621582031,73.77616882324219,183.87600708007812,170.59165954589844,221.70050048828125,23.570615768432617,69.2696533203125,154.6023406982422,156.96621704101562,266.310546875,227.489013671875,86.06913757324219,45.564697265625,140.22000122070312,224.6735076904297,229.3300018310547,697.3300170898438,334.0899963378906,229.3948974609375,191.77577209472656,92.94000244140625,,301.5620422363281,349.45574951171875,98.8458251953125
2025-09-04,239.3238525390625,208.0614471435547,344.30999755859375,338.52215576171875,157.73370361328125,161.7899932861328,276.2025451660156,235.67999267578125,203.0803985595703,733.6599731445312,,644.168212890625,4.559999942779541,328.04620361328125,230.75,49.7982292175293,28.493358612060547,88.5999984741211,103.5,506.9100036621094,417.24371337890625,22.450000762939453,951.8660888671875,242.58657836914062,201.8699951171875,281.1938171386719,110.6291732788086,231.7775421142578,741.3043212890625,406.3278503417969,200.58657836914062,24.610000610351562,176.69285583496094,299.4598083496094,66.79884338378906,740.58447265625,451.0306091308594,592.9435424804688,313.34869384765625,746.8959350585938,81.91582489013672,148.00347900390625,433.4022521972656,505.866455078125,124.030029296875,21.0,125.74800109863281,74.37830352783203,179.71200561523438,171.63148498535156,221.2540283203125,23.33291244506836,68.09593200683594,157.8843994140625,157.53207397460938,267.34259033203125,229.30813598632812,85.83238983154297,46.03342819213867,145.14999389648438,225.2610321044922,221.89999389648438,703.8499755859375,338.5299987792969,233.18197631835938,183.4969024658203,91.9800033569336,,304.0107421875,349.5752868652344,100.32691955566406
2025-09-05,239.2340087890625,207.63165283203125,348.9700012207031,335.94091796875,162.22927856445312,151.13999938964844,279.6932678222656,232.3300018310547,203.72825622558594,750.780029296875,,656.701416015625,4.570000171661377,323.65106201171875,229.61000061035156,49.2343635559082,28.07455825805664,88.44000244140625,112.45999908447266,499.7699890136719,420.08343505859375,22.549999237060547,959.4140625,249.2971954345703,205.13999938964844,278.16546630859375,112.86589050292969,234.4714813232422,730.7227783203125,413.4932861328125,199.73822021484375,24.489999771118164,176.36666870117188,290.1553039550781,66.5150146484375,724.9336547851562,457.9908142089844,581.5751953125,310.7686767578125,750.68701171875,82.5590591430664,145.60443115234375,421.2610168457031,492.9501647949219,131.17965698242188,21.399999618530273,124.38200378417969,72.9568862915039,182.75999450683594,166.9922637939453,230.97731018066406,23.656187057495117,67.8969955444336,158.01290893554688,156.38047790527344,264.4036865234375,224.4407501220703,84.27376556396484,46.131080627441406,146.82000732421875,221.2953338623047,225.5800018310547,707.1900024414062,350.8399963378906,241.311279296875,184.12393188476562,90.98999786376953,,308.9179382324219,341.83660888671875,99.90943145751953
2025-09-08,237.42745971679688,204.9258575439453,358.6600036621094,337.1837463378906,161.53150939941406,151.41000366210938,276.291259765625,235.83999633789062,202.43255615234375,768.0,,673.0145263671875,4.519999980926514,322.84747314453125,230.9499969482422,48.92770004272461,28.16928482055664,87.91999816894531,102.66000366210938,493.7799987792969,419.7855529785156,23.0,967.7487182617188,250.79840087890625,203.2100067138672,274.99755859375,113.68013000488281,233.72247314453125,734.3258056640625,414.4703674316406,200.20436096191406,24.479999542236328,176.0701446533203,288.7063903808594,65.99628448486328,736.327880859375,453.2618103027344,583.9443969726562,309.2068176269531,750.5372924804688,81.95480346679688,146.2926788330078,424.1470642089844,496.13690185546875,131.26953125,21.399999618530273,124.47599792480469,73.19377899169922,187.86599731445312,168.2820281982422,236.61282348632812,23.342416763305664,68.0362548828125,158.40834045410156,153.10433959960938,265.7109375,226.60403442382812,83.03082275390625,46.131080627441406,146.22000122070312,225.84852600097656,226.52000427246094,718.280029296875,346.3999938964844,245.05868530273438,182.05667114257812,94.36000061035156,,313.6781921386719,340.9202880859375,101.66885375976562
2025-09-09,233.9041748046875,205.541259765625,354.05999755859375,337.75732421875,162.9768829345703,155.82000732421875,276.0743408203125,238.24000549316406,200.7879638671875,767.0,,679.5795288085938,4.889999866485596,321.785888671875,229.52000427246094,49.74877166748047,28.154329299926758,84.26000213623047,102.08999633789062,492.7200012207031,415.1287536621094,22.700000762939453,975.1175537109375,250.58963012695312,203.05999755859375,275.18682861328125,113.56241607666016,239.30490112304688,756.1719970703125,409.9302978515625,199.69158935546875,24.440000534057617,174.91368103027344,293.5754699707031,66.41714477539062,748.2604370117188,451.2379455566406,581.356201171875,308.9300537109375,763.9059448242188,82.46160125732422,149.6651153564453,423.89825439453125,496.3460388183594,135.04405212402344,20.860000610351562,126.32499694824219,72.65087890625,186.73399353027344,170.7316131591797,239.61911010742188,23.494548797607422,67.32008361816406,156.84640502929688,150.65220642089844,266.84130859375,226.45654296875,82.67568969726562,46.131080627441406,143.44000244140625,223.7432861328125,225.55999755859375,719.1599731445312,346.9700012207031,248.7565155029297,181.28268432617188,95.44999694824219,,340.7804260253906,342.6034851074219,101.67879486083984
2025-09-10,226.35855102539062,206.73297119140625,350.1600036621094,336.2277526855469,162.8971405029297,159.5399932861328,274.6346435546875,230.3300018310547,192.70460510253906,762.8900146484375,,676.595458984375,4.71999979019165,320.8036804199219,227.52000427246094,49.590492248535156,27.949914932250977,84.04000091552734,101.0,490.0799865722656,419.9146423339844,24.5,952.25439453125,241.1549835205078,203.7899932861328,282.32952880859375,113.06208801269531,238.84552001953125,761.7745971679688,407.8477783203125,197.36093139648438,24.770000457763672,173.75718688964844,296.22686767578125,66.37799072265625,752.2578125,457.961181640625,576.7572021484375,302.4256591796875,750.2180786132812,81.89633178710938,151.53321838378906,424.8436584472656,498.29791259765625,139.79714965820312,21.31999969482422,124.77100372314453,73.29249572753906,184.71400451660156,177.300537109375,325.75933837890625,23.361434936523438,65.29093170166016,157.13308715820312,153.8787078857422,256.0587463378906,219.9666748046875,81.7582778930664,46.131080627441406,142.1999969482422,223.64537048339844,225.85000610351562,704.0900268554688,347.7900085449219,258.1944274902344,180.28330993652344,94.20999908447266,,339.6637878417969,336.7571716308594,99.81002807617188
2025-09-11,229.59239196777344,215.11402893066406,350.54998779296875,336.89691162109375,169.6055908203125,155.6699981689453,278.79595947265625,229.9499969482422,194.11993408203125,763.52001953125,,682.36474609375,4.599999904632568,326.7266845703125,219.99000549316406,50.203819274902344,28.747629165649414,84.33999633789062,104.30999755859375,496.9100036621094,428.3246765136719,23.399999618530273,960.25048828125,244.8433380126953,203.30999755859375,280.486572265625,115.62254333496094,240.0438995361328,776.7709350585938,417.90509033203125,200.72642517089844,24.610000610351562,176.4358673095703,301.1748352050781,66.18224334716797,753.9126586914062,464.73382568359375,586.0647583007812,304.8870544433594,749.140625,82.9878921508789,153.85360717773438,426.4857177734375,498.9352722167969,150.35183715820312,20.059999465942383,120.3499984741211,73.37146759033203,187.656005859375,177.1505584716797,305.4496154785156,23.637170791625977,66.9122543334961,159.663818359375,156.509521484375,253.7783966064453,216.13177490234375,81.24531555175781,46.87324142456055,145.02999877929688,224.28184509277344,224.52999877929688,690.3099975585938,368.80999755859375,256.6776123046875,180.616455078125,94.68000030517578,,346.3536071777344,342.1054992675781,102.0366439819336
2025-09-12,233.62472534179688,213.2776336669922,349.3599853515625,338.904541015625,167.26312255859375,158.57000732421875,272.5441589355469,228.14999389648438,198.98390197753906,756.3800048828125,,686.14453125,4.630000114440918,322.74822998046875,215.94000244140625,50.03565216064453,27.98979949951172,83.81999969482422,96.73999786376953,493.739990234375,428.4636535644531,23.25,963.8155517578125,241.3438720703125,201.6999969482422,280.6160888671875,112.37538146972656,240.4733123779297,772.1483154296875,417.1845703125,197.13719177246094,24.079999923706055,176.00094604492188,302.5054626464844,65.58522033691406,753.0254516601562,465.3064270019531,577.782470703125,301.891845703125,753.8196411132812,80.70730590820312,153.76513671875,434.3974609375,507.7884521484375,157.00218200683594,19.40999984741211,118.84400177001953,72.05860900878906,185.79200744628906,177.80047607421875,289.89239501953125,22.69586944580078,66.5342788696289,159.98016357421875,154.72256469726562,252.7659912109375,217.21340942382812,80.79154968261719,46.502159118652344,143.3800048828125,223.79225158691406,221.14999389648438,696.4000244140625,395.94000244140625,257.093994140625,178.9019012451172,95.88999938964844,,345.2762145996094,338.0618896484375,102.87162017822266
2025-09-15,236.24969482421875,212.5645751953125,347.1000061035156,339.8605651855469,170.3831024169922,161.16000366210938,270.5818176269531,231.42999267578125,200.63845825195312,756.8300170898438,,725.5347900390625,4.650000095367432,324.6828918457031,215.75,50.04553985595703,27.421428680419922,83.55999755859375,97.87999725341797,491.5400085449219,432.85235595703125,23.350000381469727,956.04833984375,241.10528564453125,207.0,285.6866455078125,111.17023468017578,251.26864624023438,778.7803955078125,417.20428466796875,197.3982391357422,24.770000457763672,175.34857177734375,304.4668884277344,65.29920196533203,745.8480224609375,467.2217102050781,580.3209838867188,298.60009765625,762.9082641601562,79.74275207519531,154.01092529296875,434.3476867675781,513.225830078125,157.54139709472656,20.239999771118164,120.22599792480469,72.08822631835938,189.48399353027344,177.73048400878906,299.7744445800781,22.79094696044922,66.75311279296875,159.37713623046875,157.2243194580078,248.1069793701172,211.06771850585938,81.56098175048828,46.68770217895508,147.88999938964844,225.40789794921875,225.7899932861328,703.0999755859375,410.0400085449219,259.1263427734375,174.59100341796875,98.8499984741211,,342.9007873535156,337.6833801269531,103.0704345703125
2025-09-16,237.6969451904297,211.245849609375,352.7300109863281,331.3520812988281,172.9847412109375,160.4600067138672,269.28021240234375,234.0500030517578,201.33615112304688,752.3200073242188,,729.0162353515625,4.650000095367432,324.4646301269531,215.02000427246094,50.11478805541992,26.86302947998047,83.12000274658203,99.26000213623047,490.989990234375,437.5488586425781,23.100000381469727,948.05224609375,237.91400146484375,205.25,291.8530578613281,109.51067352294922,250.8192596435547,777.5628662109375,415.9607238769531,196.6617431640625,25.270000457763672,174.41946411132812,304.7527160644531,65.32878875732422,762.3162841796875,468.278076171875,583.7652587890625,299.80609130859375,777.1747436523438,79.8116455078125,153.1948699951172,431.11334228515625,506.9320068359375,158.5898895263672,20.020000457763672,120.0510025024414,71.81183624267578,186.40199279785156,174.86080932617188,304.24908447265625,22.72439193725586,66.49449157714844,162.2637481689453,157.43280029296875,249.26681518554688,207.42945861816406,83.22811889648438,46.51192855834961,147.2100067138672,221.34429931640625,215.9499969482422,704.0599975585938,421.6199951171875,260.62005615234375,174.0325469970703,97.83000183105469,,334.9070739746094,338.6594543457031,102.80204010009766
2025-09-17,238.5353546142578,215.6903533935547,362.07000732421875,329.344482421875,177.56007385253906,159.16000366210938,270.88751220703125,231.6199951171875,201.6850128173828,734.3499755859375,,733.0944213867188,4.610000133514404,333.35406494140625,214.6300048828125,50.846824645996094,27.30177116394043,82.9800033569336,98.1500015258789,492.3299865722656,447.4681091308594,23.399999618530273,958.9660034179688,241.2163848876953,210.7100067138672,288.39630126953125,110.89363861083984,249.19146728515625,786.1646728515625,411.5686950683594,197.34230041503906,24.899999618530273,175.15089416503906,307.2760009765625,66.11778259277344,757.7506103515625,467.0933532714844,595.9199829101562,301.4667663574219,773.9024658203125,79.8608627319336,154.7680206298828,426.3364562988281,507.9079284667969,159.75819396972656,20.739999771118164,122.8499984741211,71.37751007080078,190.07400512695312,170.27130126953125,299.0501403808594,22.86701202392578,68.25508117675781,163.37094116210938,157.1647491455078,256.9532165527344,214.0668182373047,82.09368133544922,46.15060806274414,147.8699951171875,220.56094360351562,217.9600067138672,707.1900024414062,425.8599853515625,261.3460693359375,176.64846801757812,92.94999694824219,,336.7108459472656,344.8045959472656,103.64695739746094
2025-09-18,237.42745971679688,216.843017578125,367.4599914550781,331.92572021484375,189.15284729003906,157.9199981689453,271.9919128417969,231.22999572753906,201.6850128173828,731.77001953125,,789.7924194335938,4.71999979019165,338.9794006347656,215.66000366210938,51.5689697265625,27.471284866333008,83.41999816894531,96.30999755859375,490.5,463.6526184082031,23.799999237060547,948.3409423828125,243.2779083251953,209.6300048828125,295.95733642578125,112.23709106445312,251.68807983398438,796.15234375,412.04241943359375,195.96253967285156,30.56999969482422,172.14605712890625,308.7347717285156,65.54576110839844,760.5418701171875,467.58697509765625,583.3969116210938,297.6808166503906,778.421875,80.24471282958984,156.56729125976562,431.26263427734375,506.3444519042969,168.64529418945312,20.799999237060547,120.77799987792969,71.17021942138672,189.54800415039062,176.2206573486328,294.2976379394531,22.962093353271484,68.15560913085938,166.20816040039062,157.04562377929688,265.13104248046875,225.66989135742188,82.29096984863281,46.20920181274414,152.11000061035156,223.2537078857422,222.11000061035156,734.1199951171875,416.8500061035156,267.1639404296875,177.9417266845703,94.69999694824219,,330.0182189941406,336.8169250488281,102.98096466064453
2025-09-19,245.032958984375,217.31187438964844,365.8999938964844,332.2124938964844,189.4917755126953,157.38999938964844,281.4386291503906,231.47999572753906,206.0207061767578,736.760009765625,,789.4940185546875,4.949999809265137,338.4337463378906,215.64999389648438,51.68767547607422,27.421428680419922,83.26000213623047,96.22000122070312,492.8500061035156,463.23565673828125,23.899999618530273,947.1460571289062,246.0763702392578,212.49000549316406,299.9919128417969,112.70136260986328,254.3744354248047,796.8353271484375,410.2757263183594,195.18875122070312,29.579999923706055,174.152587890625,310.26251220703125,65.51617431640625,749.6360473632812,466.9156494140625,581.5154418945312,298.90655517578125,776.5562133789062,80.22502899169922,157.22605895996094,434.0491027832031,515.78515625,162.4942169189453,20.920000076293945,122.6969985961914,69.97582244873047,192.22999572753906,176.6505889892578,306.2433776855469,22.847999572753906,67.85720825195312,164.9427947998047,157.0952606201172,262.3493957519531,223.75244140625,83.41554260253906,46.04319381713867,153.3000030517578,223.64537048339844,230.47999572753906,734.9199829101562,426.07000732421875,263.41461181640625,175.7373046875,98.51000213623047,,331.86138916015625,340.23309326171875,101.71855926513672
2025-09-22,255.5928192138672,217.42910766601562,364.0799865722656,332.2124938964844,199.87843322753906,159.7899932861328,282.0204162597656,227.6300048828125,206.0207061767578,740.030029296875,,806.5033569335938,4.880000114440918,338.2948303222656,212.08999633789062,51.36122512817383,27.421428680419922,83.26000213623047,98.72000122070312,493.7099914550781,468.7562561035156,23.899999618530273,939.2794799804688,248.6656951904297,219.1999969482422,299.8723449707031,111.12083435058594,252.18740844726562,797.3896484375,406.6337890625,194.84381103515625,28.760000228881836,172.1954803466797,307.9560852050781,65.29920196533203,752.5867919921875,474.2707824707031,581.843994140625,299.509521484375,763.8824462890625,79.13253021240234,158.01263427734375,435.0443115234375,512.319580078125,164.38148498535156,20.920000076293945,122.73699951171875,70.36079406738281,189.55599975585938,183.58984375,325.58074951171875,22.857505798339844,67.32008361816406,167.77996826171875,158.27664184570312,260.8455505371094,223.75244140625,84.13566589355469,46.04319381713867,157.1199951171875,223.64537048339844,229.5399932861328,738.530029296875,434.2099914550781,271.1319885253906,175.9822235107422,99.38999938964844,,336.4052734375,342.97198486328125,102.20562744140625
2025-09-23,253.9459686279297,217.44862365722656,361.7799987792969,332.8817138671875,200.227294921875,160.89999389648438,282.81915283203125,220.7100067138672,216.2370147705078,734.3900146484375,,815.4556274414062,5.610000133514404,338.781005859375,216.33999633789062,51.143592834472656,27.431400299072266,83.62000274658203,98.2699966430664,494.1000061035156,467.9222412109375,24.700000762939453,939.6179809570312,243.55674743652344,215.72999572753906,304.46478271484375,113.0075912475586,251.31858825683594,798.1419677734375,405.5580139160156,195.13282775878906,29.34000015258789,174.53805541992188,308.25177001953125,65.79232025146484,744.6417236328125,480.47076416015625,567.3897094726562,299.70721435546875,754.1387329101562,78.699462890625,158.06178283691406,431.51141357421875,507.1212463378906,166.16888427734375,21.0,121.84700012207031,70.01530456542969,185.53399658203125,178.410400390625,311.37286376953125,22.943077087402344,66.95204162597656,167.59214782714844,159.3786163330078,260.7373962402344,222.42495727539062,84.53025817871094,45.97483825683594,149.94000244140625,224.23287963867188,223.5399932861328,718.9400024414062,425.8500061035156,281.1566162109375,178.3532257080078,97.80000305175781,,342.7036437988281,337.3348388671875,101.90741729736328
2025-09-24,251.8300018310547,214.88937377929688,353.2699890136719,330.7784729003906,200.7954864501953,160.8800048828125,275.3347473144531,220.2100067138672,213.84490966796875,729.760009765625,,803.7182006835938,5.489999771118164,337.798828125,215.10000610351562,51.143592834472656,27.53111457824707,84.81999969482422,99.75,497.0899963378906,466.4626159667969,24.549999237060547,941.2809448242188,244.8813018798828,219.1699981689453,299.1550598144531,112.2864761352539,246.80471801757812,784.392822265625,404.4328308105469,194.47091674804688,31.219999313354492,174.64678955078125,308.92205810546875,65.53589630126953,739.5277709960938,480.0561218261719,566.2349243164062,300.8341369628906,759.3899536132812,78.41403198242188,155.23013305664062,432.2578125,508.0373840332031,161.4757080078125,21.5,120.3949966430664,70.30157470703125,186.6739959716797,176.9505615234375,306.044921875,22.905046463012695,67.4991226196289,171.56619262695312,160.21255493164062,264.2562561035156,224.19491577148438,83.12947082519531,45.34009552001953,148.8300018310547,221.6380615234375,222.57000732421875,708.6500244140625,442.7900085449219,279.1675720214844,180.7046356201172,97.77999877929688,,346.7645568847656,337.31488037109375,102.11617279052734
2025-09-25,256.3813171386719,213.47300720214844,354.1600036621094,333.93328857421875,198.9613800048828,161.27000427246094,267.4066162109375,218.14999389648438,216.48619079589844,711.0900268554688,,807.3986206054688,5.170000076293945,337.5011291503906,213.52999877929688,51.29197692871094,27.167158126831055,84.81999969482422,98.08000183105469,494.9599914550781,460.43560791015625,24.899999618530273,939.3292236328125,239.9615478515625,223.0500030517578,296.0469970703125,109.63909149169922,245.45652770996094,786.69921875,402.1430969238281,193.63186645507812,33.9900016784668,175.6747589111328,308.9516296386719,65.07237243652344,712.3531494140625,478.1704406738281,564.7318725585938,298.8274230957031,747.6595458984375,76.37666320800781,156.2821502685547,433.89984130859375,504.9303283691406,156.60276794433594,21.81999969482422,120.8239974975586,68.34709930419922,183.7220001220703,177.67050170898438,289.04901123046875,22.43914794921875,66.38507080078125,167.7404327392578,159.3488311767578,258.02459716796875,221.441650390625,82.69542694091797,43.77765655517578,143.4499969482422,219.14112854003906,221.60000610351562,712.6199951171875,423.3900146484375,275.13983154296875,178.3532257080078,97.5999984741211,,340.60418701171875,333.58001708984375,102.43425750732422
2025-09-26,254.97401428222656,215.49501037597656,360.3699951171875,342.34619140625,203.26754760742188,159.4600067138672,269.1816101074219,219.77999877929688,217.83175659179688,711.6199951171875,,808.4927368164062,5.269999980926514,338.9892883300781,221.25999450683594,51.64810562133789,27.172142028808594,85.73999786376953,98.08000183105469,500.0299987792969,462.4611511230469,25.25,912.0846557617188,242.43138122558594,220.02000427246094,293.85540771484375,110.73558807373047,246.2055206298828,794.3706665039062,404.7486877441406,194.08868408203125,35.5,177.6318817138672,311.52410888671875,64.7666244506836,722.27197265625,481.23095703125,562.5716552734375,301.7336730957031,742.5081787109375,77.321533203125,157.4226837158203,432.2080078125,509.34197998046875,157.04214477539062,21.559999465942383,121.06099700927734,68.41619110107422,187.1999969482422,178.17044067382812,281.24066162109375,22.591278076171875,66.94210052490234,167.2659149169922,162.16830444335938,259.5677490234375,221.39247131347656,82.2613754272461,44.18779373168945,140.25,223.9880828857422,224.63999938964844,716.530029296875,440.3999938964844,271.8579406738281,180.81240844726562,98.44999694824219,,339.1453857421875,336.01019287109375,102.5436019897461
2025-09-29,253.9459686279297,217.98587036132812,359.4200134277344,340.720947265625,204.29425048828125,161.36000061035156,270.1578063964844,222.1699981689453,215.43963623046875,719.0399780273438,,821.12548828125,5.449999809265137,339.6143798828125,217.0800018310547,51.85584259033203,27.635814666748047,85.55999755859375,98.0999984741211,499.25,468.26971435546875,25.450000762939453,913.0008544921875,244.09454345703125,223.52999877929688,292.8679504394531,111.24925994873047,243.71890258789062,795.9642333984375,401.5014953613281,195.1048583984375,34.47999954223633,179.519775390625,311.1594543457031,65.13153839111328,724.2359008789062,485.713134765625,565.5680541992188,299.509521484375,742.1587524414062,77.34122467041016,158.455078125,435.7906799316406,512.4689331054688,163.6625213623047,21.639999389648438,120.64099884033203,68.65310668945312,188.1699981689453,181.83004760742188,280.546142578125,22.676851272583008,69.30944061279297,163.41050720214844,162.44627380371094,259.31219482421875,221.7858123779297,84.48092651367188,44.52957534790039,149.0,221.4911651611328,225.25,728.469970703125,443.2099914550781,271.72869873046875,179.5191192626953,99.56999969482422,,340.2296142578125,338.7889404296875,102.46408081054688
2025-09-30,254.14559936523438,226.1715850830078,352.75,340.720947265625,204.08493041992188,161.7899932861328,278.2733154296875,219.57000732421875,215.43963623046875,737.5599975585938,,823.711669921875,5.289999961853027,329.5443115234375,215.8300018310547,51.0347785949707,27.635814666748047,85.55999755859375,98.62000274658203,502.739990234375,473.7704772949219,25.450000762939453,921.7238159179688,236.02777099609375,220.52999877929688,300.039306640625,109.64897155761719,242.77020263671875,788.2730102539062,399.9125061035156,196.24220275878906,33.54999923706055,183.27584838867188,310.9031677246094,65.40768432617188,760.6116333007812,492.85101318359375,566.2349243164062,300.3992004394531,733.1538696289062,82.60688018798828,156.2919921875,435.7906799316406,515.8051147460938,167.07757568359375,21.639999389648438,119.89199829101562,68.83078002929688,184.05599975585938,186.55950927734375,279.0380554199219,24.226675033569336,66.70337677001953,164.45838928222656,166.1195068359375,262.6442565917969,221.7858123779297,83.45500183105469,44.52957534790039,148.61000061035156,221.4911651611328,225.5500030517578,698.0,444.7200012207031,277.7554016113281,180.0089874267578,97.97000122070312,,340.347900390625,340.0040283203125,102.4441909790039
2025-10-01,254.9640350341797,238.71388244628906,343.7200012207031,347.3173828125,217.0433349609375,164.00999450683594,294.34649658203125,220.6300048828125,217.38323974609375,767.3300170898438,,836.9412841796875,5.199999809265137,325.97265625,215.1999969482422,50.13457107543945,29.555313110351562,85.80000305175781,102.20999908447266,498.20001220703125,477.41448974609375,26.0,913.4688110351562,234.72314453125,224.82000732421875,300.0991516113281,109.79714965820312,244.5677490234375,777.5430297851562,391.8489074707031,195.94387817382812,35.939998626708984,183.89854431152344,306.25091552734375,65.86135864257812,822.836181640625,492.6437072753906,571.1725463867188,297.06787109375,716.1422729492188,88.70913696289062,154.25674438476562,437.283447265625,517.557861328125,181.8860626220703,22.760000228881836,117.08999633789062,73.24313354492188,182.48599243164062,187.21945190429688,286.7471923828125,25.8715763092041,66.30550384521484,164.5869140625,165.9904327392578,265.37677001953125,223.99826049804688,83.25770568847656,45.2131462097168,149.57000732421875,226.6318817138672,230.5500030517578,700.6799926757812,459.4599914550781,286.88494873046875,176.7366485595703,96.61000061035156,,343.3049011230469,346.4280090332031,101.35076141357422
2025-10-02,256.6408386230469,231.07518005371094,351.4800109863281,346.36138916015625,222.87461853027344,169.72999572753906,293.2618103027344,222.41000366210938,219.42648315429688,791.5900268554688,,872.9493408203125,5.139999866485596,327.8775329589844,217.42999267578125,49.93672561645508,29.036800384521484,87.13999938964844,104.51000213623047,495.9200134277344,487.0954284667969,26.100000381469727,912.9012451171875,237.90005493164062,232.1300048828125,298.6728515625,109.21432495117188,245.356689453125,771.4752197265625,389.8651123046875,196.71768188476562,37.29999923706055,183.82936096191406,303.1362609863281,65.19071197509766,817.2836303710938,492.99908447265625,574.7164306640625,296.4352722167969,725.8360595703125,88.09891510009766,152.69342041015625,435.5419006347656,513.604248046875,183.4837646484375,22.860000610351562,116.25299835205078,73.60836029052734,182.02000427246094,188.8692626953125,286.51898193359375,25.74797248840332,68.56343078613281,166.919921875,165.424560546875,267.26397705078125,228.22650146484375,85.54631042480469,45.8088264465332,151.3000030517578,236.1789093017578,240.5399932861328,707.2999877929688,436.0,286.52691650390625,178.62757873535156,96.61000061035156,,348.6471862792969,344.55560302734375,101.09232330322266
2025-10-03,257.5291442871094,228.48663330078125,346.739990234375,345.5965881347656,216.83399963378906,164.6699981689453,293.7449951171875,219.50999450683594,219.47634887695312,800.0,,875.4361572265625,5.230000019073486,327.639404296875,216.3000030517578,50.095001220703125,28.7675724029541,86.41999816894531,105.48999786376953,498.75,494.3238830566406,26.0,911.51708984375,239.3739776611328,230.1300048828125,296.2292175292969,111.31840515136719,245.0171356201172,781.9676513671875,389.9144592285156,194.8904266357422,36.83000183105469,186.45860290527344,305.5806884765625,65.73314666748047,837.240966796875,498.0637512207031,577.8223266601562,297.52264404296875,709.3735961914062,87.7839584350586,154.9449920654297,440.56756591796875,515.20751953125,187.67530822753906,22.540000915527344,115.33200073242188,71.00241088867188,182.4720001220703,187.59939575195312,283.8996887207031,26.023710250854492,68.88172912597656,167.2461395263672,165.3749237060547,265.90753173828125,226.3090362548828,85.2503662109375,46.521690368652344,161.13999938964844,236.1789093017578,235.08999633789062,680.5,429.8299865722656,290.5845031738281,176.66807556152344,96.5999984741211,,355.03424072265625,348.429931640625,101.46011352539062
2025-10-06,256.2016906738281,224.85289001464844,350.1400146484375,347.0306091308594,223.193603515625,203.7100067138672,290.0274353027344,220.89999389648438,219.07765197753906,787.9400024414062,,892.5449829101562,5.46999979019165,329.3756103515625,219.72999572753906,49.847694396972656,28.269001007080078,89.27999877929688,105.16000366210938,500.0199890136719,491.87139892578125,26.0,907.0958251953125,244.77174377441406,229.57000732421875,297.446044921875,112.19757080078125,250.09024047851562,788.6987915039062,384.2590637207031,194.84381103515625,36.59000015258789,185.98416137695312,306.2244567871094,65.19071197509766,842.40478515625,507.6895751953125,576.1897583007812,292.6393737792969,714.465087890625,87.40010833740234,155.43658447265625,445.59326171875,526.3811645507812,190.802734375,22.540000915527344,116.33100128173828,70.25221252441406,182.5679931640625,185.51962280273438,289.3070068359375,25.129945755004883,70.91088104248047,166.6925506591797,167.57887268066406,269.5934753417969,227.73484802246094,80.99870300292969,46.521690368652344,164.5,238.1862335205078,242.52000427246094,680.280029296875,453.25,300.7384033203125,178.12786865234375,100.0999984741211,,353.6247253417969,347.8721618652344,102.08634185791016
2025-10-07,255.99208068847656,227.43165588378906,348.30999755859375,348.2734069824219,210.8831024169922,211.50999450683594,291.42767333984375,221.77999877929688,219.02781677246094,797.3499755859375,,870.1641845703125,5.539999961853027,325.38726806640625,221.82000732421875,49.74877166748047,27.70062828063965,87.4800033569336,106.05999755859375,502.29998779296875,483.2627868652344,25.399999618530273,910.9395751953125,238.75653076171875,227.88999938964844,300.9569091796875,115.35862731933594,245.42657470703125,781.6410522460938,381.77191162109375,194.82518005371094,37.16999816894531,186.70570373535156,304.7486877441406,65.87122344970703,840.9892578125,504.5599670410156,577.215087890625,292.9161682128906,711.889404296875,86.22886657714844,153.3521728515625,447.28509521484375,521.8101196289062,185.53707885742188,23.200000762939453,119.10600280761719,68.0213623046875,180.84800720214844,185.01968383789062,282.0145263671875,24.977815628051758,74.21322631835938,163.5686798095703,168.04547119140625,269.1413269042969,231.07809448242188,80.18980407714844,47.39079666137695,161.27999877929688,237.25601196289062,234.80999755859375,680.4400024414062,433.0899963378906,292.4143981933594,173.4642791748047,97.80000305175781,,358.4446105957031,350.9995422363281,102.62311553955078
2025-10-08,257.5690612792969,225.8785400390625,348.7699890136719,354.7742614746094,216.81407165527344,235.55999755859375,290.52044677734375,225.22000122070312,221.17074584960938,798.9400024414062,,847.2860717773438,5.579999923706055,321.2699890136719,225.32000732421875,49.303611755371094,27.341657638549805,80.26000213623047,106.27999877929688,499.8399963378906,498.5636291503906,25.399999618530273,910.9395751953125,239.4436798095703,231.3699951171875,301.7747802734375,116.81073760986328,244.2881317138672,768.6343383789062,378.791259765625,195.63624572753906,37.43000030517578,187.4964599609375,301.1236877441406,65.21044158935547,843.0726318359375,507.472412109375,573.8304443359375,291.0181884765625,716.6414794921875,85.0379409790039,153.03753662109375,449.573974609375,522.676513671875,196.3781280517578,23.200000762939453,121.42500305175781,68.19902801513672,182.86399841308594,189.0892333984375,286.37017822265625,24.41683578491211,75.72513580322266,165.85226440429688,167.3505401611328,272.4144287109375,233.2413787841797,78.95671844482422,47.39079666137695,166.42999267578125,240.1446075439453,250.2100067138672,674.75,438.69000244140625,302.84674072265625,177.9221649169922,99.27999877929688,,364.6148376464844,349.94378662109375,102.28514862060547
2025-10-09,253.55670166015625,225.34129333496094,347.4700012207031,352.76666259765625,219.5951385498047,232.88999938964844,291.3192138671875,227.74000549316406,219.42648315429688,804.9000244140625,,845.2966918945312,5.449999809265137,321.8851013183594,216.0,49.254150390625,28.119428634643555,80.30000305175781,104.4800033569336,496.739990234375,496.8160705566406,25.950000762939453,938.9110107421875,244.32359313964844,234.3000030517578,298.5731201171875,115.31910705566406,241.2023162841797,772.04931640625,372.77069091796875,190.39691162109375,37.79999923706055,188.87039184570312,302.6093444824219,65.4570083618164,852.6724853515625,501.2921142578125,562.7362060546875,290.43499755859375,732.2852783203125,86.12060546875,153.64715576171875,446.63818359375,520.2366943359375,192.17160034179688,23.979999542236328,123.10700225830078,67.18231964111328,183.58999633789062,192.54885864257812,295.146240234375,23.99847984313965,75.34716796875,163.76638793945312,161.0067596435547,271.0776672363281,233.8313751220703,78.70024108886719,47.39079666137695,163.8699951171875,241.3196258544922,250.6699981689453,673.6599731445312,435.5400085449219,298.2322692871094,175.33563232421875,96.0,,362.41680908203125,345.6412353515625,101.16189575195312
2025-10-10,244.80340576171875,225.1556854248047,337.510009765625,351.2370300292969,209.27825927734375,214.89999389648438,286.09295654296875,216.3699951171875,213.79505920410156,796.9199829101562,,809.5869750976562,5.099999904632568,314.5645751953125,210.72999572753906,48.12642288208008,27.900056838989258,78.4800033569336,102.05999755859375,489.1300048828125,487.82025146484375,25.0,926.0853881835938,240.6885528564453,225.91000366210938,290.7334899902344,115.7537612915039,236.24905395507812,756.6075439453125,370.85595703125,187.30178833007812,36.369998931884766,188.51455688476562,298.01373291015625,66.11778259277344,830.8809204101562,498.61663818359375,555.6889038085938,293.5982360839844,704.1223754882812,84.6343994140625,149.3111572265625,441.7120361328125,508.84405517578125,181.450439453125,24.0,122.00800323486328,64.37894439697266,177.74200439453125,183.139892578125,291.1706848144531,23.561105728149414,69.46858978271484,151.8343505859375,156.5591583251953,260.99298095703125,226.70236206054688,77.39810180664062,46.101783752441406,151.02000427246094,237.25601196289062,242.1699981689453,685.2899780273438,413.489990234375,279.11785888671875,168.22262573242188,93.4000015258789,,349.41595458984375,342.2648620605469,101.23147583007812
2025-10-13,247.18885803222656,224.9603271484375,339.32000732421875,352.3842468261719,218.7777557373047,216.4199981689453,288.33135986328125,220.07000732421875,214.34326171875,799.5599975585938,,839.5274658203125,5.400000095367432,321.3877868652344,215.55999755859375,48.33415985107422,27.67569923400879,79.13999938964844,102.30000305175781,491.92999267578125,501.1849670410156,25.200000762939453,931.6118774414062,247.7295684814453,226.14999389648438,296.7578430175781,116.7712173461914,243.8187713623047,778.8001708984375,374.42877197265625,189.1663055419922,37.220001220703125,188.69247436523438,305.0260314941406,65.88108825683594,816.8350830078125,497.41217041015625,557.4432983398438,296.66259765625,714.5050048828125,84.3489761352539,152.52627563476562,441.91107177734375,511.9212341308594,192.6112518310547,24.280000686645508,121.90299987792969,66.51107788085938,184.74000549316406,188.29933166503906,306.1287841796875,23.513565063476562,68.49380493164062,159.9307403564453,157.70086669921875,265.2096862792969,227.53817749023438,78.94685363769531,46.20920181274414,153.66000366210938,240.97691345214844,247.27000427246094,692.0399780273438,435.8999938964844,301.2257385253906,171.56358337402344,94.08000183105469,,353.5163269042969,341.9162902832031,101.50981140136719
2025-10-14,247.29864501953125,223.8174591064453,335.94000244140625,353.43585205078125,217.4918975830078,218.08999633789062,289.7611999511719,216.38999938964844,212.10064697265625,812.9500122070312,,842.1136474609375,6.0,331.06561279296875,214.3000030517578,49.55092239379883,27.251914978027344,78.5999984741211,102.61000061035156,495.9700012207031,523.7340087890625,24.899999618530273,942.5157470703125,238.78640747070312,224.42999267578125,299.30120849609375,117.03793334960938,245.11700439453125,762.942626953125,382.6700439453125,194.480224609375,35.630001068115234,188.64305114746094,299.19232177734375,66.5813217163086,809.80712890625,498.7449951171875,566.0953369140625,301.0614929199219,707.466796875,83.36473846435547,152.7327423095703,438.7264709472656,511.4432373046875,186.90594482421875,23.799999237060547,121.53500366210938,66.76773834228516,182.2519989013672,180.01022338867188,297.1737976074219,23.31389617919922,68.78226470947266,159.89120483398438,158.2468719482422,265.897705078125,228.8164825439453,80.05169677734375,45.330326080322266,152.8800048828125,233.38824462890625,240.8300018310547,683.510009765625,429.239990234375,294.31390380859375,170.4172821044922,94.25,,354.7680969238281,346.9757995605469,106.56939697265625
2025-10-15,248.8656463623047,222.56796264648438,330.6300048828125,349.9942321777344,226.8518524169922,238.60000610351562,293.18292236328125,215.57000732421875,213.7452392578125,815.6099853515625,,868.373779296875,5.960000038146973,328.8873596191406,214.0,51.71735382080078,27.177127838134766,78.87999725341797,104.33999633789062,496.3900146484375,530.2675170898438,24.850000381469727,950.9598999023438,235.60948181152344,244.39999389648438,299.3410949707031,116.8601303100586,250.68943786621094,760.1412963867188,383.24249267578125,188.78408813476562,37.150001525878906,188.9593505859375,302.767822265625,66.15723419189453,823.982666015625,493.0484924316406,561.0018310546875,301.7435607910156,716.3519287109375,82.78404235839844,159.9200439453125,440.8163757324219,511.3038024902344,191.78192138671875,23.639999389648438,120.3290023803711,67.57715606689453,180.61000061035156,179.8102569580078,301.76556396484375,23.190290451049805,67.61848449707031,161.1071319580078,155.86422729492188,266.99859619140625,230.29144287109375,81.7385482788086,46.01389694213867,156.2100067138672,235.64036560058594,240.86000061035156,671.2999877929688,435.1499938964844,303.0357360839844,171.7203369140625,94.5199966430664,,355.9705810546875,344.2966613769531,108.3785171508789
2025-10-16,246.979248046875,223.2074737548828,329.2300109863281,347.9866027832031,226.9914093017578,234.55999755859375,291.69390869140625,214.47000122070312,212.10064697265625,837.280029296875,,872.75048828125,5.480000019073486,321.3877868652344,211.88999938964844,49.897151947021484,27.01259994506836,79.58000183105469,105.08000183105469,488.80999755859375,537.1285400390625,25.149999618530273,921.7138061523438,244.9908447265625,237.7899932861328,299.06182861328125,116.41560363769531,251.1188507080078,750.4011840820312,382.3443603515625,189.40870666503906,36.84000015258789,189.8983612060547,295.6861572265625,66.66021728515625,816.8151245117188,486.9669494628906,548.1133422851562,301.8226318359375,710.881103515625,82.59703063964844,157.33421325683594,438.8260192871094,509.4913330078125,202.36318969726562,23.600000381469727,118.35900115966797,65.9780502319336,178.8979949951172,181.7900390625,311.0882873535156,23.038158416748047,65.69874572753906,162.20443725585938,155.91387939453125,265.13104248046875,229.30813598632812,83.19851684570312,46.49239730834961,156.57000732421875,239.16542053222656,240.05999755859375,664.4600219726562,428.75,298.1924743652344,171.92608642578125,92.5199966430664,,351.55487060546875,334.048095703125,105.83382415771484
2025-10-17,251.81002807617188,225.8638916015625,333.260009765625,332.4992980957031,224.2701416015625,233.0800018310547,294.6521911621094,213.0399932861328,212.4993438720703,843.6599731445312,,871.0595092773438,6.449999809265137,344.76177978515625,212.94000244140625,50.728111267089844,26.738386154174805,80.22000122070312,105.13999938964844,492.4200134277344,523.3468627929688,24.350000381469727,932.378662109375,242.08282470703125,231.85000610351562,299.361083984375,121.31522369384766,252.95635986328125,743.1553955078125,386.79559326171875,189.21292114257812,37.0099983215332,190.98565673828125,294.7155456542969,67.49852752685547,800.3169555664062,488.8427429199219,559.1676635742188,304.5509338378906,715.7229614257812,83.45332336425781,156.00685119628906,434.94476318359375,511.4532470703125,202.2133331298828,23.139999389648438,119.93599700927734,66.501220703125,180.72000122070312,183.19989013671875,289.5307922363281,23.304386138916016,67.051513671875,161.58163452148438,156.80735778808594,268.2370300292969,227.09568786621094,84.20471954345703,46.65840530395508,157.75999450683594,232.94760131835938,240.74000549316406,671.52001953125,439.30999755859375,293.4586181640625,173.00381469726562,92.30000305175781,,351.4858703613281,340.5119934082031,107.08628845214844
2025-10-20,261.7411193847656,228.3136749267578,343.3999938964844,335.65411376953125,227.4001007080078,240.55999755859375,299.1092529296875,216.47999572753906,224.80874633789062,849.4600219726562,,894.2359619140625,6.420000076293945,347.6064758300781,216.82000732421875,51.47993469238281,27.35162925720215,81.16000366210938,107.94999694824219,494.0799865722656,528.93310546875,24.899999618530273,932.1595458984375,253.23687744140625,229.0,301.89447021484375,121.611572265625,256.2019348144531,755.5780639648438,383.8248291015625,192.07498168945312,38.099998474121094,191.4798583984375,299.4696350097656,67.49852752685547,806.4277954101562,499.455810546875,564.5404052734375,304.234619140625,730.947509765625,84.95919799804688,159.25148010253906,441.9608154296875,514.6498413085938,206.59971618652344,23.020000457763672,123.85600280761719,66.74799346923828,183.50999450683594,182.6199493408203,275.487060546875,23.475534439086914,68.83199310302734,165.13059997558594,159.5474090576172,273.16143798828125,234.61802673339844,83.38594818115234,47.234554290771484,164.7100067138672,238.1372833251953,245.6699981689453,675.530029296875,447.42999267578125,296.0642395019531,175.95285034179688,93.69999694824219,,359.25286865234375,343.0218200683594,106.41034698486328
2025-10-21,262.2701110839844,227.6544952392578,357.54998779296875,337.1837463378906,225.2769012451172,238.02999877929688,296.94976806640625,222.02999877929688,226.503173828125,834.75,,885.084716796875,5.869999885559082,353.315673828125,217.25999450683594,50.96553421020508,27.27684211730957,81.44000244140625,106.88999938964844,491.2900085449219,522.4307250976562,25.0,933.543701171875,262.32940673828125,226.85000610351562,305.834228515625,122.56977081298828,250.12020874023438,751.2821044921875,385.8086242675781,194.91839599609375,38.119998931884766,189.66114807128906,294.2500305175781,70.24028015136719,797.067138671875,483.26470947265625,570.1921997070312,303.9479675292969,732.0457153320312,86.23870849609375,156.5574493408203,442.35888671875,515.5162963867188,202.12339782714844,22.81999969482422,124.13500213623047,67.47844696044922,188.3000030517578,181.14010620117188,273.469482421875,23.627662658691406,69.67747497558594,166.900146484375,171.78819274902344,275.6678466796875,236.38796997070312,84.73741149902344,47.45915603637695,162.63999938964844,236.8643341064453,247.52000427246094,689.2100219726562,442.6000061035156,292.89178466796875,177.1775360107422,93.02999877929688,,360.1300964355469,345.8105163574219,105.58531188964844
2025-10-22,257.9583435058594,224.98825073242188,354.0899963378906,336.2277526855469,219.85430908203125,230.22999572753906,291.861572265625,217.9499969482422,221.66909790039062,814.1699829101562,,865.4890747070312,5.639999866485596,350.1129455566406,216.58999633789062,50.550052642822266,27.44137191772461,80.4800033569336,106.2300033569336,491.80999755859375,511.7361755371094,25.049999237060547,940.6934204101562,255.58721923828125,223.36000061035156,297.1169128417969,119.98165893554688,251.34854125976562,737.0479125976562,383.9037780761719,192.61569213867188,36.91999816894531,190.70889282226562,291.2984924316406,69.8359146118164,809.8868408203125,480.934814453125,569.5243530273438,306.5477294921875,732.1854248046875,86.22886657714844,155.46609497070312,448.0812072753906,518.3843994140625,198.30654907226562,22.5,111.63700103759766,68.18916320800781,187.1300048828125,180.2602081298828,270.99468994140625,23.504056930541992,67.70800018310547,167.33511352539062,176.6924591064453,271.50030517578125,232.89723205566406,84.34281921386719,48.181785583496094,162.00999450683594,236.96226501464844,241.6699981689453,675.6199951171875,438.9700012207031,287.2926940917969,167.25270080566406,92.20999908447266,,356.3056945800781,343.9679870605469,106.49980926513672
2025-10-23,259.0861511230469,224.565185546875,354.1199951171875,334.7937316894531,227.73899841308594,234.99000549316406,288.8145751953125,221.08999633789062,223.16416931152344,812.1799926757812,,882.995849609375,5.550000190734863,353.0272216796875,217.77000427246094,51.20294952392578,27.50119972229004,80.37999725341797,104.75,490.1600036621094,518.2982788085938,25.25,938.0745239257812,254.00372314453125,229.0,305.5948486328125,119.27042388916016,252.7366485595703,743.1653442382812,380.0151062011719,205.72337341308594,38.15999984741211,190.24432373046875,291.72442626953125,68.97789001464844,818.4699096679688,481.8331604003906,571.9266357421875,303.4438171386719,732.7744750976562,85.8056411743164,156.63612365722656,448.8773193359375,518.404296875,206.53976440429688,22.860000610351562,111.35900115966797,68.78143310546875,187.83399963378906,182.13999938964844,278.35943603515625,23.456518173217773,69.28955078125,168.08642578125,178.1418914794922,273.7708435058594,237.96127319335938,84.28363800048828,48.201316833496094,167.02999877929688,234.6611785888672,252.99000549316406,673.8599853515625,448.9800109863281,289.1325378417969,168.70272827148438,94.61000061035156,,355.2806396484375,344.5655517578125,106.22148895263672
2025-10-24,262.32000732421875,224.3094024658203,353.5199890136719,337.2793273925781,228.01809692382812,252.9199981689453,287.70025634765625,224.2100067138672,225.8054656982422,817.3200073242188,,889.660400390625,5.769999980926514,355.64312744140625,221.35000610351562,52.00423049926758,27.695642471313477,81.16000366210938,105.66000366210938,492.1000061035156,520.5188598632812,25.350000381469727,928.2063598632812,253.7846221923828,241.41000366210938,303.08135986328125,119.4679946899414,259.5674133300781,775.9295654296875,381.6435852050781,201.50018310546875,38.279998779296875,188.1982421875,297.5680236816406,68.75105285644531,822.8660888671875,479.2268371582031,571.826904296875,302.2773742675781,737.127197265625,86.11075592041016,161.10975646972656,447.8323974609375,521.441650390625,218.83963012695312,22.760000228881836,109.46900177001953,68.2187728881836,186.03399658203125,186.23953247070312,281.5994873046875,23.542091369628906,69.39896392822266,167.00889587402344,177.35760498046875,264.94427490234375,229.4556427001953,84.92483520507812,48.36732482910156,172.9499969482422,238.52896118164062,257.94000244140625,645.780029296875,433.7200012207031,293.33929443359375,165.70468139648438,94.06999969482422,,357.3012390136719,345.9798583984375,105.53560638427734
2025-10-27,268.2986145019531,224.34873962402344,357.79998779296875,340.6253356933594,230.58985900878906,259.6700134277344,287.108642578125,226.97000122070312,227.74905395507812,829.8300170898438,,903.2877197265625,6.21999979019165,359.73114013671875,223.0,52.44939041137695,27.53111457824707,81.5199966430664,106.05000305175781,488.07000732421875,524.8405151367188,25.299999237060547,925.9259643554688,254.4219970703125,247.69000244140625,312.0281066894531,119.00370788574219,268.9046630859375,781.9775390625,380.251953125,200.502685546875,39.540000915527344,188.0994110107422,301.2425231933594,69.09623718261719,823.8230590820312,480.70770263671875,570.5211181640625,306.43902587890625,749.5663452148438,86.61271667480469,163.23350524902344,454.6991882324219,529.3189697265625,219.9187469482422,22.100000381469727,109.45600128173828,67.70548248291016,189.25799560546875,191.46897888183594,279.6813049316406,23.551597595214844,69.87641143798828,185.53468322753906,177.94334411621094,267.50970458984375,231.61892700195312,86.03954315185547,48.31849670410156,175.05999755859375,241.66233825683594,265.9700012207031,657.7999877929688,452.4200134277344,296.6112365722656,165.97901916503906,96.41999816894531,,360.7313232421875,346.4180908203125,103.84577178955078
2025-10-28,268.4882507324219,223.86663818359375,359.9100036621094,341.6769714355469,226.91165161132812,258.010009765625,288.0256652832031,229.25,229.99166870117188,836.3900146484375,,904.1845703125,5.960000038146973,359.09454345703125,223.3300018310547,52.301002502441406,27.36658477783203,81.23999786376953,105.02999877929688,481.44000244140625,522.25146484375,25.0,920.260009765625,253.21694946289062,239.60000610351562,308.98602294921875,116.44522857666016,267.1071472167969,784.0563354492188,380.7257080078125,199.88739013671875,41.529998779296875,184.7683868408203,302.4409484863281,69.19486999511719,817.5328369140625,479.58221435546875,564.1117553710938,302.8803405761719,750.1853637695312,85.65801239013672,162.43710327148438,462.9591979980469,539.8252563476562,221.7272491455078,27.15999984741211,110.25,66.56044006347656,187.58200073242188,201.0079345703125,279.1147766113281,23.294878005981445,72.63167572021484,178.960693359375,177.37747192382812,265.445556640625,230.19313049316406,84.27376556396484,47.71305465698242,178.9600067138672,241.12379455566406,267.04998779296875,653.4299926757812,460.54998779296875,299.8731994628906,163.5296630859375,95.43000030517578,,362.5646667480469,345.50177001953125,102.55353546142578
2025-10-29,269.1869201660156,221.50538635253906,337.8599853515625,338.71331787109375,234.99571228027344,264.3299865722656,287.7101135253906,230.3000030517578,229.74249267578125,821.969970703125,,916.1420288085938,5.860000133514404,356.2995910644531,213.5800018310547,52.014129638671875,27.48125648498535,82.0999984741211,103.3499984741211,475.760009765625,583.0133666992188,24.549999237060547,908.569580078125,250.42845153808594,241.7100067138672,313.46435546875,117.05769348144531,274.197509765625,775.117919921875,373.11614990234375,198.4703369140625,41.34000015258789,184.44219970703125,302.58953857421875,67.40975952148438,810.9834594726562,479.1478271484375,552.7982788085938,298.87689208984375,750.4149169921875,85.2151107788086,161.2769012451172,459.724853515625,539.307373046875,226.443359375,26.579999923706055,110.04100036621094,64.50726318359375,182.33999633789062,207.01727294921875,273.6185607910156,23.095211029052734,69.30944061279297,176.62767028808594,175.0841827392578,255.20362854003906,220.55667114257812,83.03082275390625,48.19154739379883,179.00999450683594,240.6342010498047,269.70001220703125,665.6699829101562,461.510009765625,303.41363525390625,157.0143280029297,95.76000213623047,,350.1650695800781,339.9044189453125,101.8477783203125
2025-10-30,270.8836669921875,224.5159912109375,339.239990234375,340.4341735839844,231.8059539794922,254.83999633789062,287.9369201660156,222.86000061035156,234.0782012939453,820.3599853515625,,934.1779174804688,5.78000020980835,356.9560546875,200.0800018310547,52.45927810668945,26.793230056762695,81.37999725341797,104.66999816894531,478.5199890136719,580.6832885742188,24.649999618530273,916.2968139648438,255.59713745117188,233.5800018310547,309.9435119628906,116.99842071533203,281.09814453125,782.1458740234375,374.6064453125,197.93588256835938,40.15999984741211,186.86387634277344,306.48199462890625,68.03109741210938,841.8565063476562,483.4819030761719,551.901123046875,298.9559631347656,665.3572387695312,84.91983032226562,162.48623657226562,452.7585754394531,523.582763671875,223.82550048828125,26.15999984741211,108.9000015258789,64.06307220458984,186.93600463867188,202.8677215576172,255.3209991455078,23.095211029052734,67.5687484741211,175.23377990722656,176.1365203857422,254.7613067626953,222.080810546875,82.0246353149414,47.57633972167969,173.61000061035156,241.85816955566406,271.17999267578125,656.6799926757812,440.1000061035156,301.55389404296875,157.25927734375,96.48999786376953,,339.8058166503906,343.6393127441406,101.61915588378906
2025-10-31,269.85565185546875,214.52000427246094,340.30999755859375,332.8817138671875,232.35418701171875,256.1199951171875,294.2774353027344,244.22000122070312,235.6230926513672,818.5,,914.8466186523438,5.840000152587891,358.7961730957031,201.02000427246094,52.87476348876953,26.873001098632812,80.72000122070312,103.91000366210938,477.5400085449219,574.8181762695312,24.649999618530273,908.8876953125,259.34173583984375,266.94000244140625,308.148193359375,118.33199310302734,280.80853271484375,781.3638916015625,374.64593505859375,199.1426239013672,39.9900016784668,186.68594360351562,308.1459045410156,67.95220184326172,860.1590576171875,485.6143798828125,550.216552734375,295.0019226074219,647.2674560546875,84.62456512451172,162.2290496826172,446.98651123046875,515.6656494140625,223.58570861816406,25.579999923706055,111.88600158691406,63.75706481933594,183.8560028076172,202.4677734375,261.00604248046875,23.437501907348633,68.90161895751953,178.83218383789062,177.2086944580078,255.5673065185547,220.70416259765625,79.7754898071289,47.42985916137695,173.86000061035156,240.43836975097656,274.8800048828125,655.3200073242188,456.55999755859375,298.77923583984375,159.6020050048828,96.5,,336.6615295410156,339.3665771484375,100.57542419433594
2025-11-03,268.53814697265625,208.53817749023438,337.4700012207031,337.4705505371094,236.94944763183594,259.6499938964844,292.1770935058594,254.0,231.18771362304688,826.280029296875,,923.2168579101562,5.349999904632568,359.6813659667969,204.5500030517578,52.983577728271484,26.394371032714844,81.54000091552734,103.95500183105469,475.67999267578125,568.1764526367188,24.350000381469727,925.4310302734375,260.2679138183594,265.7099914550781,307.8190612792969,120.56448364257812,283.3350830078125,777.552978515625,373.4220886230469,195.62130737304688,39.5,184.1061248779297,306.3928527832031,67.03498840332031,893.7236938476562,481.7245788574219,542.322021484375,292.965576171875,636.645263671875,81.18958282470703,161.88282775878906,448.3797302246094,514.888916015625,234.50669860839844,26.0,110.00900268554688,61.84208297729492,182.76800537109375,206.85728454589844,256.275146484375,23.447010040283203,67.9765625,178.6542510986328,175.75926208496094,259.4497985839844,225.03074645996094,79.86426544189453,47.67399215698242,172.94000244140625,242.05401611328125,277.1400146484375,644.0900268554688,468.3699951171875,303.18487548828125,159.6020050048828,99.72000122070312,,329.00299072265625,335.54205322265625,100.98297119140625
2025-11-04,269.5262756347656,212.40472412109375,335.3500061035156,338.2353210449219,229.45350646972656,250.0500030517578,292.571533203125,249.32000732421875,234.82574462890625,831.47998046875,,914.7470092773438,5.28000020980835,358.5574035644531,198.0500030517578,52.96379470825195,26.678556442260742,80.30000305175781,104.83000183105469,487.6600036621094,545.2637329101562,23.700000762939453,938.0953369140625,253.39622497558594,262.70001220703125,303.4105529785156,121.50291442871094,277.1634826660156,782.80908203125,378.0904541015625,194.32554626464844,37.029998779296875,184.69918823242188,306.2937927246094,67.71549987792969,904.021240234375,478.80230712890625,550.97412109375,295.77294921875,626.2725830078125,82.5379867553711,162.23895263671875,444.54833984375,512.2001342773438,217.85043334960938,26.0,109.2959976196289,60.44039535522461,177.51400756835938,198.66818237304688,246.6542510986328,23.104717254638672,65.72859191894531,170.8643035888672,174.33961486816406,255.20362854003906,222.2774658203125,78.52267456054688,48.09389877319336,160.94000244140625,239.116455078125,265.4200134277344,629.5999755859375,444.260009765625,292.43426513671875,157.5261688232422,94.66999816894531,,326.0854187011719,338.9283752441406,101.6589126586914
2025-11-05,269.6260986328125,213.27052307128906,335.5299987792969,340.6253356933594,240.1192626953125,256.3299865722656,315.4092712402344,250.1999969482422,234.82574462890625,832.3499755859375,,903.3873901367188,4.480000019073486,363.8389587402344,197.6199951171875,51.88552474975586,26.349498748779297,85.80000305175781,103.43000030517578,488.7699890136719,566.7425537109375,23.799999237060547,932.4014282226562,251.6434326171875,277.3900146484375,304.3181457519531,121.0880355834961,283.9242858886719,785.0462036132812,368.9708251953125,194.9091339111328,38.380001068115234,183.84913635253906,308.7005615234375,67.56756591796875,922.9119873046875,467.1131286621094,551.5322875976562,302.15875244140625,634.88818359375,83.05962371826172,163.3963165283203,441.9608154296875,505.0597839355469,237.3043975830078,26.81999969482422,109.84600067138672,61.30904769897461,175.92599487304688,195.18858337402344,248.7811737060547,23.39946937561035,67.69805145263672,177.66567993164062,172.7412567138672,256.5993347167969,224.145751953125,81.7582778930664,43.94366455078125,162.9199981689453,239.89981079101562,264.7900085449219,620.0,462.07000732421875,292.02655029296875,161.68771362304688,92.75,,323.03973388671875,338.66943359375,100.86369323730469
2025-11-06,269.25677490234375,215.50387573242188,327.3500061035156,337.75732421875,232.78280639648438,237.6999969482422,311.1986999511719,243.0399932861328,234.67620849609375,851.0150146484375,,892.1273803710938,4.340000152587891,363.76934814453125,196.5,52.71648406982422,26.43425750732422,84.30000305175781,103.3499984741211,493.1499938964844,567.369873046875,23.200000762939453,920.983642578125,238.2884521484375,271.9800109863281,304.4777526855469,121.8980484008789,284.36370849609375,779.592041015625,364.262939453125,193.78150939941406,37.2400016784668,184.80792236328125,310.4239501953125,68.10999298095703,934.505615234375,462.9468994140625,551.50244140625,294.9821472167969,617.9065551757812,84.4277114868164,161.65533447265625,429.1727294921875,495.04144287109375,238.1337127685547,27.540000915527344,109.7020034790039,61.09188461303711,171.75399780273438,188.05935668945312,242.31094360351562,23.627662658691406,65.90763092041016,171.22019958496094,173.8332977294922,249.5420379638672,214.31263732910156,81.10721588134766,43.25033187866211,156.0500030517578,236.57058715820312,264.7200012207031,618.2000122070312,445.9100036621094,287.65069580078125,159.52291870117188,92.12000274658203,,316.9483642578125,335.6018371582031,101.07244110107422
2025-11-07,267.9592590332031,215.62193298339844,326.95001220703125,337.75732421875,229.33389282226562,233.5399932861328,315.7445373535156,244.41000366210938,234.67620849609375,854.6500244140625,,867.7142333984375,4.360000133514404,366.5643005371094,194.61000061035156,52.6274528503418,26.43425750732422,84.30000305175781,103.13999938964844,499.05999755859375,560.7180786132812,23.200000762939453,920.1459350585938,238.8959503173828,267.6400146484375,306.4725341796875,117.39354705810547,278.4516906738281,778.3646240234375,366.2763671875,191.96151733398438,38.130001068115234,184.4125518798828,311.20635986328125,69.57949829101562,921.4765014648438,452.5115051269531,550.1965942382812,296.2178039550781,620.6719360351562,84.91983032226562,160.6067657470703,429.1727294921875,494.7626037597656,237.72406005859375,27.540000915527344,110.36599731445312,60.30220031738281,172.37399291992188,188.1293487548828,237.7986602783203,23.637338638305664,65.86784362792969,168.93661499023438,175.6897735595703,247.65484619140625,214.31263732910156,84.41188049316406,43.25033187866211,152.41000366210938,236.57058715820312,262.8599853515625,616.9099731445312,429.5199890136719,284.92578125,158.7024688720703,91.98999786376953,,319.56036376953125,334.6656188964844,101.97698974609375
2025-11-10,269.1781311035156,215.17921447753906,328.8500061035156,341.1033630371094,234.32786560058594,243.97999572753906,319.1564025878906,248.39999389648438,232.24156188964844,869.8300170898438,,883.5579223632812,4.349999904632568,365.9078369140625,194.80999755859375,52.84508514404297,26.424285888671875,86.91999816894531,105.06999969482422,496.9800109863281,568.435302734375,23.549999237060547,912.9861450195312,240.71844482421875,272.6400146484375,311.1304626464844,116.71195220947266,289.7064208984375,789.114501953125,365.605224609375,193.9397735595703,38.45000076293945,186.2312774658203,313.8607482910156,69.54991149902344,963.6141967773438,446.34112548828125,551.1834716796875,295.6642150878906,630.7052001953125,85.3824234008789,163.26773071289062,429.1727294921875,503.9045715332031,253.0913848876953,27.280000686645508,112.00700378417969,60.01593780517578,173.25999450683594,199.0281524658203,239.3590850830078,23.598636627197266,65.8976821899414,169.6088409423828,177.73486328125,247.458251953125,212.64102172851562,83.45500183105469,42.342159271240234,158.8800048828125,240.58523559570312,268.510009765625,622.9299926757812,445.2300109863281,293.6475524902344,158.73211669921875,94.0999984741211,,316.96807861328125,333.5003662109375,101.80802154541016
2025-11-11,274.99267578125,221.534912109375,333.2200012207031,343.2065734863281,227.93836975097656,237.52000427246094,333.7406005859375,249.10000610351562,234.38685607910156,889.6400146484375,,883.7572631835938,4.429999828338623,368.17559814453125,195.2100067138672,53.052825927734375,27.35162925720215,87.31999969482422,108.6500015258789,497.07000732421875,565.5276489257812,23.799999237060547,911.2908935546875,243.49700927734375,264.1499938964844,309.9136047363281,121.06826782226562,290.9147644042969,802.0914916992188,369.3656311035156,198.2326202392578,37.880001068115234,191.58859252929688,312.6028747558594,70.62491607666016,985.5253295898438,451.247802734375,556.55615234375,303.305419921875,626.0330200195312,89.51620483398438,164.7020721435547,432.4568176269531,506.573486328125,240.91143798828125,27.780000686645508,113.64399719238281,62.335636138916016,172.13400268554688,193.1387939453125,234.70767211914062,24.682296752929688,67.04156494140625,171.99127197265625,177.92349243164062,250.0334930419922,213.42767333984375,85.2503662109375,42.342159271240234,158.94000244140625,242.24984741210938,271.260009765625,639.5800170898438,439.6199951171875,289.57012939453125,157.8918914794922,93.5999984741211,,322.75390625,337.553955078125,102.82192993164062
2025-11-12,273.21435546875,229.46478271484375,337.04998779296875,345.11859130859375,229.9917755126953,258.8900146484375,331.60076904296875,244.1999969482422,236.18292236328125,889.8900146484375,,888.6398315429688,4.329999923706055,370.7715759277344,195.5,53.52766036987305,28.976970672607422,89.05999755859375,111.69999694824219,502.3999938964844,570.5961303710938,24.0,911.4305419921875,245.01077270507812,267.5199890136719,308.218017578125,121.8980484008789,286.3210144042969,830.4608154296875,366.296142578125,199.39979553222656,37.88999938964844,192.14210510253906,317.34710693359375,70.52629852294922,1014.5941162109375,451.21820068359375,559.4268798828125,303.4141845703125,607.9931640625,90.0083236694336,168.08514404296875,430.9142761230469,509.0233154296875,244.6982879638672,28.040000915527344,115.75,63.37208938598633,172.80799865722656,193.7787322998047,225.60362243652344,25.030616760253906,66.84262084960938,174.65052795410156,176.40455627441406,249.01126098632812,214.755126953125,86.07901000976562,43.767887115478516,156.58999633789062,245.18739318847656,269.82000732421875,647.8699951171875,430.6000061035156,289.02313232421875,161.21322631835938,93.56999969482422,,334.1973876953125,338.1826477050781,102.82192993164062
2025-11-13,272.6948547363281,228.5399627685547,333.6000061035156,345.11859130859375,222.51576232910156,247.9600067138672,331.32470703125,237.5800018310547,236.18292236328125,891.72998046875,,878.3763427734375,4.130000114440918,362.7746887207031,194.5800018310547,52.301002502441406,28.976970672607422,89.05999755859375,103.87999725341797,513.1099853515625,551.2084350585938,24.0,922.4793701171875,239.4436798095703,256.5899963378906,303.380615234375,123.67613220214844,278.19207763671875,797.3302612304688,363.2760009765625,197.698486328125,35.90999984741211,192.99217224121094,306.5216064453125,70.09234619140625,1019.6681518554688,450.0433654785156,553.7850952148438,304.0467834472656,608.8717041015625,91.46499633789062,163.82167053222656,435.691162109375,501.205810546875,236.75485229492188,28.040000915527344,115.4229965209961,65.17849731445312,169.93800354003906,186.8394775390625,216.24114990234375,24.953210830688477,64.98257446289062,172.50534057617188,172.7015380859375,247.55654907226562,214.755126953125,85.27010345458984,43.767887115478516,146.33999633789062,222.27452087402344,256.9200134277344,645.3300170898438,401.989990234375,280.6494445800781,160.36312866210938,91.77999877929688,,327.7511901855469,335.3883972167969,101.92730712890625
2025-11-14,272.15533447265625,228.6088409423828,331.1099853515625,351.4282531738281,225.286865234375,246.80999755859375,332.05438232421875,234.69000244140625,235.1352081298828,907.97998046875,,871.0025634765625,4.0,355.2651672363281,194.52000427246094,52.043800354003906,28.323843002319336,88.73999786376953,103.08999633789062,508.94000244140625,551.6864624023438,26.100000381469727,920.38525390625,242.6604461669922,253.0800018310547,304.0289306640625,123.49832916259766,276.0350036621094,782.8882446289062,357.64031982421875,198.0566864013672,35.52000045776367,193.664306640625,300.7076721191406,70.18111419677734,1023.5716552734375,459.83697509765625,543.9766845703125,303.50311279296875,608.4424438476562,91.45515441894531,162.09056091308594,435.5419006347656,508.0672607421875,246.626708984375,27.219999313354492,111.21700286865234,63.34247970581055,170.08599853515625,190.1491241455078,221.48890686035156,24.246896743774414,62.47597885131836,171.99127197265625,174.29989624023438,240.84324645996094,207.57696533203125,84.23676300048828,42.840187072753906,146.0399932861328,225.55479431152344,257.0199890136719,635.75,404.3500061035156,283.2550048828125,157.4965057373047,91.62000274658203,,317.2440490722656,329.3408508300781,101.86766815185547
2025-11-17,267.2099609375,230.2223663330078,325.07000732421875,346.26580810546875,227.97824096679688,240.52000427246094,336.9552307128906,232.8699951171875,230.64503479003906,929.6099853515625,,873.29443359375,3.9600000381469727,339.42059326171875,191.80999755859375,50.92596435546875,27.865156173706055,87.0,102.66999816894531,503.260009765625,549.7147827148438,25.450000762939453,910.0244750976562,236.05763244628906,253.5399932861328,299.3511047363281,122.57964324951172,284.63330078125,767.6939697265625,353.36676025390625,195.111328125,34.709999084472656,197.27210998535156,297.4986572265625,69.70771026611328,1019.9976196289062,464.7831726074219,535.1251831054688,301.3975830078125,601.0048217773438,91.39610290527344,157.72817993164062,435.7906799316406,505.3883972167969,241.75074768066406,27.34000015258789,110.29000091552734,62.08885955810547,167.1580047607422,186.5795135498047,218.5171661376953,24.26624870300293,61.56087112426758,164.84393310546875,174.35946655273438,234.81797790527344,203.54539489746094,83.15374755859375,40.79924774169922,139.92999267578125,218.3577880859375,252.7899932861328,640.6199951171875,408.9200134277344,280.46044921875,153.20645141601562,92.11000061035156,,315.92327880859375,325.07965087890625,102.33484649658203
2025-11-18,267.19000244140625,230.09445190429688,324.4700012207031,343.7801818847656,224.39971923828125,230.2899932861328,339.2034912109375,222.5500030517578,230.54527282714844,918.530029296875,,862.5326538085938,3.930000066757202,338.8337707519531,189.6300048828125,51.0842399597168,27.29180145263672,84.66000366210938,102.52999877929688,504.3699951171875,544.5667114257812,25.149999618530273,892.563720703125,232.5421142578125,252.19000244140625,295.2417907714844,125.63204193115234,283.8943176269531,768.4264526367188,332.0974426269531,190.5041961669922,34.33000183105469,197.68724060058594,296.5478515625,70.24028015136719,1028.333740234375,468.6729736328125,525.885009765625,301.0911560058594,596.6920776367188,94.90982055664062,158.10409545898438,422.7040100097656,491.74517822265625,228.3118133544922,26.6200008392334,114.08999633789062,61.684146881103516,163.593994140625,181.340087890625,219.143310546875,24.624244689941406,60.377197265625,163.17324829101562,173.45603942871094,233.9235382080078,201.9229278564453,82.79605865478516,40.59417724609375,140.4499969482422,213.60874938964844,254.50999450683594,636.4500122070312,401.25,276.38299560546875,155.50965881347656,90.86000061035156,,309.0827941894531,320.51904296875,100.78417205810547
2025-11-19,268.3089294433594,229.14996337890625,318.1099853515625,343.4933776855469,234.37770080566406,223.5500030517578,337.6356201171875,222.69000244140625,233.3391571044922,914.5900268554688,,883.458251953125,3.819999933242798,342.7923889160156,185.6999969482422,51.46015167236328,26.942800521850586,85.19999694824219,101.43000030517578,501.260009765625,550.7703247070312,24.950000762939453,888.0963134765625,226.9451904296875,251.8699951171875,300.039306640625,126.51121520996094,292.4127502441406,778.0181884765625,330.1432189941406,189.62855529785156,35.11000061035156,200.168212890625,300.3709411621094,70.13179779052734,1047.85107421875,463.9242858886719,528.656005859375,299.26239013671875,589.3343505859375,93.55157470703125,160.53750610351562,421.65911865234375,485.1027526855469,225.73394775390625,26.860000610351562,110.0,61.83221435546875,163.2899932861328,186.49951171875,224.1525421142578,24.072736740112305,59.92855453491211,164.21124267578125,172.51290893554688,233.9038848876953,202.07041931152344,83.14381408691406,40.39887237548828,146.0,214.0493927001953,252.97999572753906,618.530029296875,403.989990234375,280.8184814453125,155.2822723388672,89.52999877929688,,304.6571960449219,323.4530029296875,100.00883483886719
2025-11-20,266.0010986328125,225.7458038330078,312.3999938964844,346.7438049316406,219.95567321777344,206.02000427246094,331.39373779296875,217.13999938964844,234.53652954101562,918.5,,886.6469116210938,3.6600000858306885,341.9569091796875,179.3800048828125,50.45112991333008,26.907899856567383,84.41999816894531,96.97000122070312,501.1199951171875,543.81982421875,24.799999237060547,890.7787475585938,224.44546508789062,245.83999633789062,289.8657531738281,123.46869659423828,289.05731201171875,765.852783203125,328.05084228515625,187.21054077148438,33.619998931884766,200.72174072265625,295.5277099609375,70.23041534423828,1041.5516357421875,462.2952880859375,526.1840209960938,300.6661071777344,588.1663208007812,93.47283935546875,156.9862823486328,420.7714538574219,477.3404846191406,201.2041473388672,27.020000457763672,105.66999816894531,60.637813568115234,160.0919952392578,180.6201629638672,209.40318298339844,23.608312606811523,57.92960739135742,157.76576232910156,171.48043823242188,229.9427490234375,203.15206909179688,82.09060668945312,40.32075119018555,144.55999755859375,216.49734497070312,244.66000366210938,589.22998046875,395.2300109863281,275.9752197265625,151.5655517578125,83.36000061035156,,307.07208251953125,323.1037292480469,106.4699935913086
2025-11-21,271.2361755371094,232.46554565429688,324.19000244140625,347.126220703125,223.73095703125,203.77999877929688,335.21722412109375,220.69000244140625,234.48663330078125,918.9199829101562,,831.044677734375,3.799999952316284,350.9981689453125,179.6999969482422,51.005104064941406,27.50618553161621,85.08000183105469,95.58999633789062,504.0400085449219,548.1016845703125,24.700000762939453,896.482666015625,226.17832946777344,249.91000366210938,286.6940002441406,125.09861755371094,299.2534484863281,766.179443359375,338.8483581542969,189.08126831054688,34.5,201.54214477539062,295.171142578125,71.94647979736328,1057.9342041015625,454.9105529785156,538.6638793945312,305.7964782714844,593.2578125,96.21885681152344,156.46202087402344,408.6041259765625,471.04486083984375,207.19920349121094,25.479999542236328,104.30999755859375,61.99014663696289,162.68600463867188,178.86036682128906,197.54603576660156,24.227548599243164,60.38716506958008,161.43336486816406,169.11827087402344,232.65557861328125,201.57876586914062,84.80310821533203,40.789485931396484,147.8000030517578,214.58792114257812,234.02999877929688,583.6099853515625,391.0899963378906,273.5486145019531,157.56570434570312,83.87000274658203,,315.3811950683594,327.3050842285156,104.69068908691406
2025-11-24,275.6620788574219,225.80484008789062,318.7300109863281,346.93499755859375,230.62237548828125,215.0500030517578,331.99951171875,226.27999877929688,238.27833557128906,906.739990234375,,855.7567749023438,3.8399999141693115,354.0218505859375,179.1199951171875,51.371116638183594,30.507585525512695,87.04000091552734,96.54000091552734,507.80999755859375,557.2328491210938,25.25,883.62890625,225.88954162597656,259.8500061035156,293.2868347167969,123.74528503417969,318.14776611328125,782.6903076171875,332.19610595703125,187.7279815673828,35.790000915527344,203.6672821044922,295.1513366699219,71.5914306640625,1068.3768310546875,445.3143615722656,536.1219482421875,301.3975830078125,612.0264282226562,98.81724548339844,161.07168579101562,411.5960998535156,472.92059326171875,223.74557495117188,25.559999465942383,106.97000122070312,61.13136672973633,163.16799926757812,182.52996826171875,199.05674743652344,24.401704788208008,60.377197265625,163.17324829101562,172.63661193847656,234.21841430664062,204.03704833984375,82.80598449707031,41.18986129760742,155.30999755859375,218.3577880859375,241.99000549316406,584.97998046875,417.7799987792969,283.0760192871094,159.404296875,83.69000244140625,,314.4743957519531,328.6223449707031,103.4382095336914
2025-11-25,276.7110900878906,228.05787658691406,319.54998779296875,350.8546447753906,242.15798950195312,206.1300048828125,338.76263427734375,229.6699981689453,239.77505493164062,917.9299926757812,,857.2514038085938,3.759999990463257,360.6959228515625,182.44000244140625,51.915199279785156,30.741914749145508,87.63999938964844,99.70999908447266,508.57000732421875,564.2132568359375,25.75,891.8157958984375,233.15957641601562,260.3599853515625,292.6784362792969,125.57276916503906,323.0011901855469,794.1825561523438,346.4974060058594,190.07632446289062,35.83000183105469,205.57713317871094,300.103515625,71.61116027832031,1108.0904541015625,446.6471862792969,544.7142333984375,306.88385009765625,635.1576538085938,103.99432373046875,163.6436004638672,408.2051696777344,475.90374755859375,224.34507751464844,25.700000762939453,104.4000015258789,62.85879898071289,165.06199645996094,177.80047607421875,195.82659912109375,24.885480880737305,61.03520584106445,161.43336486816406,171.58010864257812,233.79576110839844,201.4312744140625,85.35952758789062,41.53164291381836,157.3699951171875,222.27452087402344,250.32000732421875,585.469970703125,419.3999938964844,283.11578369140625,159.90843200683594,83.69000244140625,,321.6006774902344,333.8415832519531,106.36064910888672
2025-11-26,277.29052734375,223.98472595214844,317.5199890136719,356.97308349609375,249.65863037109375,214.24000549316406,342.1988525390625,229.16000366210938,240.02450561523438,917.6300048828125,,906.0778198242188,3.75,362.018798828125,186.9199981689453,52.41971206665039,30.273258209228516,87.4000015258789,102.69999694824219,511.2300109863281,571.3031005859375,25.700000762939453,905.7066650390625,227.21405029296875,272.2099914550781,295.8501892089844,125.9580307006836,319.5159606933594,807.733642578125,350.840087890625,189.05142211914062,36.810001373291016,206.46241760253906,304.6991882324219,71.87744903564453,1102.4998779296875,448.3748779296875,543.17919921875,308.8114318847656,632.5520629882812,102.98055267333984,166.1265106201172,418.7768249511719,484.3943786621094,230.0703582763672,26.559999465942383,106.13999938964844,63.500423431396484,160.54400634765625,180.24020385742188,203.7081756591797,24.875804901123047,61.64336395263672,163.2523193359375,172.61666870117188,235.91885375976562,203.25039672851562,86.14445495605469,41.53164291381836,159.33999633789062,223.35162353515625,248.66000366210938,592.6900024414062,426.5799865722656,288.36676025390625,163.44723510742188,85.66000366210938,,324.98150634765625,333.1031188964844,108.44810485839844
2025-11-27,,,,355.4434509277344,,,,,239.67527770996094,,,894.0206909179688,,,,,30.532514572143555,87.9000015258789,,,,26.299999237060547,,,,,,,,,,,,,,,,,,,,,419.2754821777344,,,26.440000534057617,,,,,,,,,,,203.54539489746094,,41.736717224121094,,222.8130645751953,,,,,,,,,,
2025-11-28,278.5893249511719,224.02406311035156,320.1300048828125,355.92144775390625,251.935791015625,217.52999877929688,343.08270263671875,233.22000122070312,237.77943420410156,911.97998046875,,900.19873046875,3.890000104904175,363.3117980957031,189.0,53.07261276245117,30.397899627685547,88.04000091552734,103.1500015258789,513.8099975585938,573.3245239257812,26.700000762939453,911.021728515625,229.59425354003906,272.9200134277344,297.67547607421875,124.308349609375,319.74560546875,817.6619262695312,352.271240234375,191.24053955078125,40.560001373291016,205.8258056640625,310.087158203125,72.11415100097656,1073.677978515625,452.0277404785156,548.7612915039062,308.23809814453125,646.8681640625,103.17740631103516,167.8279571533203,423.01544189453125,490.88958740234375,236.2852325439453,25.81999969482422,107.58000183105469,63.796546936035156,162.48199462890625,176.98056030273438,200.716552734375,24.90483283996582,62.50076675415039,166.16859436035156,174.3309783935547,237.61929321289062,205.06951904296875,86.55183410644531,41.83436584472656,158.63999938964844,223.54745483398438,251.24000549316406,598.8699951171875,430.1700134277344,289.90826416015625,166.33363342285156,87.54000091552734,,325.0406494140625,333.75177001953125,109.84967803955078
2025-12-01,282.8353576660156,221.47589111328125,322.8500061035156,353.43585205078125,254.43267822265625,219.75999450683594,335.1675720214844,233.8800048828125,238.77723693847656,894.9000244140625,,923.4161987304688,3.8399999141693115,358.3783874511719,186.4600067138672,52.667022705078125,30.38294219970703,89.37999725341797,97.38999938964844,508.54998779296875,565.6571044921875,26.399999618530273,909.396240234375,231.8748779296875,263.5400085449219,287.701416015625,122.81672668457031,314.4627990722656,802.6359252929688,352.6758728027344,189.2802734375,40.0099983215332,204.254150390625,305.9669494628906,71.45864868164062,1056.1273193359375,436.8875427246094,542.2222900390625,301.88360595703125,639.7999267578125,100.22469329833984,166.6508026123047,419.6245422363281,485.6315612792969,240.26197814941406,25.1200008392334,109.12999725341797,64.95883178710938,164.41400146484375,179.90025329589844,199.7127227783203,24.450084686279297,62.3911018371582,166.11917114257812,167.4637908935547,237.94366455078125,205.41368103027344,84.36593627929688,41.59023666381836,149.27999877929688,221.4911651611328,252.0,578.8900146484375,430.1400146484375,286.0992736816406,166.2248992919922,86.56999969482422,,318.57470703125,329.7101135253906,110.86358642578125
2025-12-02,285.9224548339844,220.74783325195312,322.80999755859375,355.4434509277344,264.9994812011719,215.24000549316406,336.03155517578125,234.4199981689453,245.3129425048828,915.3599853515625,,935.772216796875,3.869999885559082,358.7663269042969,205.3800048828125,52.617557525634766,34.05242919921875,89.55999755859375,96.11000061035156,506.6499938964844,580.006103515625,26.600000381469727,919.43798828125,233.74717712402344,262.55999755859375,288.56915283203125,122.40184020996094,315.38153076171875,810.9422607421875,349.4188232421875,192.19578552246094,43.470001220703125,204.333740234375,304.9368896484375,70.18739318847656,1044.376953125,439.5037536621094,544.1560668945312,299.0494384765625,646.01953125,99.43730926513672,167.2640838623047,420.9210510253906,488.8841552734375,239.2927703857422,25.639999389648438,109.3499984741211,64.50186920166016,164.87600708007812,181.44007873535156,199.8717498779297,24.33397674560547,62.71013259887695,168.748779296875,168.24119567871094,237.58981323242188,204.38121032714844,84.65406799316406,41.66835403442383,156.8300018310547,222.5682830810547,259.67999267578125,576.7899780273438,429.239990234375,290.48504638671875,173.24317932128906,87.56999969482422,,319.8856506347656,328.9416809082031,111.73832702636719
2025-12-03,283.8843688964844,226.52305603027344,326.7799987792969,349.1338195800781,268.2953796386719,217.60000610351562,343.0429992675781,232.3800048828125,245.16326904296875,921.7999877929688,,959.9861450195312,4.059999942779541,366.1564636230469,202.5399932861328,53.50787353515625,34.15214157104492,89.18000030517578,96.7300033569336,503.6000061035156,588.9879760742188,27.049999237060547,919.6672973632812,237.74070739746094,256.05999755859375,287.74127197265625,123.47856903076172,319.1963806152344,832.1904296875,353.248291015625,192.51422119140625,43.7599983215332,204.2442169189453,309.1462707519531,70.32643127441406,1031.837890625,444.4576416015625,551.950927734375,306.0006103515625,638.5320434570312,100.65775299072266,171.84410095214844,411.54620361328125,476.64208984375,233.9671630859375,25.540000915527344,103.95999908447266,65.21711730957031,166.5800018310547,179.57028198242188,206.46124267578125,24.74034881591797,61.055145263671875,173.06883239746094,167.89234924316406,239.6539306640625,203.05372619628906,86.55183410644531,41.336341857910156,160.0,223.9880828857422,265.0,557.1699829101562,446.739990234375,293.8266296386719,180.4987335205078,90.68000030517578,,334.83807373046875,328.93170166015625,113.72637939453125
2025-12-04,280.4375915527344,225.01776123046875,328.7300109863281,350.6634216308594,269.1043701171875,215.97999572753906,337.8192138671875,229.11000061035156,240.2240753173828,915.969970703125,,953.90771484375,4.400000095367432,369.1602783203125,201.8699951171875,53.577117919921875,33.47907257080078,93.18000030517578,96.0,503.2300109863281,596.6156616210938,27.25,893.3414916992188,246.44485473632812,257.2799987792969,291.1025390625,121.1275405883789,317.1890869140625,833.4437866210938,348.83782958984375,191.28033447265625,40.5,201.40928649902344,313.0783386230469,69.9688949584961,1012.7996215820312,445.99951171875,540.5676879882812,306.82598876953125,660.425537109375,99.29950714111328,173.00146484375,409.2024841308594,479.7449951171875,226.4633331298828,26.059999465942383,103.22000122070312,65.2568588256836,167.7740020751953,183.37008666992188,213.0209503173828,24.866132736206055,61.543663024902344,173.2377471923828,170.74288940429688,241.27572631835938,206.64280700683594,84.45535278320312,41.64883041381836,162.30999755859375,225.40789794921875,234.77000427246094,560.969970703125,454.5299987792969,291.3204345703125,178.04727172851562,90.98999786376953,,328.707275390625,326.4268798828125,114.15380096435547
2025-12-05,278.5193786621094,222.43023681640625,346.260009765625,350.5678405761719,267.6661682128906,217.97000122070312,327.619873046875,229.52999877929688,239.3759307861328,901.1699829101562,,948.2279052734375,4.320000171661377,368.36456298828125,201.88999938964844,53.646728515625,33.209842681884766,96.45999908447266,96.25,504.3399963378906,600.6185913085938,27.950000762939453,892.1648559570312,259.5010681152344,257.6099853515625,283.2030944824219,119.74458312988281,320.8341064453125,850.086181640625,352.25494384765625,190.38479614257812,41.40999984741211,200.8621826171875,312.0284729003906,69.52196502685547,1008.6265869140625,449.829345703125,543.7673950195312,309.5010681152344,672.2955932617188,98.14795684814453,174.60397338867188,411.14727783203125,482.0597229003906,237.02464294433594,25.920000076293945,100.23999786376953,65.42573547363281,170.8719940185547,182.40013122558594,216.25108337402344,25.1854248046875,62.092002868652344,173.69479370117188,170.53358459472656,243.03514099121094,209.6910858154297,84.5745849609375,42.4886360168457,161.0800018310547,228.59024047851562,228.7899932861328,564.9299926757812,455.0,293.1006164550781,180.4394073486328,91.31999969482422,,326.164306640625,330.558349609375,114.42218780517578
2025-12-08,277.6302185058594,219.51800537109375,339.1199951171875,353.34027099609375,267.82598876953125,221.11000061035156,319.01947021484375,226.88999938964844,237.92910766601562,900.760009765625,,959.786865234375,4.449999809265137,360.33782958984375,206.27000427246094,53.597007751464844,34.77037048339844,97.13999938964844,97.27999877929688,497.2300109863281,593.976806640625,27.600000381469727,885.0250244140625,258.46533203125,255.8800048828125,286.4446716308594,119.71495056152344,313.49932861328125,862.1527099609375,347.586181640625,191.04153442382812,40.29999923706055,200.5538330078125,312.1968078613281,69.770263671875,995.9277954101562,462.94024658203125,538.7036743164062,308.0690612792969,665.6866455078125,97.37040710449219,174.92051696777344,421.4696044921875,489.9018249511719,246.71664428710938,25.81999969482422,96.79000091552734,63.12103271484375,170.70399475097656,185.5399627685547,219.19300842285156,24.933860778808594,60.93550491333008,174.1916046142578,170.9521942138672,238.82827758789062,206.59365844726562,82.87554168701172,42.4886360168457,158.41000366210938,229.4715118408203,225.30999755859375,572.3499755859375,439.5799865722656,300.2113037109375,178.8578338623047,92.56999969482422,,321.12347412109375,326.16741943359375,112.8814468383789
2025-12-09,276.9208679199219,219.39012145996094,344.32000732421875,363.9519348144531,266.8072509765625,221.6199951171875,311.69024658203125,227.9199981689453,238.128662109375,889.4099731445312,,949.5233154296875,4.389999866485596,361.9591064453125,200.3699951171875,53.23903274536133,36.20625686645508,97.41999816894531,95.8499984741211,491.42999267578125,591.8458251953125,27.450000762939453,885.9423828125,259.94921875,253.4199981689453,284.5695495605469,117.90721893310547,316.85693359375,871.990966796875,342.97698974609375,189.2305145263672,40.5,198.90261840820312,297.6373596191406,69.6113510131836,980.5833740234375,464.44232177734375,535.822998046875,309.0635070800781,655.8631591796875,95.36256408691406,176.89891052246094,421.0706787109375,490.8995361328125,252.21212768554688,26.3799991607666,96.70999908447266,62.912418365478516,170.98199462890625,184.95999145507812,220.17697143554688,24.508136749267578,60.59653091430664,174.87721252441406,171.36082458496094,239.95863342285156,206.4953155517578,81.75277709960938,42.77183151245117,159.88999938964844,229.17776489257812,222.60000610351562,589.6699829101562,445.1700134277344,301.74285888671875,177.4541778564453,89.06999969482422,,321.1036376953125,325.828125,114.37248992919922
2025-12-10,278.5193786621094,221.54473876953125,343.1300048828125,362.4223327636719,274.8072509765625,221.4199981689453,313.209716796875,231.77999877929688,238.5277862548828,890.1099853515625,,942.6478271484375,4.329999923706055,373.55657958984375,198.72000122070312,53.775997161865234,36.5103874206543,95.66000366210938,95.73500061035156,490.42999267578125,612.7470092773438,27.0,871.9517822265625,263.1161804199219,262.2300109863281,282.8639831542969,119.86311340332031,319.9847412109375,884.5846557617188,348.7980651855469,191.11117553710938,40.779998779296875,205.44781494140625,307.1455383300781,69.73052978515625,991.984375,465.48681640625,537.1287231445312,308.804931640625,649.0444946289062,96.08106994628906,177.76942443847656,411.69580078125,477.4701843261719,263.4927978515625,28.5,92.70999908447266,65.35619354248047,170.71200561523438,183.77005004882812,221.64791870117188,24.94353675842285,60.97538375854492,181.047607421875,174.1416015625,241.67872619628906,207.42945861816406,83.3127212524414,42.77183151245117,168.4199981689453,226.7787628173828,216.5500030517578,609.4099731445312,451.45001220703125,308.4359130859375,179.5794219970703,84.16000366210938,,325.83685302734375,325.0596923828125,112.50372314453125
2025-12-11,277.77008056640625,220.36412048339844,350.42999267578125,367.10675048828125,269.7735290527344,221.42999267578125,315.1959533691406,230.27999877929688,235.08534240722656,889.489990234375,,937.5658569335938,4.420000076293945,382.8266296386719,200.7100067138672,54.253299713134766,36.226200103759766,95.5,96.0,495.8500061035156,622.9636840820312,27.350000381469727,881.9935302734375,261.2737731933594,272.8299865722656,287.6715087890625,121.71035766601562,312.210205078125,906.2606201171875,355.0860290527344,192.89234924316406,39.5099983215332,208.8994598388672,314.3460693359375,68.63804626464844,1007.6981201171875,472.39044189453125,561.5599975585938,307.9894714355469,651.6201782226562,97.44915771484375,178.34315490722656,407.5569152832031,482.3690185546875,258.24713134765625,28.84000015258789,94.08999633789062,67.2933349609375,173.4980010986328,180.92019653320312,197.63548278808594,24.962886810302734,61.5037841796875,180.1136016845703,176.83265686035156,243.1629180908203,205.8070068359375,84.19701385498047,42.5960578918457,164.75,233.87783813476562,220.50999450683594,598.8699951171875,446.8900146484375,303.993408203125,179.5794219970703,85.44000244140625,,334.1323547363281,344.91876220703125,114.8297348022461
2025-12-12,278.0198669433594,219.71478271484375,356.42999267578125,363.6651306152344,258.8871154785156,210.77999877929688,315.553466796875,226.19000244140625,235.08534240722656,877.9400024414062,,922.0211181640625,4.289999961853027,380.50909423828125,204.3800048828125,54.83003616333008,36.395713806152344,96.13999938964844,94.80999755859375,499.5199890136719,595.3609619140625,27.149999618530273,881.9835205078125,261.154296875,254.8000030517578,299.03192138671875,118.93456268310547,309.07244873046875,883.3114013671875,357.261474609375,192.70327758789062,37.810001373291016,210.46116638183594,315.4751892089844,70.03841400146484,1025.7979736328125,477.7322692871094,570.092529296875,314.9605407714844,643.1543579101562,98.71881866455078,176.4834442138672,406.0110778808594,477.4402770996094,240.94140625,28.739999771118164,95.19000244140625,67.0251235961914,173.01199340820312,175.01052856445312,188.80972290039062,25.011266708374023,61.473876953125,177.152587890625,178.0685577392578,240.64666748046875,204.72535705566406,84.80310821533203,42.99643325805664,164.19000244140625,233.87783813476562,217.92999267578125,597.7999877929688,458.9599914550781,291.21942138671875,177.35531616210938,85.11000061035156,,339.20294189453125,347.11419677734375,116.23915100097656
2025-12-15,273.8537292480469,223.77810668945312,351.1499938964844,363.6651306152344,260.9445495605469,207.5800018310547,323.0713806152344,222.5399932861328,235.08534240722656,850.9500122070312,,927.700927734375,4.139999866485596,380.5190734863281,205.5,55.01897048950195,35.89714431762695,96.13999938964844,93.80999755859375,506.3800048828125,587.2653198242188,27.149999618530273,858.1407470703125,253.53564453125,255.88999938964844,300.1988830566406,119.10359954833984,308.003173828125,884.932861328125,354.619140625,196.47454833984375,37.5099983215332,213.03746032714844,316.9608154296875,70.48534393310547,1060.4200439453125,481.88043212890625,567.301513671875,316.95941162109375,646.9561157226562,99.52285766601562,175.87014770507812,402.7697448730469,473.73870849609375,237.3043975830078,28.739999771118164,93.7699966430664,67.33307647705078,153.0399932861328,176.28045654296875,183.79055786132812,25.572446823120117,60.55665588378906,178.1164093017578,181.50714111328125,240.31248474121094,204.72535705566406,84.85279083251953,42.99643325805664,159.85000610351562,233.87783813476562,215.27999877929688,577.1500244140625,475.30999755859375,286.9314880371094,175.9219970703125,81.86000061035156,,338.4686584472656,346.1761779785156,116.32879638671875
2025-12-16,274.353271484375,220.0591278076172,347.8900146484375,366.4375305175781,258.517578125,209.1699981689453,324.4915466308594,222.55999755859375,231.69276428222656,851.4199829101562,,905.3802490234375,4.230000019073486,378.7088317871094,206.7100067138672,54.50189208984375,34.95484161376953,94.26000213623047,92.2300033569336,499.8399963378906,586.4388427734375,27.899999618530273,857.9712524414062,253.86428833007812,258.510009765625,297.9547119140625,118.10924530029297,306.3543395996094,874.5474853515625,350.3377685546875,197.28054809570312,37.310001373291016,208.19322204589844,312.5335693359375,69.88944244384766,1052.5333251953125,474.5589904785156,564.2014770507812,312.7528991699219,656.587890625,97.5474853515625,174.60397338867188,401.5231018066406,475.3051452636719,232.31849670410156,29.18000030517578,94.56999969482422,66.67742919921875,156.2239990234375,177.71038818359375,187.49778747558594,24.701648712158203,61.144874572753906,174.99644470214844,179.3343505859375,239.4966583251953,203.2012176513672,84.53484344482422,42.99643325805664,163.13999938964844,232.55593872070312,220.60000610351562,579.0700073242188,489.8800048828125,286.0639343261719,175.5167236328125,80.91999816894531,,331.62188720703125,344.3998107910156,114.9642105102539
2025-12-17,271.58587646484375,220.6887969970703,354.6600036621094,366.4375305175781,247.96075439453125,198.11000061035156,323.7665710449219,221.27000427246094,231.69276428222656,862.0499877929688,,870.9028930664062,4.059999942779541,373.5963439941406,206.3300018310547,54.24335479736328,34.95484161376953,94.26000213623047,91.5999984741211,504.2699890136719,559.5132446289062,27.899999618530273,860.2249145507812,257.0810546875,254.02999877929688,291.4217224121094,120.6746826171875,296.5112609863281,867.76318359375,354.3807373046875,198.90249633789062,36.04999923706055,209.2177734375,311.9690246582031,70.18739318847656,1040.05419921875,472.3009033203125,563.6532592773438,316.91961669921875,648.9443969726562,98.45079803466797,172.91244506835938,404.51507568359375,475.0357360839844,225.3342742919922,29.18000030517578,94.79000091552734,65.2568588256836,156.47799682617188,170.93075561523438,177.37002563476562,24.227548599243164,59.99834442138672,171.2405548095703,176.61338806152344,237.29493713378906,203.2012176513672,84.66400909423828,42.99643325805664,161.72999572753906,232.55593872070312,216.2899932861328,566.22998046875,467.260009765625,276.1817626953125,172.4820556640625,79.13999938964844,,329.07171630859375,343.7012634277344,115.2032699584961
2025-12-18,271.935546875,219.2228546142578,355.80999755859375,366.4375305175781,253.18423461914062,201.05999755859375,322.1875305175781,226.75999450683594,231.69276428222656,847.0499877929688,,889.53662109375,3.9100000858306885,373.5068664550781,208.27000427246094,53.95498275756836,34.95484161376953,94.26000213623047,91.45999908447266,503.3900146484375,563.4365234375,27.899999618530273,855.1791381835938,257.20672607421875,261.7900085449219,300.90704345703125,120.7840576171875,302.2472229003906,871.71240234375,352.6324157714844,197.1014404296875,36.279998779296875,207.2084503173828,310.0079345703125,69.87950897216797,1055.1190185546875,467.67529296875,564.390869140625,317.874267578125,663.881591796875,99.94969940185547,171.09231567382812,404.51507568359375,482.87786865234375,248.34530639648438,29.18000030517578,94.0,65.19725036621094,153.3800048828125,174.1305694580078,178.93043518066406,24.227548599243164,59.26057434082031,173.07876586914062,177.69976806640625,240.1355438232422,203.2012176513672,88.84703063964844,42.99643325805664,166.8000030517578,232.55593872070312,221.30999755859375,563.8200073242188,483.3699951171875,283.88006591796875,174.16249084472656,79.69000244140625,,325.608642578125,345.2979736328125,114.37654113769531
2025-12-19,273.4141845703125,223.15829467773438,355.8599853515625,372.36480712890625,256.0906066894531,213.42999267578125,325.12713623046875,227.35000610351562,231.24374389648438,854.989990234375,,898.405029296875,3.9600000381469727,374.4915771484375,214.0800018310547,54.95930862426758,35.77748489379883,93.62000274658203,92.5,494.5299987792969,573.7825927734375,27.5,853.2146606445312,259.2615966796875,266.9800109863281,306.4126892089844,123.588134765625,306.9439392089844,888.8024291992188,342.7087707519531,198.12635803222656,36.81999969482422,205.27871704101562,314.17767333984375,69.58155822753906,1069.6546630859375,471.6443786621094,570.3914794921875,314.08544921875,658.2064819335938,100.34675598144531,175.0688934326172,413.1419372558594,484.8134460449219,265.7010192871094,28.959999084472656,94.38999938964844,58.322879791259766,155.30999755859375,180.98020935058594,190.79750061035156,24.3726806640625,59.62946319580078,174.13198852539062,181.40745544433594,240.15521240234375,205.3153533935547,87.7640151977539,43.41633987426758,169.57000732421875,231.087158203125,222.4600067138672,582.1599731445312,481.20001220703125,288.1380920410156,174.26132202148438,79.30999755859375,,324.8941955566406,348.5312805175781,113.90840148925781
2025-12-22,270.7166748046875,224.23068237304688,357.5299987792969,373.2251892089844,258.6873779296875,214.9499969482422,329.10955810546875,228.42999267578125,231.0940704345703,852.0399780273438,,892.824951171875,4.300000190734863,378.80828857421875,216.83999633789062,55.565879821777344,35.353702545166016,92.86000061035156,92.16999816894531,499.95001220703125,579.9464111328125,27.0,847.6104125976562,263.9698181152344,284.5899963378906,313.9132080078125,123.45886993408203,309.56207275390625,894.2935791015625,344.0895690917969,194.99192810058594,36.369998931884766,206.22369384765625,320.0014953613281,69.73052978515625,1074.686279296875,481.0348815917969,573.8504028320312,314.46331787109375,660.9341430664062,103.95006561279297,177.81887817382812,412.3440856933594,483.81573486328125,276.3622131347656,29.219999313354492,93.2300033569336,56.84270477294922,156.67999267578125,183.6800537109375,197.16836547851562,24.39202880859375,59.6793098449707,173.1085662841797,185.0653076171875,241.108642578125,205.06951904296875,85.61785125732422,43.68976974487305,169.6699981689453,231.7236328125,226.83999633789062,578.7999877929688,488.7300109863281,292.4559020996094,176.76223754882812,81.26000213623047,,322.651611328125,351.3654479980469,112.15534210205078
2025-12-23,272.1053771972656,225.09646606445312,352.4200134277344,373.7987976074219,259.9058532714844,214.89999389648438,329.2088623046875,232.13999938964844,230.54527282714844,845.9500122070312,,899.9994506835938,4.329999923706055,380.1410827636719,216.85000610351562,55.655372619628906,35.83731460571289,92.66000366210938,94.13999938964844,500.510009765625,579.9563598632812,26.450000762939453,852.386962890625,262.7727966308594,269.3900146484375,314.71112060546875,124.4830551147461,314.1288757324219,896.9893798828125,342.6789855957031,194.53419494628906,36.349998474121094,204.69183349609375,322.8143310546875,69.39286041259766,1069.8543701171875,480.02020263671875,574.498291015625,309.11322021484375,664.3711547851562,104.26771545410156,177.5616912841797,412.9923400878906,485.7413330078125,276.04248046875,28.81999969482422,93.5,56.9619140625,154.36000061035156,189.19976806640625,194.1469268798828,24.072736740112305,59.23066711425781,173.6351776123047,185.14505004882812,240.7744598388672,204.23370361328125,83.3226547241211,43.45539855957031,169.52999877929688,232.84970092773438,225.10000610351562,579.3900146484375,485.55999755859375,296.1156311035156,175.04225158691406,80.97000122070312,,322.29437255859375,352.6528015136719,110.4620590209961
2025-12-24,273.55401611328125,226.1787109375,352.9800109863281,,260.4551696777344,215.0399932861328,331.661865234375,232.3800048828125,,849.9500122070312,,895.8142700195312,4.190000057220459,381.05615234375,218.16000366210938,55.93379592895508,,,95.02999877929688,501.3399963378906,581.2907104492188,,869.4089965820312,264.5982666015625,272.2099914550781,315.9279479980469,124.96034240722656,313.8690490722656,906.0119018554688,345.0332336425781,195.95712280273438,36.15999984741211,206.68125915527344,326.02337646484375,69.63121795654297,1075.1854248046875,483.20343017578125,577.58837890625,311.5893859863281,666.9789428710938,105.66734313964844,179.68846130371094,,486.90863037109375,286.4438781738281,,93.63999938964844,59.604373931884766,152.58999633789062,188.59979248046875,196.28379821777344,24.217870712280273,59.858768463134766,173.65505981445312,185.76300048828125,241.4035186767578,,84.02810668945312,,169.4499969482422,,221.92999267578125,586.5700073242188,485.3999938964844,297.96038818359375,175.0916748046875,81.1500015258789,,325.05291748046875,354.4091796875,111.16925811767578
2025-12-26,273.1444091796875,226.2672576904297,353.79998779296875,,261.5737609863281,214.99000549316406,330.6389465332031,232.52000427246094,,844.9199829101562,,,4.070000171661377,379.0072021484375,216.44000244140625,55.854244232177734,,,94.5199966430664,498.29998779296875,580.533935546875,,870.894775390625,265.4161682128906,269.69000244140625,314.3221435546875,123.99581909179688,313.2894592285156,902.2914428710938,347.45703125,196.3949432373047,36.20000076293945,206.5320587158203,324.7754211425781,69.39286041259766,1075.9542236328125,480.4977111816406,577.73779296875,308.9541015625,662.7225952148438,105.99491882324219,179.9060821533203,,486.599365234375,284.5554504394531,,94.47000122070312,60.52824401855469,153.88999938964844,190.51968383789062,196.78074645996094,24.275924682617188,59.788978576660156,173.69479370117188,184.5570068359375,242.34710693359375,,84.53484344482422,,170.8300018310547,,223.8800048828125,584.3499755859375,475.19000244140625,301.9890441894531,174.8445587158203,81.26000213623047,,329.2701416015625,354.26947021484375,111.29874420166016
2025-12-29,273.50408935546875,227.11337280273438,353.1600036621094,371.6955871582031,262.7223205566406,215.61000061035156,327.3616638183594,232.07000732421875,231.74264526367188,837.4500122070312,,903.586669921875,4.0,373.30792236328125,217.25,55.038856506347656,36.31095886230469,93.54000091552734,95.19999694824219,501.04998779296875,576.1624755859375,26.75,865.4003295898438,265.5658264160156,268.25,311.12677001953125,124.20463562011719,313.33941650390625,887.50927734375,345.14251708984375,196.1163330078125,36.68000030517578,206.46241760253906,320.6551818847656,69.68087768554688,1076.9324951171875,486.30706787109375,576.0433349609375,306.8160400390625,658.1265258789062,105.83609771728516,177.99693298339844,411.7955322265625,485.9907531738281,294.24639892578125,28.979999542236328,94.1500015258789,60.806396484375,154.5800018310547,188.20980834960938,194.1866912841797,24.1888427734375,59.310428619384766,172.32359313964844,183.8094940185547,241.8359832763672,204.97119140625,85.02169799804688,43.63117599487305,167.8800048828125,232.1153106689453,222.89999389648438,581.1900024414062,459.6400146484375,300.074462890625,173.66824340820312,81.5,,326.4024353027344,353.8802490234375,112.08562469482422
2025-12-30,272.82470703125,226.03114318847656,352.510009765625,373.32080078125,259.64617919921875,215.33999633789062,326.4281311035156,232.52999877929688,231.9422149658203,837.9000244140625,,915.1455688476562,3.9800000190734863,371.3882751464844,218.5,54.9692497253418,36.90425491333008,93.13999938964844,95.27999877929688,503.7099914550781,574.9476318359375,26.649999618530273,863.2164916992188,265.2566223144531,264.29998779296875,311.33648681640625,122.48440551757812,313.6292419433594,879.7898559570312,344.0498352050781,195.3899383544922,37.29999923706055,205.81585693359375,320.328369140625,69.59149169921875,1077.950927734375,485.441650390625,575.5648803710938,306.3188171386719,665.3803100585938,105.28021240234375,177.14622497558594,412.1944580078125,486.3699035644531,292.5071105957031,29.1200008392334,93.77999877929688,60.78652572631836,154.22999572753906,187.52984619140625,196.00550842285156,24.179166793823242,58.921600341796875,172.5421905517578,183.4008331298828,240.4107666015625,204.87286376953125,84.70375061035156,43.86553955078125,163.74000549316406,234.1715850830078,222.0500030517578,576.6799926757812,454.42999267578125,298.7381896972656,173.40135192871094,82.12000274658203,,329.5976257324219,352.8923034667969,111.47803497314453
2025-12-31,271.6058349609375,224.8013153076172,349.989990234375,,256.6698913574219,214.16000366210938,325.0576171875,230.82000732421875,,840.9500122070312,,918.135009765625,4.090000152587891,367.96673583984375,217.1199951171875,54.69082260131836,,,95.19999694824219,502.6499938964844,570.44677734375,,859.9158325195312,264.2491149902344,261.2300109863281,307.5819396972656,122.04688262939453,312.7798156738281,874.3982543945312,341.81475830078125,194.12620544433594,36.900001525878906,205.85565185546875,319.1398010253906,69.43258666992188,1072.889404296875,481.1343688964844,569.0458984375,303.9321594238281,659.5253295898438,104.48609924316406,175.6129608154297,,482.5186767578125,285.2901611328125,,93.76000213623047,63.28990936279297,153.19000244140625,186.4899139404297,193.71954345703125,24.09208869934082,58.20377731323242,169.9587860107422,182.79286193847656,238.7594757080078,,83.67041015625,,160.97000122070312,,219.36000061035156,580.7100219726562,449.7200012207031,303.0361328125,171.49356079101562,81.70999908447266,,327.56341552734375,349.98828125,110.97005462646484
2026-01-02,270.75665283203125,225.6080780029297,333.29998779296875,370.64398193359375,268.53509521484375,223.47000122070312,325.3853759765625,226.5,230.04635620117188,839.989990234375,,982.8049926757812,3.869999885559082,371.5553894042969,227.77000427246094,55.6354866027832,37.89142990112305,96.31999969482422,96.69000244140625,496.8500061035156,595.8787231445312,26.600000381469727,852.0977783203125,252.98727416992188,274.3399963378906,320.283447265625,120.91332244873047,314.9283142089844,909.5532836914062,343.5233459472656,194.91232299804688,39.380001068115234,206.2535400390625,322.36865234375,68.64797973632812,1078.559814453125,494.464111328125,561.32080078125,301.5753479003906,649.8535766601562,105.66734313964844,179.93576049804688,401.9220275878906,471.8630065917969,315.2875671386719,30.260000228881836,90.98999786376953,62.86274719238281,147.4499969482422,188.83978271484375,194.51466369628906,24.363004684448242,57.964500427246094,171.87646484375,186.630126953125,232.871826171875,198.5796661376953,83.43195343017578,43.103851318359375,157.1999969482422,236.0810089111328,216.7100067138672,575.0,438.07000732421875,318.7119140625,175.47718811035156,82.86000061035156,,333.8049011230469,345.7669982910156,112.3147201538086
2026-01-05,267.0101623535156,216.62545776367188,331.55999755859375,375.4240417480469,283.9658508300781,221.0800018310547,318.5129699707031,233.05999755859375,228.74920654296875,800.8800048828125,,1049.4678955078125,3.869999885559082,378.60308837890625,228.1300048828125,56.57019805908203,38.090858459472656,93.62000274658203,96.8499984741211,498.5199890136719,613.493896484375,27.049999237060547,873.278076171875,255.62069702148438,272.0,323.8482666015625,117.63196563720703,316.3173522949219,943.4747314453125,341.8048095703125,200.09657287597656,39.369998931884766,203.22959899902344,330.8468322753906,67.47603607177734,1039.7745361328125,508.8880920410156,566.7432861328125,298.1942138671875,658.2264404296875,106.65007019042969,184.52565002441406,404.41534423828125,471.773193359375,312.0189208984375,31.360000610351562,91.45999908447266,64.10449981689453,147.60000610351562,188.1098175048828,191.41371154785156,24.353328704833984,59.11103057861328,175.1852264404297,187.6367645263672,236.33168029785156,202.7587432861328,86.00535583496094,43.846012115478516,166.2100067138672,239.50814819335938,224.36000061035156,593.3900146484375,451.6700134277344,321.3445129394531,175.13121032714844,80.73999786376953,,339.38153076171875,353.0719299316406,112.2649154663086
2026-01-06,262.1147155761719,220.31492614746094,335.989990234375,374.0856018066406,295.64129638671875,214.35000610351562,327.89794921875,240.92999267578125,224.35882568359375,803.739990234375,,1057.240234375,4.0,382.3512268066406,229.83999633789062,56.92817687988281,37.93131637573242,93.04000091552734,98.08999633789062,499.04998779296875,620.454345703125,27.350000381469727,886.6004638671875,262.2441101074219,268.7799987792969,327.0635681152344,120.6746826171875,314.1188659667969,950.4678955078125,346.9703063964844,203.92755126953125,40.040000915527344,203.70706176757812,332.90625,67.37671661376953,1062.26708984375,519.3031616210938,578.4755249023438,301.0880432128906,660.0548706054688,108.0695571899414,185.7226104736328,403.0190734863281,477.4203186035156,343.2857666015625,31.6200008392334,90.6500015258789,64.91909790039062,148.80999755859375,187.22987365722656,192.56663513183594,24.60489273071289,59.62946319580078,181.2860565185547,189.76968383789062,233.91371154785156,198.67800903320312,88.88677215576172,45.01784133911133,168.4499969482422,242.396728515625,234.52999877929688,571.4299926757812,432.9599914550781,326.50994873046875,189.889404296875,85.54000091552734,,346.2779235839844,356.8241882324219,113.88847351074219
2026-01-07,260.08660888671875,229.6517333984375,338.1000061035156,367.8715515136719,291.8360290527344,210.02000427246094,339.2890319824219,241.55999755859375,223.71023559570312,822.9400024414062,,1048.0728759765625,4.0,377.028076171875,228.1199951171875,55.32722473144531,38.2304573059082,93.05999755859375,100.08000183105469,496.1199951171875,593.9967651367188,27.350000381469727,880.098876953125,265.4560852050781,241.11000061035156,323.16925048828125,123.64779663085938,321.7535095214844,936.0935668945312,346.7418212890625,198.5243682861328,42.630001068115234,206.39279174804688,325.3250732421875,67.07876586914062,1106.24365234375,494.26513671875,578.0567626953125,302.4703369140625,648.1350708007812,107.8015365600586,182.79454040527344,415.63525390625,482.3690185546875,339.40740966796875,33.099998474121094,90.7300033569336,62.80314254760742,150.89999389648438,189.09976196289062,191.6621856689453,24.459758758544922,58.33338165283203,179.0404815673828,185.11514282226562,239.2705841064453,204.92201232910156,86.13452911376953,45.2229118347168,166.74000549316406,250.91561889648438,233.5,569.6199951171875,431.4100036621094,317.7845458984375,183.5729522705078,86.19000244140625,,339.06402587890625,355.14764404296875,112.2748794555664
2026-01-08,258.7978515625,220.51170349121094,339.0400085449219,373.0340270996094,281.2891845703125,204.67999267578125,327.8383483886719,246.2899932861328,219.6690673828125,795.5700073242188,,1009.410400390625,3.9700000286102295,381.7730712890625,227.3800048828125,55.864192962646484,39.42204284667969,92.5999984741211,98.8499984741211,499.7699890136719,605.5576171875,27.350000381469727,912.73681640625,259.8800354003906,246.25999450683594,313.9826354980469,119.98857116699219,325.2110595703125,929.9359741210938,357.1720886230469,204.22607421875,41.11000061035156,204.6619873046875,328.11083984375,68.89627075195312,1083.3817138671875,515.7220458984375,578.2063598632812,307.16412353515625,645.50732421875,110.17396545410156,182.6857452392578,408.4046325683594,477.0212097167969,326.8826599121094,32.47999954223633,90.52999877929688,64.82969665527344,146.19000244140625,185.0299835205078,188.49166870117188,24.46943473815918,58.09410858154297,180.7097625732422,186.55038452148438,236.91159057617188,203.05372619628906,87.61497497558594,45.437747955322266,168.27999877929688,246.55825805664062,223.7899932861328,553.6799926757812,435.79998779296875,317.1164245605469,186.28140258789062,87.58999633789062,,344.1742858886719,351.50518798828125,112.62348937988281
2026-01-09,259.1275329589844,216.52708435058594,333.95001220703125,365.4815368652344,300.8048400878906,203.1699981689453,323.85595703125,247.3800048828125,220.7666778564453,788.489990234375,,1077.7672119140625,3.75,374.42626953125,234.52999877929688,55.53604507446289,38.76891326904297,92.0199966430664,99.8499984741211,499.1000061035156,615.0075073242188,27.649999618530273,922.2799682617188,259.29150390625,238.66000366210938,321.1222229003906,120.41614532470703,328.3388671875,934.064208984375,372.1519470214844,206.35549926757812,45.54999923706055,203.30918884277344,327.5138854980469,70.02848815917969,1061.7879638671875,540.07373046875,574.5526123046875,305.61279296875,652.5013427734375,109.71734619140625,184.3080596923828,408.4544982910156,478.1885681152344,344.9450988769531,32.29999923706055,89.45999908447266,65.48533630371094,141.8000030517578,184.84999084472656,197.82907104492188,24.653270721435547,57.4859504699707,176.64585876464844,187.8759765625,242.88771057128906,208.8061065673828,88.31048583984375,45.418216705322266,164.47999572753906,248.90829467773438,219.08999633789062,539.3699951171875,445.010009765625,322.72064208984375,188.12001037597656,85.44000244140625,,341.3264465332031,349.0502014160156,114.07772827148438
2026-01-12,260.0067138671875,216.4877166748047,327.6499938964844,363.28271484375,306.8572998046875,207.69000244140625,323.2998046875,246.47000122070312,222.41307067871094,796.0,,1082.55029296875,3.759999990463257,358.456787109375,239.80999755859375,54.879756927490234,39.59654235839844,90.4800033569336,102.18000030517578,498.6700134277344,627.1060791015625,27.899999618530273,940.4288330078125,258.75286865234375,237.8300018310547,323.698486328125,121.90767669677734,331.62652587890625,944.5789184570312,372.449951171875,207.56947326660156,44.060001373291016,208.6110076904297,322.8377990722656,70.0185546875,1079.19873046875,548.35009765625,565.3085327148438,305.0459289550781,641.4207763671875,108.38720703125,184.5553436279297,409.1526184082031,476.09332275390625,345.7247619628906,32.20000076293945,89.41000366210938,65.20718383789062,142.63999938964844,184.92999267578125,203.96762084960938,24.450084686279297,57.117069244384766,168.19015502929688,193.20828247070312,244.58815002441406,209.54359436035156,89.3835678100586,45.8674201965332,167.92999267578125,252.97190856933594,220.27999877929688,530.0,448.9599914550781,330.8377685546875,186.894287109375,84.66999816894531,,337.8832092285156,342.4937438964844,117.50414276123047
2026-01-13,260.8059387207031,217.186279296875,309.92999267578125,363.0915222167969,304.490234375,220.97000122070312,322.0683288574219,242.60000610351562,223.21133422851562,810.510009765625,,1098.69287109375,3.6700000762939453,356.8717956542969,244.5500030517578,54.2334098815918,38.8337287902832,88.45999908447266,107.19000244140625,495.239990234375,633.8375244140625,28.799999237060547,939.281982421875,240.4586181640625,241.36000061035156,326.7540283203125,121.07242584228516,335.7336730957031,933.2386474609375,377.2180480957031,209.2411651611328,47.290000915527344,212.5202178955078,309.3169860839844,70.75350189208984,1075.39501953125,555.3731079101562,544.0550537109375,307.72100830078125,630.5501708984375,107.46404266357422,180.78648376464844,402.3209533691406,469.5981750488281,337.9880065917969,32.79999923706055,90.31999969482422,65.86283874511719,138.19000244140625,185.79994201660156,201.5859375,24.33397674560547,56.3892707824707,164.23553466796875,193.43751525878906,242.8778839111328,209.8877410888672,89.97972106933594,45.642818450927734,167.44000244140625,256.3011169433594,209.38999938964844,534.6400146484375,447.20001220703125,330.2793273925781,186.3604736328125,85.41000366210938,,331.35394287109375,327.2052917480469,119.88470458984375
2026-01-14,259.71697998046875,218.307861328125,304.44000244140625,362.2311096191406,301.51397705078125,223.60000610351562,326.7062072753906,236.64999389648438,221.06602478027344,799.3300170898438,,1080.35791015625,3.7200000286102295,357.1309814453125,242.61000061035156,52.18498992919922,41.550941467285156,90.86000061035156,109.12000274658203,493.1499938964844,636.048095703125,28.25,948.3065185546875,238.9723358154297,236.4499969482422,318.4161682128906,123.36937713623047,335.603759765625,927.7872924804688,373.4532470703125,211.98753356933594,48.720001220703125,217.39430236816406,306.30242919921875,70.95214080810547,1071.501708984375,569.6976318359375,545.8818969726562,306.41827392578125,614.9934692382812,110.1938247680664,178.82786560058594,396.2372741699219,458.3338928222656,333.21002197265625,32.08000183105469,88.55000305175781,65.13764953613281,134.61000061035156,183.1300811767578,192.9361572265625,24.750024795532227,57.4859504699707,163.4903106689453,198.18174743652344,234.79833984375,202.66041564941406,90.56594848632812,45.94554138183594,157.50999450683594,253.65731811523438,206.16000366210938,528.9199829101562,439.20001220703125,326.19085693359375,191.223876953125,84.6500015258789,,332.3760070800781,328.4926452636719,119.56597137451172
2026-01-15,257.9685974121094,213.25083923339844,304.0899963378906,365.29034423828125,318.6825256347656,227.9199981689453,327.7589111328125,238.17999267578125,223.95968627929688,813.239990234375,,1145.3270263671875,3.7100000381469727,356.2437744140625,247.74000549316406,52.29437255859375,41.9747314453125,90.08000183105469,106.06999969482422,492.6199951171875,644.4423828125,28.600000381469727,954.060302734375,232.94740295410156,243.63999938964844,319.474609375,120.57524871826172,332.5458984375,970.7511596679688,376.6419372558594,213.957763671875,48.31999969482422,218.40892028808594,307.68536376953125,69.99869537353516,1031.248779296875,574.8604125976562,541.7191162109375,306.9055480957031,620.2689208984375,110.15411376953125,189.16500854492188,395.2898254394531,455.6200866699219,336.4886474609375,31.760000228881836,88.05000305175781,64.16410827636719,131.1699981689453,187.03988647460938,189.18923950195312,25.04996681213379,56.568729400634766,160.36041259765625,199.16847229003906,231.81027221679688,202.16876220703125,92.68229675292969,45.70140838623047,157.99000549316406,255.41986083984375,207.74000549316406,508.0400085449219,438.57000732421875,340.6800537109375,186.94369506835938,84.37999725341797,,336.34515380859375,327.0755310058594,118.72927856445312
2026-01-16,255.29112243652344,212.58636474609375,296.1199951171875,363.8563537597656,326.6026916503906,231.8300018310547,328.13629150390625,239.1199951171875,220.56710815429688,800.010009765625,,1163.0638427734375,3.640000104904175,363.6404113769531,247.67999267578125,52.672237396240234,41.396385192871094,88.72000122070312,109.0,493.2900085449219,644.1536254882812,28.600000381469727,960.9010620117188,226.5434112548828,243.72999572753906,324.6470642089844,124.20463562011719,329.7678527832031,956.9637451171875,377.6452331542969,218.30616760253906,46.959999084472656,217.50372314453125,310.8789978027344,69.95896911621094,1036.6697998046875,579.3765869140625,538.564453125,305.72216796875,619.7194213867188,108.02985382080078,187.04812622070312,396.0876770019531,458.8127746582031,362.5976867675781,32.13999938964844,88.0,63.95549011230469,127.30999755859375,186.21990966796875,190.4249267578125,24.817752838134766,56.7182731628418,158.40298461914062,201.25155639648438,229.59872436523438,198.7763214111328,92.39414978027344,45.2131462097168,155.80999755859375,254.8323516845703,210.3800048828125,504.5,437.5,341.4378967285156,189.37539672851562,84.8499984741211,,328.4664001464844,327.6243896484375,119.22730255126953
2026-01-19,,,,362.613525390625,,,,,215.92726135253906,,,1116.4298095703125,,,,,44.27314376831055,85.68000030517578,,,,28.5,,,,,,,,,,,,,,,,,,,,,388.956787109375,,,32.220001220703125,,,,,,,,,,,192.68963623046875,,43.60187911987305,,250.6708221435547,,,,,,,,,,
2026-01-20,246.46937561035156,212.27890014648438,290.3699951171875,357.2598876953125,317.8336181640625,231.9199981689453,328.72222900390625,231.0,213.98153686523438,809.6400146484375,,1135.9603271484375,3.8499999046325684,351.0801086425781,249.0,51.807125091552734,42.79238510131836,86.08000183105469,105.55999755859375,485.3900146484375,627.8047485351562,27.25,961.5491943359375,219.52098083496094,242.11000061035156,311.88568115234375,123.43898010253906,321.77349853515625,938.4312744140625,372.6188049316406,214.0075225830078,48.560001373291016,217.0561065673828,301.19854736328125,71.26001739501953,1039.554931640625,573.0399780273438,530.8277587890625,301.15765380859375,603.6032104492188,108.6452865600586,180.1336212158203,387.95947265625,453.48492431640625,364.84674072265625,31.639999389648438,87.26000213623047,63.21044158935547,125.4000015258789,178.06036376953125,179.29379272460938,24.691972732543945,54.91373825073242,153.0871124267578,195.7099609375,223.04269409179688,190.76234436035156,93.05986785888672,43.47492980957031,144.5,248.418701171875,206.2100067138672,511.3299865722656,419.25,326.24072265625,187.40829467773438,83.72000122070312,,335.8192443847656,325.1495056152344,118.24121856689453
2026-01-21,247.41848754882812,214.3715362548828,294.2300109863281,351.90625,324.8348693847656,249.8000030517578,341.23553466796875,231.30999755859375,210.4891815185547,816.3699951171875,,1150.7078857421875,3.9000000953674316,358.4767150878906,250.07000732421875,51.77729415893555,42.563045501708984,86.73999786376953,118.0,483.8299865722656,644.1536865234375,27.149999618530273,980.096923828125,221.0272216796875,243.72000122070312,318.0367126464844,128.38092041015625,328.1490173339844,948.0208129882812,382.0855407714844,218.08724975585938,54.25,216.85716247558594,300.50213623046875,71.51824188232422,1076.722900390625,583.1566772460938,526.6649169921875,303.9918212890625,612.4356689453125,110.2930908203125,181.34043884277344,381.5267028808594,443.0986328125,388.94659423828125,31.65999984741211,85.36000061035156,64.97870635986328,125.30000305175781,183.31008911132812,173.2748260498047,25.04996681213379,55.721290588378906,155.3724365234375,196.84619140625,221.25379943847656,187.8517303466797,95.8121109008789,42.6058235168457,138.5399932861328,247.83119201660156,206.5,502.19000244140625,431.44000244140625,325.2036437988281,192.17283630371094,84.26000213623047,,345.0673522949219,324.6106262207031,118.8886489868164
2026-01-22,248.1178436279297,216.31541442871094,299.7300109863281,353.72265625,318.3929138183594,253.72999572753906,344.681640625,234.33999633789062,211.98590087890625,827.02001953125,,1172.2313232421875,3.9700000286102295,366.8601989746094,251.41000366210938,52.15515899658203,44.038814544677734,87.91999816894531,118.47000122070312,484.489990234375,647.1778564453125,28.75,973.4257202148438,227.52096557617188,239.67999267578125,294.5708923339844,130.39944458007812,330.3074951171875,949.6522216796875,378.49951171875,221.4405975341797,54.31999969482422,217.33462524414062,302.0840148925781,71.37920379638672,1085.568115234375,590.79638671875,531.9458618164062,304.3299255371094,647.0759887695312,108.37727355957031,181.07334899902344,381.3272705078125,450.1126403808594,397.41302490234375,33.02000045776367,83.54000091552734,65.02837371826172,128.55999755859375,184.82998657226562,177.55984497070312,25.25315284729004,56.97748947143555,156.79331970214844,195.6900177001953,222.48243713378906,186.67176818847656,95.21595764160156,43.074554443359375,137.63999938964844,252.62918090820312,211.1300048828125,498.6400146484375,449.3599853515625,326.45013427734375,192.74615478515625,82.55999755859375,,351.7355041503906,325.6883850097656,117.36469268798828
2026-01-23,247.80812072753906,217.45594787597656,301.07000732421875,347.8910217285156,321.97845458984375,259.67999267578125,342.37762451171875,239.16000366210938,210.5390625,814.739990234375,,1174.0250244140625,4.150000095367432,360.5501708984375,252.14999389648438,51.429264068603516,44.42770004272461,87.62000274658203,115.9800033569336,478.9700012207031,625.4293212890625,28.299999237060547,980.48583984375,227.4810791015625,242.14999389648438,293.4425354003906,135.1623992919922,327.6993103027344,914.0695190429688,381.2212829589844,220.36595153808594,45.06999969482422,218.97589111328125,296.2041015625,72.3823013305664,1062.5167236328125,587.7225952148438,523.8397827148438,307.53204345703125,658.1964721679688,107.38462829589844,177.0670928955078,394.9906005859375,464.888916015625,399.482177734375,33.459999084472656,86.12000274658203,64.61114501953125,133.11000061035156,187.6598358154297,176.5434112548828,25.233476638793945,56.44908905029297,154.82595825195312,195.2813720703125,227.1217803955078,194.61692810058594,96.99449157714844,42.2835693359375,137.88999938964844,249.1041259765625,209.69000244140625,513.2100219726562,449.05999755859375,333.9290466308594,191.08547973632812,82.30999755859375,,353.5116882324219,325.5087585449219,117.26509094238281
2026-01-26,255.17123413085938,218.9535369873047,304.7200012207031,349.32501220703125,319.06207275390625,251.30999755859375,347.28363037109375,238.4199981689453,214.13121032714844,833.1599731445312,,1173.82568359375,3.9000000953674316,362.1052551269531,248.42999267578125,51.727577209472656,46.23252868652344,87.4800033569336,118.0,483.4700012207031,634.7116088867188,28.700000762939453,974.9215698242188,228.82769775390625,242.97000122070312,294.63079833984375,137.001953125,333.02557373046875,926.9815063476562,383.9629821777344,220.0674285888672,42.4900016784668,220.3187713623047,299.5072021484375,72.06448364257812,1060.979248046875,578.610595703125,526.4552612304688,311.2115173339844,671.7847900390625,106.61036682128906,179.91598510742188,396.1375427246094,469.20904541015625,388.9266052246094,33.7400016784668,85.69999694824219,64.56147003173828,136.33999633789062,186.4599151611328,181.80503845214844,25.459741592407227,56.42914962768555,153.53424072265625,193.4873504638672,235.820556640625,197.5963592529297,95.71275329589844,42.2738037109375,136.30999755859375,249.25100708007812,211.27000427246094,512.5999755859375,435.20001220703125,331.7751159667969,194.32772827148438,81.9800033569336,,348.9273376464844,327.8139953613281,117.17544555664062
2026-01-27,258.0285339355469,222.0875244140625,297.4200134277344,349.2294006347656,332.2955627441406,252.02999877929688,348.90240478515625,244.67999267578125,217.02487182617188,864.4199829101562,,1213.2852783203125,3.9000000953674316,358.3172302246094,244.55999755859375,51.876731872558594,46.601470947265625,86.80000305175781,119.33999633789062,474.6700134277344,637.6959228515625,29.0,967.5523681640625,227.95986938476562,235.0500030517578,297.03729248046875,140.1739501953125,334.31463623046875,924.8527221679688,377.83392333984375,219.81866455078125,43.93000030517578,223.25315856933594,298.7809143066406,73.0477294921875,1037.7779541015625,591.8309936523438,519.5172119140625,312.38494873046875,672.394287109375,107.12654113769531,180.6875762939453,399.17938232421875,479.485595703125,410.0677185058594,34.29999923706055,85.58000183105469,62.67399978637695,131.8000030517578,188.50979614257812,174.291259765625,26.06967544555664,55.342437744140625,152.0636749267578,200.61367797851562,229.9427490234375,192.27664184570312,95.1066665649414,42.185916900634766,137.5,248.12493896484375,212.75,511.70001220703125,430.8999938964844,337.3893127441406,194.36727905273438,81.23999786376953,,280.5191650390625,324.5906677246094,116.47821044921875
2026-01-28,256.2002868652344,216.8708038330078,299.5799865722656,351.71502685546875,336.3305358886719,252.74000549316406,339.8650207519531,243.00999450683594,213.4826202392578,846.7550048828125,,1190.1676025390625,3.869999885559082,355.8649597167969,241.58999633789062,51.51875686645508,45.060882568359375,87.0,116.16000366210938,473.489990234375,642.0576782226562,28.799999237060547,958.0790405273438,227.39129638671875,249.41000366210938,292.0545654296875,138.93099975585938,335.7736511230469,931.9056396484375,372.80755615234375,215.5697479248047,48.779998779296875,226.5158233642578,299.2385559082031,72.56106567382812,1022.0940551757812,594.1387939453125,520.4755859375,311.06231689453125,668.1578979492188,106.11404418945312,180.3710174560547,400.1268615722656,480.533203125,435.09722900390625,34.380001068115234,84.63999938964844,61.82960510253906,129.6199951171875,191.5096435546875,172.19857788085938,25.440067291259766,53.9167594909668,151.72584533691406,198.79971313476562,232.07566833496094,192.8666229248047,94.55025482177734,41.473052978515625,138.9199981689453,245.67698669433594,216.0,508.70001220703125,431.4599914550781,341.3381652832031,213.6824188232422,79.77999877929688,,291.7518310546875,326.30712890625,116.10966491699219
2026-01-29,258.0385437011719,218.61631774902344,291.6499938964844,353.0534362792969,340.9148254394531,252.17999267578125,340.580078125,241.72999572753906,213.5823974609375,847.719970703125,,1187.7760009765625,3.8399999141693115,357.3702087402344,234.0399932861328,52.781620025634766,43.88924026489258,87.12000274658203,116.7699966430664,476.7900085449219,663.9758911132812,28.100000381469727,950.211181640625,213.54592895507812,224.00999450683594,298.4252624511719,138.761962890625,338.0120544433594,935.1983032226562,369.3407287597656,226.1173858642578,48.65999984741211,226.0880889892578,304.8598327636719,72.92854309082031,1022.4335327148438,619.2464599609375,542.7971801757812,313.7572937011719,737.6784057617188,107.54344940185547,180.4303741455078,354.4493408203125,432.5128173828125,435.6070251464844,33.79999923706055,83.16000366210938,62.18722915649414,116.7300033569336,192.49957275390625,168.42176818847656,25.676170349121094,52.949684143066406,151.24891662597656,199.2183074951172,196.78907775878906,161.87266540527344,93.27845001220703,41.06291198730469,143.63999938964844,250.62185668945312,199.3699951171875,503.9200134277344,416.55999755859375,338.59588623046875,216.45021057128906,81.69999694824219,,290.0351867675781,331.1171875,116.94635772705078
2026-01-30,259.2374267578125,221.1750946044922,293.25,355.4434509277344,321.91851806640625,236.72999572753906,339.5273742675781,239.3000030517578,215.9771728515625,840.5,,1211.29248046875,3.759999990463257,351.0601806640625,233.72000122070312,52.900943756103516,44.43268585205078,87.41999816894531,113.75,480.5299987792969,656.1109008789062,28.450000762939453,938.8876342773438,211.7603759765625,225.52000427246094,306.34375,141.14840698242188,337.7622375488281,930.512939453125,372.1022644042969,226.39601135253906,46.470001220703125,226.0482940673828,304.33251953125,74.29911804199219,1035.421875,630.8950805664062,537.8656616210938,313.2501220703125,715.8870849609375,109.45925903320312,181.82289123535156,362.1287536621094,429.31011962890625,414.7057800292969,33.79999923706055,83.48999786376953,61.40243911743164,117.01000213623047,191.11965942382812,164.00718688964844,26.010648727416992,52.53095245361328,150.6229248046875,200.26483154296875,197.60488891601562,167.71353149414062,91.3608169555664,41.180091857910156,131.22999572753906,250.96456909179688,192.6999969482422,500.3500061035156,430.4100036621094,329.63116455078125,214.46031188964844,80.05000305175781,,284.7165222167969,321.1676940917969,118.66951751708984
2026-02-02,269.7575988769531,223.78346252441406,293.3800048828125,362.5179443359375,327.9909362792969,246.27000427246094,342.3080749511719,242.9600067138672,223.61045837402344,835.6799926757812,,1220.4598388671875,3.8399999141693115,351.71807861328125,233.02000427246094,53.72627639770508,44.87641525268555,88.0,108.87999725341797,487.2900085449219,689.5971069335938,28.450000762939453,966.9569091796875,210.28407287597656,230.5500030517578,308.2609558105469,142.08309936523438,343.4482421875,941.3757934570312,375.60882568359375,226.43580627441406,48.810001373291016,229.52980041503906,306.5710754394531,74.8155746459961,1042.3902587890625,632.665771484375,554.417236328125,316.760498046875,705.8056640625,112.5364761352539,184.110595703125,360.084228515625,422.4058837890625,437.61614990234375,34.68000030517578,82.76000213623047,61.77000045776367,118.0,185.59996032714844,159.50291442871094,26.227075576782227,52.17203903198242,151.6463623046875,200.42430114746094,203.68911743164062,172.17776489257812,91.10248565673828,41.34610366821289,132.1999969482422,254.93026733398438,190.67999267578125,508.5799865722656,421.80999755859375,340.40081787109375,223.8724822998047,80.83999633789062,,283.3868713378906,333.15301513671875,123.5700912475586
2026-02-03,269.22808837890625,223.8032989501953,271.92999267578125,365.5771484375,318.2730712890625,242.11000061035156,336.260009765625,238.6199951171875,227.80126953125,851.719970703125,,1186.1817626953125,3.869999885559082,348.5281677246094,233.14999389648438,54.143917083740234,45.140655517578125,87.63999938964844,108.25,493.739990234375,701.5543823242188,27.299999237060547,976.5030517578125,195.8900909423828,239.0399932861328,309.4791564941406,142.4709014892578,339.47100830078125,934.07421875,378.56903076171875,229.76925659179688,49.25,231.86737060546875,313.24688720703125,76.36491394042969,1001.7880249023438,624.9663696289062,549.7752075195312,317.7052307128906,691.1082763671875,114.9883041381836,181.9322967529297,349.0139465332031,410.2735595703125,419.2638854980469,34.91999816894531,79.94000244140625,60.52824401855469,109.7699966430664,180.33023071289062,154.13168334960938,25.351530075073242,41.574127197265625,146.24105834960938,202.82632446289062,193.91896057128906,164.21295166015625,92.44383239746094,41.16056442260742,119.29000091552734,255.2729949951172,173.24000549316406,473.989990234375,421.9599914550781,334.80657958984375,224.0714874267578,77.93000030517578,,281.98773193359375,328.25311279296875,127.20568084716797
2026-02-04,276.23150634765625,215.32363891601562,279.7099914550781,370.357177734375,297.22930908203125,200.19000244140625,363.6800231933594,232.99000549316406,234.03761291503906,850.8699951171875,,1136.55810546875,3.609999895095825,352.5554504394531,235.9499969482422,55.06869125366211,45.020999908447266,91.04000091552734,108.7699966430664,503.8299865722656,690.5054321289062,26.549999237060547,976.9324340820312,198.94244384765625,238.05999755859375,307.8914794921875,145.40423583984375,332.80572509765625,908.5186767578125,384.6285400390625,234.1873321533203,48.599998474121094,233.23011779785156,315.654541015625,76.82176971435547,1105.2752685546875,599.6000366210938,552.5704345703125,321.891845703125,668.417724609375,117.46000671386719,179.11741638183594,351.6069641113281,413.2467956542969,379.2406921386719,33.79999923706055,80.16000366210938,63.79655075073242,111.06999969482422,174.18057250976562,146.15951538085938,26.345129013061523,40.90614700317383,147.94015502929688,196.08871459960938,196.26812744140625,164.40960693359375,96.3486557006836,41.79530715942383,114.0199966430664,236.96226501464844,165.2899932861328,440.5299987792969,406.010009765625,324.82470703125,221.79306030273438,73.91999816894531,,273.7914733886719,329.2710266113281,127.4945297241211
2026-02-05,275.6520690917969,217.21792602539062,269.3900146484375,367.10675048828125,303.611328125,192.5,365.26898193359375,222.69000244140625,232.79034423828125,820.3099975585938,,1145.5262451171875,3.4100000858306885,353.50244140625,236.9499969482422,54.631160736083984,44.686954498291016,88.94000244140625,105.54000091552734,503.8900146484375,677.0210571289062,26.100000381469727,987.8565673828125,189.49607849121094,234.36000061035156,305.9243469238281,148.52650451660156,331.0169677734375,885.7484741210938,379.8305969238281,232.69473266601562,48.2400016784668,236.53256225585938,308.5807800292969,77.9738540649414,1019.1390380859375,605.986328125,550.9432373046875,321.6830139160156,669.63671875,118.86956024169922,174.90008544921875,341.9827880859375,392.7735290527344,382.729248046875,32.91999816894531,80.87000274658203,62.28657150268555,102.62999725341797,171.87069702148438,136.00498962402344,26.059837341308594,39.77956008911133,135.43048095703125,195.32125854492188,194.03692626953125,167.63487243652344,95.45442199707031,41.599998474121094,111.23999786376953,239.41021728515625,156.7100067138672,412.75,397.2099914550781,329.8006896972656,222.8477020263672,75.20999908447266,,266.4783020019531,328.45269775390625,126.43872833251953
2026-02-06,277.8599853515625,221.5916290283203,268.3800048828125,370.1659851074219,322.1082763671875,208.44000244140625,381.6753234863281,210.32000732421875,235.88357543945312,811.4500122070312,,1189.56982421875,3.7699999809265137,358.0181579589844,243.02999877929688,56.212223052978516,45.66914367675781,88.44000244140625,106.62000274658203,508.0899963378906,724.820068359375,25.049999237060547,999.7093505859375,190.8726348876953,218.72999572753906,320.5330810546875,151.63882446289062,322.63287353515625,923.8878173828125,382.5921325683594,237.20236206054688,50.59000015258789,238.72093200683594,320.7584533691406,78.49030303955078,1056.4168701171875,620.3108520507812,547.798583984375,325.3425598144531,660.8941650390625,121.03353881835938,178.99806213378906,336.1484069824219,400.22650146484375,394.5242614746094,32.7400016784668,82.19999694824219,63.4985237121582,100.73999786376953,185.39996337890625,142.32293701171875,26.777982711791992,40.29798889160156,136.46383666992188,198.00234985351562,199.86558532714844,168.36251831054688,98.81275939941406,41.400001525878906,112.05000305175781,245.28530883789062,168.42999267578125,422.6099853515625,411.1099853515625,347.8697814941406,220.32054138183594,74.7699966430664,,274.5158386230469,330.89764404296875,130.66197204589844
2026-02-09,274.6199951171875,221.42303466796875,266.8999938964844,370.357177734375,330.1582336425781,216.0,373.23382568359375,208.72000122070312,229.8501434326172,828.239990234375,,1202.1419677734375,3.934999942779541,358.52655029296875,244.7100067138672,56.092899322509766,46.147769927978516,88.23999786376953,110.33999633789062,498.0799865722656,740.7098388671875,24.049999237060547,996.1445922851562,193.5459442138672,222.1300048828125,316.2792663574219,150.82345581054688,324.09185791015625,938.679931640625,378.4696960449219,238.65513610839844,50.2400016784668,237.37806701660156,320.4599914550781,77.43754577636719,1042.9293212890625,634.9437255859375,534.41162109375,323.7912292480469,676.640625,116.78500366210938,181.3752899169922,345.4235534667969,412.65814208984375,383.3389587402344,33.7400016784668,81.47000122070312,61.99848175048828,103.87000274658203,190.0297088623047,156.0449981689453,26.610742568969727,41.025787353515625,138.04368591308594,195.54052734375,206.81478881835938,172.00076293945312,98.34577941894531,40.79999923706055,118.4000015258789,250.62185668945312,175.9499969482422,414.8399963378906,417.32000732421875,354.4113464355469,217.66404724121094,73.91000366210938,,273.57318115234375,324.9100036621094,128.51051330566406
2026-02-10,273.67999267578125,220.6097869873047,264.6700134277344,360.797119140625,328.6601257324219,213.57000732421875,362.1406555175781,206.9600067138672,229.5504608154297,833.1599731445312,,1190.367919921875,3.8499999046325684,362.055419921875,242.58999633789062,55.07863235473633,46.038082122802734,89.27999877929688,108.93000030517578,500.29998779296875,740.9593505859375,24.700000762939453,969.82275390625,192.96739196777344,226.24000549316406,315.8698425292969,146.39859008789062,318.3558654785156,944.0218505859375,387.092041015625,242.13784790039062,47.130001068115234,237.08961486816406,316.659423828125,76.28546142578125,1023.2921142578125,626.259521484375,539.4629516601562,324.1591796875,670.1461791992188,116.28868103027344,176.9391326904297,352.50457763671875,412.328857421875,373.09326171875,32.29999923706055,82.20999908447266,62.62432861328125,106.4800033569336,188.52978515625,159.33351135253906,27.161649703979492,41.36476135253906,139.1962890625,194.54383850097656,208.58404541015625,175.3046875,96.90506744384766,40.86000061035156,127.23999786376953,252.72711181640625,182.5800018310547,476.0199890136719,425.2099914550781,360.89306640625,219.80316162109375,73.5,,271.1123046875,328.1700134277344,126.19966125488281
2026-02-11,275.5,219.07254028320312,257.1600036621094,350.6634216308594,339.4566345214844,213.5800018310547,364.057373046875,204.0800018310547,234.5450439453125,834.5499877929688,,1205.1353759765625,3.9700000286102295,352.8943786621094,236.25999450683594,53.54728698730469,45.99321365356445,89.45999908447266,109.37999725341797,500.0199890136719,773.52734375,23.549999237060547,976.7227783203125,184.53846740722656,227.74000549316406,313.2736511230469,154.92019653320312,310.7412414550781,939.6448974609375,388.0854187011719,241.50100708007812,48.290000915527344,239.58633422851562,309.2374267578125,78.06324005126953,1013.5184326171875,625.404052734375,536.5379638671875,321.41448974609375,668.1179809570312,118.43279266357422,175.73558044433594,338.0932312011719,403.4491271972656,410.1676940917969,32.63999938964844,79.62000274658203,61.93887710571289,100.58000183105469,190.0397186279297,156.61302185058594,27.279701232910156,40.337867736816406,140.14022827148438,195.85946655273438,199.1873779296875,166.1795654296875,98.48487854003906,40.099998474121094,118.70999908447266,250.91561889648438,178.8300018310547,487.1700134277344,428.2699890136719,373.0388488769531,225.41465759277344,71.01000213623047,,276.7583923339844,329.239990234375,128.26148986816406
2026-02-12,261.7300109863281,225.62815856933594,262.5,350.8546447753906,327.98095703125,205.94000244140625,363.6800231933594,199.60000610351562,224.1563262939453,833.5399780273438,,1177.1971435546875,3.5799999237060547,341.7994384765625,239.35000610351562,52.22476577758789,45.55945587158203,87.72000122070312,105.76000213623047,500.010009765625,756.8490600585938,22.299999237060547,997.4127197265625,184.96739196777344,220.4499969482422,312.43487548828125,150.95272827148438,308.7826232910156,899.8145141601562,387.62847900390625,238.6451873779297,46.47999954223633,243.25682067871094,301.09906005859375,78.46051025390625,1036.5400390625,634.0882568359375,526.5551147460938,330.2351989746094,649.254150390625,118.36331176757812,167.1616668701172,336.39776611328125,400.9248962402344,413.7961730957031,31.8799991607666,75.86000061035156,60.697120666503906,103.29000091552734,186.9298858642578,155.9353790283203,27.023921966552734,38.9620361328125,137.58663940429688,200.47413635253906,200.25875854492188,166.86788940429688,96.13999938964844,40.36000061035156,110.66000366210938,251.65000915527344,172.91000366210938,445.7900085449219,417.07000732421875,367.065673828125,221.87265014648438,71.22000122070312,,282.17626953125,324.17999267578125,133.1122589111328
2026-02-13,255.77999877929688,229.59524536132812,263.9700012207031,350.759033203125,354.4679260253906,207.32000732421875,369.19000244140625,198.7899932861328,218.06295776367188,821.9600219726562,,1187.773681640625,3.569999933242798,336.4364013671875,242.9600067138672,52.25459671020508,45.853614807128906,88.9000015258789,105.87000274658203,497.54998779296875,772.7288818359375,22.75,1017.0042724609375,189.2467041015625,225.64999389648438,314.9512023925781,154.10482788085938,305.50494384765625,900.4014282226562,388.45294189453125,240.18753051757812,46.790000915527344,242.16262817382812,301.0094909667969,78.14269256591797,1040.0,649.1588745117188,517.470703125,325.7602233886719,639.2227172851562,120.51736450195312,170.2351531982422,336.09857177734375,400.4060974121094,411.4871520996094,32.380001068115234,76.87000274658203,62.71373748779297,107.08000183105469,182.80010986328125,159.5826416015625,27.132137298583984,40.16838455200195,139.80239868164062,199.397705078125,201.03526306152344,168.8541717529297,93.79000091552734,40.68000030517578,112.69999694824219,251.0500030517578,182.2899932861328,458.3399963378906,417.44000244140625,365.33056640625,225.0166778564453,69.98999786376953,,290.92822265625,314.0799865722656,133.36126708984375
2026-02-16,,,,352.9578552246094,,,,,216.2149658203125,,,1192.363525390625,,,,,45.80874252319336,89.4800033569336,,,,22.5,,,,,,,,,,,,,,,,,,,,,338.2926940917969,,,33.880001068115234,,,,,,,,,,,165.5502471923828,,40.93000030517578,,234.9499969482422,,,,,,,,,,
2026-02-17,263.8800048828125,230.94406127929688,260.45001220703125,356.0170593261719,358.68267822265625,203.0800018310547,373.3599853515625,201.14999389648438,219.41148376464844,843.5499877929688,,1196.55419921875,3.799999952316284,343.4442443847656,244.0399932861328,52.44353103637695,49.17409896850586,90.55999755859375,106.98999786376953,503.4100036621094,763.3068237304688,23.5,1010.5836181640625,183.83023071289062,226.0500030517578,326.6042175292969,154.3931884765625,301.8075256347656,911.2443237304688,380.49615478515625,241.4512481689453,46.18000030517578,242.04327392578125,305.5661926269531,79.01667785644531,1036.050048828125,646.174560546875,521.0346069335938,325.79998779296875,638.7431030273438,120.67617797851562,170.62306213378906,336.54736328125,395.95623779296875,399.61212158203125,33.720001220703125,77.0,64.39259338378906,105.91000366210938,184.95999145507812,153.43411254882812,26.925548553466797,40.68681335449219,141.7200927734375,202.82632446289062,198.0275421142578,166.8088836669922,95.38999938964844,40.83000183105469,113.54000091552734,235.75,177.10000610351562,462.82000732421875,410.6300048828125,363.1766662597656,224.54905700683594,70.52999877929688,,286.85986328125,319.5,128.34117126464844
2026-02-18,264.3500061035156,226.83811950683594,263.1700134277344,356.1126708984375,368.8399963378906,200.1199951171875,379.7300109863281,204.7899932861328,225.15524291992188,845.3499755859375,,1242.0537109375,3.950000047683716,345.1488342285156,238.92999267578125,53.06004333496094,45.679115295410156,91.80000305175781,107.94999694824219,499.07000732421875,750.5410766601562,23.850000381469727,994.6367797851562,187.32150268554688,238.57000732421875,329.1005859375,151.8774871826172,303.1166076660156,928.8417358398438,380.97296142578125,239.94871520996094,45.459999084472656,243.6945037841797,307.2077941894531,78.94715881347656,1020.5599975585938,646.4033813476562,527.07421875,326.0685119628906,642.6697387695312,120.7655258178711,175.6460723876953,339.2900085449219,398.69000244140625,420.77325439453125,34.63999938964844,77.98999786376953,65.11778259277344,107.80999755859375,187.96981811523438,155.62646484375,26.925548553466797,41.32488250732422,142.32620239257812,204.13198852539062,201.6938018798828,170.48648071289062,95.76000213623047,41.5,121.63999938964844,244.8000030517578,176.0800018310547,477.5799865722656,411.32000732421875,361.2420959472656,222.1910400390625,72.7699966430664,,285.97674560546875,320.29998779296875,126.11997985839844
2026-02-19,260.5799865722656,222.5040740966797,259.2099914550781,356.97308349609375,369.8299865722656,203.3699951171875,375.5,204.86000061035156,224.10638427734375,847.260009765625,,1235.4681396484375,3.819999933242798,341.5701599121094,233.7100067138672,52.47336196899414,45.444786071777344,90.08000183105469,110.41999816894531,496.94000244140625,759.0848999023438,23.799999237060547,986.3887329101562,184.82774353027344,233.3000030517578,334.2530822753906,150.26661682128906,302.636962890625,911.8511962890625,376.0657653808594,239.58055114746094,44.619998931884766,245.60433959960938,306.48150634765625,78.37112426757812,1023.219970703125,663.0158081054688,519.3674926757812,325.2928161621094,644.2284545898438,120.96405029296875,173.4379425048828,339.8999938964844,398.4599914550781,417.17474365234375,33.91999816894531,77.0,65.17738342285156,107.37000274658203,187.88983154296875,155.9951629638672,26.423830032348633,41.604034423828125,140.3687744140625,204.73001098632812,196.8382110595703,167.89053344726562,95.80000305175781,41.45000076293945,123.80000305175781,240.5500030517578,179.1999969482422,485.2900085449219,411.7099914550781,359.3773498535156,216.9476776123047,72.94000244140625,,287.6933898925781,318.92999267578125,124.37689208984375
2026-02-20,264.5799865722656,222.9602813720703,258.6099853515625,362.5179443359375,375.3800048828125,200.14999389648438,374.75,210.11000061035156,222.30833435058594,844.4099731445312,,1252.829833984375,3.880000114440918,345.08905029296875,232.02999877929688,52.7617301940918,43.555198669433594,90.31999969482422,110.1449966430664,498.20001220703125,758.2963256835938,24.049999237060547,983.8424072265625,184.6980743408203,241.8800048828125,342.72076416015625,150.5450439453125,314.7584228515625,917.411865234375,379.7113952636719,242.76473999023438,44.11000061035156,241.2077178955078,309.20758056640625,79.29476928710938,1009.52001953125,654.80908203125,525.5068969726562,327.40106201171875,655.09912109375,121.36111450195312,174.47238159179688,338.1000061035156,397.2300109863281,427.9902038574219,33.97999954223633,78.66999816894531,64.9687728881836,104.2699966430664,189.8097381591797,147.5646209716797,26.217239379882812,41.52427673339844,141.968505859375,204.9199981689453,199.12840270996094,170.8994598388672,97.48999786376953,42.349998474121094,126.19999694824219,245.14999389648438,172.5,490.6000061035156,411.82000732421875,369.49884033203125,218.6191864013672,73.86000061035156,,287.7628479003906,320.95001220703125,122.50431823730469
2026-02-23,266.17999267578125,227.59185791015625,246.67999267578125,362.135498046875,373.54998779296875,196.60000610351562,379.4200134277344,205.27000427246094,225.40496826171875,826.25,,1246.44384765625,3.9700000286102295,320.2276306152344,230.44000244140625,50.78291702270508,42.677711486816406,87.69999694824219,109.93000030517578,494.0899963378906,755.0325317382812,24.0,984.5913696289062,177.71554565429688,242.14999389648438,338.49688720703125,148.98391723632812,311.2708740234375,887.6386108398438,374.486328125,241.85922241210938,43.630001068115234,244.5399932861328,296.1543884277344,80.00984954833984,1058.56005859375,657.1566772460938,495.1790466308594,332.7014465332031,636.7048950195312,122.90963745117188,165.90841674804688,327.6000061035156,384.4700012207031,420.7932434082031,33.68000030517578,76.0199966430664,62.67399978637695,100.80000305175781,191.53964233398438,140.81817626953125,26.620580673217773,43.917030334472656,139.51426696777344,201.9199981689453,193.34889221191406,165.05859375,94.77999877929688,41.54999923706055,117.27999877929688,240.64999389648438,157.60000610351562,467.8299865722656,399.8299865722656,369.000244140625,218.74851989746094,70.72000122070312,,280.16192626953125,306.5199890136719,125.31317901611328
2026-02-24,272.1400146484375,226.5604248046875,255.1699981689453,361.8487243652344,377.92999267578125,213.83999633789062,382.8699951171875,208.55999755859375,231.24862670898438,840.280029296875,,1260.6126708984375,4.369999885559082,319.47003173828125,233.38999938964844,50.126625061035156,42.21902847290039,88.4800033569336,110.88500213623047,494.510009765625,766.7702026367188,23.049999237060547,996.9833374023438,184.95742797851562,243.2100067138672,345.1372375488281,146.8062744140625,310.6813049316406,897.5464477539062,381.9266052246094,242.40650939941406,46.119998931884766,246.27999877929688,295.7862243652344,80.16876220703125,1042.1500244140625,660.9467163085938,497.1456604003906,331.1998291015625,638.7531127929688,123.01882934570312,167.88775634765625,327.70001220703125,389.0,417.83447265625,35.040000915527344,78.04000091552734,63.66740036010742,102.48999786376953,192.83956909179688,145.63136291503906,26.699281692504883,46.87806701660156,143.85638427734375,198.4600067138672,193.1031494140625,163.07229614257812,96.51000213623047,42.0,116.93000030517578,239.5,161.05999755859375,465.6600036621094,409.3800048828125,384.66607666015625,212.2714385986328,71.37999725341797,,271.836669921875,307.2200012207031,126.24947357177734
2026-02-25,274.2300109863281,225.0529327392578,257.80999755859375,364.71673583984375,394.95001220703125,210.86000061035156,384.3299865722656,210.63999938964844,231.44839477539062,816.9500122070312,,1285.5574951171875,4.340000152587891,326.0592041015625,230.36000061035156,51.39942932128906,42.46332931518555,88.12000274658203,109.83999633789062,493.989990234375,765.1532592773438,23.0,993.3186645507812,191.27163696289062,210.1199951171875,342.3912353515625,146.28921508789062,312.67987060546875,916.556396484375,373.0757751464844,241.00347900390625,46.880001068115234,245.1699981689453,301.75567626953125,79.92047119140625,1028.8299560546875,644.10546875,508.5161437988281,331.1600646972656,653.1307983398438,121.55963897705078,172.80136108398438,336.79998779296875,400.6000061035156,428.8198547363281,41.119998931884766,82.69999694824219,62.981956481933594,104.2300033569336,195.54940795898438,147.37527465820312,26.650094985961914,47.177162170410156,144.88975524902344,195.97999572753906,194.86256408691406,163.99661254882812,97.93000030517578,41.7400016784668,120.30999755859375,244.10000610351562,169.2100067138672,463.2799987792969,417.3999938964844,386.6405334472656,212.8186492919922,72.83000183105469,,282.0075988769531,312.989990234375,125.25341796875
2026-02-26,272.95001220703125,222.84127807617188,259.0400085449219,367.7759704589844,375.7200012207031,203.67999267578125,379.3299865722656,207.9199981689453,230.74916076660156,771.530029296875,,1229.6810302734375,3.7300000190734863,334.2632751464844,229.41000366210938,52.00600051879883,41.72544479370117,88.83999633789062,108.80000305175781,502.6700134277344,751.499267578125,23.700000762939453,985.310302734375,198.9723663330078,200.10000610351562,340.3442077636719,142.9581298828125,307.1637878417969,924.136474609375,372.59893798828125,239.69000244140625,45.459999084472656,243.47000122070312,304.5712890625,79.95026397705078,1022.02001953125,638.2662353515625,513.8869018554688,332.6716003417969,656.447998046875,118.4228744506836,176.54127502441406,339.6499938964844,401.7200012207031,415.385498046875,41.84000015258789,84.58999633789062,63.52832794189453,109.30000305175781,184.87998962402344,149.78684997558594,26.659931182861328,45.39256286621094,144.6612091064453,197.6300048828125,201.1826934814453,169.3458251953125,98.08000183105469,42.38999938964844,125.94000244140625,248.64999389648438,173.05999755859375,495.6499938964844,408.5799865722656,375.751220703125,211.55508422851562,74.80000305175781,,284.4486083984375,316.70001220703125,123.92866516113281
2026-02-27,264.17999267578125,230.17047119140625,262.4100036621094,365.3859558105469,372.29998779296875,200.2100067138672,388.1600036621094,210.0,227.7024688720703,766.9199829101562,,1230.6788330078125,3.630000114440918,307.926513671875,227.52999877929688,49.549888610839844,41.88996887207031,89.45999908447266,110.2300033569336,504.95001220703125,741.4185180664062,23.850000381469727,1009.325439453125,194.30404663085938,197.1999969482422,341.76214599609375,148.10887145996094,311.54071044921875,855.0700073242188,378.1915588378906,243.58999633789062,45.61000061035156,248.42999267578125,298.7709655761719,81.00302124023438,1051.989990234375,654.6300048828125,516.32275390625,339.16534423828125,647.62548828125,122.90963745117188,165.6199493408203,333.79998779296875,392.739990234375,412.19683837890625,43.119998931884766,96.23999786376953,61.77000045776367,108.01000213623047,177.180419921875,144.89393615722656,27.201000213623047,46.07051086425781,141.45181274414062,202.6199951171875,198.08651733398438,168.1068572998047,98.0199966430664,42.13999938964844,120.7300033569336,247.39999389648438,168.41000366210938,514.9400024414062,402.510009765625,373.5274658203125,211.03770446777344,75.41999816894531,,291.0075988769531,320.1400146484375,127.4447250366211
2026-03-02,264.7200012207031,232.33253479003906,260.8800048828125,354.10504150390625,372.17999267578125,198.6199951171875,385.70001220703125,208.38999938964844,226.35394287109375,756.760009765625,,1207.7296142578125,3.680000066757202,306.4611511230469,229.74000549316406,49.53000259399414,40.49397277832031,85.0,107.4800033569336,480.1700134277344,750.8904418945312,23.5,1001.3170776367188,192.4686279296875,199.86000061035156,345.2370910644531,149.1827850341797,306.3043518066406,861.7000122070312,368.3473815917969,248.0399932861328,45.5,248.55999755859375,296.044921875,79.67218017578125,1017.969970703125,676.7000122070312,520.106201171875,332.96002197265625,653.0009155273438,120.51736450195312,166.10733032226562,339.79998779296875,398.54998779296875,412.4967346191406,43.15999984741211,97.08999633789062,61.0099983215332,109.41999816894531,182.47012329101562,148.7305450439453,26.817333221435547,45.49226379394531,140.1302947998047,212.16000366210938,192.66082763671875,164.311279296875,96.76000213623047,41.369998931884766,119.37999725341797,238.1999969482422,170.3300018310547,507.2799987792969,403.32000732421875,368.07281494140625,208.75929260253906,75.94999694824219,,292.6548156738281,320.510009765625,126.59809112548828
2026-03-03,263.75,231.93582153320312,270.989990234375,339.76495361328125,351.32000732421875,190.9499969482422,377.0,208.72999572753906,226.75350952148438,748.719970703125,,1159.23681640625,3.690000057220459,306.8499450683594,224.1199951171875,49.68910217285156,38.20054244995117,82.5199966430664,100.76000213623047,481.3599853515625,720.8077392578125,23.350000381469727,1006.309814453125,195.5609130859375,197.52999877929688,333.65399169921875,146.99520874023438,303.3664245605469,862.5800170898438,364.48321533203125,243.85000610351562,43.099998474121094,246.75,298.7311706542969,78.79817962646484,1007.72998046875,667.8200073242188,523.4205322265625,332.1700134277344,654.5196533203125,118.948974609375,165.0629425048828,345.29998779296875,403.92999267578125,379.52056884765625,40.84000015258789,97.69999694824219,59.38999938964844,113.19000244140625,180.04025268554688,148.4913787841797,26.14837646484375,46.2400016784668,137.24880981445312,206.52000427246094,192.97537231445312,162.7183074951172,96.68000030517578,40.06999969482422,121.87000274658203,226.4499969482422,165.7899932861328,519.9600219726562,392.42999267578125,352.13775634765625,201.6454315185547,76.36000061035156,,286.97894287109375,320.8299865722656,127.40489196777344
2026-03-04,262.5199890136719,234.2466583251953,273.1199951171875,343.2065734863281,357.760009765625,202.07000732421875,379.2699890136719,216.82000732421875,227.20301818847656,749.5599975585938,,1197.1529541015625,3.690000057220459,310.229248046875,227.30999755859375,50.017242431640625,37.29314422607422,82.63999938964844,103.80000305175781,487.4800109863281,730.5791015625,23.75,1005.2813110351562,192.5983123779297,197.27000427246094,339.3157043457031,147.38299560546875,302.9167785644531,867.25,366.6586608886719,245.97000122070312,45.58000183105469,245.3000030517578,297.8656311035156,77.566650390625,1003.5700073242188,664.47998046875,522.0228881835938,331.739990234375,667.1587524414062,119.39566802978516,166.68423461914062,349.1000061035156,405.20001220703125,400.6016845703125,42.959999084472656,98.66000366210938,58.63999938964844,113.86000061035156,183.03009033203125,151.8396759033203,26.187726974487305,46.75,138.6199951171875,208.82000732421875,192.23818969726562,164.58660888671875,97.1500015258789,41.40999984741211,129.64999389648438,232.89999389648438,168.25999450683594,534.0900268554688,405.94000244140625,356.4356384277344,201.36683654785156,76.6500015258789,,289.70770263671875,320.4700012207031,127.30528259277344
2026-03-05,260.2900085449219,230.43826293945312,281.739990234375,337.6617431640625,346.5299987792969,199.4499969482422,367.6000061035156,218.94000244140625,225.1053009033203,728.1099853515625,,1183.3834228515625,3.5399999618530273,306.2418518066406,222.05999755859375,49.53000259399414,37.66707229614258,81.41999816894531,101.94999694824219,500.3999938964844,704.7383422851562,24.0,981.1463623046875,200.88758850097656,191.8000030517578,326.51434326171875,144.3203887939453,300.6683349609375,835.4600219726562,359.27801513671875,238.3800048828125,45.95000076293945,239.6300048828125,292.0553283691406,76.50395965576172,983.260009765625,655.0,523.7598876953125,327.45001220703125,660.0049438476562,115.21662139892578,161.68112182617188,352.5,410.67999267578125,396.8832702636719,42.08000183105469,99.16999816894531,58.02000045776367,120.37999725341797,183.330078125,154.25125122070312,26.177888870239258,47.63999938964844,137.0,203.86000061035156,196.07154846191406,168.12652587890625,98.69000244140625,40.5,134.7899932861328,224.8000030517578,177.4499969482422,552.1199951171875,405.54998779296875,352.8656921386719,196.97914123535156,75.44000244140625,,286.5423278808594,319.79998779296875,122.82305145263672
2026-03-06,257.4599914550781,228.2166748046875,283.6199951171875,332.30810546875,324.739990234375,192.42999267578125,369.5299987792969,213.2100067138672,221.0596923828125,717.7999877929688,,1144.4693603515625,3.390000104904175,300.0514221191406,231.11000061035156,48.63999938964844,36.28602600097656,79.80000305175781,101.5,498.9800109863281,679.606201171875,23.899999618530273,996.65380859375,201.6057891845703,189.2100067138672,322.6399841308594,143.11721801757812,298.30999755859375,821.4199829101562,355.5429992675781,235.2899932861328,43.41999816894531,240.39999389648438,288.0060729980469,76.5138931274414,990.3300170898438,671.77001953125,521.4439086914062,328.05999755859375,644.308349609375,114.93868255615234,159.41331481933594,355.29998779296875,408.9599914550781,370.1445007324219,41.279998779296875,99.0199966430664,57.0099983215332,124.33999633789062,177.8103790283203,152.42764282226562,26.610742568969727,46.970001220703125,135.69000244140625,209.75999450683594,198.79421997070312,169.85716247558594,98.98999786376953,40.40999984741211,130.1999969482422,224.8000030517578,180.47999572753906,565.1900024414062,396.7300109863281,337.9377746582031,192.25314331054688,75.12999725341797,,284.27001953125,317.3599853515625,123.31111907958984
2026-03-09,259.8800048828125,225.5785675048828,282.44000244140625,329.05767822265625,338.94000244140625,202.67999267578125,376.9700012207031,213.49000549316406,222.1584930419922,740.4000244140625,,1145.068115234375,3.890000104904175,304.4176330566406,225.0,47.900001525878906,37.482601165771484,78.76000213623047,102.16000366210938,497.20001220703125,703.480712890625,23.799999237060547,1003.8433837890625,198.2940673828125,195.3800048828125,321.92999267578125,145.80198669433594,306.3599853515625,832.030029296875,351.2119445800781,237.58999633789062,45.58000183105469,242.58999633789062,288.44384765625,77.26870727539062,1008.3900146484375,664.1500244140625,516.831787109375,330.79998779296875,646.836181640625,116.24897003173828,159.59234619140625,351.1499938964844,409.4100036621094,389.1565246582031,41.060001373291016,98.31999969482422,56.529998779296875,121.93000030517578,182.64010620117188,151.03250122070312,26.3746395111084,46.15999984741211,138.11000061035156,208.22999572753906,196.6809539794922,169.01150512695312,99.7699966430664,40.0,133.5,221.10000610351562,182.83999633789062,544.8800048828125,398.67999267578125,347.72021484375,195.2081298828125,73.83999633789062,,285.1700134277344,315.9700012207031,123.84898376464844
2026-03-10,260.8299865722656,225.14218139648438,275.1300048828125,338.8089294433594,345.8800048828125,203.22999572753906,375.42999267578125,214.3300018310547,224.2562255859375,742.7899780273438,,1197.3525390625,4.139999866485596,302.19464111328125,217.75999450683594,48.560001373291016,39.511783599853516,80.4000015258789,83.88999938964844,494.1400146484375,715.3181762695312,23.700000762939453,995.9148559570312,194.4237518310547,197.8000030517578,326.5199890136719,147.72108459472656,307.0400085449219,833.8099975585938,354.778076171875,240.61000061035156,46.779998779296875,243.7100067138672,287.2598876953125,77.34815216064453,1001.3499755859375,651.219970703125,513.8369750976562,327.94000244140625,653.510498046875,116.22911834716797,159.8907470703125,350.0,405.760009765625,402.9407043457031,43.02000045776367,96.94000244140625,56.08000183105469,116.61000061035156,184.760009765625,148.88002014160156,26.718957901000977,45.02000045776367,135.1999969482422,207.0,192.48391723632812,166.76956176757812,100.7699966430664,39.97999954223633,129.36000061035156,232.14999389648438,175.32000732421875,530.260009765625,399.239990234375,346.1147155761719,196.46177673339844,72.36000061035156,,282.3399963378906,314.42999267578125,124.62590789794922
2026-03-11,260.80999755859375,225.80667114257812,273.7099914550781,336.4189147949219,351.07000732421875,204.8300018310547,377.6400146484375,212.64999389648438,225.30508422851562,728.0900268554688,,1196.1551513671875,4.059999942779541,305.02569580078125,214.10000610351562,48.52000045776367,39.90066909790039,80.81999969482422,90.83999633789062,493.57000732421875,706.2454833984375,23.25,990.7922973632812,193.6457061767578,200.25,325.1499938964844,145.175537109375,308.70001220703125,823.760009765625,348.510009765625,239.44000244140625,47.97999954223633,242.99000549316406,286.0560302734375,77.09986114501953,999.8400268554688,649.469970703125,503.1353759765625,325.2099914550781,654.2998046875,115.3555908203125,160.02999877929688,348.8999938964844,404.8800048828125,418.5141906738281,43.599998474121094,94.88999938964844,55.70000076293945,115.62999725341797,186.02999877929688,162.55226135253906,26.8566837310791,45.56999969482422,134.1199951171875,207.25999450683594,187.9526824951172,162.67898559570312,101.44000244140625,39.310001373291016,129.52000427246094,228.1999969482422,179.42999267578125,514.3699951171875,407.82000732421875,353.563720703125,197.6656494140625,74.97000122070312,,285.25,308.9599914550781,123.0023422241211
2026-03-12,255.75999450683594,223.5156707763672,269.7799987792969,335.08050537109375,337.2699890136719,197.74000549316406,367.7900085449219,209.52999877929688,221.9087677001953,708.8499755859375,,1177.7957763671875,3.819999933242798,300.9386291503906,204.75999450683594,47.130001068115234,39.0181999206543,81.68000030517578,90.0999984741211,491.8900146484375,699.3585815429688,23.200000762939453,1001.8662719726562,198.7828369140625,197.55999755859375,306.70001220703125,144.38999938964844,303.54998779296875,787.52001953125,338.92999267578125,233.39999389648438,45.25,242.0399932861328,281.44964599609375,77.08000183105469,977.25,652.8300170898438,496.45684814453125,323.9100036621094,637.6340942382812,115.05780029296875,153.5448455810547,351.75,401.8599853515625,405.1797790527344,43.81999969482422,94.30999755859375,54.130001068115234,112.97000122070312,183.13999938964844,158.60606384277344,26.423830032348633,44.36000061035156,131.14999389648438,203.0399932861328,187.24497985839844,164.2326202392578,100.18000030517578,39.029998779296875,126.16999816894531,224.6999969482422,177.25,509.5899963378906,395.010009765625,335.7638854980469,189.0892333984375,72.97000122070312,,277.04998779296875,306.5,124.8350830078125
2026-03-13,250.1199951171875,217.87249755859375,249.32000732421875,338.52215576171875,341.5299987792969,193.38999938964844,366.2099914550781,207.6699981689453,220.46034240722656,700.4500122070312,,1176.9974365234375,3.690000057220459,299.0146789550781,209.88999938964844,46.720001220703125,38.52461242675781,81.30000305175781,91.19000244140625,490.0299987792969,692.6712646484375,23.100000381469727,1006.9688720703125,192.34893798828125,196.07000732421875,299.69000244140625,144.99000549316406,302.2799987792969,782.2100219726562,339.0299987792969,234.5,45.77000045776367,241.52000427246094,281.996826171875,77.33999633789062,985.0800170898438,646.0,497.13568115234375,326.4599914550781,613.1849975585938,114.76000213623047,154.04217529296875,346.3999938964844,395.54998779296875,425.9510803222656,43.279998779296875,95.30999755859375,53.97999954223633,113.62000274658203,180.25,154.5701446533203,26.14837646484375,44.900001525878906,129.82000732421875,204.52000427246094,186.69456481933594,163.66229248046875,99.1500015258789,38.779998779296875,122.95999908447266,220.35000610351562,178.66000366210938,516.0599975585938,391.20001220703125,337.359375,189.81553649902344,73.33000183105469,,282.0899963378906,307.1400146484375,126.02037048339844
2026-03-16,252.82000732421875,219.6279296875,251.86000061035156,343.6845703125,346.17999267578125,196.5800018310547,366.25,211.74000549316406,219.5613250732422,703.2999877929688,,1194.75830078125,3.6500000953674316,297.26025390625,213.47000122070312,47.060001373291016,39.97545623779297,79.08000183105469,90.54000091552734,492.2099914550781,698.4503173828125,22.799999237060547,1000.2885131835938,197.84518432617188,199.47999572753906,304.0,145.2100067138672,305.55999755859375,794.77001953125,342.5799865722656,234.50999450683594,45.7599983215332,243.19000244140625,284.7029724121094,77.81999969482422,989.1199951171875,645.2000122070312,507.6276550292969,326.6499938964844,627.4500122070312,115.43000030517578,154.86773681640625,347.1000061035156,399.95001220703125,441.6144714355469,43.34000015258789,95.19999694824219,54.790000915527344,114.87999725341797,183.22000122070312,155.42715454101562,26.177888870239258,45.41999816894531,129.38999938964844,206.05999755859375,188.35568237304688,162.6986541748047,97.81999969482422,38.349998474121094,126.58000183105469,220.3000030517578,174.39999389648438,524.0,395.55999755859375,339.2740173339844,193.1486053466797,74.66000366210938,,285.489990234375,310.1099853515625,125.49246978759766
2026-03-17,254.22999572753906,217.9518280029297,254.1999969482422,346.1701965332031,352.4599914550781,196.30999755859375,361.1300048828125,215.1999969482422,220.85992431640625,706.030029296875,,1191.166259765625,3.6500000953674316,299.3236999511719,210.82000732421875,47.279998779296875,40.09511184692383,79.36000061035156,94.86000061035156,492.5799865722656,700.6660766601562,22.5,994.7166137695312,194.82275390625,200.4199981689453,302.0899963378906,144.39999389648438,310.9200134277344,807.0399780273438,341.42999267578125,231.4199981689453,44.060001373291016,238.11000061035156,285.42926025390625,77.58000183105469,930.3499755859375,636.3300170898438,505.7109375,326.29998779296875,622.6599731445312,115.87000274658203,156.98635864257812,346.25,399.4100036621094,461.4961242675781,46.08000183105469,94.36000061035156,55.119998931884766,116.72000122070312,181.92999267578125,154.151611328125,27.004249572753906,46.130001068115234,131.58999633789062,203.3300018310547,186.87147521972656,163.46563720703125,97.56999969482422,38.459999084472656,127.80000305175781,219.14999389648438,174.60000610351562,525.22998046875,399.2699890136719,345.9800109863281,193.46697998046875,77.79000091552734,,287.57000732421875,308.4599914550781,124.58606719970703
2026-03-18,249.94000244140625,206.62579345703125,246.0,342.8241882324219,349.4700012207031,199.4600067138672,351.4800109863281,209.8699951171875,217.7133331298828,684.77001953125,,1188.372314453125,3.559999942779541,293.4622802734375,205.99000549316406,46.83000183105469,39.417057037353516,79.0199966430664,90.0,484.4700012207031,692.302001953125,22.450000762939453,978.5001220703125,193.85516357421875,197.80999755859375,300.9599914550781,141.2899932861328,307.69000244140625,805.47998046875,330.92999267578125,229.9199981689453,45.029998779296875,237.27999877929688,286.27490234375,75.97000122070312,918.0499877929688,642.280029296875,487.63201904296875,315.7300109863281,615.6799926757812,114.5,158.08045959472656,341.54998779296875,391.7900085449219,461.5361328125,45.939998626708984,94.69999694824219,53.470001220703125,113.70999908447266,180.39999389648438,152.36782836914062,26.876358032226562,44.59000015258789,130.47000122070312,204.55999755859375,180.60049438476562,158.74574279785156,92.66000366210938,37.90999984741211,123.75,218.10000610351562,173.25,516.719970703125,392.7799987792969,339.57000732421875,189.81553649902344,76.66000366210938,,284.3299865722656,299.0199890136719,121.49830627441406
2026-03-19,248.9600067138672,204.5331573486328,245.99000549316406,337.6617431640625,357.2099914550781,205.27000427246094,349.9200134277344,208.75999450683594,215.565673828125,684.5,,1166.021728515625,3.569999933242798,294.00054931640625,201.17999267578125,47.0099983215332,38.355098724365234,76.33999633789062,89.30999755859375,481.4800109863281,687.3414306640625,21.899999618530273,973.3676147460938,194.50355529785156,199.64999389648438,291.6099853515625,141.11000061035156,307.1300048828125,809.5,328.2099914550781,229.02999877929688,46.18000030517578,237.60000610351562,286.5037536621094,75.55000305175781,917.5,637.510009765625,490.2974548339844,309.5799865722656,606.7000122070312,114.19999694824219,157.7025146484375,337.04998779296875,389.0199890136719,444.08343505859375,45.41999816894531,91.73999786376953,53.439998626708984,113.2699966430664,178.55999755859375,154.97872924804688,26.96489715576172,44.189998626708984,131.27999877929688,200.72999572753906,181.84878540039062,157.32977294921875,95.83000183105469,36.9900016784668,122.37000274658203,210.3000030517578,175.39999389648438,482.5199890136719,380.29998779296875,338.7900085449219,187.33811950683594,75.33999633789062,,280.44000244140625,299.7099914550781,120.61181640625
2026-03-20,247.99000549316406,203.38272094726562,248.14999389648438,332.30810546875,357.05999755859375,201.3300018310547,347.79998779296875,205.3699951171875,214.56675720214844,663.9299926757812,,1125.7108154296875,3.490000009536743,294.5687561035156,195.1199951171875,47.15999984741211,38.275325775146484,75.76000213623047,89.2699966430664,480.94000244140625,679.586181640625,21.0,970.9212036132812,194.892578125,192.82000732421875,286.7900085449219,137.2100067138672,301.0,813.530029296875,320.75,221.5,43.869998931884766,235.3699951171875,285.1009216308594,74.75,906.7000122070312,627.4299926757812,495.4685363769531,308.8500061035156,593.6599731445312,114.18000030517578,160.60690307617188,332.54998779296875,381.8699951171875,422.722412109375,45.439998626708984,91.81999969482422,52.369998931884766,110.37999725341797,172.6999969482422,149.15904235839844,26.532041549682617,44.0099983215332,129.89999389648438,198.16000366210938,172.79615783691406,151.25291442871094,92.55000305175781,36.54999923706055,116.77999877929688,203.75,168.02000427246094,474.5400085449219,367.9599914550781,329.239990234375,186.24368286132812,73.88999938964844,,275.5899963378906,301.6199951171875,118.79328918457031
2026-03-23,251.49000549316406,203.2438507080078,247.63999938964844,334.31573486328125,361.7900085449219,202.67999267578125,349.7699890136719,210.13999938964844,216.51463317871094,681.8499755859375,,1172.8067626953125,3.390000104904175,300.95855712890625,198.41000366210938,47.52000045776367,38.355098724365234,77.83999633789062,88.41000366210938,479.9800109863281,700.3666381835938,21.149999618530273,964.3306884765625,194.6930694580078,189.9199981689453,291.5400085449219,137.33999633789062,302.05999755859375,831.27001953125,330.8999938964844,223.00999450683594,44.0099983215332,235.4199981689453,288.4338684082031,75.11000061035156,910.5499877929688,616.25,499.5215759277344,308.4700012207031,604.0599975585938,115.68000030517578,163.44166564941406,330.45001220703125,383.0,404.1802062988281,44.2599983215332,93.37999725341797,52.709999084472656,110.94999694824219,175.63999938964844,153.80282592773438,26.335290908813477,45.4900016784668,128.35000610351562,194.82000732421875,175.1158447265625,151.292236328125,93.83000183105469,36.65999984741211,121.0999984741211,211.3000030517578,174.1999969482422,492.3900146484375,380.8500061035156,338.45001220703125,187.67640686035156,75.12000274658203,,269.5400085449219,304.44000244140625,120.49005889892578
2026-03-24,251.63999938964844,203.5116424560547,238.8699951171875,334.12451171875,373.989990234375,205.3699951171875,348.42999267578125,207.24000549316406,218.91201782226562,677.5,,1198.948974609375,3.380000114440918,301.04827880859375,196.4199981689453,48.13999938964844,37.632171630859375,77.83999633789062,86.80999755859375,479.3299865722656,715.2682495117188,20.899999618530273,972.4089965820312,182.56341552734375,192.85000610351562,290.6300048828125,138.11000061035156,290.44000244140625,835.719970703125,330.9100036621094,221.57000732421875,44.060001373291016,235.27000427246094,290.91119384765625,74.66999816894531,903.02001953125,610.1699829101562,498.0740661621094,307.8399963378906,592.9199829101562,116.37000274658203,164.98336791992188,322.20001220703125,372.739990234375,395.3639221191406,43.20000076293945,90.91999816894531,53.4900016784668,104.6500015258789,175.1999969482422,146.57806396484375,26.52220344543457,44.209999084472656,128.6699981689453,194.0,168.0781707763672,145.1563720703125,91.9800033569336,36.709999084472656,116.1500015258789,209.1999969482422,161.33999633789062,484.8500061035156,383.0299987792969,343.25,193.6460723876953,72.33999633789062,,272.2799987792969,303.760009765625,121.8175277709961
2026-03-25,252.6199951171875,205.475341796875,237.25,338.2353210449219,369.3399963378906,220.27000427246094,353.92999267578125,211.7100067138672,219.71115112304688,697.0499877929688,,1208.9268798828125,3.5399999618530273,299.2938232421875,199.61000061035156,48.75,38.02105712890625,78.87999725341797,88.7699966430664,476.19000244140625,717.6736450195312,21.549999237060547,973.447509765625,181.5060577392578,193.50999450683594,296.55999755859375,138.25999450683594,290.92999267578125,841.8400268554688,332.510009765625,225.7899932861328,47.18000030517578,239.92999267578125,293.91583251953125,75.25,916.3099975585938,624.2000122070312,501.8974914550781,311.70001220703125,594.8900146484375,119.37000274658203,164.76454162597656,321.04998779296875,371.0400085449219,381.9295654296875,45.400001525878906,92.27999877929688,52.97999954223633,103.05999755859375,178.67999267578125,145.5117950439453,26.83700942993164,44.849998474121094,130.35000610351562,195.0,166.06320190429688,144.44839477539062,92.69999694824219,36.779998779296875,118.41999816894531,211.8000030517578,160.61000061035156,473.2099914550781,385.95001220703125,347.75,195.77525329589844,73.08000183105469,,270.54998779296875,304.9100036621094,122.82559204101562
2026-03-26,252.88999938964844,209.38291931152344,240.8800048828125,335.4629211425781,338.54998779296875,203.77000427246094,353.1600036621094,207.5399932861328,221.60910034179688,692.8300170898438,,1163.22802734375,3.5399999618530273,298.4465026855469,194.36000061035156,48.2400016784668,38.165645599365234,78.18000030517578,87.45999908447266,475.2699890136719,701.8538208007812,22.5,978.2305908203125,185.1768798828125,185.8300018310547,285.239990234375,136.8800048828125,280.9200134277344,822.6400146484375,328.42999267578125,225.1699981689453,44.099998474121094,239.24000549316406,290.1749572753906,74.69000244140625,897.0,627.3300170898438,499.89093017578125,308.92999267578125,547.5399780273438,118.93000030517578,162.35748291015625,318.8500061035156,365.9700012207031,355.31072998046875,44.20000076293945,93.31999969482422,52.06999969482422,103.63999938964844,171.24000549316406,142.31295776367188,27.122299194335938,45.20000076293945,130.5399932861328,192.85000610351562,164.22515869140625,142.22610473632812,91.22000122070312,36.31999969482422,115.43000030517578,209.75,162.3300018310547,478.17999267578125,372.1099853515625,326.1099853515625,192.4322509765625,70.55000305175781,,268.04998779296875,305.5299987792969,121.94727325439453
2026-03-27,248.8000030517578,207.6770782470703,234.83999633789062,335.4629211425781,337.1700134277344,201.99000549316406,348.7699890136719,199.33999633789062,218.51246643066406,691.4000244140625,,1143.8707275390625,3.3499999046325684,291.34893798828125,190.52000427246094,46.970001220703125,38.15068435668945,77.77999877929688,85.68000030517578,468.489990234375,694.07861328125,23.100000381469727,982.4344482421875,178.8626708984375,190.2899932861328,282.80999755859375,134.25,274.3399963378906,802.8900146484375,321.6499938964844,223.1199951171875,43.130001068115234,240.4499969482422,281.3998718261719,75.70999908447266,878.239990234375,615.8400268554688,483.4092712402344,305.8999938964844,525.719970703125,119.62999725341797,157.54336547851562,312.54998779296875,356.7699890136719,357.07000732421875,43.68000030517578,93.43000030517578,51.369998931884766,99.41000366210938,167.52000427246094,139.17391967773438,26.600906372070312,43.59000015258789,127.11000061035156,189.7100067138672,161.2174530029297,140.18081665039062,86.80999755859375,35.7599983215332,111.8499984741211,204.89999389648438,152.8000030517578,472.4800109863281,361.8299865722656,326.739990234375,189.36781311035156,69.18000030517578,,259.0199890136719,295.5199890136719,122.65592193603516
2026-03-30,246.6300048828125,211.36647033691406,241.1300048828125,341.58135986328125,323.1199951171875,196.0399932861328,349.0,200.9499969482422,215.31594848632812,704.3099975585938,,1109.546630859375,3.4000000953674316,296.552490234375,189.2100067138672,47.22999954223633,38.95338439941406,78.05999755859375,85.25,474.6600036621094,666.1617431640625,24.25,995.1360473632812,184.56838989257812,184.6999969482422,273.25,136.33999633789062,273.5,807.5999755859375,323.5,223.47999572753906,41.189998626708984,242.49000549316406,282.32513427734375,76.2699966430664,886.6300048828125,598.5700073242188,493.15252685546875,308.5299987792969,536.3800048828125,118.0999984741211,157.52346801757812,317.6000061035156,358.9599914550781,321.79998779296875,43.65999984741211,92.97000122070312,51.2400016784668,104.97000122070312,165.1699981689453,138.31692504882812,27.31905174255371,44.66999816894531,127.06999969482422,187.14999389648438,165.4144744873047,144.56639099121094,86.72000122070312,35.95000076293945,111.7699966430664,205.39999389648438,153.6699981689453,475.0,355.2799987792969,316.5,185.47756958007812,69.91000366210938,,261.7900085449219,299.5400085449219,123.26475524902344
2026-03-31,253.7899932861328,215.7005157470703,243.0800018310547,343.4933776855469,341.7900085449219,203.42999267578125,351.8500061035156,208.27000427246094,215.2659912109375,730.25,,1116.730712890625,3.5399999618530273,301.5267639160156,199.02999877929688,48.75,39.27246856689453,78.0,88.87999725341797,479.20001220703125,707.1138305664062,24.149999618530273,994.9862060546875,186.2042999267578,197.25999450683594,283.7699890136719,139.3699951171875,287.55999755859375,845.989990234375,328.8900146484375,226.02999877929688,44.130001068115234,244.44000244140625,292.6622314453125,76.05000305175781,919.77001953125,604.3900146484375,498.8028259277344,310.7900085449219,572.1300048828125,120.29000091552734,163.69033813476562,317.45001220703125,370.1700134277344,337.8399963378906,45.540000915527344,96.1500015258789,52.81999969482422,104.55000305175781,174.39999389648438,146.59799194335938,27.6240177154541,45.22999954223633,128.77999877929688,192.89999389648438,168.2845916748047,144.44839477539062,89.58999633789062,36.29999923706055,118.62000274658203,205.6999969482422,150.82000732421875,484.9100036621094,371.75,337.95001220703125,193.15855407714844,71.93000030517578,,270.5899963378906,302.239990234375,124.04327392578125
2026-04-01,255.6300048828125,213.21116638183594,241.3699951171875,351.52386474609375,353.79998779296875,210.2100067138672,353.2799987792969,210.57000732421875,218.81214904785156,743.1199951171875,,1184.9798583984375,3.700000047683716,300.5000305175781,207.32000732421875,49.27000045776367,40.00537109375,79.0199966430664,89.41999816894531,478.5,728.9322509765625,24.600000381469727,995.1160278320312,185.77537536621094,199.4199981689453,292.67999267578125,140.3000030517578,297.3900146484375,860.2100219726562,329.55999755859375,228.1999969482422,48.029998779296875,244.1199951171875,293.87603759765625,76.08000183105469,954.52001953125,617.6400146484375,490.8065490722656,307.2900085449219,579.22998046875,120.83999633789062,165.28176879882812,320.25,369.3699951171875,367.8500061035156,44.880001068115234,95.55000305175781,44.630001068115234,104.04000091552734,175.75,144.7245330810547,28.086383819580078,44.630001068115234,127.27999877929688,194.72000122070312,168.43202209472656,146.3756866455078,90.43000030517578,36.38999938964844,118.5199966430664,215.35000610351562,153.1199951171875,470.010009765625,381.260009765625,341.489990234375,195.30763244628906,71.70999908447266,,273.9800109863281,298.510009765625,124.50239562988281
2026-04-02,255.9199981689453,207.12168884277344,242.9199981689453,351.71502685546875,348.4700012207031,217.5,347.94000244140625,209.77000427246094,220.46034240722656,746.4199829101562,,1158.4384765625,3.7899999618530273,300.17999267578125,208.22000122070312,49.380001068115234,39.58158493041992,79.23999786376953,91.18000030517578,477.3500061035156,715.8571166992188,25.200000762939453,1013.4894409179688,186.71302795410156,195.32000732421875,281.1600036621094,139.7100067138672,295.7699890136719,863.0399780273438,321.6300048828125,229.4499969482422,50.380001068115234,243.0399932861328,293.1000061035156,76.72000122070312,935.5800170898438,622.7899780273438,492.5934753417969,307.1400146484375,574.4600219726562,120.87000274658203,164.92369079589844,321.20001220703125,373.4599914550781,366.239990234375,45.58000183105469,98.66000366210938,44.189998626708984,102.0,177.38999938964844,145.87054443359375,27.86012077331543,45.34000015258789,126.80000305175781,196.2100067138672,168.83502197265625,146.41500854492188,90.37000274658203,35.9900016784668,118.25,213.35000610351562,151.85000610351562,488.9700012207031,360.5899963378906,339.0400085449219,193.88485717773438,71.83999633789062,,277.260009765625,300.79998779296875,125.55039978027344
2026-04-06,258.8599853515625,204.9893798828125,244.36000061035156,,352.6199951171875,220.17999267578125,342.57000732421875,212.7899932861328,,748.25,,,3.8499999046325684,305.7300109863281,212.3000030517578,50.060001373291016,,,91.27999877929688,476.3800048828125,719.8695068359375,,1017.0741577148438,184.56838989257812,195.57000732421875,288.69000244140625,140.1300048828125,299.989990234375,866.0499877929688,326.6499938964844,228.2100067138672,50.779998779296875,240.97000122070312,295.45001220703125,77.22000122070312,927.0599975585938,637.9000244140625,500.6396484375,309.760009765625,573.02001953125,120.8499984741211,165.6597442626953,,372.8800048828125,377.760009765625,,98.93000030517578,44.029998779296875,102.41999816894531,177.63999938964844,145.033447265625,27.378076553344727,45.47999954223633,125.7300033569336,198.41000366210938,168.1961212158203,,94.77999877929688,,118.80000305175781,,149.3800048828125,484.4800109863281,352.82000732421875,341.760009765625,198.41184997558594,72.16999816894531,,281.3599853515625,303.3299865722656,126.54849243164062
2026-04-07,253.5,204.67201232910156,240.13999938964844,351.04583740234375,354.30999755859375,221.52999877929688,340.0,213.77000427246094,213.81756591796875,765.4299926757812,,1111.3426513671875,3.7899999618530273,307.0299987792969,210.0,50.279998779296875,39.157798767089844,78.23999786376953,89.62000274658203,478.0799865722656,723.0634155273438,25.0,1011.741943359375,182.50357055664062,192.30999755859375,288.6000061035156,138.8000030517578,305.4599914550781,864.1500244140625,318.7699890136719,223.83999633789062,52.90999984741211,238.41000366210938,297.3999938964844,75.91000366210938,931.0900268554688,627.7000122070312,497.4251708984375,304.8500061035156,575.0499877929688,119.27999877929688,167.52969360351562,318.45001220703125,372.2900085449219,377.5799865722656,45.060001373291016,98.81999969482422,42.689998626708984,100.55000305175781,178.10000610351562,142.6717071533203,26.659931182861328,44.869998931884766,124.06999969482422,197.9199981689453,166.58413696289062,142.7964324951172,95.20999908447266,35.939998626708984,117.05999755859375,210.0,149.24000549316406,483.17999267578125,346.6499938964844,345.32000732421875,198.73023986816406,71.7300033569336,,307.7300109863281,302.54998779296875,122.25668334960938
2026-04-08,258.8999938964844,209.84906005859375,239.30999755859375,361.46630859375,385.7200012207031,231.82000732421875,349.80999755859375,221.25,220.31051635742188,785.0700073242188,,1209.9246826171875,3.759999990463257,316.3399963378906,217.8000030517578,51.880001068115234,40.364341735839844,82.41999816894531,92.08000183105469,479.75,770.1138916015625,25.549999237060547,1028.7772216796875,175.92999267578125,200.77999877929688,308.05999755859375,141.5399932861328,317.32000732421875,905.75,336.1600036621094,232.47000122070312,58.95000076293945,241.3000030517578,307.9700012207031,77.29000091552734,953.2999877929688,628.5,506.25,307.010009765625,612.4199829101562,123.18000030517578,175.07913208007812,323.54998779296875,374.3299865722656,406.7300109863281,45.560001373291016,99.38999938964844,43.130001068115234,97.47000122070312,182.0800018310547,143.16000366210938,27.023921966552734,45.849998474121094,127.51000213623047,203.47999572753906,166.2892608642578,147.20166015625,97.20999908447266,37.880001068115234,120.0999984741211,231.5,149.99000549316406,483.1700134277344,343.25,365.8999938964844,207.84393310546875,72.37999725341797,,305.9800109863281,308.9599914550781,127.0176010131836
2026-04-09,260.489990234375,210.6523895263672,229.94000244140625,361.6575012207031,397.80999755859375,236.63999938964844,355.6000061035156,233.64999389648438,220.26055908203125,800.5,,1232.0758056640625,3.700000047683716,317.7699890136719,220.05999755859375,52.709999084472656,40.33443069458008,82.37999725341797,91.9800033569336,485.20001220703125,785.5744018554688,24.049999237060547,1030.53466796875,170.85000610351562,197.25,313.0199890136719,142.08999633789062,318.489990234375,903.719970703125,339.5799865722656,236.05999755859375,61.720001220703125,241.30999755859375,310.3299865722656,78.18000030517578,955.1900024414062,623.8699951171875,503.57000732421875,309.54998779296875,628.3900146484375,122.68000030517578,177.2076873779297,315.70001220703125,373.07000732421875,421.510009765625,45.63999938964844,102.05000305175781,44.0,89.80999755859375,183.91000366210938,137.86000061035156,26.777982711791992,45.97999954223633,127.75,203.19000244140625,161.68923950195312,137.17189025878906,96.91999816894531,37.34000015258789,112.37999725341797,226.75,132.24000549316406,486.6199951171875,345.6199951171875,365.489990234375,213.8931884765625,71.80999755859375,,306.9100036621094,308.2900085449219,128.884033203125
2026-04-10,260.4800109863281,206.22909545898438,225.35000610351562,360.7015075683594,399.489990234375,245.0399932861328,351.0199890136719,238.3800048828125,222.60801696777344,799.6500244140625,,1267.197998046875,3.640000104904175,313.5,217.6300048828125,52.540000915527344,40.00537109375,83.83999633789062,95.5,479.8999938964844,789.1575927734375,24.549999237060547,997.0232543945312,164.9600067138672,203.47000122070312,308.3500061035156,138.99000549316406,317.239990234375,907.7999877929688,337.3399963378906,235.0399932861328,62.380001068115234,238.4600067138672,309.8699951171875,77.47000122070312,939.469970703125,613.719970703125,498.6600036621094,305.67999267578125,629.8599853515625,121.41999816894531,176.69046020507812,316.70001220703125,370.8699951171875,420.5899963378906,45.959999084472656,103.01000213623047,42.619998931884766,83.0,188.6300048828125,138.08999633789062,26.48285484313965,45.2400016784668,128.05999755859375,201.55999755859375,160.31317138671875,137.05389404296875,96.5999984741211,37.77000045776367,110.79000091552734,229.4499969482422,121.11000061035156,475.989990234375,348.95001220703125,370.6000061035156,213.6444549560547,70.4800033569336,,304.3299865722656,304.3599853515625,126.52852630615234
2026-04-13,259.20001220703125,204.7711944580078,240.11000061035156,362.2311096191406,395.7300109863281,246.8300018310547,349.82000732421875,239.88999938964844,219.81105041503906,809.27001953125,,1257.0206298828125,3.7899999618530273,323.82000732421875,222.13999938964844,53.349998474121094,40.673458099365234,83.87999725341797,96.69999694824219,480.19000244140625,790.2255249023438,25.049999237060547,979.4287719726562,172.82000732421875,200.35000610351562,311.8999938964844,139.02999877929688,321.30999755859375,890.7899780273438,341.1600036621094,233.63999938964844,65.18000030517578,237.9600067138672,313.67999267578125,76.41000366210938,929.5499877929688,619.6900024414062,508.5799865722656,304.510009765625,634.530029296875,120.1500015258789,180.1717529296875,324.8500061035156,384.3699951171875,426.55999755859375,45.5,103.16000366210938,42.90999984741211,89.05999755859375,189.30999755859375,155.6199951171875,26.896034240722656,47.5099983215332,131.24000549316406,201.41000366210938,166.67262268066406,140.121826171875,97.4800033569336,37.790000915527344,114.97000122070312,228.6999969482422,134.24000549316406,504.1000061035156,352.4200134277344,369.57000732421875,215.6144561767578,72.33999633789062,,313.0,309.3900146484375,124.33271789550781
2026-04-14,258.8299865722656,208.52999877929688,235.72000122070312,367.10675048828125,395.6400146484375,255.07000732421875,350.95001220703125,249.02000427246094,218.51246643066406,828.3499755859375,,1281.36669921875,3.8499999046325684,326.9599914550781,223.77000427246094,53.349998474121094,40.49397277832031,82.5,98.41000366210938,477.5400085449219,792.7407836914062,25.450000762939453,973.3875732421875,171.30999755859375,200.61000061035156,318.0,140.4499969482422,332.9100036621094,909.6300048828125,342.7099914550781,233.24000549316406,63.810001373291016,240.10000610351562,311.1199951171875,75.9000015258789,922.5,611.5800170898438,513.1599731445312,303.2200012207031,662.489990234375,119.95999908447266,182.3599853515625,332.75,393.1099853515625,465.6600036621094,45.08000183105469,106.27999877929688,44.20000076293945,87.79000091552734,196.50999450683594,163.0,26.669769287109375,47.970001220703125,132.83999633789062,202.80999755859375,164.94268798828125,141.06581115722656,98.47000122070312,38.290000915527344,117.63999938964844,237.25,135.47000122070312,511.3599853515625,364.20001220703125,379.8900146484375,217.76351928710938,72.91000366210938,,314.19000244140625,311.3699951171875,124.81181335449219
2026-04-15,266.42999267578125,208.4199981689453,244.66000366210938,369.1143798828125,394.260009765625,258.1199951171875,348.2200012207031,248.5,223.10748291015625,840.8699951171875,,1227.2862548828125,4.0,329.05999755859375,223.92999267578125,54.31999969482422,40.623600006103516,82.23999786376953,99.47000122070312,474.0899963378906,768.7064819335938,25.549999237060547,983.3231811523438,177.60000610351562,195.1999969482422,313.92999267578125,139.77000427246094,337.1199951171875,899.489990234375,338.9100036621094,232.19000244140625,64.94000244140625,238.6699981689453,305.92999267578125,75.30999755859375,905.030029296875,611.0999755859375,519.9600219726562,306.260009765625,671.5800170898438,117.9000015258789,190.59573364257812,345.20001220703125,411.2200012207031,456.2300109863281,46.02000045776367,107.70999908447266,45.439998626708984,94.19000244140625,198.8699951171875,169.80999755859375,26.748470306396484,49.56999969482422,133.0500030517578,198.38999938964844,169.94570922851562,144.09439086914062,98.33999633789062,38.34000015258789,127.41000366210938,237.39999389648438,144.47999572753906,531.1699829101562,391.95001220703125,375.1000061035156,215.19656372070312,77.27999877929688,,314.04998779296875,315.9100036621094,124.5223617553711
2026-04-16,263.3999938964844,208.99000549316406,248.16000366210938,368.92315673828125,389.8999938964844,278.260009765625,349.3900146484375,249.6999969482422,222.90768432617188,828.3499755859375,,1219.902587890625,4.090000152587891,325.760009765625,218.8800048828125,53.5099983215332,40.5737419128418,81.0,102.12000274658203,475.1199951171875,771.1917724609375,26.149999618530273,985.7796020507812,181.22000122070312,191.64999389648438,298.2900085449219,138.5500030517578,336.0199890136719,900.0,337.1499938964844,229.3800048828125,68.5,234.5399932861328,309.95001220703125,75.18000030517578,903.989990234375,607.489990234375,518.5399780273438,306.9599914550781,676.8699951171875,115.45999908447266,186.3187255859375,354.95001220703125,420.260009765625,457.2300109863281,46.13999938964844,107.79000091552734,45.70000076293945,96.44000244140625,198.35000610351562,178.33999633789062,26.777982711791992,49.810001373291016,134.47000122070312,195.85000610351562,174.378662109375,149.1289520263672,98.36000061035156,38.349998474121094,126.94000244140625,239.60000610351562,143.5500030517578,531.4500122070312,388.8999938964844,363.3500061035156,221.97215270996094,76.4800033569336,,316.3999938964844,315.1000061035156,124.58224487304688
2026-04-17,270.2300109863281,208.3800048828125,244.4499969482422,372.8428039550781,396.94000244140625,278.3900146484375,355.29998779296875,250.55999755859375,230.29965209960938,849.0399780273438,,1241.25537109375,4.03000020980835,331.69000244140625,223.3800048828125,53.90999984741211,40.98257064819336,84.22000122070312,102.91999816894531,474.5799865722656,793.1400146484375,26.600000381469727,998.4412231445312,182.13999938964844,190.44000244140625,304.1300048828125,137.63999938964844,341.67999267578125,925.9500122070312,349.3999938964844,233.5500030517578,68.5,234.17999267578125,310.2900085449219,75.73999786376953,927.030029296875,592.1900024414062,521.2999877929688,311.3599853515625,688.5499877929688,119.06999969482422,187.8107147216797,364.3500061035156,422.7900085449219,455.07000732421875,45.560001373291016,97.30999755859375,46.029998779296875,96.66000366210938,201.67999267578125,175.05999755859375,27.11246109008789,50.810001373291016,136.1999969482422,196.4199981689453,178.12355041503906,153.6325225830078,100.0,38.90999984741211,131.14999389648438,247.64999389648438,143.97999572753906,536.6099853515625,400.6199951171875,370.5,228.65818786621094,77.12000274658203,,324.6300048828125,317.0199890136719,127.25714111328125
2026-04-20,273.04998779296875,203.7100067138672,248.6300048828125,372.173583984375,391.6199951171875,274.95001220703125,350.1600036621094,248.27999877929688,230.7991180419922,834.4500122070312,,1242.253173828125,4.900000095367432,329.8699951171875,225.0800018310547,53.95000076293945,41.24182891845703,83.5,105.19000244140625,472.0799865722656,798.4000244140625,26.25,996.3942260742188,186.27000427246094,192.49000549316406,303.6000061035156,135.8699951171875,337.4200134277344,941.739990234375,350.989990234375,229.74000549316406,65.69999694824219,230.69000244140625,316.989990234375,75.4800033569336,919.9000244140625,581.280029296875,516.6500244140625,306.94000244140625,670.9099731445312,117.0999984741211,189.68064880371094,353.79998779296875,418.07000732421875,448.4200134277344,44.880001068115234,94.83000183105469,46.47999954223633,99.72000122070312,202.05999755859375,177.5800018310547,27.07311248779297,51.459999084472656,137.52000427246094,195.7899932861328,175.88250732421875,147.6933135986328,98.94999694824219,38.290000915527344,135.13999938964844,242.5500030517578,150.44000244140625,536.760009765625,392.5,366.239990234375,232.5185546875,77.48999786376953,,323.4800109863281,313.94000244140625,127.67633819580078
2026-04-21,266.1700134277344,205.1199951171875,247.17999267578125,377.4316101074219,394.3299865722656,284.489990234375,344.8599853515625,249.91000366210938,227.90225219726562,805.3800048828125,,1234.2708740234375,4.869999885559082,329.7900085449219,219.16000366210938,53.47999954223633,39.85580062866211,83.4800033569336,111.5999984741211,468.5,800.4500122070312,26.700000762939453,1004.3526611328125,187.11000061035156,186.61000061035156,286.7300109863281,133.2899932861328,332.2900085449219,926.5499877929688,343.9200134277344,222.22000122070312,66.26000213623047,226.16000366210938,313.0,74.69999694824219,903.02001953125,571.9500122070312,511.3500061035156,301.8399963378906,668.8400268554688,112.55999755859375,188.29808044433594,361.6000061035156,424.1600036621094,449.3800048828125,44.97999954223633,92.58000183105469,46.38999938964844,100.13999938964844,199.8800048828125,181.1699981689453,26.866519927978516,50.880001068115234,135.55999755859375,187.1699981689453,173.42523193359375,148.63729858398438,97.80000305175781,38.060001373291016,131.1300048828125,241.60000610351562,150.83999633789062,522.4400024414062,386.4200134277344,368.0799865722656,231.97132873535156,77.26000213623047,,346.010009765625,309.94000244140625,129.3531494140625
2026-04-22,273.1700134277344,200.5,255.94000244140625,372.6515808105469,403.4800109863281,303.4599914550781,345.9200134277344,255.36000061035156,232.1975860595703,793.219970703125,,1247.0426025390625,4.710000038146973,332.8999938964844,231.27999877929688,53.119998931884766,40.125030517578125,81.87999725341797,108.5999984741211,465.3999938964844,808.8699951171875,26.149999618530273,1002.2457275390625,189.8000030517578,188.7100067138672,276.2900085449219,132.89999389648438,339.32000732421875,934.8400268554688,339.5,219.97000122070312,65.2699966430664,226.10000610351562,313.0199890136719,74.62999725341797,921.47998046875,555.4299926757812,510.1600036621094,300.07000732421875,674.719970703125,112.88999938964844,190.02879333496094,368.45001220703125,432.9200134277344,487.4800109863281,45.099998474121094,93.23999786376953,45.68000030517578,103.06999969482422,202.5,187.5,26.364803314208984,51.220001220703125,136.07000732421875,180.91000366210938,171.0465850830078,147.31967163085938,99.5199966430664,36.869998931884766,131.9600067138672,241.64999389648438,155.57000732421875,522.8800048828125,387.510009765625,387.44000244140625,235.1153564453125,75.58000183105469,,353.5199890136719,311.2900085449219,129.73240661621094
2026-04-23,273.42999267578125,200.9499969482422,238.97999572753906,372.93841552734375,403.9100036621094,305.3299865722656,348.6199951171875,255.0800018310547,233.9456787109375,787.9500122070312,,1221.0999755859375,4.769999980926514,318.54998779296875,234.14999389648438,52.470001220703125,39.925601959228516,81.08000183105469,105.55999755859375,470.54998779296875,835.239990234375,25.0,1012.9102172851562,173.3000030517578,196.19000244140625,282.3399963378906,133.63999938964844,338.8900146484375,931.2999877929688,340.1600036621094,214.33999633789062,66.77999877929688,230.64999389648438,311.69000244140625,76.27999877929688,917.6500244140625,529.7899780273438,502.3800048828125,302.5299987792969,659.1500244140625,114.62000274658203,187.6416015625,360.45001220703125,415.75,481.7200012207031,45.65999984741211,92.81999969482422,44.779998779296875,84.77999877929688,199.63999938964844,176.27999877929688,26.236913681030273,49.75,133.9499969482422,179.3000030517578,160.46060180664062,138.35186767578125,99.54000091552734,35.970001220703125,124.2300033569336,243.39999389648438,146.39999389648438,515.9400024414062,373.7200012207031,382.6600036621094,280.80322265625,74.69999694824219,,354.55999755859375,308.8800048828125,131.77850341796875
2026-04-24,271.05999755859375,198.7100067138672,245.44000244140625,370.9307861328125,417.0400085449219,347.80999755859375,344.54998779296875,263.989990234375,230.89898681640625,780.25,,1249.5999755859375,4.630000114440918,314.0799865722656,232.44000244140625,52.04999923706055,38.38999938964844,79.33999633789062,105.45999908447266,469.32000732421875,830.7899780273438,24.450000762939453,1009.6849365234375,178.16000366210938,193.75999450683594,284.6000061035156,130.39999389648438,344.3999938964844,926.9099731445312,335.8900146484375,213.1699981689453,82.54000091552734,227.5,308.2799987792969,76.62999725341797,883.9600219726562,513.4500122070312,504.1700134277344,299.3599853515625,675.030029296875,111.9000015258789,187.06471252441406,359.1499938964844,424.6199951171875,496.7200012207031,44.939998626708984,92.44000244140625,44.689998626708984,90.16999816894531,208.27000427246094,173.27999877929688,26.561555862426758,50.47999954223633,148.85000610351562,174.25999450683594,172.265380859375,144.82205200195312,98.66999816894531,35.43000030517578,125.83000183105469,243.10000610351562,140.32000732421875,518.0,376.29998779296875,402.4599914550781,275.7389831542969,74.63999938964844,,354.9200134277344,309.4200134277344,129.6725311279297
2026-04-27,267.6099853515625,197.3800048828125,239.30999755859375,371.12200927734375,404.8599853515625,334.6300048828125,340.17999267578125,261.1199951171875,227.502685546875,783.739990234375,,1212.5999755859375,4.340000152587891,318.8399963378906,231.3300018310547,52.630001068115234,38.380001068115234,79.30000305175781,102.05999755859375,472.80999755859375,828.7899780273438,24.5,996.56396484375,180.17999267578125,197.47999572753906,284.55999755859375,127.75,350.3399963378906,937.8099975585938,332.29998779296875,212.0500030517578,84.98999786376953,225.33999633789062,311.6300048828125,75.44000244140625,868.27001953125,513.3499755859375,506.42999267578125,290.2099914550781,678.6199951171875,110.2300033569336,189.16342163085938,360.04998779296875,424.82000732421875,524.5599975585938,47.52000045776367,91.37000274658203,45.13999938964844,90.44999694824219,216.61000061035156,172.9600067138672,26.35496711730957,49.77000045776367,150.25999450683594,173.3800048828125,170.4764862060547,146.47401428222656,97.88999938964844,35.56999969482422,124.2300033569336,251.85000610351562,144.25,495.82000732421875,378.6700134277344,404.9800109863281,268.1375732421875,76.2699966430664,,354.69000244140625,309.6499938964844,127.34696197509766
2026-04-28,270.7099914550781,197.69000244140625,243.1999969482422,374.6592102050781,381.1099853515625,323.2099914550781,339.57000732421875,259.70001220703125,230.54937744140625,775.030029296875,,1171.800048828125,4.329999923706055,315.8999938964844,230.72000122070312,52.65999984741211,36.619998931884766,79.36000061035156,102.05999755859375,478.1600036621094,817.8699951171875,24.799999237060547,992.5597534179688,181.32000732421875,195.86000061035156,289.20001220703125,129.25999450683594,349.7799987792969,926.5499877929688,329.05999755859375,212.92999267578125,84.5199966430664,227.7899932861328,311.45001220703125,78.3499984741211,874.0,512.2899780273438,507.6199951171875,292.3900146484375,671.3400268554688,110.02999877929688,189.34246826171875,363.8999938964844,429.25,504.2900085449219,47.41999816894531,92.2699966430664,45.029998779296875,90.48999786376953,213.1699981689453,165.9600067138672,26.049999237060547,49.63999938964844,150.0,175.67999267578125,170.525634765625,146.39535522460938,97.27999877929688,35.2599983215332,122.05000305175781,251.14999389648438,142.55999755859375,434.20001220703125,376.0199890136719,392.3399963378906,263.66033935546875,74.11000061035156,,366.7699890136719,309.29998779296875,127.34696197509766
2026-04-29,270.1700134277344,203.88999938964844,243.57000732421875,367.9671630859375,382.5899963378906,337.1099853515625,338.0199890136719,263.0400085449219,229.90008544921875,776.02001953125,,1192.5999755859375,4.119999885559082,315.6499938964844,224.11000061035156,52.880001068115234,36.45000076293945,77.55999755859375,101.56999969482422,475.3800048828125,810.0499877929688,24.700000762939453,997.2229614257812,181.22000122070312,190.61000061035156,283.57000732421875,128.83999633789062,349.94000244140625,905.5999755859375,322.80999755859375,210.3000030517578,94.75,227.35000610351562,309.25,78.87000274658203,851.2100219726562,509.80999755859375,525.22998046875,290.0799865722656,669.1199951171875,110.94999694824219,186.0800018310547,363.3500061035156,424.4599914550781,518.4600219726562,46.47999954223633,92.12000274658203,44.38999938964844,88.88999938964844,209.25,163.8300018310547,25.833572387695312,50.939998626708984,156.0,172.7899932861328,167.1935577392578,143.44541931152344,105.5,33.95000076293945,121.26000213623047,246.75,141.22000122070312,443.57000732421875,372.79998779296875,393.8299865722656,267.8590087890625,74.47000122070312,,370.739990234375,334.8599853515625,127.76616668701172
2026-04-30,271.3500061035156,211.32000732421875,246.10000610351562,371.88677978515625,394.489990234375,354.489990234375,346.25,265.05999755859375,231.3485107421875,781.719970703125,,1222.4000244140625,4.159999847412109,323.04998779296875,229.02999877929688,53.459999084472656,38.04999923706055,77.91999816894531,103.44999694824219,473.6000061035156,890.1099853515625,24.75,1013.06005859375,176.52999877929688,201.88999938964844,289.92999267578125,130.83999633789062,384.79998779296875,923.77001953125,328.79998779296875,214.3300018310547,94.4800033569336,229.85000610351562,313.2300109863281,78.76000213623047,934.5999755859375,517.969970703125,502.9200134277344,293.5899963378906,611.9099731445312,109.18000030517578,190.58999633789062,343.3999938964844,407.7799987792969,517.1599731445312,48.52000045776367,93.61000061035156,44.36000061035156,88.30999755859375,199.57000732421875,161.38999938964844,26.266427993774414,50.13999938964844,179.5800018310547,176.07000732421875,166.59397888183594,143.07176208496094,105.33000183105469,34.880001068115234,121.12999725341797,252.5500030517578,136.47000122070312,446.54998779296875,381.6300048828125,396.05999755859375,279.6590270996094,74.61000061035156,,370.4800109863281,329.8399963378906,131.67869567871094
2026-05-01,280.1400146484375,206.60000610351562,250.7100067138672,,389.0799865722656,360.5400085449219,329.82000732421875,268.260009765625,,783.5,,,4.139999866485596,319.67999267578125,227.3800048828125,53.2400016784668,,,97.54000091552734,473.010009765625,889.6699829101562,,1011.7000122070312,183.82000732421875,211.7100067138672,286.510009765625,131.64999389648438,385.69000244140625,923.7100219726562,323.8800048828125,212.5,99.62000274658203,227.19000244140625,312.4700012207031,78.58000183105469,963.3300170898438,512.77001953125,495.4599914550781,286.6400146484375,608.75,112.16000366210938,190.1699981689453,,414.44000244140625,542.2100219726562,,92.05999755859375,44.400001525878906,91.16000366210938,198.4499969482422,171.8300018310547,25.902435302734375,50.439998626708984,177.00999450683594,173.99000549316406,167.84226989746094,,105.9000015258789,,127.66999816894531,,141.0,441.510009765625,390.82000732421875,397.6700134277344,279.5993347167969,75.12000274658203,,368.7799987792969,328.0299987792969,131.34933471679688
2026-05-04,276.8299865722656,208.16000366210938,253.9600067138672,360.7015075683594,391.3800048828125,341.5400085449219,323.8500061035156,272.04998779296875,236.492919921875,811.0900268554688,,1187.4000244140625,4.199999809265137,319.2099914550781,221.3000030517578,52.189998626708984,37.400001525878906,76.0199966430664,99.3499984741211,468.5199890136719,874.780029296875,25.799999237060547,1012.7899780273438,185.47999572753906,211.38999938964844,280.5199890136719,132.69000244140625,383.25,903.27001953125,312.4200134277344,209.58999633789062,95.77999877929688,224.1999969482422,307.6499938964844,78.19000244140625,967.9299926757812,518.1500244140625,504.739990234375,284.1000061035156,610.4099731445312,113.11000061035156,188.00999450683594,354.29998779296875,413.6199951171875,576.4500122070312,48.619998931884766,91.0199966430664,43.09000015258789,91.97000122070312,198.47999572753906,180.2899932861328,25.872920989990234,50.38999938964844,168.3800048828125,172.89999389648438,168.49099731445312,145.5890350341797,104.97000122070312,34.869998931884766,127.55000305175781,249.5500030517578,144.2100067138672,438.260009765625,392.510009765625,401.6099853515625,279.4700012207031,73.93000030517578,,370.75,326.8500061035156,130.08175659179688
2026-05-05,284.17999267578125,206.11000061035156,255.6199951171875,366.0551452636719,410.82000732421875,355.260009765625,329.5899963378906,273.54998779296875,239.04014587402344,794.7000122070312,,1229.0,4.0,315.95001220703125,224.3800048828125,53.119998931884766,37.900001525878906,77.22000122070312,95.5,465.5199890136719,904.5900268554688,25.5,1016.4199829101562,186.99000549316406,219.3800048828125,286.67999267578125,133.47999572753906,388.42999267578125,918.8900146484375,315.4200134277344,209.05999755859375,108.1500015258789,225.5500030517578,309.3999938964844,78.4800033569336,988.8699951171875,508.92999267578125,497.0799865722656,285.1700134277344,604.9600219726562,113.1500015258789,189.25,351.04998779296875,411.3800048828125,640.2000122070312,50.0,87.88999938964844,43.060001373291016,92.01000213623047,196.5,185.35000610351562,26.02048683166504,46.4900016784668,186.5500030517578,172.8699951171875,172.38999938964844,147.3000030517578,104.94000244140625,35.20000076293945,107.62999725341797,260.5,141.7100067138672,419.5299987792969,389.3699951171875,394.4100036621094,281.0,72.94999694824219,,363.8699951171875,322.0299987792969,130.54086303710938
2026-05-06,287.510009765625,205.02999877929688,250.1699981689453,375.2328186035156,428.6199951171875,421.3900146484375,331.1099853515625,274.989990234375,242.28662109375,807.5499877929688,,1305.0,4.170000076293945,321.8999938964844,229.92999267578125,53.599998474121094,38.5099983215332,81.4000015258789,95.26000213623047,469.8299865722656,926.9299926757812,25.649999618530273,995.75,181.19000244140625,218.0,305.8299865722656,136.3000030517578,398.0400085449219,937.3499755859375,323.04998779296875,216.86000061035156,113.01000213623047,224.6199951171875,314.8999938964844,79.2300033569336,987.0499877929688,514.260009765625,491.8900146484375,284.1000061035156,612.8800048828125,113.55999755859375,193.35000610351562,352.04998779296875,413.9599914550781,666.5900268554688,48.0,88.2699966430664,43.880001068115234,89.05000305175781,207.8300018310547,194.02999877929688,26.09918785095215,46.27000045776367,192.57000732421875,176.74000549316406,173.1300048828125,149.32000732421875,106.44000244140625,35.61000061035156,105.44000244140625,268.29998779296875,139.74000549316406,425.25,398.7300109863281,419.5,289.44000244140625,79.16999816894531,,367.2799987792969,318.79998779296875,129.8322296142578
2026-05-07,287.44000244140625,202.7100067138672,256.510009765625,371.6000061035156,410.6400146484375,408.4599914550781,329.0899963378906,271.1700134277344,246.6818389892578,787.3099975585938,,1300.0,4.010000228881836,318.69000244140625,231.02999877929688,52.75,37.43000030517578,82.36000061035156,93.0199966430664,475.0799865722656,895.6900024414062,25.399999618530273,1012.0599975585938,186.33999633789062,214.57000732421875,302.6300048828125,134.05999755859375,397.989990234375,925.8699951171875,322.6400146484375,216.07000732421875,109.62000274658203,222.50999450683594,306.2699890136719,78.43000030517578,974.9600219726562,512.4099731445312,500.94000244140625,283.70001220703125,616.8099975585938,112.30000305175781,190.1699981689453,361.54998779296875,420.7699890136719,646.6300048828125,47.97999954223633,88.25,44.40999984741211,93.58999633789062,211.5,194.58999633789062,26.049999237060547,46.220001220703125,202.5500030517578,176.77999877929688,174.7100067138672,151.3800048828125,104.26000213623047,33.93000030517578,111.73999786376953,266.20001220703125,153.72000122070312,427.42999267578125,411.7900085449219,414.1499938964844,285.239990234375,76.7300033569336,,369.739990234375,321.2799987792969,129.95199584960938
2026-05-08,293.32000732421875,201.5500030517578,253.0399932861328,369.1000061035156,435.44000244140625,455.19000244140625,331.70001220703125,272.67999267578125,248.37998962402344,782.1699829101562,,1319.4000244140625,4.03000020980835,316.0299987792969,237.36000061035156,51.310001373291016,36.97999954223633,81.81999969482422,94.125,475.94000244140625,897.4500122070312,26.149999618530273,1008.7899780273438,181.82000732421875,219.9499969482422,297.1499938964844,131.3300018310547,400.79998779296875,936.47998046875,317.45001220703125,213.1199951171875,124.91999816894531,221.32000732421875,302.1000061035156,78.41999816894531,948.4500122070312,506.510009765625,495.4800109863281,275.75,609.6300048828125,111.37999725341797,193.08999633789062,353.3999938964844,415.1199951171875,746.8099975585938,46.7400016784668,87.48999786376953,44.13999938964844,91.18000030517578,215.1999969482422,195.9499969482422,25.68000030517578,45.369998931884766,219.08999633789062,176.08999633789062,173.6999969482422,146.1999969482422,104.93000030517578,33.63999938964844,110.41000366210938,264.95001220703125,152.4499969482422,417.8299865722656,428.3500061035156,411.67999267578125,287.79998779296875,75.44999694824219,,379.9800109863281,318.7900085449219,130.42999267578125
