Date,AAPL,ABBV,ADBE,ALV.DE,AMAT,AMD,AMGN,AMZN,APC.DE,ATAI,AXP,BA,BAC,BAYN.DE,BMW.DE,BRK-B,CAT,COST,CRM,GE,GILD,GOOGL,GS,HD,HON,INTC,JNJ,JPM,KO,LLY,LMT,MA,MCD,META,MRK,MS,MSF.DE,MSFT,MU,NFLX,NKE,NOW,NVDA,ORCL,PFE,PYPL,QCOM,RTX,SAP,SAP.DE,SBUX,SHOP,SIE.DE,SNOW,SPOT,TSLA,TXN,UBER,UNH,V,WMT
2024-02-12,185.46212768554688,160.2377471923828,611.8400268554688,214.25247192382812,182.0507049560547,171.91000366210938,274.88037109375,172.33999633789062,172.72874450683594,1.8799999952316284,207.0674285888672,209.3300018310547,31.8634033203125,27.99608612060547,91.2594223022461,397.7099914550781,311.9631652832031,713.5259399414062,283.1627502441406,110.34380340576172,69.1888427734375,146.32066345214844,373.7197570800781,345.7244873046875,177.3432159423828,43.57545852661133,147.67640686035156,167.5506134033203,55.88626480102539,725.8449096679688,403.0802917480469,452.7219543457031,274.61663818359375,465.2489929199219,116.72456359863281,81.44358825683594,381.74884033203125,408.22772216796875,85.02098846435547,55.78499984741211,102.27509307861328,157.47000122070312,72.20387268066406,113.0577621459961,24.26710319519043,59.770442962646484,145.91513061523438,87.12989807128906,172.5791778564453,161.4402618408203,90.59786987304688,89.12000274658203,158.00538635253906,232.16000366210938,234.67999267578125,188.1300048828125,151.1304168701172,69.12000274658203,493.57354736328125,271.00482177734375,55.448673248291016
2024-02-13,183.37115478515625,160.44142150878906,601.8900146484375,213.77394104003906,176.91909790039062,171.5399932861328,271.192626953125,168.63999938964844,171.24378967285156,1.7400000095367432,204.540771484375,204.4600067138672,31.038860321044922,27.585905075073242,90.1336441040039,394.79998779296875,303.43743896484375,705.4662475585938,277.0819396972656,111.60336303710938,68.3338623046875,143.9502410888672,360.4991149902344,338.2886962890625,174.34181213378906,42.71444320678711,146.38534545898438,166.0923309326172,55.55861282348633,731.4664916992188,401.62078857421875,454.4490966796875,272.4059143066406,456.537353515625,116.80838012695312,78.7247314453125,374.2914123535156,399.43914794921875,80.88402557373047,55.45199966430664,100.19486236572266,154.7519989013672,72.08394622802734,110.94964599609375,23.661739349365234,57.95016860961914,142.9987030029297,86.60411071777344,167.3745574951172,156.6286163330078,89.07952117919922,77.18000030517578,156.6084747314453,227.57000732421875,238.0,184.02000427246094,147.1616973876953,68.98999786376953,492.8202819824219,271.7338562011719,55.07097244262695
2024-02-14,182.4891815185547,161.4876251220703,604.6599731445312,212.81686401367188,182.68850708007812,178.6999969482422,270.809814453125,170.97999572753906,169.42225646972656,1.7699999809265137,205.74069213867188,203.3800048828125,31.399011611938477,27.744047164916992,90.38381958007812,398.67999267578125,307.191162109375,713.2987060546875,284.9661865234375,115.3268814086914,67.87846374511719,144.7436981201172,359.8232421875,338.89422607421875,175.1146240234375,43.73380661010742,145.70240783691406,167.77938842773438,55.5024528503418,746.891357421875,393.7770690917969,459.11737060546875,273.4116516113281,469.5948791503906,117.17156982421875,78.75286102294922,372.5217590332031,403.2998352050781,81.181640625,57.93299865722656,101.46398162841797,158.39999389648438,73.85487365722656,111.51571655273438,23.784570693969727,58.55693054199219,146.71572875976562,87.36888885498047,170.73207092285156,158.6687469482422,89.2693099975586,80.66999816894531,157.9097137451172,236.0,244.1699981689453,188.7100067138672,148.11866760253906,79.1500015258789,492.90606689453125,273.4580383300781,54.89516067504883
2024-02-15,182.2018280029297,163.4967498779297,590.4400024414062,214.0349578857422,184.13087463378906,176.75999450683594,271.9859619140625,169.8000030517578,167.56112670898438,1.7999999523162842,207.33082580566406,205.3300018310547,32.28989028930664,27.729219436645508,91.68829345703125,403.45001220703125,313.3599548339844,715.6002197265625,287.71588134765625,116.79896545410156,68.18517303466797,141.59967041015625,366.8476867675781,341.59033203125,177.88241577148438,43.595252990722656,147.74188232421875,171.43936157226562,55.605430603027344,747.3548583984375,398.4192810058594,465.12786865234375,276.91265869140625,480.2611389160156,117.84207916259766,80.31855773925781,369.8672180175781,400.4141845703125,80.98323822021484,59.34600067138672,101.1968002319336,156.0,72.61360931396484,110.07127380371094,24.135501861572266,59.38251876831055,148.65997314453125,87.75129699707031,170.85711669921875,158.18759155273438,88.46268463134766,84.0,159.7850341796875,232.39999389648438,245.50999450683594,200.4499969482422,150.7832794189453,81.38999938964844,496.6629638671875,276.82745361328125,55.11982727050781
2024-02-16,180.66580200195312,164.33001708984375,546.6599731445312,214.99203491210938,195.81687927246094,173.8699951171875,266.9333190917969,169.50999450683594,168.09571838378906,1.840000033378601,207.360107421875,203.88999938964844,32.30885314941406,28.27777671813965,93.01062774658203,405.989990234375,312.2348327636719,715.0864868164062,285.5279541015625,117.42086029052734,66.52165222167969,139.36813354492188,365.9148864746094,342.79180908203125,177.18145751953125,43.060829162597656,147.57220458984375,170.63873291015625,55.596065521240234,771.3008422851562,399.3138122558594,462.01904296875,277.064453125,469.6345520019531,119.00614929199219,81.09669494628906,370.162109375,397.951904296875,78.87010192871094,58.39500045776367,98.77304077148438,153.0,72.56863403320312,108.6365737915039,24.232009887695312,58.82549285888672,145.52438354492188,87.00562286376953,170.19332885742188,158.8612060546875,88.46268463134766,81.29000091552734,161.90911865234375,230.30999755859375,246.25,199.9499969482422,150.47364807128906,78.41000366210938,497.3017883300781,274.4432373046875,55.468204498291016
2024-02-19,,,,216.3406219482422,,,,,166.80877685546875,,,,,28.564409255981445,91.86698913574219,,,,,,,,,,,,,,,,,,,,,,372.079345703125,,,,,,,,,,,,,158.0528564453125,,,162.25357055664062,,,,,,,,
2024-02-20,179.9225311279297,162.71900939941406,541.9099731445312,216.9931640625,185.5830078125,165.69000244140625,266.754638671875,167.0800018310547,165.60101318359375,2.009999990463257,207.2917938232422,203.3699951171875,32.185638427734375,28.43097496032715,90.9735107421875,407.1499938964844,304.31036376953125,716.765625,282.24615478515625,116.99576568603516,66.94915008544922,139.96319580078125,365.9909973144531,342.9999694824219,178.7720184326172,44.060401916503906,148.8070831298828,171.3059539794922,56.82238006591797,745.2640380859375,399.5021057128906,445.85284423828125,277.6622009277344,468.0767822265625,118.61503601074219,80.0185317993164,364.1647644042969,396.7011413574219,80.07051849365234,57.51300048828125,98.5726547241211,150.5679931640625,69.4095687866211,105.84526824951172,24.205692291259766,58.318206787109375,144.8286590576172,86.9769515991211,169.89508056640625,156.9173126220703,88.69044494628906,78.62000274658203,161.43072509765625,220.0800018310547,243.39999389648438,193.75999450683594,152.68789672851562,76.5999984741211,496.8344421386719,271.0835876464844,57.25897216796875
2024-02-21,180.6757049560547,162.1542205810547,538.52001953125,218.12425231933594,187.06715393066406,164.2899932861328,266.70751953125,168.58999633789062,166.63059997558594,1.8799999952316284,205.73092651367188,201.57000732421875,31.939228057861328,28.59406089782715,93.1893310546875,409.25,307.608154296875,714.1284790039062,279.447265625,117.35001373291016,68.02718353271484,141.38148498535156,369.5602722167969,344.4757080078125,179.3022003173828,43.021240234375,149.5800323486328,172.42111206054688,57.3278923034668,735.6481323242188,402.59063720703125,453.0574951171875,278.8576965332031,464.8784484863281,119.3134765625,80.12166595458984,363.5257873535156,396.1003723144531,80.84434509277344,57.334999084472656,100.45248413085938,149.58799743652344,67.43079376220703,105.56222534179688,24.275875091552734,57.174320220947266,144.87625122070312,86.24082946777344,169.2409210205078,156.16668701171875,90.17082214355469,75.58999633789062,162.10049438476562,216.2100067138672,245.08999633789062,194.77000427246094,153.9451141357422,76.44000244140625,497.7021484375,272.6697998046875,56.555686950683594
2024-02-22,182.7071990966797,163.64486694335938,537.5700073242188,221.95252990722656,196.3059844970703,181.86000061035156,268.325927734375,174.5800018310547,167.64031982421875,1.8300000429153442,208.75509643554688,201.5,31.853933334350586,28.57429313659668,93.88623809814453,415.1600036621094,312.4093933105469,725.3685913085938,289.4010925292969,119.39676666259766,67.63683319091797,142.9088592529297,371.6543273925781,351.2965087890625,180.4524688720703,42.53630065917969,151.24855041503906,174.48941040039062,57.24363327026367,759.0516967773438,403.8524475097656,465.4042053222656,280.7647399902344,482.8565368652344,120.37511444091797,80.48728942871094,372.8658447265625,405.4272155761719,85.22932434082031,58.84700012207031,100.27119445800781,153.8419952392578,78.49002838134766,108.3437728881836,24.170591354370117,58.03969192504883,147.48770141601562,86.15420532226562,174.79183959960938,160.9206085205078,90.89205169677734,75.02999877929688,164.66470336914062,225.6199951171875,248.1199951171875,197.41000366210938,155.2117156982422,78.02999877929688,502.0216979980469,279.5565185546875,57.11246109008789
2024-02-23,180.8739013671875,164.88552856445312,553.4400024414062,214.47000122070312,193.7800750732422,176.52000427246094,272.0894775390625,174.99000549316406,167.46214294433594,1.8300000429153442,209.3111572265625,200.8300018310547,32.14773178100586,28.48039436340332,95.35153198242188,417.2200012207031,314.14556884765625,728.8550415039062,288.56341552734375,120.70354461669922,68.35244750976562,142.77992248535156,372.206298828125,351.883056640625,180.2906951904297,42.54619598388672,152.558837890625,175.36627197265625,57.29043960571289,758.9530639648438,405.95220947265625,467.239990234375,282.50103759765625,480.7707214355469,120.55206298828125,81.14356994628906,373.0133056640625,404.13702392578125,85.31861114501953,58.35599899291992,100.79601287841797,154.19400024414062,78.76885223388672,109.26119232177734,24.354833602905273,58.84538650512695,147.6401824951172,86.61611938476562,177.22579956054688,163.40341186523438,90.74022674560547,76.23999786376953,167.72645568847656,229.33999633789062,256.1000061035156,191.97000122070312,153.5792236328125,78.19999694824219,502.7272033691406,279.4087219238281,57.16128921508789
2024-02-26,179.52618408203125,165.5521240234375,560.47998046875,213.73043823242188,200.0605010986328,176.00999450683594,269.4455871582031,174.72999572753906,165.18521118164062,1.899999976158142,211.65245056152344,200.5399932861328,31.853933334350586,28.253067016601562,96.03057861328125,409.1400146484375,315.60052490234375,736.183837890625,296.0436096191406,121.83712768554688,67.79483795166016,136.4423065185547,371.4163818359375,351.54248046875,178.99668884277344,42.54619598388672,151.56906127929688,174.7657928466797,56.83173751831055,761.30029296875,404.12548828125,468.31573486328125,281.9032897949219,478.49615478515625,119.9839859008789,80.31855773925781,370.162109375,401.3793640136719,88.75120544433594,58.76499938964844,99.75591278076172,155.9320068359375,79.04368591308594,108.30472564697266,23.84598159790039,59.014488220214844,149.66070556640625,86.62574005126953,180.39088439941406,166.4828643798828,89.46859741210938,77.55999755859375,167.34371948242188,230.92999267578125,254.99000549316406,199.39999389648438,154.1515350341797,78.36000061035156,500.8965148925781,279.95062255859375,58.216217041015625
2024-02-27,180.98291015625,165.71878051757812,552.489990234375,215.77508544921875,199.38233947753906,178.0,262.0312194824219,173.5399932861328,164.9872283935547,2.0,212.64749145507812,201.39999389648438,32.48892593383789,28.796680450439453,96.20926666259766,408.9100036621094,317.7829284667969,735.5517578125,295.16644287109375,121.22311401367188,67.85989379882812,137.7415771484375,371.9779357910156,355.2887878417969,178.08909606933594,42.28887939453125,151.74813842773438,174.8516082763672,56.485374450683594,754.4755859375,405.3025207519531,468.55255126953125,278.71533203125,483.7703552246094,120.16092681884766,80.1497802734375,367.8025817871094,401.3202209472656,91.12226867675781,60.16699981689453,100.3379898071289,153.42799377441406,78.65292358398438,108.70488739013672,23.591554641723633,59.84006881713867,150.87109375,87.01065826416016,181.98785400390625,168.21505737304688,89.32624053955078,76.62999725341797,168.9894256591797,234.02999877929688,253.02000427246094,199.72999572753906,154.7519989013672,78.75,489.5497131347656,278.9850769042969,58.20645523071289
2024-02-28,179.7838134765625,164.80218505859375,551.8200073242188,216.2536163330078,194.15353393554688,176.5399932861328,261.0621643066406,173.16000366210938,165.70001220703125,1.9600000381469727,212.69627380371094,207.0,32.51735305786133,28.228355407714844,97.5316162109375,412.1400146484375,319.6548767089844,738.76171875,295.4325256347656,122.49839782714844,67.56250762939453,135.2620391845703,376.8857421875,357.22808837890625,177.5409393310547,41.556522369384766,152.28549194335938,175.7379913330078,56.54154586791992,747.216796875,407.2328186035156,472.5990905761719,280.0721435546875,480.76080322265625,119.378662109375,80.6748046875,370.0638122558594,401.5566101074219,88.99921417236328,59.64799880981445,99.5746078491211,151.95799255371094,77.61554718017578,108.9976806640625,23.723154067993164,59.929588317871094,149.29054260253906,86.52951049804688,179.58277893066406,165.63600158691406,88.25391387939453,75.55999755859375,172.0894317626953,230.0,252.25,202.0399932861328,152.9693145751953,77.7300033569336,475.1136474609375,281.4087219238281,58.23575210571289
2024-02-29,179.11985778808594,162.99679565429688,560.280029296875,220.8649444580078,198.16358947753906,192.52999877929688,257.6466979980469,176.75999450683594,165.02684020996094,1.940000057220459,214.05226135253906,203.72000122070312,32.94684600830078,27.76381492614746,97.5852279663086,409.3999938964844,323.92266845703125,734.741943359375,304.3516540527344,123.50603485107422,67.00489807128906,137.32501220703125,372.9269104003906,360.0661926269531,179.5648956298828,42.60557556152344,152.12522888183594,177.3392791748047,56.18581771850586,743.3112182617188,406.198974609375,468.5624694824219,278.88897705078125,486.82965087890625,118.41014862060547,80.66543579101562,370.6536865234375,407.38714599609375,89.89207458496094,60.29199981689453,99.17382049560547,154.26800537109375,79.06367492675781,108.9976806640625,23.302032470703125,60.01911163330078,151.14889526367188,86.2889404296875,180.73719787597656,166.3673858642578,90.05694580078125,76.37000274658203,175.036376953125,188.27999877929688,256.4100036621094,201.8800048828125,156.994384765625,79.5,470.6512756347656,278.4629211425781,57.24921417236328
2024-03-01,178.03970336914062,165.6447296142578,570.9299926757812,219.08131408691406,206.64564514160156,202.63999938964844,263.7624816894531,178.22000122070312,162.80931091308594,2.130000114440918,214.28639221191406,200.0,32.78459930419922,28.001028060913086,98.10343933105469,407.1099853515625,326.5802917480469,740.2235717773438,312.2950134277344,124.89151763916016,67.20006561279297,136.01583862304688,372.0162658691406,363.6989440917969,179.5106964111328,43.36762619018555,152.82278442382812,176.6053466796875,55.72711944580078,771.3599853515625,404.5105895996094,470.4080505371094,277.4100036621094,498.9176330566406,118.23320770263672,81.07794952392578,374.340576171875,409.218994140625,94.39611053466797,61.933998107910156,97.56497955322266,154.7259979248047,82.2287368774414,111.0472412109375,23.328353881835938,60.218048095703125,156.22581481933594,86.41403198242188,181.3721466064453,166.81005859375,88.40576171875,76.58999633789062,173.44808959960938,186.72000122070312,263.75,202.63999938964844,160.4845733642578,81.02999877929688,466.7705078125,278.97528076171875,57.39572525024414
2024-03-04,173.5208282470703,163.9226531982422,567.9400024414062,219.2553253173828,205.898681640625,205.36000061035156,262.8780517578125,177.5800018310547,159.3246307373047,2.0899999141693115,213.55474853515625,200.5399932861328,33.54813766479492,27.753931045532227,98.22852325439453,403.3900146484375,328.4716796875,749.84375,310.0873718261719,126.7493667602539,67.14430236816406,132.25689697265625,375.9942932128906,359.8390808105469,180.0257110595703,45.1391487121582,150.6735382080078,177.93019104003906,55.98924255371094,781.3803100585938,409.7085266113281,462.37432861328125,277.6103515625,494.83544921875,115.52323913574219,84.41558074951172,376.1594543457031,408.6478271484375,95.01119995117188,61.58300018310547,95.3240737915039,155.21800231933594,85.18492126464844,111.32051086425781,22.714216232299805,59.66102600097656,159.54977416992188,86.51988983154297,183.57521057128906,168.61923217773438,87.74148559570312,75.7699966430664,173.25672912597656,177.92999267578125,270.0,188.13999938964844,161.78875732421875,81.30000305175781,459.46661376953125,276.3841247558594,57.92318344116211
2024-03-05,168.58575439453125,165.8761749267578,544.8400268554688,221.38697814941406,203.83468627929688,205.1300048828125,260.300048828125,174.1199951171875,155.0875701904297,2.009999990463257,211.88656616210938,201.13999938964844,33.777198791503906,25.65360450744629,97.71031188964844,400.739990234375,323.5055847167969,750.604248046875,294.4273376464844,124.26962280273438,67.8320083618164,131.58248901367188,374.7098388671875,358.0227966308594,178.3179931640625,42.71444320678711,150.79608154296875,179.71255493164062,55.7177619934082,766.892333984375,409.7464599609375,461.4169616699219,279.13702392578125,486.91900634765625,114.3870849609375,83.56242370605469,365.29541015625,396.5632019042969,93.72149658203125,59.849998474121094,94.14617156982422,148.02999877929688,85.91551208496094,108.27545166015625,22.88091278076172,57.96011734008789,154.65484619140625,86.66422271728516,180.34278869628906,166.9447784423828,86.56475830078125,73.47000122070312,170.8264617919922,167.75,267.0,180.74000549316406,160.0999298095703,79.08999633789062,451.1520080566406,275.2510681152344,58.64601135253906
2024-03-06,167.59474182128906,167.6352996826172,543.0900268554688,221.51748657226562,208.53271484375,210.6300048828125,260.2435302734375,173.50999450683594,153.899658203125,1.9900000095367432,213.10598754882812,201.0,33.80583572387695,26.335594177246094,96.22713470458984,403.9599914550781,325.5424499511719,763.7308349609375,299.37469482421875,125.56066131591797,67.49745178222656,130.3228759765625,373.4254455566406,359.20281982421875,181.16419982910156,44.05050277709961,150.2022247314453,180.6466064453125,55.745845794677734,769.042236328125,411.16925048828125,465.4437255859375,279.5091552734375,492.7494812011719,115.24385070800781,80.3091812133789,363.8207092285156,396.01171875,94.8028564453125,59.76900100708008,93.49497985839844,148.21200561523438,88.64997100830078,109.5735092163086,23.854751586914062,57.810916900634766,160.82379150390625,86.85668182373047,183.44052124023438,168.6769561767578,86.97281646728516,74.01000213623047,172.22340393066406,167.0,268.0299987792969,176.5399932861328,161.25392150878906,78.63999938964844,450.6276550292969,276.2855529785156,59.1636962890625
2024-03-07,167.475830078125,167.18165588378906,556.0399780273438,222.99658203125,208.9652099609375,211.3800048828125,256.7339782714844,176.82000732421875,153.2066650390625,2.190000057220459,217.95440673828125,203.02999877929688,34.006263732910156,26.09838104248047,95.56597137451172,402.3900146484375,329.9945373535156,775.9290161132812,298.0442199707031,131.07115173339844,68.45465850830078,133.2784423828125,372.3326110839844,358.3558654785156,183.07069396972656,45.67357635498047,149.7591552734375,179.06442260742188,55.64287185668945,769.4269409179688,407.85888671875,461.43670654296875,277.77252197265625,508.7410888671875,115.46735382080078,80.75918579101562,366.7210998535156,402.9552001953125,98.19576263427734,60.85100173950195,94.0312728881836,153.61599731445312,92.61672973632812,111.78897857666016,23.503820419311523,58.18889617919922,168.32424926757812,87.1357650756836,188.14488220214844,171.08277893066406,86.30854034423828,75.33000183105469,173.6968536376953,168.44000244140625,270.3500061035156,178.64999389648438,164.4439239501953,79.41000366210938,456.520263671875,274.14764404296875,58.95857238769531
2024-03-08,169.19021606445312,165.58917236328125,551.6900024414062,225.17172241210938,202.03604125976562,207.38999938964844,257.5714111328125,175.35000610351562,155.54295349121094,2.0999999046325684,217.90560913085938,198.49000549316406,33.97762680053711,25.969890594482422,95.72679138183594,403.1499938964844,328.9954528808594,716.6372680664062,300.8628845214844,132.2205047607422,69.81149291992188,134.30001831054688,370.9522399902344,355.3105163574219,181.39010620117188,43.54576873779297,150.3719024658203,179.3980255126953,55.7177619934082,751.6549072265625,410.6190490722656,463.1342468261719,279.1465759277344,502.5431823730469,115.01103210449219,81.60297393798828,367.0651550292969,400.0793151855469,96.84654235839844,60.481998443603516,94.96017456054688,151.53599548339844,87.4786376953125,109.71989440917969,23.881074905395508,58.69618225097656,163.3909912109375,87.45330047607422,185.66282653808594,170.27444458007812,86.41292572021484,76.16000366210938,174.06044006347656,162.39999389648438,259.3999938964844,175.33999633789062,161.65737915039062,78.69999694824219,456.20440673828125,275.9013977050781,58.72414016723633
2024-03-11,171.1920166015625,166.31134033203125,560.4199829101562,226.43333435058594,197.91786193847656,198.38999938964844,259.08624267578125,171.9600067138672,156.552734375,2.0199999809265137,214.8034210205078,192.49000549316406,34.25441360473633,26.508562088012695,95.4944839477539,404.760009765625,324.90228271484375,705.2982788085938,301.5724182128906,131.11837768554688,69.99736022949219,136.54148864746094,370.15667724609375,353.56890869140625,180.97445678710938,44.39689254760742,151.98379516601562,179.46473693847656,56.39176559448242,724.2669067382812,412.37384033203125,463.0355224609375,281.3125915527344,480.33367919921875,114.33120727539062,81.50921630859375,362.7884216308594,398.4049987792969,93.76117706298828,60.09299850463867,96.79885864257812,151.34800720214844,85.72562408447266,111.38883209228516,24.890010833740234,59.760498046875,163.91786193847656,87.95370483398438,182.62278747558594,166.9832763671875,87.37138366699219,74.97000122070312,172.8166046142578,162.2899932861328,254.4499969482422,177.77000427246094,163.4306182861328,77.47000122070312,468.24676513671875,276.41363525390625,59.251609802246094
2024-03-12,171.6676788330078,167.5056915283203,579.1400146484375,229.5655517578125,201.42669677734375,202.75999450683594,260.196533203125,175.38999938964844,156.43394470214844,1.909999966621399,217.20327758789062,184.24000549316406,34.321224212646484,26.18239402770996,98.08556365966797,404.9800109863281,327.1040954589844,727.8179321289062,302.1834411621094,131.8268585205078,69.77432250976562,137.3646697998047,372.09295654296875,356.4429626464844,179.9263153076172,44.77296829223633,153.40724182128906,180.9420928955078,56.635154724121094,744.5637817382812,412.525634765625,466.6970520019531,280.8258972167969,496.3848571777344,114.2287826538086,81.61234283447266,372.079345703125,409.0023193359375,96.64812469482422,61.108001708984375,95.93698120117188,157.91200256347656,91.86117553710938,124.47674560546875,24.574169158935547,59.710758209228516,165.79539489746094,86.55839538574219,186.47091674804688,170.33216857910156,87.68453216552734,76.36000061035156,174.8450164794922,161.9499969482422,258.0899963378906,177.5399932861328,164.00296020507812,78.31999969482422,468.438232421875,279.7240295410156,59.984188079833984
2024-03-13,169.5866241455078,166.52432250976562,573.5499877929688,230.95767211914062,197.1217498779297,194.7899932861328,259.67901611328125,176.55999755859375,154.63221740722656,1.840000033378601,217.35931396484375,182.35000610351562,34.43575668334961,26.053903579711914,96.9419174194336,408.1300048828125,331.2554016113281,725.1709594726562,300.6637268066406,133.95236206054688,70.57354736328125,138.64410400390625,376.0517883300781,360.677978515625,180.46844482421875,42.78371810913086,151.8612823486328,182.409912109375,57.215553283691406,747.4140625,412.23162841796875,469.4013366699219,269.9005126953125,492.2330322265625,113.76314544677734,83.76866912841797,372.5708923339844,408.8250427246094,93.41395568847656,60.94499969482422,97.06698608398438,155.37600708007812,90.83674621582031,122.50526428222656,24.75840950012207,62.117889404296875,162.12655639648438,87.14537811279297,185.2010498046875,168.90792846679688,86.93485260009766,78.68000030517578,175.95489501953125,162.30999755859375,257.260009765625,169.47999572753906,162.01390075683594,78.25,467.14593505859375,280.926025390625,59.85721206665039
2024-03-14,171.4397430419922,167.76492309570312,570.4500122070312,230.2180938720703,197.30850219726562,187.05999755859375,255.49200439453125,178.75,156.77053833007812,1.6799999475479126,215.07656860351562,181.14999389648438,34.06352615356445,25.72279167175293,93.99345397949219,406.7300109863281,331.6434326171875,722.9486694335938,299.3216857910156,131.26795959472656,69.67224884033203,141.92697143554688,372.505126953125,357.1376647949219,177.41441345214844,42.30867385864258,150.07968139648438,179.15972900390625,57.08816146850586,750.2642211914062,413.34136962890625,473.2208557128906,268.82232666015625,488.5181579589844,112.93842315673828,83.53428649902344,383.2382507324219,418.7920837402344,90.70558166503906,61.30099868774414,96.01358795166016,155.8979949951172,87.8943862915039,122.51502990722656,24.6794490814209,62.66496658325195,161.3602294921875,88.30013275146484,183.21925354003906,168.311279296875,86.98230743408203,78.41999816894531,176.05056762695312,158.9199981689453,257.1300048828125,162.5,160.56903076171875,77.6500015258789,468.10321044921875,282.1772155761719,59.80624771118164
2024-03-15,171.0631866455078,164.6911163330078,492.4599914550781,232.00172424316406,195.24452209472656,191.05999755859375,252.9798126220703,174.4199981689453,155.72117614746094,1.7699999809265137,213.1157684326172,182.52999877929688,33.796287536621094,25.930355072021484,94.42232513427734,408.1300048828125,336.5416259765625,716.7062377929688,290.4501647949219,132.95262145996094,69.18403625488281,140.02272033691406,371.1631774902344,355.1963195800781,178.62518310546875,42.199806213378906,149.10873413085938,181.3805389404297,56.50313186645508,743.7945556640625,413.3887939453125,469.61846923828125,266.3509826660156,480.84027099609375,113.88497924804688,82.8592529296875,373.8489990234375,410.1251220703125,92.51116943359375,60.5880012512207,95.41985321044922,148.78199768066406,87.78746032714844,122.52479553222656,24.51275634765625,62.51576232910156,160.16287231445312,89.42601776123047,181.16050720214844,165.44354248046875,85.5208969116211,77.1500015258789,176.9691162109375,156.97000122070312,254.88999938964844,163.57000732421875,161.8638153076172,76.06999969482422,469.8454284667969,278.8570251464844,59.47300720214844
2024-03-18,172.1532745361328,165.255859375,513.8599853515625,231.61019897460938,197.28884887695312,190.64999389648438,254.88980102539062,174.47999572753906,159.66122436523438,1.6699999570846558,215.56434631347656,179.83999633789062,34.36894607543945,25.910587310791016,94.69036865234375,408.4100036621094,341.3233947753906,722.5435791015625,296.5487060546875,133.75555419921875,68.78033447265625,146.46942138671875,368.44085693359375,353.9400939941406,177.78488159179688,42.26908493041992,147.77017211914062,183.6299285888672,56.73903274536133,752.1676635742188,410.9036560058594,472.63861083984375,265.8165588378906,493.633544921875,113.81000518798828,82.46549224853516,378.81402587890625,411.01153564453125,93.0369644165039,61.8390007019043,94.5579605102539,151.16000366210938,88.40510559082031,124.73051452636719,24.31974220275879,63.888427734375,159.89462280273438,89.93601989746094,179.67897033691406,165.7322540283203,86.365478515625,77.5199966430664,175.68699645996094,156.30999755859375,254.14999389648438,173.8000030517578,158.75827026367188,75.69999694824219,466.2364807128906,280.8372802734375,59.64942932128906
2024-03-19,174.4919891357422,166.339111328125,521.1900024414062,235.82997131347656,197.8883819580078,181.4199981689453,255.67079162597656,175.89999389648438,159.74041748046875,1.6699999570846558,216.26675415039062,181.13999938964844,34.38803482055664,25.569595336914062,95.70892333984375,411.760009765625,343.2633361816406,723.1659545898438,297.4763488769531,136.55018615722656,68.92117309570312,145.8247528076172,372.5531005859375,361.0777282714844,179.84500122070312,41.61589813232422,147.251708984375,184.7069549560547,56.833396911621094,762.1485595703125,414.6882629394531,477.6817932128906,269.9100646972656,492.8984680175781,114.5222396850586,82.89676666259766,381.0753173828125,415.0397033691406,93.25521850585938,62.07400131225586,95.7262954711914,151.38800048828125,89.34759521484375,126.0871353149414,24.240779876708984,62.67491149902344,157.1933135986328,91.28324127197266,181.5453338623047,166.7138214111328,86.91587829589844,77.52999877929688,165.5640869140625,157.6999969482422,252.75999450683594,171.32000732421875,156.45957946777344,77.08000183105469,472.23858642578125,283.10333251953125,59.65922927856445
2024-03-20,177.05859375,163.2004852294922,519.1400146484375,235.78646850585938,201.5446319580078,179.72999572753906,256.9127197265625,178.14999389648438,160.88877868652344,1.7000000476837158,222.33456420898438,187.77999877929688,35.07522201538086,25.910587310791016,95.0298843383789,416.1099853515625,345.7366638183594,731.6106567382812,302.0452575683594,136.920166015625,69.4563217163086,147.520751953125,380.0393981933594,365.8360900878906,181.7786102294922,41.76435470581055,146.82752990722656,187.12786865234375,57.32406997680664,762.227294921875,417.7425537109375,481.6690979003906,271.4176330566406,502.11602783203125,116.0685806274414,85.64374542236328,382.94329833984375,418.8019714355469,95.48738861083984,62.76900100708008,96.02316284179688,153.51199340820312,90.32102966308594,126.13595581054688,24.30219841003418,64.70406341552734,160.61305236816406,91.27361297607422,183.15191650390625,167.0025177001953,87.87432861328125,81.33000183105469,168.16656494140625,163.0399932861328,261.7200012207031,175.66000366210938,159.48068237304688,78.63999938964844,473.10968017578125,285.0047912597656,60.03166580200195
2024-03-21,169.82444763183594,164.3392791748047,511.25,237.43959045410156,207.1862335205078,178.67999267578125,260.58221435546875,178.14999389648438,157.0873260498047,1.6699999570846558,223.51495361328125,187.6999969482422,35.80058670043945,26.172510147094727,93.63607025146484,413.7799987792969,353.60296630859375,733.4281616210938,304.3248291015625,139.05352783203125,68.6207275390625,146.3900909423828,396.56494140625,376.1047668457031,181.95933532714844,41.98208236694336,146.81808471679688,189.72994995117188,57.05986404418945,759.6632690429688,420.3510437011719,482.26129150390625,270.5398864746094,504.3409423828125,115.85303497314453,87.565673828125,389.5304870605469,422.87933349609375,108.9796371459961,62.270999908447266,96.54987335205078,154.63600158691406,91.3834228515625,125.91143798828125,24.26710319519043,65.78826904296875,163.6592254638672,90.70587158203125,187.41371154785156,173.758056640625,86.98230743408203,79.58999633789062,167.28631591796875,158.38999938964844,259.6400146484375,172.82000732421875,161.92947387695312,80.25,470.6782531738281,286.0786437988281,60.22769546508789
2024-03-22,170.72622680664062,165.21884155273438,499.5199890136719,236.5260467529297,206.64564514160156,179.64999389648438,259.848388671875,178.8699951171875,157.74069213867188,1.6299999952316284,220.4322509765625,188.85000610351562,35.361549377441406,26.434432983398438,93.02850341796875,411.6000061035156,347.3467712402344,725.7636108398438,303.7130432128906,137.88055419921875,68.17007446289062,149.53411865234375,389.96044921875,371.4224853515625,181.3720245361328,42.13053512573242,146.3279266357422,187.40428161621094,57.0787353515625,760.00830078125,422.9310302734375,475.38226318359375,269.68109130859375,506.148681640625,116.0685806274414,86.20626068115234,388.3015441894531,422.25885009765625,109.3367919921875,62.80099868774414,89.88465118408203,154.8300018310547,94.23580932617188,124.72074890136719,24.003902435302734,64.42555236816406,162.9407958984375,91.93760681152344,187.9332275390625,173.48861694335938,86.0807876586914,78.72000122070312,167.82212829589844,159.02999877929688,264.95001220703125,170.8300018310547,161.82626342773438,80.2300033569336,469.12744140625,279.07373046875,59.65922927856445
2024-03-25,169.30914306640625,165.2929229736328,507.2300109863281,239.4407501220703,204.88633728027344,178.6300048828125,264.2236022949219,179.7100067138672,156.03794860839844,1.659999966621399,220.50054931640625,191.41000366210938,35.180213928222656,26.528331756591797,94.92266845703125,409.9200134277344,345.25177001953125,721.9708251953125,302.02557373046875,136.57379150390625,68.14191436767578,148.83984375,388.1584167480469,364.9795837402344,179.33900451660156,41.39817428588867,146.3184814453125,185.6886749267578,56.99380111694336,762.503662109375,423.3388977050781,469.8257751464844,265.85479736328125,499.6328125,117.43683624267578,85.44685363769531,385.20458984375,416.4677429199219,116.20197296142578,62.74599838256836,89.779296875,154.92799377441406,94.94841003417969,123.05183410644531,24.06531524658203,65.64900970458984,160.46937561035156,92.02420806884766,187.86587524414062,173.93128967285156,86.0428237915039,78.41999816894531,166.54000854492188,158.13999938964844,261.9200134277344,172.6300048828125,160.2969512939453,79.41000366210938,465.1164855957031,277.0540466308594,59.36520004272461
2024-03-26,168.17945861816406,165.9039764404297,507.6000061035156,241.00685119628906,203.12701416015625,177.8699951171875,265.11737060546875,178.3000030517578,156.4141845703125,1.7300000190734863,218.96896362304688,187.5,35.399723052978516,26.997814178466797,95.20858001708984,411.57000732421875,345.6784973144531,721.9905395507812,301.798583984375,136.62103271484375,67.98231506347656,149.43490600585938,389.3469543457031,361.57257080078125,181.61599731445312,41.556522369384766,146.83694458007812,186.55601501464844,57.125911712646484,764.2393798828125,423.03533935546875,470.5758056640625,265.85479736328125,492.55084228515625,117.63365936279297,85.57810974121094,384.8604431152344,415.27606201171875,117.85872650146484,62.92399978637695,88.65887451171875,155.71400451660156,92.50879669189453,123.43246459960938,24.205692291259766,66.31544494628906,160.03831481933594,92.43799591064453,189.1934814453125,175.72122192382812,85.74864959716797,78.52999877929688,167.72645568847656,158.02000427246094,262.80999755859375,177.6699981689453,157.53854370117188,77.91000366210938,471.2717590332031,276.45306396484375,59.30638885498047
2024-03-27,171.7469482421875,166.97796630859375,504.3999938964844,241.3983917236328,204.43421936035156,179.58999633789062,269.37969970703125,179.8300018310547,157.60208129882812,1.7899999618530273,222.17848205566406,191.9499969482422,36.086910247802734,28.089982986450195,94.85118865966797,416.92999267578125,353.6902160644531,723.0771484375,297.4072570800781,141.79299926757812,68.54563903808594,149.63327026367188,398.04107666015625,367.24462890625,185.3477020263672,43.318145751953125,148.9013671875,190.1683807373047,57.58827590942383,767.47412109375,433.27001953125,471.7108154296875,269.0989990234375,490.5345153808594,123.47222137451172,87.65943145751953,381.71435546875,415.059326171875,118.30516815185547,61.35300064086914,90.1432113647461,151.8000030517578,90.19910430908203,122.26127624511719,24.372379302978516,66.21598052978516,162.01161193847656,93.77558135986328,189.60714721679688,175.18231201171875,86.83047485351562,78.62000274658203,169.27645874023438,160.0399932861328,260.20001220703125,179.8300018310547,162.1921844482422,78.11000061035156,472.0279541015625,274.89642333984375,59.5122184753418
2024-03-28,169.93345642089844,168.5981903076172,504.6000061035156,241.70289611816406,202.69454956054688,180.49000549316406,267.5166931152344,180.3800048828125,156.96853637695312,1.9700000286102295,222.11996459960938,192.99000549316406,36.19190216064453,28.09986686706543,95.56597137451172,420.5199890136719,355.4167175292969,723.6203002929688,297.20989990234375,138.1796875,68.77095031738281,149.6927947998047,400.3800048828125,365.0652770996094,185.45611572265625,43.714012145996094,149.1181640625,190.91180419921875,57.729820251464844,767.2571411132812,431.45831298828125,475.28350830078125,269.0322265625,482.3102722167969,123.65966033935547,88.2782211303711,382.45172119140625,414.3600769042969,117.06883239746094,60.733001708984375,89.99956512451172,152.47999572753906,90.3050308227539,122.59313201904297,24.3460636138916,66.63375091552734,162.17446899414062,93.85256958007812,187.6253662109375,173.66183471679688,86.72608184814453,77.16999816894531,169.31472778320312,161.60000610351562,263.8999938964844,175.7899932861328,163.4494171142578,76.98999786376953,473.5596008300781,274.95550537109375,58.9731559753418
2024-04-01,168.4965362548828,167.3575439453125,502.0899963378906,,205.1123809814453,183.33999633789062,266.3123474121094,180.97000122070312,,1.8600000143051147,222.0419158935547,189.5,35.81013107299805,,,420.20001220703125,352.8075866699219,712.370361328125,298.2756652832031,138.04588317871094,68.42356872558594,154.2154083251953,396.3731994628906,350.24755859375,182.52859497070312,44.060401916503906,148.73165893554688,189.61558532714844,57.25801467895508,750.086669921875,429.48541259765625,472.1549072265625,267.3814697265625,488.0414123535156,122.7599868774414,87.68755340576172,,418.15191650390625,123.43419647216797,61.430999755859375,88.63970184326172,153.6739959716797,90.31202697753906,122.46624755859375,24.31974220275879,64.68416595458984,164.49261474609375,94.07389831542969,188.58738708496094,,86.85892486572266,78.19000244140625,,160.52000427246094,266.42999267578125,175.22000122070312,162.47364807128906,76.4000015258789,468.7733459472656,274.1673583984375,58.806541442871094
2024-04-02,167.31729125976562,167.29275512695312,499.2099914550781,238.30967712402344,202.57662963867188,178.6999969482422,259.885986328125,180.69000244140625,155.50338745117188,1.8700000047683716,220.01278686523438,188.0399932861328,35.600154876708984,27.6699161529541,95.28899383544922,418.9200134277344,353.8647766113281,702.5526123046875,299.99273681640625,134.6112060546875,67.68187713623047,153.2930450439453,393.1524658203125,345.4605712890625,180.92025756835938,43.48638916015625,148.6845245361328,189.53932189941406,56.757904052734375,753.4497680664062,429.9122009277344,473.17144775390625,265.0151062011719,494.0208435058594,122.16019439697266,86.91878509521484,384.61468505859375,415.0692443847656,121.89498901367188,61.42100143432617,87.097900390625,151.39999389648438,89.40154266357422,121.35360717773438,24.170591354370117,64.3161392211914,163.84120178222656,94.83412170410156,184.8258514404297,170.38990783691406,84.74274444580078,78.12000274658203,168.01348876953125,156.19000244140625,269.5799865722656,166.6300048828125,159.8372344970703,76.9800033569336,438.56195068359375,274.32501220703125,57.983245849609375
2024-04-03,168.1199493408203,164.18186950683594,497.010009765625,238.74468994140625,203.8248748779297,180.77000427246094,258.2018127441406,182.41000366210938,155.9587860107422,2.390000104904175,221.08587646484375,184.9199981689453,35.7337760925293,28.43097496032715,99.93505096435547,420.239990234375,364.4954833984375,697.0116577148438,300.72296142578125,143.6365509033203,66.55526733398438,153.65008544921875,396.8428955078125,342.5103759765625,178.87818908691406,39.913658142089844,145.4135284423828,189.0055694580078,56.455955505371094,765.3143310546875,424.8470764160156,471.1877746582031,262.9159240722656,503.32781982421875,121.73846435546875,87.190673828125,383.9264831542969,414.0942077636719,127.11833953857422,63.007999420166016,86.50416564941406,151.83200073242188,88.913818359375,123.20797729492188,23.881074905395508,64.99251556396484,166.59043884277344,93.871826171875,185.90333557128906,171.50621032714844,84.1733627319336,75.63999938964844,168.91287231445312,153.02000427246094,291.7699890136719,168.3800048828125,159.8184356689453,76.80999755859375,440.09356689453125,272.8668212890625,58.24787521362305
2024-04-04,167.29747009277344,155.45106506347656,487.1099853515625,237.0045623779297,199.90325927734375,165.8300018310547,252.2459259033203,180.0,156.05776977539062,2.509999990463257,214.88182067871094,183.2899932861328,35.23747253417969,28.228355407714844,102.48145294189453,415.32000732421875,358.6757507324219,696.2114868164062,290.26275634765625,145.38247680664062,65.29718780517578,149.2960968017578,389.4140930175781,340.3975830078125,177.14334106445312,39.31985092163086,143.7544708251953,187.56748962402344,55.95583724975586,757.51318359375,430.6710510253906,463.6376037597656,257.715576171875,507.4797058105469,119.63921356201172,86.51564025878906,385.8436584472656,411.56304931640625,123.22563934326172,61.7140007019043,85.29751586914062,151.50999450683594,85.85653686523438,121.20722198486328,23.380992889404297,64.19677734375,162.6151123046875,95.56544494628906,183.77723693847656,171.3137664794922,83.14847564697266,74.80999755859375,168.5301513671875,151.33999633789062,295.9599914550781,171.11000061035156,158.1202392578125,74.91999816894531,435.9198913574219,269.9505920410156,58.31647872924805
2024-04-05,168.05059814453125,157.39537048339844,485.1199951171875,233.87234497070312,204.2868194580078,170.4199981689453,253.9960174560547,185.07000732421875,154.88961791992188,2.450000047683716,217.6903076171875,183.13999938964844,35.41881561279297,27.116418838500977,100.51581573486328,418.6199951171875,367.8999328613281,704.9428100585938,297.9302978515625,154.17111206054688,65.32537841796875,151.2499237060547,391.15863037109375,340.5785217285156,178.1372528076172,38.31037902832031,143.65078735351562,189.2931671142578,56.15399169921875,773.4212646484375,431.9420471191406,470.9212646484375,254.47137451171875,523.7890625,119.94847869873047,86.69378662109375,385.00799560546875,419.0874938964844,122.71920776367188,63.61800003051758,85.07725524902344,156.6999969482422,87.95836639404297,121.90016174316406,23.3897647857666,64.80353546142578,164.31057739257812,97.85570526123047,184.53724670410156,170.73635864257812,82.41777038574219,75.27999877929688,164.91346740722656,153.86000061035156,310.30999755859375,164.89999389648438,157.1538543701172,77.16000366210938,436.2645263671875,273.044189453125,58.659515380859375
2024-04-08,166.93077087402344,157.21018981933594,484.2799987792969,233.61134338378906,205.45640563964844,169.89999389648438,253.29029846191406,185.19000244140625,153.8798370361328,2.5999999046325684,219.30490112304688,181.55999755859375,35.791046142578125,27.00769805908203,102.52613067626953,415.9700012207031,362.2451477050781,703.0562744140625,297.75262451171875,154.38809204101562,65.17513275146484,153.5806884765625,393.52630615234375,344.5565185546875,178.6884307861328,37.58791732788086,142.89663696289062,190.28062438964844,55.927528381347656,766.5964965820312,429.09649658203125,473.2536926269531,255.30149841308594,515.7535400390625,118.60831451416016,87.38755798339844,385.00799560546875,418.171630859375,122.09358215332031,62.840999603271484,86.1881332397461,157.1199951171875,87.08384704589844,121.36338806152344,23.319580078125,65.98719787597656,166.31263732910156,98.03855895996094,184.35446166992188,170.5438995361328,82.74042510986328,74.37999725341797,166.73138427734375,154.86000061035156,309.07000732421875,172.97999572753906,158.99282836914062,75.02999877929688,436.5133972167969,273.65509033203125,58.59090805053711
2024-04-09,168.1397705078125,157.52496337890625,492.54998779296875,229.69606018066406,206.80288696289062,170.77999877929688,254.38172912597656,185.6699981689453,153.97885131835938,2.390000104904175,215.12644958496094,178.1199951171875,36.01055908203125,27.076885223388672,101.72200012207031,414.69000244140625,360.72235107421875,709.7529907226562,298.38421630859375,152.38575744628906,65.66334533691406,155.3163299560547,393.6892395019531,343.95697021484375,179.2757568359375,37.93430709838867,143.55648803710938,189.00555419921875,56.35215377807617,746.8223266601562,424.5340576171875,466.6418762207031,257.0954284667969,513.4193115234375,118.7489013671875,88.20320892333984,383.0416259765625,419.8360900878906,121.77582550048828,61.81999969482422,87.14579010009766,156.44400024414062,85.30584716796875,120.65841674804688,23.495046615600586,66.6436996459961,168.1805877685547,97.76911163330078,180.7564697265625,165.92471313476562,82.68347930908203,74.91999816894531,165.65977478027344,155.5800018310547,300.7300109863281,176.8800048828125,162.74574279785156,75.13999938964844,440.074462890625,272.6304016113281,58.6007080078125
2024-04-10,166.26683044433594,156.49728393554688,487.2200012207031,229.17401123046875,205.66278076171875,167.13999938964844,250.70286560058594,185.9499969482422,154.45404052734375,2.430000066757202,212.9833984375,174.6300048828125,34.97978210449219,27.254796981811523,99.6223373413086,409.1099853515625,360.88726806640625,713.6937866210938,295.67047119140625,154.47686767578125,63.95463943481445,154.86009216308594,384.1516418457031,333.6216125488281,176.78192138671875,36.81596755981445,141.5863800048828,187.39495849609375,55.59727096557617,751.4971313476562,428.4609375,463.686767578125,256.3606872558594,516.3297119140625,118.786376953125,85.92499542236328,384.9587707519531,416.86175537109375,121.34880828857422,61.858001708984375,85.2304916381836,153.83799743652344,86.98990631103516,119.20928955078125,23.091474533081055,65.52964782714844,163.66880798339844,97.53815460205078,177.22579956054688,164.84690856933594,81.5636978149414,71.9800033569336,166.84620666503906,152.97000122070312,299.989990234375,171.75999450683594,158.48617553710938,74.3499984741211,430.8176574707031,270.42352294921875,59.41420364379883
2024-04-11,173.4613494873047,155.09922790527344,484.2799987792969,227.0858612060547,209.32884216308594,170.5,254.04302978515625,189.0500030517578,156.5923309326172,2.4700000286102295,213.52163696289062,173.36000061035156,34.693443298339844,26.706239700317383,99.97972869873047,407.6099853515625,360.7999572753906,723.3436889648438,295.2066345214844,155.53228759765625,64.45221710205078,158.10328674316406,381.0075378417969,330.5857849121094,177.88427734375,37.24153137207031,140.25721740722656,187.35659790039062,55.71993637084961,749.1399536132812,429.0395812988281,462.8368225097656,256.3128967285156,519.63720703125,118.22407531738281,81.41546630859375,389.62884521484375,421.4610900878906,126.62183380126953,62.87799835205078,88.10342407226562,154.26800537109375,90.56488800048828,120.66819763183594,23.109018325805664,65.4500732421875,167.75909423828125,96.98002624511719,178.62074279785156,164.76991271972656,81.51626586914062,71.56999969482422,166.0807647705078,159.35000610351562,303.57000732421875,174.60000610351562,160.6253204345703,76.18000030517578,422.8436279296875,271.6058044433594,58.89474105834961
2024-04-12,174.95774841308594,151.65093994140625,474.0899963378906,227.9559326171875,204.29661560058594,163.27999877929688,251.4837646484375,186.1300048828125,164.09625244140625,2.299999952316284,213.52163696289062,169.5500030517578,34.158973693847656,26.651878356933594,97.83539581298828,403.260009765625,354.6408386230469,722.3164672851562,290.4403381347656,152.795166015625,63.907691955566406,156.4370574951172,373.3486633300781,326.30322265625,177.24273681640625,35.321556091308594,139.06005859375,175.23876953125,54.99336242675781,741.2993774414062,427.2183837890625,459.94110107421875,255.13931274414062,508.45306396484375,117.83982849121094,80.80606079101562,391.6934814453125,415.5222473144531,121.66659545898438,62.28300094604492,88.10342407226562,153.74200439453125,88.13626098632812,118.5826416015625,22.687896728515625,64.24650573730469,164.0806884765625,96.32566833496094,173.91639709472656,164.61593627929688,80.58626556396484,70.0,165.2005157470703,158.55999755859375,300.45001220703125,171.0500030517578,156.05613708496094,75.27999877929688,420.4313049316406,271.8816223144531,58.94375228881836
2024-04-15,171.132568359375,151.0808868408203,470.1000061035156,229.69606018066406,202.15399169921875,160.32000732421875,249.81838989257812,183.6199951171875,163.6012725830078,2.069999933242798,213.7173309326172,167.82000732421875,34.31167984008789,26.152742385864258,98.01408386230469,400.260009765625,352.97247314453125,709.4467163085938,269.30267333984375,151.87619018554688,63.60725784301758,153.59059143066406,384.2666320800781,321.60186767578125,175.32717895507812,35.935157775878906,139.12603759765625,175.33465576171875,54.86125183105469,740.4413452148438,429.7604675292969,454.4164123535156,254.03245544433594,496.86163330078125,118.26156616210938,81.55609130859375,390.9560546875,407.38714599609375,120.52460479736328,60.71500015258789,89.15684509277344,147.16200256347656,85.9524917602539,117.37830352783203,22.731767654418945,63.1722526550293,162.69171142578125,96.24867248535156,173.3872833251953,165.19334411621094,80.8235092163086,68.56999969482422,168.30052185058594,151.97999572753906,290.5199890136719,161.47999572753906,156.07489013671875,73.4000015258789,426.5865783691406,267.27081298828125,58.7379264831543
2024-04-16,167.85240173339844,151.89389038085938,476.2200012207031,225.3457489013672,205.8888397216797,163.4600067138672,249.9407196044922,183.32000732421875,157.60208129882812,2.1500000953674316,213.6586456298828,170.5500030517578,33.099552154541016,25.77715492248535,95.11029815673828,396.9200134277344,349.0635986328125,707.1651000976562,273.75323486328125,154.89988708496094,63.19416427612305,153.13433837890625,380.41326904296875,318.6517028808594,172.32736206054688,35.88566970825195,136.1660919189453,173.3309783935547,54.785770416259766,736.466796875,430.9270935058594,454.446044921875,253.26907348632812,496.3948059082031,117.20256042480469,83.57178497314453,385.4996032714844,408.31292724609375,120.92180633544922,61.75199890136719,89.43455505371094,148.95599365234375,87.3656997680664,118.10286712646484,22.53875160217285,63.092681884765625,161.48477172851562,97.03775787353516,173.70474243164062,163.96156311035156,81.06074523925781,68.69999694824219,165.6023712158203,150.3000030517578,298.0799865722656,157.11000061035156,157.23831176757812,74.12999725341797,448.8525390625,267.33978271484375,58.64971923828125
2024-04-17,166.48486328125,153.4918975830078,474.45001220703125,227.4338836669922,196.4632568359375,154.02000427246094,248.4635009765625,181.27999877929688,157.2457275390625,1.9800000190734863,213.00299072265625,170.2100067138672,33.624488830566406,25.945178985595703,94.66355895996094,397.739990234375,347.5505065917969,706.3948364257812,272.6776428222656,153.82281494140625,62.83740234375,154.19557189941406,387.1711120605469,316.74835205078125,172.0020751953125,35.31166076660156,136.46778869628906,172.64071655273438,55.210384368896484,740.4413452148438,432.5776062011719,454.7820739746094,257.58203125,490.84246826171875,117.49308776855469,84.45307922363281,381.27191162109375,405.6143493652344,115.51969146728516,61.36899948120117,90.8231430053711,147.2899932861328,83.98759460449219,116.19356536865234,22.301870346069336,62.923580169677734,157.404052734375,96.95115661621094,173.10829162597656,162.40257263183594,81.81044006347656,69.41000366210938,165.21963500976562,148.8000030517578,293.5799865722656,155.4499969482422,155.46507263183594,71.94000244140625,458.52093505859375,268.65997314453125,58.46349334716797
2024-04-18,165.5334930419922,153.87503051757812,473.17999267578125,227.9559326171875,190.98873901367188,155.0800018310547,247.2215118408203,179.22000122070312,155.8993377685547,1.909999966621399,212.8366241455078,170.22999572753906,34.13988494873047,25.93529510498047,95.5570297241211,399.8900146484375,347.1722106933594,702.503173828125,268.3356018066406,151.12521362304688,62.1144905090332,154.73114013671875,386.4042053222656,316.8054504394531,172.65267944335938,34.67826843261719,137.38214111328125,173.76239013671875,55.58782958984375,735.6876831054688,432.61553955078125,449.3858947753906,258.56488037109375,498.42108154296875,117.36188507080078,84.62184143066406,379.4039001464844,398.15875244140625,111.15033721923828,61.055999755859375,91.68501281738281,146.27200317382812,84.62324523925781,113.57926177978516,22.275548934936523,61.769752502441406,154.64529418945312,96.91265869140625,171.85763549804688,162.8067626953125,82.70246887207031,69.51000213623047,167.93695068359375,148.41000366210938,289.20001220703125,149.92999267578125,153.56044006347656,71.30000305175781,472.10455322265625,267.3594665527344,58.08125305175781
2024-04-19,163.51190185546875,155.5104217529297,465.0199890136719,229.00001525878906,186.51675415039062,146.63999938964844,253.03627014160156,174.6300048828125,153.24627685546875,1.850000023841858,226.0863037109375,169.82000732421875,35.285194396972656,26.019309997558594,94.57421112060547,405.0799865722656,345.2544860839844,700.7846069335938,266.80596923828125,146.30313110351562,62.67779541015625,152.82687377929688,387.2573547363281,319.15606689453125,175.52598571777344,33.84694290161133,139.4276885986328,178.1244354248047,56.77677917480469,716.3178100585938,439.9951171875,450.06787109375,259.5285339355469,477.8306579589844,117.8773193359375,84.9968490600586,369.6705322265625,393.0866394042969,106.02628326416016,55.50400161743164,90.52627563476562,142.78199768066406,76.15702819824219,112.4826431274414,22.810726165771484,61.9786376953125,150.99563598632812,97.7306137084961,169.09661865234375,159.55410766601562,83.13898468017578,69.66999816894531,165.48756408691406,145.4499969482422,275.8299865722656,147.0500030517578,149.81687927246094,69.19999694824219,479.71484375,265.7929992675781,58.345882415771484
2024-04-22,164.34432983398438,156.89344787597656,466.8900146484375,232.0452423095703,186.21205139160156,148.63999938964844,255.84014892578125,177.22999572753906,153.899658203125,1.8700000047683716,228.00430297851562,170.47999572753906,36.01055908203125,26.997814178466797,94.57421112060547,408.7799987792969,348.1262512207031,706.6614379882812,270.20068359375,148.4078369140625,62.85617446899414,154.9989471435547,400.0541076660156,319.86981201171875,176.7186737060547,34.054771423339844,140.5682830810547,181.58531188964844,57.13534927368164,721.2687377929688,437.5858459472656,451.41192626953125,262.9540710449219,478.4862365722656,118.96443939208984,86.33751678466797,368.3432312011719,394.8988037109375,108.35992431640625,55.459999084472656,90.20066833496094,144.38999938964844,79.47315216064453,112.13996124267578,23.038833618164062,62.85395431518555,153.43829345703125,97.7306137084961,171.4151153564453,159.84280395507812,83.6799087524414,70.55000305175781,166.5017547607422,147.2100067138672,272.239990234375,142.0500030517578,153.3352508544922,68.9800033569336,470.2378845214844,268.3052978515625,58.94375228881836
2024-04-23,165.394775390625,158.43539428710938,472.8999938964844,235.35145568847656,189.9272918701172,152.27000427246094,257.3738098144531,179.5399932861328,153.99864196777344,1.9700000286102295,233.83651733398438,169.17999267578125,36.621395111083984,27.027463912963867,95.11029815673828,408.739990234375,353.6166687011719,713.7926025390625,273.0328063964844,160.6903533935547,62.9312858581543,156.96270751953125,406.42852783203125,322.6202392578125,177.24273681640625,33.92611312866211,140.98309326171875,184.20252990722656,57.22026824951172,735.43115234375,436.400146484375,457.4110107421875,264.19451904296875,492.75946044921875,118.908203125,87.9031982421875,373.7507019042969,401.40887451171875,111.67666625976562,57.775001525878906,90.03787231445312,148.19000244140625,82.37651824951172,112.68826293945312,23.091474533081055,64.08736419677734,154.55906677246094,97.5573959350586,180.87188720703125,168.27279663085938,83.3857192993164,74.01000213623047,167.7647247314453,151.1699981689453,303.30999755859375,144.67999267578125,155.249267578125,70.80000305175781,465.4036865234375,270.0589599609375,57.914634704589844
2024-04-24,167.4956512451172,156.8093719482422,477.1199951171875,232.0452423095703,192.69891357421875,151.74000549316406,256.8751220703125,176.58999633789062,155.70140075683594,1.8700000047683716,233.9930877685547,164.3300018310547,36.573673248291016,26.656818389892578,95.19964599609375,405.95001220703125,353.8794860839844,714.98779296875,272.5492858886719,157.30105590820312,62.97822189331055,157.82557678222656,405.50830078125,316.919677734375,176.00486755371094,34.14384078979492,140.0121307373047,185.1036834716797,58.07895278930664,722.126708984375,435.5085754394531,457.0947570800781,264.0704650878906,490.1769714355469,119.02066802978516,87.98756408691406,375.7662353515625,402.8763122558594,111.00139617919922,55.512001037597656,90.6316146850586,149.25799560546875,79.6320571899414,112.93305206298828,23.047607421875,64.49517822265625,156.7431182861328,97.21097564697266,180.92962646484375,168.94642639160156,84.22081756591797,72.26000213623047,167.09495544433594,154.99000549316406,281.2300109863281,162.1300048828125,164.01234436035156,69.36000061035156,466.4757995605469,270.9555358886719,58.67912673950195
2024-04-25,168.35780334472656,156.332763671875,473.44000244140625,228.5649871826172,194.1142120361328,153.75999450683594,253.45965576171875,173.6699981689453,155.42420959472656,1.840000033378601,232.0164031982422,166.80999755859375,36.18235397338867,26.582691192626953,93.85943603515625,404.9100036621094,329.0362548828125,714.1270751953125,269.5395812988281,159.34649658203125,61.278900146484375,154.7212371826172,402.6421813964844,315.9394226074219,174.4055633544922,34.74754333496094,138.4001922607422,185.3817138671875,58.25823974609375,714.897705078125,440.85821533203125,456.70928955078125,262.97314453125,438.407958984375,122.5069351196289,86.77816009521484,359.8880615234375,393.0078125,110.80279541015625,56.47999954223633,89.96126556396484,143.25,82.58540344238281,112.49243927001953,22.1614990234375,63.759117126464844,156.42698669433594,97.87496948242188,178.062744140625,163.788330078125,83.35724639892578,70.55000305175781,166.19557189941406,152.5,289.0199890136719,170.17999267578125,164.42518615722656,69.30999755859375,472.7554931640625,271.0934753417969,59.01235580444336
2024-04-26,167.7731170654297,149.1651611328125,477.55999755859375,231.0011444091797,199.8934326171875,157.39999389648438,254.02418518066406,179.6199951171875,158.2158966064453,1.9299999475479126,230.58766174316406,167.22000122070312,36.10600662231445,27.08182716369629,95.06562805175781,402.1000061035156,334.2735900878906,721.36865234375,270.6743469238281,160.42355346679688,61.41972351074219,170.5404815673828,409.8505554199219,318.89910888671875,174.7940673828125,31.55088996887207,137.75921630859375,185.4967498779297,58.25823974609375,723.4188232421875,437.54791259765625,457.01568603515625,260.57818603515625,440.3050842285156,122.956787109375,87.03129577636719,376.45440673828125,400.1778259277344,114.0400619506836,56.12300109863281,90.1336441040039,144.7100067138672,87.6855239868164,114.7640380859375,22.28432273864746,65.60922241210938,158.68765258789062,97.58627319335938,179.1113739013672,167.44517517089844,83.74632263183594,71.33000183105469,169.9462127685547,158.1300048828125,289.5899963378906,168.2899932861328,166.5174102783203,69.05000305175781,474.1818542480469,270.462890625,58.963348388671875
2024-04-29,171.93524169921875,150.94068908691406,473.07000732421875,231.6971893310547,201.74119567871094,160.1999969482422,260.04595947265625,180.9600067138672,160.96798706054688,1.9700000286102295,233.79736328125,173.49000549316406,35.83876037597656,27.379539489746094,95.42301940917969,400.9599914550781,340.5233459472656,718.5492553710938,272.105224609375,162.53817749023438,61.907936096191406,164.7880401611328,412.9562683105469,320.5264892578125,175.08322143554688,31.036256790161133,138.4001922607422,185.29541015625,58.541316986083984,727.0579833984375,443.4856872558594,451.75787353515625,261.0170593261719,429.7068786621094,121.94462585449219,87.154296875,367.60589599609375,396.1693420410156,113.56343078613281,55.94900131225586,90.07617950439453,144.23199462890625,87.70750427246094,114.0590591430664,22.494882583618164,66.63375091552734,162.07867431640625,98.57743835449219,176.79287719726562,164.96238708496094,83.82225036621094,72.4800033569336,169.96536254882812,157.44000244140625,286.239990234375,194.0500030517578,168.21560668945312,67.4000015258789,468.13189697265625,267.8224792480469,59.04176330566406
2024-04-30,168.79383850097656,151.9873504638672,462.8299865722656,231.95822143554688,195.24452209472656,158.3800048828125,257.7501525878906,175.0,161.12637329101562,1.9800000190734863,229.01222229003906,167.83999633789062,35.3233757019043,27.14137077331543,91.53639221191406,396.7300109863281,325.69732666015625,715.156005859375,265.3949279785156,159.8998260498047,61.21318435668945,161.44564819335938,409.0261535644531,318.0711975097656,174.1435089111328,30.155445098876953,136.298095703125,183.81906127929688,58.28654479980469,770.3540649414062,441.0005798339844,445.9267578125,260.53045654296875,427.2734069824219,121.10118103027344,85.95262145996094,365.4429931640625,383.444580078125,112.17317199707031,55.06399917602539,88.35243225097656,138.66600036621094,86.353271484375,111.37622833251953,22.477338790893555,67.55879974365234,158.86964416503906,97.69212341308594,174.330078125,163.3071746826172,83.97407531738281,70.19999694824219,168.30052185058594,155.1999969482422,280.44000244140625,183.27999877929688,165.52291870117188,66.2699966430664,463.02972412109375,264.6402282714844,58.169464111328125
2024-05-01,167.7731170654297,151.1276092529297,469.3900146484375,,190.66439819335938,144.27000427246094,260.9773864746094,179.0,,2.049999952316284,226.49732971191406,171.4600067138672,35.26610565185547,,,398.5799865722656,322.2900695800781,714.483154296875,265.1481628417969,157.8050079345703,61.50422668457031,162.51681518554688,409.2562561035156,315.9299011230469,176.46566772460938,30.05647850036621,142.5101776123047,183.93409729003906,58.43751907348633,766.0638427734375,437.9652404785156,436.9034729003906,261.85675048828125,436.232666015625,120.70758056640625,86.61495971679688,,388.9698181152344,108.9358901977539,55.17100143432617,86.51374053955078,137.1219940185547,82.99414825439453,112.23786163330078,23.84598159790039,65.78826904296875,157.20291137695312,97.40343475341797,173.2333526611328,,70.64110565185547,70.4000015258789,,156.13999938964844,284.5400085449219,179.99000549316406,164.37823486328125,67.79000091552734,463.422119140625,263.369384765625,57.67940902709961
2024-05-02,171.46949768066406,150.2772216796875,476.57000732421875,232.65426635742188,194.5172119140625,146.16000366210938,261.93719482421875,184.72000122070312,158.75047302246094,2.130000114440918,227.5150146484375,178.85000610351562,35.199302673339844,27.91541862487793,91.08966064453125,400.6000061035156,326.544189453125,724.5936889648438,268.5428161621094,160.71011352539062,61.33523941040039,165.254150390625,414.64337158203125,319.31787109375,174.96575927734375,30.195032119750977,141.3224334716797,183.7423553466797,58.494136810302734,745.5106201171875,439.35955810546875,435.9448547363281,260.7594299316406,438.7059326171875,120.20148468017578,87.66524505615234,364.2140197753906,391.8259582519531,111.54755401611328,56.51499938964844,88.4960708618164,139.1439971923828,85.76859283447266,112.56098175048828,24.30219841003418,66.62380981445312,172.51991271972656,98.04817962646484,173.78170776367188,162.1908721923828,71.10609436035156,72.0,167.63076782226562,157.77000427246094,294.1700134277344,180.00999450683594,164.94117736816406,68.56999969482422,471.903564453125,263.6549987792969,58.522300720214844
2024-05-03,181.72613525390625,153.06201171875,486.17999267578125,229.87008666992188,200.59124755859375,150.60000610351562,292.8928527832031,186.2100067138672,169.7192840576172,2.049999952316284,225.82208251953125,179.7899932861328,35.55243682861328,27.806259155273438,91.58106994628906,400.8699951171875,327.8194274902344,735.9309692382812,270.0526428222656,162.16265869140625,60.81886291503906,165.86911010742188,420.0208435058594,326.2842102050781,176.92648315429688,30.58100700378418,140.709716796875,182.6398468017578,58.66398620605469,724.858642578125,438.1360168457031,438.3958435058594,257.9350891113281,448.9166564941406,119.49862670898438,88.60197448730469,370.3096008300781,400.51263427734375,113.90105438232422,57.933998107910156,88.24707794189453,143.3300018310547,88.7389144897461,113.38346099853516,24.39870262145996,65.3506088256836,172.07925415039062,97.57664489746094,176.4850311279297,164.28875732421875,69.37896728515625,74.45999908447266,169.9462127685547,159.32000732421875,296.07000732421875,181.19000244140625,167.85911560058594,69.2300033569336,471.4057922363281,264.52203369140625,58.6301155090332
2024-05-06,180.07118225097656,152.07142639160156,493.5899963378906,234.2203826904297,205.27947998046875,155.77999877929688,281.7807922363281,188.6999969482422,167.08595275878906,2.119999885559082,229.3057861328125,178.35000610351562,35.97237777709961,27.8459529876709,92.0724868774414,404.9200134277344,333.0275573730469,748.3466186523438,271.9966735839844,165.97686767578125,61.53240203857422,166.72206115722656,425.2833557128906,325.7512512207031,176.1946258544922,30.774776458740234,140.0592803955078,184.06829833984375,58.83383560180664,756.13232421875,438.9612121582031,444.1181640625,256.9617614746094,462.5443115234375,119.55484771728516,89.69010162353516,373.7015380859375,407.2886657714844,119.2932357788086,59.696998596191406,89.40582275390625,145.31199645996094,92.0880355834961,115.87043762207031,24.70577049255371,65.2610855102539,174.19625854492188,98.06743621826172,178.37062072753906,165.02011108398438,69.17967224121094,77.37000274658203,171.6110382080078,163.67999267578125,299.4800109863281,184.75999450683594,170.44862365722656,71.51000213623047,473.2532653808594,268.6402587890625,58.67912673950195
2024-05-07,180.75497436523438,151.90325927734375,492.2699890136719,237.09158325195312,203.76589965820312,154.42999267578125,282.5522766113281,188.75999450683594,167.4225311279297,2.049999952316284,229.62872314453125,176.7100067138672,36.11555099487305,28.267711639404297,93.09998321533203,406.1400146484375,335.8506774902344,763.04736328125,273.5262145996094,166.77723693847656,61.4572868347168,169.84620666503906,425.407958984375,324.2285461425781,177.86619567871094,30.486604690551758,140.19122314453125,183.82862854003906,59.08860778808594,767.0699462890625,442.6604919433594,447.76507568359375,255.2442626953125,465.0870666503906,122.18830871582031,90.63629913330078,376.7001647949219,403.1521301269531,118.379638671875,60.599998474121094,89.80802917480469,142.66600036621094,90.50292205810547,115.46900939941406,24.36360740661621,65.5694351196289,172.5677947998047,99.33766174316406,180.4197235107422,167.7916259765625,68.80010223388672,77.05000305175781,172.3573455810547,159.08999633789062,298.04998779296875,177.80999755859375,172.62210083007812,70.43000030517578,479.55206298828125,272.374267578125,59.41420364379883
2024-05-08,181.09190368652344,149.9407958984375,488.1000061035156,238.04864501953125,203.80520629882812,153.6199951171875,289.14801025390625,188.0,167.87791442871094,2.009999990463257,231.1748504638672,180.35000610351562,35.9914665222168,28.257787704467773,90.37488555908203,406.3699951171875,335.3638916015625,755.2319946289062,275.29266357421875,166.8563232421875,60.9503059387207,167.99156188964844,428.4273986816406,322.45843505859375,178.9504852294922,29.81089210510254,140.40805053710938,187.56748962402344,59.30563735961914,764.3379516601562,442.167236328125,449.4550476074219,256.1889343261719,469.4176940917969,121.41045379638672,90.49437713623047,376.7984924316406,404.3340148925781,118.4888687133789,60.946998596191406,89.62609100341797,144.20599365234375,90.36100006103516,114.94027709960938,24.802276611328125,63.47066116333008,172.95095825195312,100.02088165283203,183.08456420898438,169.81251525878906,69.74906921386719,62.72999954223633,173.73512268066406,157.77999877929688,298.6499938964844,174.72000122070312,173.83169555664062,66.4000015258789,481.7059020996094,273.093505859375,59.100563049316406
2024-05-09,182.90542602539062,149.89405822753906,482.6499938964844,241.3073272705078,202.79286193847656,152.38999938964844,294.3699645996094,189.5,168.82827758789062,2.049999952316284,234.0126495361328,181.25,36.535491943359375,28.471147537231445,90.82162475585938,408.82000732421875,342.4508361816406,770.6944580078125,271.5427551269531,165.51246643066406,60.63109588623047,168.56680297851562,436.6805419921875,330.6524353027344,181.28167724609375,29.90032386779785,141.25645446777344,189.3411102294922,59.333953857421875,760.9354858398438,444.2825012207031,450.1666564941406,255.67369079589844,472.21868896484375,122.04772186279297,92.83148193359375,376.55267333984375,406.0871276855469,116.98938751220703,61.20899963378906,89.43455505371094,144.58799743652344,88.69695281982422,114.20591735839844,25.09616470336914,64.10724639892578,172.9413604736328,101.75300598144531,184.70079040527344,171.08277893066406,71.81781768798828,62.45000076293945,176.12713623046875,155.8699951171875,298.6600036621094,171.97000122070312,175.1263427734375,67.93000030517578,485.3627014160156,274.42352294921875,59.44282913208008
2024-05-10,181.64515686035156,150.22113037109375,482.2900085449219,243.32357788085938,206.13453674316406,151.9199981689453,291.8201599121094,187.47999572753906,168.08473205566406,1.8899999856948853,237.1049041748047,178.50999450683594,36.697757720947266,28.7341251373291,90.77694702148438,412.04998779296875,345.38104248046875,778.7572021484375,273.02301025390625,161.4413299560547,61.926719665527344,167.26751708984375,435.885009765625,329.69122314453125,183.35079956054688,29.66183853149414,141.31300354003906,190.55865478515625,59.69251251220703,749.5443725585938,444.74725341796875,451.6392517089844,262.4006652832031,472.993408203125,121.88839721679688,92.99234008789062,377.58502197265625,408.470458984375,120.3955078125,61.08700180053711,87.08832550048828,145.95799255371094,89.82730102539062,114.23530578613281,24.944766998291016,62.595340728759766,174.4165802001953,102.3111343383789,182.83444213867188,169.42758178710938,72.22587585449219,58.939998626708984,180.26048278808594,157.14999389648438,294.6000061035156,168.47000122070312,176.7611846923828,66.98999786376953,490.895751953125,276.5909729003906,59.4821662902832
2024-05-13,184.85037231445312,150.71640014648438,483.1099853515625,243.8734893798828,203.08770751953125,150.55999755859375,290.22064208984375,186.57000732421875,171.0787811279297,1.940000057220459,233.5331268310547,178.44000244140625,36.468685150146484,29.1558837890625,91.9831314086914,411.2200012207031,347.22088623046875,766.8462524414062,273.8617858886719,157.6073760986328,63.410099029541016,167.75352478027344,434.76348876953125,324.4854736328125,184.1459503173828,30.317676544189453,142.54788208007812,190.520263671875,59.994476318359375,747.2760009765625,446.3407897949219,452.4101867675781,258.8892822265625,464.858642578125,121.16678619384766,93.25727081298828,377.4375915527344,407.46588134765625,122.14323425292969,61.659000396728516,88.79293060302734,146.0240020751953,90.3480224609375,113.94155883789062,25.327713012695312,63.60991287231445,176.4569549560547,101.81076049804688,182.74786376953125,170.02423095703125,72.29228973388672,58.779998779296875,179.85862731933594,159.7899932861328,289.7099914550781,171.88999938964844,177.4888153076172,66.0199966430664,489.8714294433594,275.2609558105469,59.4133186340332
2024-05-14,185.9915313720703,151.006103515625,475.95001220703125,243.23193359375,206.22303771972656,153.16000366210938,293.00567626953125,187.07000732421875,171.19776916503906,1.909999966621399,236.35140991210938,180.75999450683594,36.73592758178711,28.997102737426758,92.69791412353516,410.239990234375,348.6811218261719,769.5668334960938,273.1512145996094,158.10142517089844,63.51336669921875,168.9436798095703,439.4700012207031,324.0477600097656,183.61282348632812,30.854272842407227,142.69869995117188,193.18545532226562,59.541542053222656,753.4697265625,443.1347351074219,448.8917541503906,258.259521484375,468.6727600097656,120.57637786865234,94.03314971923828,376.6510925292969,410.2629699707031,123.94062805175781,61.36600112915039,88.85997772216797,144.32400512695312,91.30448150634766,118.34765625,25.27427864074707,64.23656463623047,181.01657104492188,101.71451568603516,182.49774169921875,168.0995635986328,71.77037048339844,58.029998779296875,177.23699951171875,160.9499969482422,290.1199951171875,177.5500030517578,180.6167449951172,65.31999969482422,491.9199523925781,273.63531494140625,58.87239074707031
2024-05-15,188.2639617919922,153.06201171875,485.3500061035156,241.3073272705078,213.7615203857422,159.6699981689453,300.18475341796875,185.99000549316406,173.00213623046875,2.049999952316284,236.51776123046875,176.99000549316406,37.13678741455078,29.10130500793457,91.93846130371094,412.760009765625,350.4917907714844,778.60888671875,283.74969482421875,161.5302734375,62.91250228881836,171.09588623046875,446.7742004394531,331.8229675292969,185.28445434570312,31.072887420654297,143.9147186279297,193.76068115234375,59.56985092163086,777.515625,440.1943054199219,452.6473388671875,261.3224182128906,478.2975158691406,123.4534683227539,95.11181640625,381.625732421875,417.4360046386719,126.91973114013672,61.35200119018555,87.78739929199219,152.11399841308594,94.57662200927734,119.09178161621094,25.666126251220703,63.5601806640625,186.41920471191406,101.37771606445312,185.1337127685547,169.46609497070312,71.83677673339844,58.77000045776367,179.59072875976562,164.3699951171875,303.0400085449219,173.99000549316406,184.7747039794922,66.62000274658203,495.4330749511719,277.33978271484375,58.842891693115234
2024-05-16,188.38304138183594,153.58534240722656,482.8800048828125,244.0567626953125,210.36085510253906,162.6199951171875,298.2232971191406,183.6300048828125,173.2202606201172,1.8600000143051147,236.14590454101562,182.9600067138672,37.43265914916992,28.43145179748535,91.52098846435547,413.1199951171875,341.4189758300781,784.57421875,280.9273681640625,159.20814514160156,63.71053695678711,172.752197265625,445.269287109375,326.1700134277344,187.68247985839844,31.828094482421875,145.43238830566406,194.1057891845703,59.7491340637207,761.8076171875,440.90570068359375,453.50714111328125,260.9788818359375,470.04345703125,122.65689086914062,94.2223892211914,384.72882080078125,415.3738708496094,126.99917602539062,61.051998138427734,87.88317108154297,151.6020050048828,94.30577850341797,119.61073303222656,25.755184173583984,63.759117126464844,185.13560485839844,100.91303253173828,185.73277282714844,172.23367309570312,71.980224609375,57.810001373291016,167.4394073486328,165.0399932861328,298.1199951171875,174.83999633789062,184.2455291748047,66.05000305175781,498.9942321777344,276.2145080566406,62.95392990112305
2024-05-17,188.41282653808594,155.51976013183594,483.42999267578125,245.0648956298828,208.44427490234375,164.47000122070312,296.0911865234375,184.6999969482422,172.9426727294922,1.7100000381469727,237.61373901367188,184.9499969482422,37.499473571777344,28.36198616027832,91.103515625,416.94000244140625,346.8217468261719,787.284912109375,281.8450927734375,157.9927520751953,63.5791015625,174.6167755126953,448.336669921875,327.57843017578125,187.092041015625,31.629356384277344,145.771728515625,196.32992553710938,59.475486755371094,760.701171875,442.2052001953125,454.89080810546875,259.90069580078125,468.7323303222656,122.94741821289062,94.82795715332031,380.2959289550781,414.6042785644531,124.41729736328125,62.11000061035156,88.27580261230469,153.00999450683594,92.42683410644531,120.92277526855469,25.505826950073242,64.13709259033203,185.7007598876953,100.85494232177734,187.8076171875,172.50653076171875,74.43756866455078,58.529998779296875,165.10482788085938,161.86000061035156,302.82000732421875,177.4600067138672,184.29278564453125,65.66999816894531,502.2105712890625,276.4711608886719,63.583377838134766
2024-05-20,189.5738067626953,153.78158569335938,484.69000244140625,245.43145751953125,216.17935180664062,166.3300018310547,298.0527038574219,183.5399932861328,174.667724609375,1.7300000190734863,237.1049041748047,186.61000061035156,37.05088806152344,28.446340560913086,90.13574981689453,413.0,353.1298828125,784.5050048828125,283.2858581542969,157.38998413085938,63.74808883666992,175.46975708007812,443.7547607421875,321.4972839355469,185.8657684326172,31.897653579711914,143.74766540527344,187.5004119873047,59.04143142700195,773.7219848632812,443.03985595703125,454.28790283203125,255.59730529785156,465.6830139160156,122.7599868774414,94.93204498291016,385.4676208496094,419.6658935546875,128.1014404296875,64.08200073242188,87.88317108154297,154.83599853515625,94.72655487060547,121.92147064208984,25.407865524291992,64.42555236816406,189.43661499023438,101.66812896728516,190.24288940429688,174.80636596679688,74.14115905761719,58.90999984741211,165.640625,164.77999877929688,308.2099914550781,174.9499969482422,188.24285888671875,64.6500015258789,495.12677001953125,274.931396484375,63.12112045288086
2024-05-21,190.87379455566406,152.2583465576172,481.8500061035156,244.88160705566406,216.0319366455078,164.66000366210938,298.3464660644531,183.14999389648438,175.6393280029297,1.6799999475479126,237.86817932128906,184.77999877929688,37.84306335449219,28.099008560180664,89.9649658203125,414.3699951171875,349.54754638671875,792.3500366210938,280.0195617675781,159.08958435058594,63.17538070678711,176.39212036132812,450.9151611328125,319.9079284667969,184.85751342773438,31.5399227142334,143.7191619873047,191.2776641845703,59.36225509643555,793.4706420898438,444.2065124511719,453.7344970703125,253.68896484375,461.5013427734375,122.54442596435547,96.0674819946289,390.09759521484375,423.3165283203125,126.61189270019531,65.06099700927734,88.88870239257812,155.41000366210938,95.33220672607422,122.0291748046875,25.434579849243164,63.759117126464844,192.39657592773438,102.06504821777344,189.67791748046875,175.41055297851562,74.31327056884766,57.02000045776367,166.13816833496094,162.7100067138672,304.92999267578125,186.60000610351562,188.06332397460938,63.970001220703125,501.1766662597656,272.37493896484375,64.07511901855469
2024-05-22,189.43490600585938,149.15579223632812,483.92999267578125,244.3317108154297,214.8011016845703,165.52000427246094,293.19158935546875,183.1300048828125,175.57984924316406,1.6699999570846558,234.94227600097656,186.27999877929688,37.94805145263672,28.17839813232422,88.42790985107422,413.989990234375,346.50054931640625,793.2699584960938,280.0787353515625,158.90182495117188,63.654205322265625,174.93418884277344,443.21795654296875,314.6165771484375,184.2125701904297,31.221940994262695,145.86676025390625,190.11766052246094,59.447181701660156,793.2137451171875,445.5345153808594,451.18463134765625,253.59349060058594,464.63018798828125,122.8630599975586,95.31997680664062,391.77227783203125,424.77679443359375,125.400390625,64.0469970703125,88.58226013183594,154.16600036621094,94.89644622802734,121.99981689453125,26.36077117919922,61.85927200317383,194.38902282714844,102.9169692993164,188.88888549804688,174.74789428710938,77.1817626953125,58.70000076293945,166.19557189941406,163.33999633789062,298.760009765625,180.11000061035156,191.39915466308594,65.4800033569336,499.07073974609375,272.0097351074219,64.17346954345703
2024-05-23,185.44577026367188,147.89425659179688,483.30999755859375,241.94888305664062,214.60418701171875,160.42999267578125,290.4341735839844,181.0500030517578,173.3194122314453,1.6299999952316284,230.4115753173828,172.2100067138672,37.38494110107422,27.374576568603516,87.97248840332031,405.8800048828125,341.3994445800781,787.8092651367188,274.8979187011719,163.29901123046875,62.123863220214844,172.12738037109375,439.16326904296875,311.09539794921875,181.1151123046875,29.8903865814209,142.2557373046875,188.78506469726562,58.5885009765625,798.6868286132812,443.03985595703125,445.9367370605469,246.11273193359375,462.6436462402344,122.85369873046875,93.597900390625,393.0036315917969,421.30377197265625,125.39045715332031,63.56700134277344,87.52883911132812,151.6300048828125,103.7404556274414,121.50045013427734,25.55035400390625,61.25251770019531,193.2682647705078,102.04568481445312,189.97015380859375,176.7358856201172,74.87740325927734,57.63999938964844,169.5252227783203,154.5800018310547,300.510009765625,173.74000549316406,186.43792724609375,63.599998474121094,494.7439270019531,270.6772155761719,63.77022933959961
2024-05-24,188.52195739746094,146.7728271484375,475.42999267578125,242.77369689941406,217.49905395507812,166.36000061035156,289.8087463378906,180.75,173.4978485107422,1.6100000143051147,233.07322692871094,174.52000427246094,37.89078140258789,27.419231414794922,88.08634185791016,407.4100036621094,339.6472473144531,801.0557861328125,268.70068359375,165.34446716308594,61.66383361816406,173.55555725097656,442.06768798828125,309.3918151855469,181.3876495361328,30.526351928710938,139.6614990234375,192.4185028076172,58.50357437133789,797.67919921875,443.2960205078125,445.906982421875,246.28448486328125,474.9998474121094,121.3542251586914,93.64521026611328,389.1617126464844,424.42156982421875,128.58804321289062,64.67500305175781,87.86402130126953,147.70199584960938,106.408935546875,120.3450927734375,25.719558715820312,61.312198638916016,201.5063018798828,102.87825012207031,190.32081604003906,175.46902465820312,75.4128646850586,56.970001220703125,169.64004516601562,156.16000366210938,308.1600036621094,179.24000549316406,188.22396850585938,64.26000213623047,486.45404052734375,270.9338073730469,64.30132293701172
2024-05-27,,,,243.9651336669922,,,,,173.61680603027344,,,,,28.054351806640625,88.90230560302734,,,,,,,,,,,,,,,,,,,,,,393.4468994140625,,,,,,,,,,,,,175.81982421875,,,171.19004821777344,,,,,,,,
2024-05-28,188.5319061279297,145.1654815673828,478.42999267578125,243.69017028808594,217.92247009277344,171.61000061035156,284.45489501953125,182.14999389648438,174.96514892578125,1.659999966621399,232.16319274902344,175.0800018310547,37.528099060058594,27.587934494018555,88.9971923828125,403.8999938964844,337.2816162109375,804.458984375,266.2731018066406,166.55987548828125,60.03023147583008,174.95401000976562,440.75445556640625,312.81787109375,180.9243621826172,30.86421012878418,137.20030212402344,191.25848388671875,58.33372116088867,798.10400390625,434.8825378417969,439.8782958984375,241.92385864257812,476.68841552734375,118.1678466796875,93.36135864257812,388.1274108886719,424.5794372558594,131.7458953857422,64.9000015258789,88.10342407226562,145.77200317382812,113.83676147460938,121.89210510253906,25.203031539916992,61.839378356933594,204.1118621826172,102.15217590332031,187.53488159179688,172.70143127441406,74.08378601074219,58.189998626708984,169.6017608642578,150.74000549316406,310.2900085449219,176.75,188.62086486816406,63.52000045776367,482.1558837890625,267.4693603515625,63.96693801879883
2024-05-29,188.82958984375,144.65150451660156,477.6000061035156,241.8572235107422,215.6873016357422,165.13999938964844,280.8351135253906,182.02000427246094,175.5599822998047,1.6299999952316284,230.88125610351562,171.64999389648438,36.955448150634766,26.7196102142334,87.11856842041016,404.0899963378906,329.1434020996094,797.8801879882812,268.03955078125,161.6587371826172,59.61713409423828,174.45809936523438,438.223876953125,310.1627502441406,179.0077667236328,29.94007110595703,137.25730895996094,189.92591857910156,58.22049331665039,801.7296752929688,429.41900634765625,437.2988586425781,237.9449005126953,471.1658020019531,117.98978424072266,92.03667449951172,391.4767150878906,423.4447937011719,130.6634521484375,65.46199798583984,87.78739929199219,146.2239990234375,114.7602310180664,121.15776824951172,24.775558471679688,60.725337982177734,199.49468994140625,101.23251342773438,185.44053649902344,171.33714294433594,73.51008605957031,58.369998931884766,168.14744567871094,148.19000244140625,307.5199890136719,176.19000244140625,184.18882751464844,64.93000030517578,464.0060729980469,265.3768005371094,63.848907470703125
2024-05-30,189.82191467285156,146.0719451904297,445.8699951171875,243.50689697265625,213.21583557128906,166.75,285.222412109375,179.32000732421875,175.2427520751953,1.6799999475479126,232.13381958007812,172.75,36.869544982910156,27.84099006652832,87.85863494873047,408.6099853515625,330.2531433105469,806.605712890625,215.13623046875,162.25157165527344,60.16167449951172,170.6991729736328,434.1831970214844,315.4525451660156,182.4958038330078,29.99969482421875,138.05552673339844,191.09547424316406,58.47526550292969,805.2169799804688,437.2159118652344,436.93316650390625,240.5211944580078,463.905029296875,116.70585632324219,91.99883270263672,381.625732421875,409.13824462890625,125.41032409667969,64.76599884033203,89.49201202392578,128.6580047607422,110.43768310546875,114.64653015136719,25.11397361755371,62.17757034301758,196.98431396484375,102.3458023071289,175.5825958251953,164.28172302246094,75.30767822265625,58.540000915527344,168.51101684570312,140.9499969482422,304.69000244140625,178.7899932861328,184.91647338867188,64.12000274658203,461.0672607421875,267.7851867675781,63.81940841674805
2024-05-31,190.77456665039062,150.67904663085938,444.760009765625,245.8896942138672,211.7782745361328,166.89999389648438,289.8182067871094,176.44000244140625,173.9539031982422,1.5700000524520874,234.8542022705078,177.61000061035156,38.167564392089844,28.024580001831055,88.408935546875,414.3999938964844,329.5425109863281,801.214111328125,231.3496551513672,163.18043518066406,60.340049743652344,171.0859832763672,440.2490234375,320.9052429199219,183.65850830078125,30.655534744262695,139.37640380859375,194.25918579101562,59.381126403808594,810.4332275390625,446.132080078125,441.8450622558594,247.02874755859375,463.6865234375,117.65240478515625,92.57599639892578,369.6568298339844,409.5921325683594,124.12931060791016,64.16200256347656,91.02424621582031,131.38600158691406,109.5711669921875,114.74444580078125,25.523635864257812,62.65502166748047,196.26290893554688,104.36908721923828,177.7158966064453,161.72853088378906,76.70368194580078,59.150001525878906,168.64495849609375,136.17999267578125,296.7799987792969,178.0800018310547,184.2833251953125,64.55999755859375,474.20098876953125,268.93011474609375,64.675048828125
2024-06-03,192.54087829589844,149.6977996826172,439.0199890136719,248.18087768554688,210.92160034179688,163.5500030517578,291.3059387207031,178.33999633789062,176.7100372314453,1.6100000143051147,231.80108642578125,184.57000732421875,38.062583923339844,28.406644821166992,88.4848403930664,414.7900085449219,322.57232666015625,806.6550903320312,233.5009002685547,159.54412841796875,59.55141067504883,171.75048828125,438.763916015625,314.331298828125,183.9037628173828,30.099063873291016,140.39320373535156,193.48265075683594,59.381126403808594,821.2213134765625,446.5236511230469,438.0103759765625,249.45849609375,474.27471923828125,120.35144805908203,92.16914367675781,373.3509521484375,408.0035705566406,127.27723693847656,63.37900161743164,90.75505828857422,132.02200317382812,114.93513488769531,116.79084014892578,26.10250473022461,63.12251663208008,198.05194091796875,103.9431381225586,179.4692840576172,163.96987915039062,78.4821548461914,59.70000076293945,170.462890625,136.92999267578125,313.6199951171875,176.2899932861328,183.0642852783203,63.790000915527344,476.1824951171875,266.8771057128906,64.73406982421875
2024-06-04,192.85842895507812,151.5200958251953,448.3699951171875,240.11593627929688,208.96214294433594,159.99000549316406,291.2585144042969,179.33999633789062,176.61090087890625,1.5399999618530273,232.16319274902344,188.6199951171875,37.87169647216797,28.118854522705078,87.32730865478516,409.5299987792969,318.8829040527344,818.526611328125,231.7641143798828,159.465087890625,60.23678970336914,172.36538696289062,439.072509765625,314.5708923339844,188.236572265625,29.8407039642334,140.4501953125,190.93252563476562,60.334171295166016,822.5353393554688,447.7554931640625,439.5719299316406,252.31085205078125,473.7781066894531,120.62322235107422,91.38379669189453,373.1047058105469,410.5195007324219,125.75788879394531,63.1619987487793,91.0819320678711,134.39999389648438,116.37132263183594,117.56436157226562,26.262807846069336,62.99321365356445,196.5707244873047,104.45622253417969,179.44979858398438,164.30120849609375,79.1610336303711,60.68000030517578,166.75051879882812,137.0,326.67999267578125,174.77000427246094,182.66741943359375,64.55000305175781,483.8885192871094,268.8907165527344,65.5011978149414
2024-06-05,194.3667755126953,154.60394287109375,455.79998779296875,240.84910583496094,219.94097900390625,166.1699981689453,291.26800537109375,181.27999877929688,179.1291046142578,1.409999966621399,229.6580352783203,189.85000610351562,38.13893127441406,28.376873016357422,86.73905181884766,409.8500061035156,320.71307373046875,825.3626098632812,233.412109375,160.6211700439453,59.97390365600586,173.97213745117188,445.2250671386719,316.4874572753906,190.089599609375,30.585975646972656,138.71121215820312,189.11102294921875,60.31529998779297,821.71533203125,444.2604675292969,441.43988037109375,249.68898010253906,491.7264099121094,121.31674194335938,91.4594955444336,381.23175048828125,418.3536376953125,132.7786407470703,65.0270004272461,90.67815399169922,140.82200622558594,122.37094116210938,120.0709228515625,26.31623649597168,63.19214630126953,203.81333923339844,104.9789810180664,183.8625030517578,167.14675903320312,77.60248565673828,61.25,171.09439086914062,134.2899932861328,324.75,175.0,185.29444885253906,65.81999969482422,481.6197814941406,270.9437255859375,65.98311614990234
2024-06-06,192.98741149902344,157.52894592285156,458.1300048828125,241.8572235107422,218.34585571289062,166.77999877929688,289.6665954589844,185.0,178.43508911132812,1.4800000190734863,228.34678649902344,191.4199981689453,37.89078140258789,28.168474197387695,86.81495666503906,411.0799865722656,319.5838317871094,833.6131591796875,239.55999755859375,158.71408081054688,59.94573211669922,175.2812957763672,441.772705078125,317.29248046875,189.34474182128906,30.22824478149414,139.1388397216797,188.77545166015625,60.53232955932617,827.178466796875,447.4976501464844,443.4362487792969,250.39004516601562,490.4352111816406,122.31950378417969,91.63926696777344,381.4287414550781,418.8568115234375,129.16400146484375,64.85199737548828,92.02409362792969,140.6320037841797,120.92975616455078,120.92277526855469,25.6483154296875,66.66358947753906,201.44720458984375,104.7272720336914,188.04139709472656,173.1886749267578,77.89889526367188,61.459999084472656,168.09002685546875,132.0399932861328,319.510009765625,177.94000244140625,185.44566345214844,68.9000015258789,480.4710998535156,273.4508361816406,66.04212951660156
2024-06-07,195.37893676757812,158.3232421875,465.42999267578125,239.65769958496094,218.32615661621094,167.8699951171875,289.03167724609375,184.3000030517578,179.7041015625,1.3899999856948853,227.68136596679688,190.24000549316406,38.19805908203125,27.87572479248047,86.51134490966797,413.7200012207031,320.2165222167969,836.5217895507812,238.66200256347656,159.99864196777344,60.7437629699707,173.0299072265625,438.6964111328125,313.3921813964844,189.64450073242188,30.546226501464844,139.76600646972656,191.68988037109375,60.30586242675781,839.7252197265625,448.9395751953125,444.53326416015625,246.05874633789062,489.6405944824219,122.4600830078125,91.9136734008789,387.68408203125,418.19573974609375,130.02793884277344,64.14700317382812,92.82205200195312,139.76199340820312,120.81981658935547,123.29227447509766,25.452390670776367,66.94210052490234,198.73484802246094,104.65950775146484,186.1516571044922,172.83786010742188,77.86063385009766,61.59000015258789,166.9036102294922,131.2100067138672,308.2099914550781,177.47999572753906,184.850341796875,69.30999755859375,469.7209777832031,275.0596923828125,64.79307556152344
2024-06-10,191.6378631591797,159.29515075683594,459.94000244140625,237.73309326171875,224.65744018554688,160.33999633789062,288.7474670410156,187.05999755859375,180.41795349121094,1.399999976158142,227.456298828125,190.1199951171875,38.09243392944336,27.26541519165039,86.62519836425781,410.80999755859375,320.8688049316406,839.252197265625,238.65211486816406,160.90774536132812,61.260128021240234,173.7746124267578,437.38482666015625,318.69158935546875,191.4248504638672,30.71515464782715,139.81353759765625,191.36395263671875,60.00390625,854.5538940429688,446.389892578125,443.9996032714844,243.7538299560547,499.2157287597656,123.22858428955078,91.20401763916016,391.77227783203125,422.1621398925781,133.8809051513672,64.44999694824219,92.29327392578125,141.8300018310547,121.7213134765625,121.90189361572266,24.998201370239258,66.73320770263672,201.36065673828125,103.67207336425781,185.3139190673828,172.3116455078125,78.02318572998047,63.0099983215332,166.9036102294922,126.76000213623047,309.0,173.7899932861328,186.74974060058594,68.5999984741211,473.8467102050781,271.4767761230469,65.8552474975586
2024-06-11,205.5601806640625,156.71592712402344,462.69000244140625,234.70875549316406,226.43963623046875,158.9600067138672,284.93817138671875,187.22999572753906,189.55880737304688,1.3200000524520874,219.71591186523438,185.5,37.31464767456055,26.873428344726562,86.45441436767578,408.5,318.62982177734375,840.2117309570312,237.8133087158203,158.45716857910156,60.922142028808594,175.3732452392578,428.4356384277344,321.7197570800781,190.28033447265625,30.7250919342041,139.46194458007812,186.330810546875,59.96616744995117,855.364013671875,441.94000244140625,443.7920227050781,244.20521545410156,504.0528869628906,123.55657196044922,90.29566955566406,393.4962158203125,426.907958984375,134.12916564941406,64.8550033569336,92.16828918457031,142.4080047607422,120.85174560546875,121.29483032226562,24.96257781982422,64.42555236816406,200.5623321533203,103.50749206542969,183.85275268554688,170.92782592773438,76.38813781738281,63.81999969482422,165.0091552734375,128.47999572753906,310.0,170.66000366210938,186.57968139648438,69.58999633789062,475.0146484375,271.1115417480469,65.62905883789062
2024-06-12,211.43478393554688,155.21136474609375,459.8699951171875,238.008056640625,234.0017547607422,160.24000549316406,285.2982177734375,186.88999938964844,198.33282470703125,1.3200000524520874,219.23641967773438,182.6699981689453,37.8427734375,27.612747192382812,85.6384506225586,408.7699890136719,320.0121765136719,838.7278442382812,232.6917266845703,159.13900756835938,60.405765533447266,176.53497314453125,432.7077331542969,329.7886962890625,189.39016723632812,30.56610107421875,138.1790771484375,183.61773681640625,59.333953857421875,856.8261108398438,438.41632080078125,437.8226318359375,244.39727783203125,505.4136657714844,122.01961517333984,90.50384521484375,398.27386474609375,435.1761779785156,139.76959228515625,65.00599670410156,90.0628662109375,144.3000030517578,125.13965606689453,137.4505157470703,24.633068084716797,63.092681884765625,207.170166015625,103.3622817993164,192.09368896484375,176.77484130859375,75.9004898071289,65.47000122070312,170.40548706054688,130.3300018310547,315.489990234375,177.2899932861328,188.03494262695312,73.1500015258789,471.999267578125,266.8179016113281,65.21599578857422
2024-06-13,212.59579467773438,155.65057373046875,458.739990234375,234.89202880859375,233.90330505371094,159.89999389648438,282.8535461425781,183.8300018310547,196.53839111328125,1.340000033378601,217.4260711669922,180.6999969482422,37.69873809814453,27.13640594482422,83.74085235595703,405.9200134277344,317.7049560546875,836.897705078125,226.0109405517578,153.84255981445312,59.673465728759766,173.92355346679688,430.4415283203125,333.3726806640625,189.50823974609375,30.26799201965332,138.21710205078125,185.6597442626953,59.437744140625,872.66259765625,437.8910827636719,439.79925537109375,243.64817810058594,500.7055969238281,121.24176025390625,90.08750915527344,405.5635681152344,435.6892395019531,142.14295959472656,65.32599639892578,90.5435562133789,141.95199584960938,129.5475311279297,136.93157958984375,24.624164581298828,61.212730407714844,209.49781799316406,101.67781829833984,187.4374542236328,173.44204711914062,76.72279357910156,64.69000244140625,163.45913696289062,125.9000015258789,306.010009765625,182.47000122070312,185.48348999023438,70.86000061035156,476.0484619140625,267.6766052246094,65.59954833984375
2024-06-14,210.8592071533203,157.54762268066406,525.3099975585938,232.2342529296875,233.3913116455078,159.6300048828125,282.9671630859375,183.66000366210938,198.02548217773438,1.3700000047683716,219.9996795654297,177.27000427246094,37.67953872680664,26.858543395996094,82.45049285888672,405.5400085449219,312.94464111328125,846.503662109375,228.88259887695312,154.0303192138672,61.83079528808594,175.54205322265625,430.54754638671875,332.37603759765625,189.41741943359375,30.258056640625,138.3026123046875,185.77479553222656,59.480533599853516,867.8414306640625,437.6809997558594,439.43359375,243.532958984375,501.26239013671875,121.3448486328125,90.36190795898438,407.1889953613281,436.6660461425781,140.37533569335938,66.93800354003906,89.78404998779297,145.71600341796875,131.81643676757812,135.24746704101562,24.517295837402344,60.31254196166992,207.11244201660156,100.90335845947266,182.9565887451172,170.32363891601562,76.1586685180664,67.66000366210938,158.5794677734375,127.16999816894531,313.0199890136719,178.00999450683594,183.234375,70.05999755859375,475.87615966796875,267.1534423828125,65.91426086425781
2024-06-17,215.00714111328125,158.5662078857422,518.739990234375,234.25050354003906,239.1317901611328,158.39999389648438,287.3829040527344,184.05999755859375,199.96865844726562,1.340000033378601,223.375732421875,178.38999938964844,37.93879699707031,25.930675506591797,83.570068359375,407.32000732421875,313.8500061035156,858.6124877929688,227.4418487548828,161.2930908203125,61.08000183105469,175.98887634277344,434.1349792480469,334.9251403808594,192.52395629882812,30.784713745117188,138.6922149658203,186.92520141601562,59.547096252441406,874.3222045898438,438.3208312988281,442.8728942871094,243.46571350097656,503.71820068359375,120.20409393310547,91.81904602050781,407.97705078125,442.388671875,146.80027770996094,67.58300018310547,91.33190155029297,145.10000610351562,130.91688537597656,138.361083984375,24.027482986450195,59.81023025512695,213.739501953125,101.13570404052734,185.09962463378906,171.27865600585938,77.76502227783203,66.5199966430664,160.83750915527344,130.6699981689453,311.2200012207031,187.44000244140625,184.17938232421875,70.48999786376953,470.31011962890625,267.6568603515625,66.30767059326172
2024-06-18,212.6453857421875,160.13619995117188,522.25,235.5335693359375,244.02548217773438,154.6300048828125,289.9508972167969,182.80999755859375,197.58924865722656,1.2699999809265137,224.39340209960938,174.99000549316406,38.39970779418945,25.94059944152832,83.09567260742188,407.95001220703125,316.517333984375,861.422119140625,228.75433349609375,163.01248168945312,60.01559829711914,173.85403442382812,441.1265869140625,339.1128845214844,193.35964965820312,30.436920166015625,138.40713500976562,188.8617706298828,59.556610107421875,880.6943359375,439.26617431640625,444.8495178222656,240.85348510742188,496.6191711425781,120.66606140136719,92.32054138183594,409.1098937988281,440.3857421875,152.38113403320312,68.56700134277344,91.1203842163086,146.03399658203125,135.5146484375,141.62161254882812,24.410429000854492,58.80559539794922,218.4236602783203,101.42610931396484,183.73585510253906,171.5125274658203,76.68455505371094,64.25,161.16282653808594,127.5999984741211,309.8999938964844,184.86000061035156,185.4551239013672,70.33000183105469,462.4464111328125,270.07513427734375,66.48470306396484
2024-06-19,,,,236.54168701171875,,,,,198.72938537597656,,,,,25.4245662689209,84.00651550292969,,,,,,,,,,,,,,,,,,,,,,412.4591979980469,,,,,,,,,,,,,171.785400390625,,,160.9714813232422,,,,,,,,
2024-06-20,208.07078552246094,160.85577392578125,522.9500122070312,238.28298950195312,236.3058624267578,161.77999877929688,293.646484375,186.10000610351562,194.17880249023438,1.3300000429153442,225.2741241455078,176.3000030517578,38.39970779418945,25.801668167114258,83.85470581054688,409.1499938964844,320.4015197753906,853.2011108398438,238.61265563964844,163.0421142578125,65.09054565429688,175.0554962158203,441.7244567871094,338.70086669921875,194.51324462890625,30.426984786987305,140.43121337890625,190.4627685546875,59.12868881225586,875.2904052734375,445.3204040527344,447.2215270996094,243.74423217773438,498.8165283203125,122.24990844726562,92.1975326538086,408.962158203125,439.7543029785156,143.18563842773438,67.90299987792969,91.8798828125,146.86199951171875,130.7169647216797,139.927734375,24.704315185546875,59.48198318481445,207.2471160888672,101.71654510498047,186.51205444335938,175.11819458007812,76.22559356689453,63.880001068115234,162.98072814941406,126.62000274658203,313.8900146484375,181.57000732421875,182.15708923339844,70.30000305175781,465.7822265625,273.2336730957031,66.887939453125
2024-06-21,205.89759826660156,159.22975158691406,533.4400024414062,237.91641235351562,231.79617309570312,161.22999572753906,292.007080078125,189.0800018310547,195.84439086914062,1.340000033378601,225.44046020507812,176.55999755859375,37.919593811035156,25.801668167114258,82.79206085205078,409.6199951171875,319.145751953125,839.2225341796875,241.82965087890625,162.29112243652344,67.16234588623047,178.3619842529297,434.1349792480469,340.9623718261719,195.37615966796875,30.894020080566406,141.35299682617188,188.190673828125,59.68974685668945,873.2058715820312,446.5236511230469,449.5341491699219,249.11277770996094,491.9362487792969,123.23983001708984,90.98640441894531,413.4936218261719,443.7798156738281,138.56800842285156,68.61199951171875,93.4277114868164,149.86599731445312,126.50900268554688,138.54714965820312,24.704315185546875,60.28767776489258,204.4193115234375,102.23931121826172,189.13241577148438,176.4435272216797,76.40726470947266,65.02999877929688,160.9331817626953,127.80000305175781,317.739990234375,183.00999450683594,184.7747039794922,70.20999908447266,463.9269104003906,271.6544189453125,66.78958129882812
2024-06-24,206.5426025390625,161.42579650878906,524.1699829101562,239.65769958496094,226.31167602539062,160.25,301.4734802246094,185.57000732421875,196.47886657714844,1.399999976158142,226.50709533691406,179.10000610351562,38.42851638793945,26.451671600341797,85.0501937866211,413.9800109863281,321.2484436035156,839.0740966796875,236.77713012695312,158.63502502441406,67.21937561035156,177.9548797607422,445.6205139160156,336.2475891113281,196.10284423828125,30.37729835510254,141.70457458496094,190.6641082763672,60.83085632324219,879.3606567382812,450.25738525390625,451.61944580078125,250.06353759765625,496.04254150390625,125.35166931152344,91.8758316040039,413.1980895996094,441.697998046875,138.04173278808594,66.9020004272461,93.4181137084961,147.91799926757812,118.05307006835938,136.97073364257812,25.256465911865234,59.17363357543945,193.17543029785156,98.70580291748047,186.7263641357422,174.8843231201172,76.23516082763672,64.30999755859375,163.65048217773438,124.80000305175781,314.989990234375,182.5800018310547,183.24383544921875,70.54000091552734,471.0311584472656,272.7203369140625,67.76324462890625
2024-06-25,207.4654541015625,159.56614685058594,526.8800048828125,238.46629333496094,230.67367553710938,160.25,302.5726318359375,186.33999633789062,194.41676330566406,1.350000023841858,225.6459503173828,175.10000610351562,37.81396484375,25.950523376464844,85.61946868896484,410.9700012207031,318.7173767089844,846.3453369140625,238.57315063476562,157.8346405029297,66.15496063232422,182.73097229003906,441.0783996582031,324.21136474609375,194.79481506347656,30.546226501464844,139.87057495117188,189.88755798339844,60.70723342895508,893.685546875,446.9724426269531,450.3247985839844,247.18240356445312,507.66534423828125,125.3139419555664,92.53815460205078,413.4443359375,444.93426513671875,140.1370086669922,67.24099731445312,91.09153747558594,150.96200561523438,126.02923583984375,136.26576232910156,24.926956176757812,59.014488220214844,194.45465087890625,98.32825469970703,190.6715087890625,177.08668518066406,75.80487823486328,64.77999877929688,162.25357055664062,124.20999908447266,321.2799987792969,187.35000610351562,183.77305603027344,71.37999725341797,465.76300048828125,269.9862365722656,66.30767059326172
2024-06-26,211.61337280273438,159.93994140625,528.6599731445312,237.45816040039062,228.6058807373047,157.5399932861328,296.4228820800781,193.61000061035156,198.14447021484375,1.2999999523162842,225.7340545654297,178.5,37.44907760620117,25.786781311035156,83.45621490478516,410.260009765625,318.0651550292969,847.6611938476562,239.94483947753906,158.73385620117188,65.86984252929688,182.58201599121094,439.6125183105469,327.5653991699219,193.86834716796875,30.347488403320312,139.5189666748047,189.27398681640625,60.90692901611328,890.3759765625,445.9410705566406,447.0929870605469,247.61453247070312,510.1708679199219,123.9751968383789,91.67713165283203,417.58172607421875,446.1280822753906,141.36837768554688,67.76899719238281,90.42818450927734,150.78199768066406,126.3390884399414,135.34539794921875,24.419334411621094,57.95016860961914,189.79937744140625,98.02815246582031,193.44769287109375,181.2770538330078,75.68059539794922,65.44999694824219,161.90911865234375,129.1300048828125,318.9599914550781,196.3699951171875,182.4783935546875,70.8499984741211,465.32086181640625,270.0553894042969,67.16332244873047
2024-06-27,212.45687866210938,157.92141723632812,546.760009765625,237.73309326171875,228.9603729248047,159.47000122070312,297.2472839355469,197.85000610351562,197.15306091308594,1.3200000524520874,223.50289916992188,182.50999450683594,37.68913269042969,25.910829544067383,83.58904266357422,407.95001220703125,318.77581787109375,841.5076904296875,249.51699829101562,158.5955352783203,65.41366577148438,184.10122680664062,430.06536865234375,327.2491760253906,194.7312469482422,30.397172927856445,138.5496826171875,190.94210815429688,60.773799896240234,898.0620727539062,446.0748291015625,437.5755920410156,247.9411163330078,516.5738525390625,122.39134216308594,90.61738586425781,417.68023681640625,446.80889892578125,131.30894470214844,68.43399810791016,90.55316925048828,154.8260040283203,123.93024444580078,137.25466918945312,24.757747650146484,58.05958938598633,187.7025604248047,97.4085693359375,195.55177307128906,182.6608428955078,75.76663208007812,66.37000274658203,166.04248046875,133.9199981689453,315.3800048828125,197.4199981689453,182.79022216796875,70.33999633789062,467.62799072265625,263.1361999511719,66.76007080078125
2024-06-28,209.00355529785156,160.28573608398438,555.5399780273438,237.8247528076172,232.3672637939453,162.2100067138672,296.0722351074219,193.25,198.18414306640625,1.3300000429153442,226.58538818359375,182.00999450683594,38.18845748901367,26.178768157958984,83.85470581054688,406.79998779296875,324.2662048339844,840.8844604492188,253.71095275878906,157.08364868164062,65.20459747314453,180.8642120361328,436.19866943359375,329.8844299316406,193.96823120117188,30.774776458740234,138.8917694091797,193.9044647216797,60.52655792236328,894.4462890625,446.04620361328125,436.004150390625,244.74301147460938,501.322021484375,116.7158203125,91.96099090576172,417.0891418457031,440.98760986328125,130.61380004882812,67.48799896240234,72.45983123779297,157.33399963378906,123.48046112060547,138.25340270996094,24.918052673339844,57.721397399902344,191.57876586914062,97.1859130859375,196.48690795898438,184.6878204345703,74.43756866455078,66.05000305175781,166.21470642089844,135.08999633789062,313.7900085449219,197.8800048828125,183.82974243164062,72.68000030517578,489.56549072265625,259.069580078125,66.59288024902344
2024-07-01,215.08653259277344,159.21104431152344,560.010009765625,240.5741729736328,233.7654571533203,157.69000244140625,294.7077331542969,197.1999969482422,198.8780975341797,1.350000023841858,228.79690551757812,186.6999969482422,38.41891098022461,25.970369338989258,84.57579803466797,405.19000244140625,320.3528137207031,836.61083984375,252.83270263671875,157.08364868164062,65.23310852050781,181.69830322265625,447.13458251953125,322.1701965332031,191.61561584472656,30.645597457885742,139.15785217285156,196.9626922607422,60.174713134765625,903.3276977539062,445.4159240722656,432.49560546875,240.08518981933594,501.77935791015625,120.58120727539062,93.82498931884766,415.0205078125,450.63714599609375,130.60391235351562,67.36100006103516,73.86347198486328,157.79200744628906,124.24010467529297,140.10397338867188,25.13178825378418,57.50257110595703,192.3963165283203,96.37271881103516,194.25621032714844,180.9457244873047,73.74911499023438,64.62999725341797,169.4678192138672,142.77000427246094,313.8399963378906,209.86000061035156,183.89588928222656,71.0999984741211,475.5204772949219,259.8295593261719,66.36669158935547
2024-07-02,218.5795135498047,155.0898895263672,567.7100219726562,237.09158325195312,237.1624755859375,164.30999755859375,294.4803161621094,200.0,202.74462890625,1.2999999523162842,230.91062927246094,185.4199981689453,39.30232620239258,25.657772064208984,83.51313781738281,407.1000061035156,319.0678405761719,850.154052734375,252.81297302246094,159.53424072265625,65.00501251220703,183.93240356445312,449.0150451660156,321.0010070800781,193.6866455078125,30.874147415161133,138.7682342529297,200.20303344726562,60.05109786987305,895.7601928710938,444.70928955078125,439.453369140625,237.9723358154297,506.5716857910156,120.41150665283203,94.28862762451172,419.25640869140625,453.1531066894531,131.6664276123047,67.95800018310547,73.10396575927734,158.82200622558594,122.61088562011719,140.28997802734375,24.784465789794922,58.65639877319336,192.52137756347656,97.20527648925781,193.43795776367188,180.4779510498047,73.46227264404297,66.05999755859375,167.28631591796875,141.9199981689453,315.54998779296875,231.25999450683594,187.50576782226562,70.66999816894531,478.9716491699219,264.75494384765625,66.94694519042969
2024-07-03,219.8496856689453,153.10873413085938,570.1500244140625,238.28298950195312,239.57489013671875,163.89999389648438,293.1631774902344,197.58999633789062,202.05064392089844,1.2799999713897705,230.65618896484375,184.30999755859375,39.273521423339844,26.024951934814453,83.91163635253906,405.7699890136719,321.8422546386719,853.4188232421875,257.5102233886719,161.0658416748047,63.28485870361328,184.50830078125,451.24267578125,319.7265625,192.9872283935547,31.033138275146484,138.4451446533203,200.06883239746094,60.222259521484375,887.2540893554688,445.0244140625,442.94207763671875,240.09478759765625,507.02899169921875,118.64852142333984,94.80904388427734,419.4533996582031,454.6231689453125,135.86700439453125,68.2509994506836,72.33485412597656,157.1840057373047,128.21817016601562,141.36705017089844,24.66869354248047,59.32283401489258,196.03207397460938,97.52472686767578,197.76300048828125,182.875244140625,72.91726684570312,66.7300033569336,169.1233673095703,142.86000061035156,314.79998779296875,246.38999938964844,187.99717712402344,71.30000305175781,470.9446105957031,265.505126953125,67.1141357421875
2024-07-04,,,,239.74935913085938,,,,,202.74462890625,,,,,26.005104064941406,83.64598083496094,,,,,,,,,,,,,,,,,,,,,,420.5369873046875,,,,,,,,,,,,,182.25155639648438,,,169.67831420898438,,,,,,,,
2024-07-05,224.60292053222656,156.29539489746094,578.3400268554688,239.10781860351562,238.8659210205078,171.89999389648438,294.5845642089844,200.0,205.8180389404297,1.2699999809265137,231.26470947265625,184.8300018310547,38.80300521850586,25.965410232543945,83.20952606201172,411.1700134277344,319.6421813964844,876.1821899414062,259.72064208984375,158.5955352783203,63.37989044189453,189.25457763671875,448.1856384277344,320.6272888183594,192.7873992919922,31.818159103393555,139.19586181640625,197.41781616210938,60.63115692138672,903.5252685546875,441.328857421875,444.2367858886719,241.14158630371094,536.8068237304688,119.21417236328125,94.23184967041016,423.73858642578125,461.3226623535156,130.68333435058594,69.06500244140625,72.51752471923828,161.29400634765625,125.76936340332031,141.80763244628906,24.980390548706055,59.442195892333984,197.89804077148438,97.16654968261719,200.6073760986328,184.25904846191406,72.71646881103516,67.62999725341797,169.4678192138672,143.02000427246094,316.8500061035156,251.52000427246094,187.8553924560547,71.05999755859375,469.1372985839844,266.8572998046875,68.88444519042969
2024-07-08,226.07156372070312,155.61322021484375,575.4000244140625,240.2992401123047,242.50914001464844,178.69000244140625,295.1341247558594,199.2899932861328,207.0077362060547,1.2699999809265137,230.16543579101562,185.83999633789062,39.0046501159668,25.856246948242188,82.65922546386719,409.0799865722656,320.3334045410156,871.404052734375,253.97740173339844,161.5895538330078,64.19721221923828,187.69564819335938,448.253173828125,325.4379577636719,192.23326110839844,33.77574157714844,138.24560546875,197.7841339111328,59.870418548583984,906.913818359375,440.9468688964844,441.0247802734375,238.02996826171875,526.2777709960938,118.58251190185547,95.17805480957031,423.8370666503906,460.0202331542969,129.89317321777344,68.5739974975586,70.22942352294922,153.24000549316406,128.13819885253906,142.00347900390625,24.87352180480957,58.775760650634766,199.95639038085938,96.90516662597656,197.5389404296875,183.0506591796875,71.30134582519531,67.33999633789062,169.506103515625,141.57000732421875,313.7099914550781,252.94000244140625,190.3879852294922,71.25,470.4158630371094,262.9486389160156,68.53038024902344
2024-07-09,226.92494201660156,157.04299926757812,566.02001953125,238.1913299560547,247.60963439941406,177.10000610351562,299.35089111328125,199.33999633789062,209.08970642089844,1.3200000524520874,233.3454132080078,183.24000549316406,39.77284240722656,25.156625747680664,83.20952606201172,410.5199890136719,317.41290283203125,877.349609375,249.49026489257812,161.19430541992188,64.39679718017578,187.64599609375,455.9776611328125,323.0326232910156,191.29771423339844,34.3719596862793,139.73751831054688,200.15557861328125,59.61366653442383,921.2387084960938,439.55267333984375,440.1537780761719,236.0804443359375,526.953857421875,118.82764434814453,97.08937072753906,422.7042236328125,453.40966796875,130.34042358398438,68.5739974975586,69.66220092773438,148.802001953125,131.3166961669922,137.74423217773438,24.686504364013672,58.68623733520508,199.21575927734375,97.88292694091797,195.09393310546875,180.04917907714844,69.56112670898438,66.12999725341797,165.7745819091797,137.4600067138672,311.54998779296875,262.3299865722656,189.1500701904297,71.31999969482422,473.0787048339844,262.0010986328125,68.74674987792969
2024-07-10,231.1919403076172,157.12710571289062,564.5499877929688,240.39085388183594,251.05587768554688,183.9600067138672,304.8089904785156,199.7899932861328,211.6177978515625,1.3200000524520874,234.50355529785156,183.72999572753906,40.08012008666992,25.92571449279785,84.91736602783203,413.7900085449219,319.7687683105469,874.8367919921875,249.6483917236328,163.73382568359375,65.337646484375,189.8304443359375,461.82171630859375,329.82696533203125,194.83116149902344,34.65019226074219,141.99916076660156,200.31947326660156,59.746795654296875,928.4308471679688,440.230712890625,429.20684814453125,240.56536865234375,531.6168212890625,120.01554870605469,97.89364624023438,420.0444641113281,460.0301818847656,135.5584259033203,67.76499938964844,69.73910522460938,148.6300048828125,134.84500122070312,139.10523986816406,25.247562408447266,58.58677291870117,200.83164978027344,97.4666519165039,197.0518798828125,181.0626678466797,69.33163452148438,65.61000061035156,168.75978088378906,137.5,304.989990234375,263.260009765625,192.4197235107422,69.2699966430664,481.5576171875,259.59271240234375,69.24834442138672
2024-07-11,225.82347106933594,158.7811737060547,557.6300048828125,242.04054260253906,237.5563507080078,181.94000244140625,308.0496826171875,195.0500030517578,206.71031188964844,1.4600000381469727,234.326904296875,183.91000366210938,40.14733123779297,26.436784744262695,86.34056091308594,418.7799987792969,322.3484802246094,837.5209350585938,248.1955108642578,160.26947021484375,66.4970932006836,184.2600860595703,462.1495666503906,339.0362243652344,195.15818786621094,33.2888298034668,142.2557373046875,199.98208618164062,60.0035514831543,922.8589477539062,439.6290588378906,431.95843505859375,244.70462036132812,509.75335693359375,121.58998107910156,99.0101547241211,409.70098876953125,448.63421630859375,129.43597412109375,65.2750015258789,70.55628967285156,149.8280029296875,127.33861541748047,140.1754913330078,25.523635864257812,59.67097473144531,192.2232208251953,98.47346496582031,196.50637817382812,181.70584106445312,70.08699798583984,65.30999755859375,171.17091369628906,138.17999267578125,300.9800109863281,241.02999877929688,188.9894256591797,73.52999877929688,484.85504150390625,259.1485290527344,68.64839935302734
2024-07-12,228.77069091796875,159.12693786621094,559.0499877929688,244.42337036132812,239.66348266601562,181.61000061035156,313.48883056640625,194.49000549316406,210.82467651367188,1.5399999618530273,234.20913696289062,182.30999755859375,39.93608093261719,26.729534149169922,87.46013641357422,424.44000244140625,326.6902160644531,833.8704223632812,251.0123291015625,157.3891143798828,66.48759460449219,183.7635955810547,462.77642822265625,344.766845703125,195.39431762695312,34.27259063720703,142.42678833007812,197.56243896484375,60.5741081237793,936.9467163085938,442.8280944824219,435.6106872558594,243.84027099609375,496.00274658203125,120.44921875,98.48973846435547,410.7845764160156,447.4995422363281,132.73574829101562,64.76000213623047,70.58513641357422,151.697998046875,129.177734375,142.14910888671875,25.755184173583984,59.949485778808594,194.7047576904297,98.0475082397461,199.79885864257812,183.92770385742188,71.54994201660156,64.88999938964844,176.20367431640625,135.75,302.2699890136719,248.22999572753906,190.76600646972656,72.43000030517578,491.7477111816406,262.2972106933594,68.09764862060547
2024-07-15,232.60105895996094,158.46676635742188,565.7100219726562,243.0486602783203,241.78050231933594,179.8300018310547,312.8444519042969,192.72000122070312,213.99722290039062,1.6100000143051147,239.47964477539062,179.11000061035156,40.22414779663086,26.183731079101562,85.22097778320312,434.4200134277344,336.6001892089844,839.6380004882812,249.91526794433594,157.9335174560547,67.29539489746094,185.21328735351562,474.686279296875,343.511474609375,195.94845581054688,34.242774963378906,141.81863403320312,202.4884796142578,60.2983283996582,938.9818725585938,442.9712829589844,439.4609375,241.5641632080078,493.3083190917969,120.78861236572266,99.5968017578125,411.1293640136719,447.904052734375,130.0720977783203,65.6449966430664,68.55660247802734,153.57000732421875,128.37811279296875,140.47988891601562,25.915485382080078,60.14842224121094,200.23532104492188,98.37665557861328,198.24029541015625,182.97268676757812,69.56112670898438,64.20999908447266,173.0653839111328,133.72000122070312,302.1499938964844,252.63999938964844,190.66200256347656,72.29000091552734,495.4392395019531,264.9721374511719,68.46154022216797
2024-07-16,233.01785278320312,159.57017517089844,566.5399780273438,241.21571350097656,242.06605529785156,177.5500030517578,315.67779541015625,193.02000427246094,213.00579833984375,1.6399999856948853,245.00534057617188,186.0500030517578,42.37507629394531,25.856246948242188,84.32910919189453,438.8999938964844,351.0174560546875,841.6561889648438,253.04835510253906,161.19000244140625,68.0842056274414,182.6217041015625,485.0917053222656,353.7269287109375,198.4463653564453,34.12353515625,143.50059509277344,205.92994689941406,61.116127014160156,930.2288208007812,447.4594421386719,438.9956970214844,247.07675170898438,486.9750061035156,118.26197052001953,100.5051498413086,406.4994201660156,443.52325439453125,126.71268463134766,65.63200378417969,69.99868774414062,152.1580047607422,126.2990951538086,140.02822875976562,26.271711349487305,61.48129653930664,201.63958740234375,100.37091064453125,199.56507873535156,182.44647216796875,72.20014190673828,69.72000122070312,173.7159881591797,136.2100067138672,298.5,256.55999755859375,195.2547149658203,74.30000305175781,527.6436157226562,265.76177978515625,68.83526611328125
2024-07-17,227.12344360351562,165.29473876953125,563.0900268554688,241.03240966796875,216.69166564941406,159.42999267578125,318.07513427734375,187.92999267578125,207.55300903320312,1.600000023841858,245.32923889160156,184.83999633789062,42.231040954589844,26.47648048400879,85.10711669921875,445.6099853515625,348.3111877441406,837.21435546875,248.2943572998047,155.06309509277344,69.66181182861328,179.7421875,484.2816162109375,356.38140869140625,200.02688598632812,34.242774963378906,148.7936248779297,209.06295776367188,62.0099983215332,894.6537475585938,454.6118469238281,446.5477294921875,250.65896606445312,459.334716796875,118.68621826171875,101.20532989501953,397.633544921875,437.60333251953125,118.77141571044922,64.74600219726562,70.24864959716797,147.21400451660156,117.93312072753906,136.73887634277344,26.743711471557617,60.914329528808594,184.28805541992188,101.63909912109375,194.83091735839844,178.58741760253906,71.80809783935547,64.80999755859375,170.69252014160156,135.10000610351562,294.739990234375,248.5,193.02452087402344,68.62000274658203,551.1096801757812,269.1670227050781,69.85810089111328
2024-07-18,222.45947265625,161.39976501464844,556.8499755859375,240.6658172607422,214.3087921142578,155.77000427246094,313.62152099609375,183.75,202.84378051757812,1.4800000190734863,244.58328247070312,180.22999572753906,41.29961013793945,26.764266967773438,86.64417266845703,441.82000732421875,346.58807373046875,830.3782348632812,244.46942138671875,157.17138671875,69.86138153076172,176.43569946289062,468.88079833984375,350.81365966796875,197.71969604492188,34.65019226074219,147.69126892089844,202.42100524902344,61.990989685058594,838.6483764648438,454.5450134277344,444.1327209472656,249.23756408691406,473.1150817871094,117.14006805419922,99.17100524902344,393.9394836425781,434.495361328125,116.7339096069336,64.30400085449219,69.58528900146484,147.75399780273438,121.0316390991211,135.5311279296875,26.458730697631836,59.6809196472168,184.1533966064453,100.52579498291016,192.12290954589844,175.9757537841797,70.93800354003906,63.11000061035156,163.1529541015625,129.83999633789062,290.1600036621094,249.22999572753906,194.54598999023438,66.26000213623047,542.5155029296875,265.6630554199219,69.65156555175781
2024-07-19,222.58848571777344,162.5126190185547,551.0,237.73309326171875,207.0322265625,151.5800018310547,313.92474365234375,183.1300048828125,203.98390197753906,1.4800000190734863,237.8896484375,179.6699981689453,41.19398880004883,26.059682846069336,84.89839172363281,434.4700012207031,338.410888671875,829.1515502929688,244.7461700439453,157.50791931152344,68.95854187011719,176.40591430664062,467.64642333984375,348.2071228027344,194.94017028808594,32.7721061706543,146.9976043701172,202.2281951904297,62.08607482910156,847.11474609375,453.513671875,439.15411376953125,247.08636474609375,474.0497131347656,118.57308197021484,96.59734344482422,396.0574035644531,431.27880859375,113.56336212158203,63.33399963378906,69.8929214477539,150.24000549316406,117.87317657470703,136.0515594482422,26.69028091430664,59.014488220214844,179.103759765625,99.5286636352539,192.1034393310547,176.87229919433594,75.79532623291016,63.15999984741211,163.076416015625,129.85000610351562,295.0899963378906,239.1999969482422,188.1483612060547,67.30999755859375,543.4671630859375,262.0208435058594,69.58273315429688
2024-07-22,222.24119567871094,163.72918701171875,554.8200073242188,240.39085388183594,220.03945922851562,155.8699951171875,318.3594055175781,182.5500030517578,204.0830535888672,1.4900000095367432,240.2157440185547,178.89999389648438,40.61784744262695,27.101673126220703,86.26465606689453,435.9800109863281,340.0237121582031,838.3419189453125,251.12106323242188,161.10092163085938,68.81598663330078,180.38760375976562,469.6812744140625,348.1016845703125,197.0838623046875,33.15964889526367,146.56997680664062,202.710205078125,61.591590881347656,855.51220703125,453.1985778808594,443.3606262207031,249.2567901611328,484.59869384765625,118.49767303466797,96.92852020263672,398.224609375,437.03106689453125,114.57713317871094,64.75,71.96952819824219,151.3000030517578,123.48046112060547,137.6324005126953,26.36077117919922,60.44682693481445,187.5294647216797,100.45802307128906,195.27902221679688,178.93824768066406,73.19454193115234,62.689998626708984,165.7745819091797,131.14999389648438,295.45001220703125,251.50999450683594,194.555419921875,67.7300033569336,536.9300537109375,264.24163818359375,69.21882629394531
2024-07-23,223.2831268310547,163.29537963867188,546.010009765625,240.6658172607422,216.27809143066406,154.0,315.7724609375,186.41000366210938,207.2060089111328,1.5700000524520874,242.32589721679688,186.47999572753906,40.723472595214844,26.764266967773438,85.41073608398438,434.010009765625,336.4071350097656,842.9818115234375,253.0780029296875,170.24671936035156,67.63752746582031,180.50672912597656,474.6091003417969,344.62310791015625,197.45626831054688,32.7422981262207,144.7739715576172,202.75840759277344,61.77226638793945,867.6834106445312,478.695068359375,437.2042541503906,243.9843292236328,485.8813171386719,117.26262664794922,97.93148803710938,406.40087890625,438.9156188964844,113.55342102050781,64.2760009765625,70.56590270996094,153.10400390625,122.53092193603516,140.5191650390625,26.271711349487305,59.39246368408203,185.9712677001953,101.6197280883789,209.19898986816406,191.72373962402344,72.91726684570312,62.65999984741211,166.11903381347656,132.60000610351562,330.7900085449219,246.3800048828125,187.3828887939453,67.5199966430664,533.2482299804688,261.35955810546875,69.48438262939453
2024-07-24,216.86277770996094,166.18124389648438,531.0399780273438,238.008056640625,203.3594970703125,144.6300048828125,318.01824951171875,180.8300018310547,199.72080993652344,1.5099999904632568,236.525390625,180.07000732421875,40.5122184753418,26.769229888916016,84.537841796875,432.79998779296875,328.4605712890625,821.9198608398438,246.8711395263672,160.64561462402344,69.85188293457031,171.41140747070312,469.3533630371094,335.7013244628906,194.06814575195312,31.50017547607422,148.50851440429688,201.08103942871094,62.58055114746094,849.4957275390625,491.9781494140625,428.02899169921875,243.3312530517578,458.61883544921875,118.71449279785156,96.48381042480469,392.3140563964844,423.1784362792969,109.60762023925781,63.5989990234375,68.3450927734375,146.1739959716797,114.19493865966797,136.2577362060547,26.699182510375977,57.76118087768555,174.15992736816406,101.48419952392578,203.97776794433594,188.87818908691406,71.4065170288086,59.27000045776367,164.03321838378906,125.62000274658203,336.5199890136719,215.99000549316406,187.37347412109375,66.13999938964844,538.1028442382812,250.87710571289062,69.43519592285156
2024-07-25,215.8208465576172,171.80201721191406,532.1500244140625,237.2748565673828,199.21412658691406,138.32000732421875,316.77691650390625,179.85000610351562,199.72080993652344,1.5800000429153442,235.7303924560547,184.35000610351562,40.02250671386719,27.319997787475586,83.68392181396484,433.2900085449219,336.5341796875,807.2091064453125,253.53262329101562,162.991455078125,72.7125015258789,166.0991973876953,474.184814453125,338.55706787109375,183.89468383789062,30.90395736694336,151.70144653320312,201.15814208984375,62.827796936035156,811.27294921875,497.898681640625,425.2081604003906,241.4969482421875,450.8040466308594,118.64852142333984,97.98826599121094,383.98992919921875,412.8184509277344,106.79487609863281,63.409000396728516,68.65274810791016,165.75799560546875,112.22588348388672,135.32493591308594,26.87729835510254,56.91570281982422,168.6966552734375,109.84844970703125,205.3512725830078,190.2424774169922,70.10613250732422,59.439998626708984,161.52642822265625,129.58999633789062,328.95001220703125,220.25,186.3056182861328,65.73999786376953,538.03564453125,250.45269775390625,68.86476135253906
2024-07-26,216.28721618652344,174.621826171875,542.4400024414062,239.29110717773438,203.30039978027344,139.99000549316406,317.2981262207031,182.5,198.92770385742188,1.590000033378601,241.3346405029297,186.88999938964844,40.01289367675781,27.255491256713867,83.07669067382812,437.6600036621094,342.5748291015625,809.992919921875,259.6505432128906,168.0790557861328,73.18767547607422,165.8211669921875,481.2438659667969,344.5176696777344,184.15811157226562,31.152381896972656,152.65171813964844,204.5996551513672,63.75971221923828,794.9030151367188,501.1454162597656,433.7004089355469,242.01556396484375,463.0234680175781,118.09227752685547,98.5843734741211,384.384033203125,419.5968322753906,108.74293518066406,63.137001037597656,69.75833129882812,165.52200317382812,113.0055160522461,136.4933624267578,27.78946304321289,57.98001480102539,173.17881774902344,110.31311798095703,207.92291259765625,190.78819274902344,70.80413055419922,59.939998626708984,162.4832000732422,129.0,321.8800048828125,219.8000030517578,190.87940979003906,64.4000015258789,547.687255859375,256.09857177734375,68.62873077392578
2024-07-29,216.56509399414062,171.58509826660156,536.6099853515625,237.18319702148438,202.4142608642578,139.75,315.08074951171875,183.1999969482422,198.6302490234375,1.5800000429153442,243.29757690429688,185.42999267578125,39.45596694946289,27.225719451904297,82.1468734741211,438.30999755859375,336.759033203125,807.9719848632812,255.57850646972656,168.13844299316406,73.87194061279297,168.3332977294922,475.1587829589844,346.5876770019531,182.94088745117188,30.63566017150879,150.67515563964844,203.25967407226562,63.550514221191406,798.0347900390625,503.8575134277344,436.7884521484375,251.06231689453125,463.0333557128906,120.46806335449219,96.96636962890625,386.9945373535156,421.0373229980469,107.19244384765625,62.69599914550781,70.71012115478516,159.81199645996094,111.53622436523438,135.80606079101562,27.744304656982422,58.626556396484375,171.8226318359375,110.78749084472656,203.782958984375,187.962158203125,71.90372467041016,59.869998931884766,160.5887451171875,129.57000732421875,323.739990234375,232.10000610351562,190.7754364013672,63.7599983215332,544.8322143554688,258.2108459472656,68.47137451171875
2024-07-30,217.12078857421875,176.14962768554688,538.7100219726562,240.0242919921875,193.7198028564453,138.44000244140625,315.8103942871094,181.7100067138672,199.52252197265625,1.5199999809265137,247.8025360107422,186.86000061035156,39.63841247558594,27.389461517333984,82.31765747070312,441.260009765625,334.0124206542969,802.4935302734375,254.92617797851562,165.7728271484375,74.1760482788086,169.08792114257812,487.6472473144531,348.52337646484375,184.06727600097656,29.94007110595703,153.3074188232422,207.4434356689453,64.35879516601562,780.6671142578125,513.4257202148438,442.8756408691406,255.88340759277344,460.52783203125,108.65506744384766,98.17750549316406,384.5810241699219,417.2781677246094,101.93467712402344,62.257999420166016,71.45037841796875,159.75999450683594,103.68000793457031,133.21385192871094,28.349407196044922,63.65964889526367,160.56915283203125,113.14961242675781,201.4061279296875,187.12408447265625,72.61128997802734,59.20000076293945,161.22023010253906,128.8800048828125,330.3500061035156,222.6199951171875,189.93441772460938,63.09000015258789,554.041748046875,259.6914367675781,68.04847717285156
2024-07-31,220.3756103515625,174.7727508544922,551.6500244140625,239.0161590576172,208.9424591064453,144.47999572753906,315.0428771972656,186.97999572753906,204.1822052001953,1.5499999523162842,248.35215759277344,190.60000610351562,38.70698547363281,27.285263061523438,81.42578887939453,438.5,338.3913879394531,814.35205078125,255.7860565185547,168.46507263183594,72.28482055664062,170.3291015625,490.8874816894531,352.8069152832031,185.98388671875,30.546226501464844,150.00048828125,205.13949584960938,63.46491622924805,794.557373046875,517.4937133789062,458.9693908691406,254.88461303710938,472.1009521484375,106.6563720703125,98.53550720214844,380.3450927734375,412.7690734863281,109.15042877197266,62.834999084472656,71.96952819824219,162.8780059814453,116.96359252929688,136.9254150390625,27.581743240356445,65.43017578125,174.0444793701172,113.74014282226562,206.12081909179688,190.04759216308594,74.5331802368164,61.20000076293945,162.10049438476562,130.3800048828125,343.94000244140625,232.07000732421875,193.85311889648438,64.47000122070312,553.8782958984375,262.2281494140625,67.50753021240234
2024-08-01,216.6841583251953,178.91290283203125,546.4099731445312,232.6925048828125,193.28656005859375,132.5399932861328,317.9424743652344,184.07000732421875,202.79421997070312,1.4199999570846558,244.0729217529297,178.30999755859375,37.92919158935547,27.061979293823242,78.93993377685547,431.80999755859375,324.0424499511719,809.2896118164062,250.1129150390625,168.01966857910156,72.69347381591797,169.5546112060547,482.2950744628906,343.62646484375,185.8294677734375,28.866878509521484,152.76573181152344,200.47372436523438,64.62506103515625,822.3870849609375,524.120849609375,457.6827392578125,258.1019592285156,494.8792419433594,107.30689239501953,97.15119171142578,382.069091796875,411.545654296875,100.89109802246094,62.48500061035156,70.99851989746094,162.2760009765625,109.1573715209961,135.02053833007812,27.681087493896484,64.96267700195312,157.7413330078125,113.01407623291016,200.23721313476562,186.57835388183594,71.81767272949219,58.16999816894531,157.43130493164062,124.19999694824219,336.5,216.86000061035156,183.88510131835938,61.02000045776367,550.619384765625,262.4847717285156,68.63856506347656
2024-08-02,218.17263793945312,178.51678466796875,526.1699829101562,230.30967712402344,179.0189971923828,132.5,316.4831848144531,167.89999389648438,201.85235595703125,1.3899999856948853,227.9767608642578,169.9499969482422,36.08555221557617,27.146329879760742,77.85830688476562,428.3599853515625,313.6326599121094,814.4313354492188,241.1287841796875,158.64620971679688,72.95958709716797,165.4835662841797,453.8657531738281,340.6078186035156,185.02099609375,21.3445987701416,155.9776611328125,191.97122192382812,65.92781829833984,794.7450561523438,524.0349731445312,457.29669189453125,265.7273254394531,485.3344421386719,108.6079330444336,91.50885772705078,366.30755615234375,403.0406188964844,92.13480377197266,61.36399841308594,71.15234375,158.1280059814453,107.2182846069336,130.8671417236328,27.482397079467773,61.650390625,153.23031616210938,112.7236557006836,199.41896057128906,181.4134979248047,72.55390930175781,54.43000030517578,150.98251342773438,119.7699966430664,330.8500061035156,207.6699981689453,178.30191040039062,58.9900016784668,567.0196533203125,263.1263122558594,67.33050537109375
2024-08-05,207.66395568847656,173.8673553466797,509.32000732421875,224.994140625,179.09776306152344,134.82000732421875,308.1728820800781,161.02000427246094,190.7484893798828,1.350000023841858,221.73458862304688,167.02999877929688,35.19253158569336,26.739458084106445,75.73300170898438,413.7200012207031,309.65447998046875,794.3698120117188,236.2265625,156.7457733154297,71.11587524414062,158.1258544921875,442.659912109375,335.4139099121094,181.4058074951172,19.983234405517578,153.2313690185547,187.88385009765625,64.7581787109375,765.8976440429688,520.7978515625,437.48138427734375,257.81378173828125,472.9957580566406,105.88330841064453,87.90005493164062,359.21484375,389.8785705566406,89.86871337890625,59.85499954223633,68.662353515625,156.25399780273438,100.40159606933594,125.54525756835938,26.859233856201172,60.13847351074219,151.9221954345703,111.49417877197266,193.87631225585938,176.5994415283203,70.6224594116211,52.2599983215332,148.4374237060547,112.62999725341797,324.0299987792969,198.8800048828125,172.33819580078125,58.47999954223633,547.9180297851562,253.11769104003906,66.474853515625
2024-08-06,205.6395721435547,175.1405487060547,514.2000122070312,224.16929626464844,180.49595642089844,130.17999267578125,311.7073669433594,161.92999267578125,187.91302490234375,1.3700000047683716,226.83824157714844,165.0399932861328,35.45178985595703,25.12189292907715,75.46733856201172,422.1400146484375,319.0770568847656,809.2797241210938,235.64341735839844,160.6159210205078,70.50764465332031,157.17263793945312,453.4607238769531,339.15118408203125,180.5792236328125,19.704999923706055,151.0647735595703,193.12802124023438,64.71064758300781,783.6011962890625,517.1499633789062,443.71697998046875,259.3600158691406,491.250244140625,104.7896957397461,88.7593002319336,362.5149841308594,394.27911376953125,88.4573745727539,60.957000732421875,69.70065307617188,158.58999633789062,104.19975280761719,125.88893127441406,26.479917526245117,62.416297912597656,152.66282653808594,110.74876403808594,196.50637817382812,180.6728515625,72.06627655029297,54.220001220703125,147.3466796875,114.81999969482422,327.29998779296875,200.63999938964844,177.81678771972656,64.87000274658203,546.370361328125,254.91412353515625,66.62238311767578
2024-08-07,208.209716796875,176.8380889892578,513.6199951171875,228.38507080078125,175.7696533203125,128.6699981689453,296.1196594238281,162.77000427246094,193.68309020996094,1.2999999523162842,224.56121826171875,163.24000549316406,35.816680908203125,25.915790557861328,76.28330993652344,427.0199890136719,318.4514465332031,802.7608642578125,237.2445526123047,160.4773406982422,70.32707214355469,157.81805419921875,456.1513366699219,328.1211853027344,179.77987670898438,18.989999771118164,150.99822998046875,193.18585205078125,65.10051727294922,762.8154296875,523.7867431640625,445.2412414550781,258.69732666015625,486.1099853515625,106.05300903320312,87.93824768066406,367.243408203125,393.1148681640625,86.27079010009766,61.14799880981445,69.81602478027344,155.25599670410156,98.86233520507812,123.62073516845703,26.055444717407227,62.40635299682617,150.1620635986328,110.50674438476562,196.37001037597656,183.18707275390625,71.98978424072266,63.88999938964844,149.202880859375,115.0999984741211,323.3399963378906,191.75999450683594,175.07749938964844,65.54000091552734,544.1881713867188,253.19667053222656,65.80608367919922
2024-08-08,211.67291259765625,179.5635986328125,530.239990234375,232.6925048828125,187.62481689453125,136.32000732421875,307.6706848144531,165.8000030517578,193.06842041015625,1.309999942779541,229.2134246826172,168.8699951171875,36.69049072265625,26.148998260498047,75.73300170898438,431.5400085449219,328.57781982421875,831.6198120117188,246.21881103515625,163.92185974121094,71.83814239501953,160.88624572753906,468.4564514160156,333.8135070800781,181.50570678710938,20.489999771118164,152.25259399414062,196.71408081054688,65.3572769165039,835.1016235351562,526.756591796875,450.9225158691406,260.44525146484375,506.700927734375,107.40116882324219,90.34410858154297,363.84478759765625,397.31805419921875,91.5086669921875,63.03499984741211,71.32540130615234,159.22799682617188,104.9194107055664,126.6253433227539,25.97416114807129,63.93815994262695,158.65509033203125,111.42642211914062,200.93856811523438,183.47943115234375,72.42961120605469,68.55000305175781,152.322021484375,121.5999984741211,338.32000732421875,198.83999633789062,183.85658264160156,69.01000213623047,544.3419799804688,256.4637451171875,66.54370880126953
2024-08-09,214.5804443359375,179.120361328125,536.2999877929688,234.5254364013672,188.2451171875,134.27000427246094,305.58599853515625,166.94000244140625,195.52713012695312,1.2699999809265137,233.44357299804688,167.91000366210938,36.75770568847656,25.76693344116211,75.61914825439453,431.6700134277344,330.6304626464844,846.9757080078125,249.58909606933594,165.42637634277344,70.00393676757812,162.51466369628906,472.78643798828125,334.10101318359375,180.06146240234375,19.709999084472656,152.6326904296875,198.39149475097656,65.30972290039062,880.9116821289062,526.7183227539062,452.1102600097656,257.2951965332031,514.794189453125,107.99512481689453,90.43004608154297,365.02691650390625,400.60357666015625,92.51248931884766,63.39400100708008,71.46961212158203,162.21600341796875,104.69952392578125,129.66920471191406,25.784500122070312,64.37582397460938,158.20301818847656,112.44290924072266,203.13031005859375,185.07762145996094,71.79853820800781,69.30000305175781,150.38929748535156,124.41000366210938,339.8999938964844,200.0,182.81983947753906,68.54000091552734,537.151123046875,256.9088439941406,66.82891082763672
2024-08-12,216.1103973388672,179.35610961914062,530.9299926757812,234.5254364013672,190.12582397460938,136.77000427246094,303.2264709472656,166.8000030517578,197.40328979492188,1.2400000095367432,232.65841674804688,164.1300048828125,36.65208053588867,25.761972427368164,74.93601989746094,430.3900146484375,328.45074462890625,855.53515625,248.38330078125,165.1690216064453,69.36719512939453,161.14439392089844,468.1961669921875,331.3890075683594,178.75343322753906,19.360000610351562,151.9295196533203,198.76742553710938,64.82474517822266,873.6998291015625,531.8080444335938,451.03143310546875,258.7837829589844,512.9845581054688,106.98635864257812,90.54460144042969,365.91351318359375,401.383056640625,94.06298065185547,63.31399917602539,71.75802612304688,161.32400512695312,108.96745300292969,130.1798095703125,25.694190979003906,63.12251663208008,156.67369079589844,112.87854766845703,200.64633178710938,184.4734344482422,73.65350341796875,68.30999755859375,150.40843200683594,123.02999877929688,340.3599853515625,197.49000549316406,182.6771240234375,69.26000213623047,543.4286499023438,257.0374450683594,67.56654357910156
2024-08-13,219.82598876953125,180.3463592529297,535.219970703125,235.44190979003906,197.71746826171875,141.1300048828125,306.49566650390625,170.22999572753906,200.3713836669922,1.2200000286102295,234.5624542236328,168.75999450683594,36.93054962158203,25.786781311035156,75.25860595703125,432.4100036621094,331.15826416015625,856.7737426757812,251.635009765625,166.24790954589844,70.30806732177734,163.00119018554688,474.4065856933594,335.47137451171875,178.69894409179688,20.469999313354492,150.51358032226562,200.45443725585938,65.10051727294922,897.083984375,534.2048950195312,454.6639099121094,259.6001281738281,525.5022583007812,107.84428405761719,92.32990264892578,371.6270751953125,408.48699951171875,96.84590911865234,64.802001953125,75.46897888183594,163.75999450683594,116.08403015136719,131.82937622070312,26.055444717407227,64.76374816894531,163.0025634765625,113.1302490234375,205.55584716796875,186.69529724121094,91.69637298583984,69.9000015258789,152.07325744628906,127.05999755859375,334.739990234375,207.8300018310547,187.6136016845703,71.05999755859375,552.0325317382812,257.2747802734375,67.00595092773438
2024-08-14,220.27305603027344,182.01564025878906,539.7899780273438,237.36651611328125,198.53472900390625,140.75,305.8134460449219,170.10000610351562,200.6195526123047,1.1699999570846558,239.2440643310547,168.5,37.26663589477539,25.637924194335938,75.94174194335938,438.4700012207031,329.9755554199219,854.6834106445312,252.3466033935547,166.23802185058594,70.4601058959961,159.23794555664062,480.9256286621094,340.8282470703125,179.48919677734375,19.920000076293945,150.59910583496094,202.67166137695312,65.21463012695312,920.4285888671875,537.8336181640625,455.4556884765625,260.4068298339844,523.7324829101562,107.08062744140625,94.936279296875,372.2181091308594,411.2989807128906,99.79781341552734,66.16799926757812,75.48820495605469,163.8040008544922,118.02310180664062,133.1451416015625,26.082536697387695,65.78826904296875,160.77110290527344,113.89503479003906,207.0462188720703,187.18255615234375,89.78404998779297,71.58999633789062,152.41769409179688,127.30000305175781,334.3500061035156,201.3800048828125,186.0537109375,71.93000030517578,557.2525634765625,258.273681640625,67.52720642089844
2024-08-15,223.25347900390625,182.3928680419922,554.1599731445312,241.4906463623047,208.57814025878906,147.36000061035156,308.3340148925781,177.58999633789062,202.505615234375,1.25,244.8777618408203,176.41000366210938,37.477882385253906,26.074569702148438,77.30801391601562,440.8399963378906,337.843994140625,869.1869506835938,259.7296142578125,168.20773315429688,70.65019989013672,160.16139221191406,481.2342529296875,345.0543518066406,180.27037048339844,20.690000534057617,151.17877197265625,203.93447875976562,65.28119659423828,921.6158447265625,535.0358276367188,463.9183349609375,263.97943115234375,534.2417602539062,106.82608032226562,96.08192443847656,376.36370849609375,416.1620788574219,106.29791259765625,66.3219985961914,79.31453704833984,166.4219970703125,122.80079650878906,134.45103454589844,25.929004669189453,67.57869720458984,166.7248992919922,114.5823745727539,209.37432861328125,190.9831085205078,90.72107696533203,74.8499984741211,155.67080688476562,127.05000305175781,335.5899963378906,214.13999938964844,192.06497192382812,72.7300033569336,557.1947631835938,263.87152099609375,71.97264099121094
2024-08-16,224.57479858398438,182.86441040039062,553.4600219726562,244.69830322265625,204.70846557617188,148.55999755859375,306.71185302734375,177.05999755859375,203.4486846923828,1.2200000286102295,247.04681396484375,179.99000549316406,37.77555465698242,28.778783798217773,77.55469512939453,444.510009765625,335.7326965332031,862.4900512695312,259.84820556640625,167.6930389404297,70.11798095703125,161.8096923828125,486.2875061035156,346.96136474609375,181.29330444335938,20.8700008392334,151.46388244628906,206.26739501953125,65.7851791381836,912.2569580078125,534.8829956054688,464.0865478515625,267.45599365234375,524.388671875,107.16548156738281,96.84568786621094,375.32733154296875,413.6317138671875,107.33158874511719,67.40699768066406,80.01634979248047,165.51199340820312,124.51996612548828,134.9812774658203,25.558719635009766,67.59858703613281,165.6091766357422,114.7964859008789,210.57247924804688,191.78221130371094,91.2020492553711,74.55000305175781,156.14920043945312,128.0399932861328,337.3800048828125,216.1199951171875,190.73338317871094,72.04000091552734,555.3394775390625,264.4452209472656,72.44407653808594
2024-08-19,224.41583251953125,185.66537475585938,563.1199951171875,247.17279052734375,207.70179748535156,155.27999877929688,312.94268798828125,178.22000122070312,201.41366577148438,1.309999942779541,249.34344482421875,179.63999938964844,38.09243392944336,28.863134384155273,78.4845199584961,448.7699890136719,336.87628173828125,864.2335205078125,262.2894592285156,169.18760681152344,70.75473022460938,165.4934844970703,486.6925048828125,347.92926025390625,181.78648376464844,21.520000457763672,151.69195556640625,207.694091796875,65.59500885009766,911.9503784179688,533.221435546875,462.2060241699219,276.1570129394531,526.238037109375,107.87256622314453,97.14165496826172,373.00775146484375,416.6563415527344,107.96768951416016,68.85299682617188,80.06441497802734,166.5760040283203,129.93734741210938,135.4231414794922,26.01028823852539,69.0607681274414,167.6097869873047,115.185791015625,213.36814880371094,192.2109832763672,88.7875747680664,75.16000366210938,157.1634063720703,131.4199981689453,344.69000244140625,222.72000122070312,190.85702514648438,74.18000030517578,556.39697265625,263.5451965332031,72.71039581298828
2024-08-20,225.0317840576172,184.98635864257812,562.25,247.9059600830078,202.99517822265625,156.39999389648438,313.49609375,178.8800048828125,202.505615234375,1.309999942779541,248.39141845703125,172.10000610351562,37.151405334472656,28.054351806640625,78.4275894165039,448.3599853515625,335.55670166015625,868.0477905273438,258.7906188964844,168.25723266601562,71.03984832763672,165.99989318847656,479.6141052246094,351.9541015625,182.7271728515625,20.989999771118164,152.19557189941406,206.7975616455078,65.97537231445312,939.8091430664062,531.9036254882812,464.3241271972656,274.3131103515625,523.7025756835938,108.5513687133789,96.215576171875,375.6234436035156,419.8885192871094,107.33158874511719,69.85399627685547,80.3336181640625,167.6439971923828,127.18869018554688,136.65049743652344,26.100601196289062,71.50768280029297,165.54183959960938,114.7964859008789,212.1310577392578,190.90513610839844,89.4705581665039,74.87000274658203,156.742431640625,131.9199981689453,346.2799987792969,221.10000610351562,192.64515686035156,73.30999755859375,558.1946411132812,265.0979309082031,73.51915740966797
2024-08-21,224.92250061035156,185.34471130371094,565.7899780273438,248.91407775878906,205.9097442626953,157.80999755859375,314.06854248046875,180.11000061035156,201.86041259765625,1.3300000429153442,241.73703002929688,173.42999267578125,37.209014892578125,27.895572662353516,79.28150177001953,446.6000061035156,335.23419189453125,873.21923828125,258.0494079589844,169.45489501953125,71.40097045898438,164.67926025390625,478.7654724121094,355.01104736328125,183.9601593017578,21.40999984741211,153.4024200439453,206.87469482421875,66.15604400634766,941.7877197265625,528.8001708984375,463.215576171875,278.2314453125,532.0841064453125,109.39044189453125,96.12965393066406,375.5247497558594,419.2361145019531,107.66951751708984,69.71199798583984,80.7566146850586,167.83599853515625,128.4380645751953,137.66184997558594,26.218008041381836,71.07997131347656,167.57131958007812,114.12493896484375,213.2025604248047,191.48985290527344,89.24930572509766,76.13999938964844,157.7375030517578,135.05999755859375,343.69000244140625,223.27000427246094,198.19033813476562,73.4800033569336,555.71435546875,265.2562255859375,74.2095718383789
2024-08-22,223.064697265625,185.19384765625,557.4400024414062,249.64724731445312,197.50445556640625,151.6999969482422,309.6603088378906,176.1300048828125,202.1085662841797,1.2899999618530273,243.1699676513672,172.75999450683594,37.67953872680664,27.498620986938477,78.95891571044922,449.0299987792969,334.6379699707031,869.3951416015625,255.57850646972656,167.9503631591797,72.13275909423828,162.6437225341797,480.009521484375,350.12371826171875,182.7911376953125,20.100000381469727,154.2766876220703,208.8315887451172,65.92781829833984,943.9641723632812,531.9227294921875,464.02716064453125,277.7512512207031,528.8727416992188,109.88069152832031,96.00553894042969,372.46490478515625,410.74542236328125,103.62433624267578,68.89600372314453,80.18940734863281,164.18600463867188,123.68036651611328,135.58023071289062,25.992225646972656,71.1396484375,162.55052185058594,114.8646240234375,211.62451171875,191.52882385253906,88.91261291503906,74.30000305175781,157.7566375732422,115.20999908447266,342.20001220703125,210.66000366210938,193.81509399414062,73.30999755859375,556.3392944335938,264.99908447265625,74.54491424560547
2024-08-23,225.35963439941406,186.30667114257812,558.2999877929688,253.0382080078125,199.94119262695312,154.97999572753906,313.734619140625,177.0399932861328,200.52027893066406,1.309999942779541,246.64439392089844,174.9600067138672,38.18845748901367,27.652441024780273,80.13542175292969,453.3800048828125,340.55145263671875,871.0298461914062,260.9254455566406,169.4746856689453,72.91206359863281,164.45089721679688,491.2635498046875,359.9271240234375,184.92828369140625,20.540000915527344,155.96815490722656,210.45111083984375,66.36524963378906,942.5494995117188,529.9937744140625,461.6715087890625,278.0489807128906,524.96533203125,109.92781829833984,97.27529907226562,366.8386535644531,411.97113037109375,102.2229232788086,68.6729965209961,80.8046875,165.6540069580078,129.30764770507812,136.67015075683594,26.100601196289062,71.31869506835938,166.87876892089844,115.35124969482422,213.47531127929688,190.6322784423828,90.4421157836914,76.13999938964844,159.88072204589844,115.86000061035156,342.489990234375,220.32000732421875,199.62660217285156,74.30000305175781,561.9053344726562,264.50457763671875,74.66326904296875
2024-08-26,225.69740295410156,186.2029266357422,559.4400024414062,252.03009033203125,193.587890625,149.99000549316406,311.8072509765625,175.5,200.1232147216797,1.309999942779541,249.17662048339844,173.47999572753906,38.332489013671875,27.344804763793945,80.45801544189453,454.489990234375,343.2394714355469,884.2060546875,262.1905822753906,169.4746856689453,73.14015197753906,164.98707580566406,489.768798828125,358.5087890625,186.17953491210938,20.1299991607666,156.42428588867188,211.2801513671875,67.36372375488281,940.3631591796875,532.944580078125,463.84906005859375,277.24224853515625,518.1249389648438,109.61669921875,97.69537353515625,365.9503173828125,408.70928955078125,98.30695343017578,68.84400177001953,81.02581024169922,165.57200622558594,126.3990478515625,136.3853759765625,26.118663787841797,71.65689086914062,163.02182006835938,115.52644348144531,210.2705078125,189.2484893798828,91.9908447265625,74.94999694824219,160.55047607421875,118.0,336.07000732421875,213.2100067138672,198.07620239257812,72.61000061035156,564.424072265625,265.26605224609375,74.98876190185547
2024-08-27,226.5418701171875,184.7694549560547,567.8200073242188,253.22149658203125,193.1341094970703,150.5,311.9502868652344,173.1199951171875,203.001953125,1.2799999713897705,250.30528259277344,173.0500030517578,38.09243392944336,27.32992172241211,80.43904113769531,460.6300048828125,343.20037841796875,900.4435424804688,261.1231994628906,169.24703979492188,73.17816162109375,163.5175323486328,489.1805725097656,357.61761474609375,188.2436065673828,20.06999969482422,156.02215576171875,212.25379943847656,67.9913330078125,944.2709350585938,535.1503295898438,470.1341247558594,278.16424560546875,516.1163940429688,109.83354949951172,97.45671081542969,363.7787780761719,409.05523681640625,97.26335906982422,69.5719985961914,81.99681091308594,166.34800720214844,128.23817443847656,135.9729766845703,26.028348922729492,71.20928192138672,167.29238891601562,116.2953109741211,212.1894989013672,190.28146362304688,94.84783172607422,74.52999877929688,159.8998565673828,115.54000091552734,339.4700012207031,209.2100067138672,200.3970184326172,72.55999755859375,564.635498046875,267.74853515625,75.0873794555664
2024-08-28,225.0119171142578,184.27903747558594,560.5399780273438,257.2539978027344,190.29287719726562,146.36000061035156,314.39300537109375,170.8000030517578,202.1085662841797,1.2599999904632568,252.32713317871094,170.7100067138672,38.361297607421875,27.399385452270508,79.26252746582031,464.5899963378906,340.3462219238281,879.7874755859375,255.88491821289062,170.11805725097656,74.66072845458984,161.700439453125,485.390625,357.1480407714844,187.22984313964844,19.610000610351562,156.95089721679688,213.3238525390625,68.22908020019531,938.7901000976562,538.5594482421875,466.9766845703125,275.6768493652344,513.8098754882812,110.68203735351562,97.5712661743164,362.6437072753906,405.85272216796875,94.2816390991211,68.38400268554688,79.59334564208984,162.82200622558594,125.54946899414062,135.3838348388672,25.965131759643555,70.05545806884766,165.29176330566406,117.60922241210938,211.3127899169922,190.22299194335938,91.67341613769531,72.52999877929688,160.9523162841797,111.55999755859375,337.55999755859375,205.75,197.59112548828125,71.8499984741211,565.779541015625,266.2353515625,75.03807067871094
2024-08-29,228.29039001464844,184.07156372070312,569.6300048828125,257.4372863769531,190.3816680908203,145.49000549316406,315.8433837890625,172.1199951171875,208.11424255371094,1.2999999523162842,255.0261993408203,172.25999450683594,38.57254409790039,27.597858428955078,79.56614685058594,468.3699951171875,343.7086486816406,878.3806762695312,254.0169219970703,171.81060791015625,75.50656127929688,160.63800048828125,491.9193420410156,353.8893127441406,189.5222625732422,20.1299991607666,157.2477264404297,214.2107391357422,68.51435852050781,930.1436157226562,541.3001098632812,475.88470458984375,276.45477294921875,515.2415161132812,110.73860931396484,97.95315551757812,374.044189453125,408.3435974121094,94.98731994628906,69.24800109863281,80.0451889038086,166.25399780273438,117.5333251953125,136.89598083496094,25.93803596496582,72.77093505859375,163.02182006835938,119.02046203613281,213.11489868164062,193.94558715820312,91.2501449584961,73.2699966430664,162.8659210205078,114.13999938964844,340.7300109863281,206.27999877929688,200.77748107910156,72.23999786376953,568.6923828125,271.30902099609375,75.37342071533203
2024-08-30,227.50552368164062,185.13726806640625,574.4099731445312,257.4372863769531,194.6040496826172,148.55999755859375,318.5341491699219,178.5,204.9376678466797,1.2999999523162842,253.85824584960938,173.74000549316406,39.129486083984375,27.652441024780273,79.52819061279297,475.9200134277344,348.0680847167969,884.0772705078125,249.9547882080078,172.84002685546875,75.07888793945312,162.22671508789062,494.97503662109375,355.2776794433594,189.88758850097656,22.040000915527344,158.8084259033203,216.70748901367188,68.91374206542969,949.7515869140625,542.4937133789062,478.3987121582031,277.2230224609375,518.3137817382812,111.67195129394531,98.91740417480469,370.7375183105469,412.3171081542969,95.65322875976562,70.13500213623047,80.10287475585938,171.0,119.31248474121094,138.7321014404297,26.1999454498291,72.04481506347656,168.610107421875,120.0423812866211,214.0208282470703,192.67874145507812,90.97119140625,74.06999969482422,162.57887268066406,114.2300033569336,342.8800048828125,214.11000061035156,203.86868286132812,73.12999725341797,567.3753051757812,273.33648681640625,76.17233276367188
2024-09-02,,,,258.3537292480469,,,,,205.7814483642578,,,,,27.81618309020996,78.88301086425781,,,,,,,,,,,,,,,,,,,,,,373.3532409667969,,,,,,,,,,,,,194.76417541503906,,,163.19122314453125,,,,,,,,
2024-09-03,221.3162078857422,186.438720703125,571.0399780273438,258.4454040527344,180.90106201171875,136.94000244140625,315.3663024902344,176.25,201.66183471679688,1.2200000286102295,249.59861755371094,161.02000427246094,39.08147048950195,27.597858428955078,77.3839111328125,476.8299865722656,332.5657653808594,870.3956909179688,245.17115783691406,162.53611755371094,75.74415588378906,156.24923706054688,472.8672790527344,351.6525573730469,187.10198974609375,20.100000381469727,160.0531768798828,212.36949157714844,69.42723846435547,946.2990112304688,544.6734619140625,477.19122314453125,275.8030700683594,508.81866455078125,109.90897369384766,94.77396392822266,369.6517639160156,404.7060852050781,88.03993225097656,67.53199768066406,78.52881622314453,167.1719970703125,107.94795227050781,136.97451782226562,25.558719635009766,71.61710357666016,157.01034545898438,117.75521087646484,210.8842010498047,193.14649963378906,89.63407897949219,71.26000213623047,160.8566436767578,110.41000366210938,328.6000061035156,210.60000610351562,191.96986389160156,71.88999938964844,575.52734375,275.48272705078125,76.11314392089844
2024-09-04,219.4087371826172,185.79742431640625,575.25,257.4372863769531,179.9243927001953,140.8699951171875,315.4903259277344,173.3300018310547,195.8348388671875,1.2200000286102295,247.07626342773438,163.22000122070312,38.88943099975586,27.677249908447266,76.4161376953125,478.57000732421875,329.15447998046875,881.7391357421875,244.7955780029297,164.66421508789062,75.20243835449219,155.3456268310547,475.9521179199219,351.58514404296875,187.72303771972656,19.43000030517578,160.24464416503906,211.43441772460938,68.99932098388672,936.1882934570312,551.9330444335938,478.2008056640625,278.2276611328125,509.7930908203125,109.17359924316406,95.6141128540039,364.5684509277344,404.1723327636719,88.74562072753906,67.96800231933594,78.23912048339844,166.96600341796875,106.15880584716797,138.20187377929688,25.640003204345703,72.22386169433594,159.02056884765625,117.87200927734375,209.8516387939453,188.64430236816406,88.81644439697266,70.22000122070312,159.5171356201172,110.80000305175781,329.25,219.41000366210938,194.03382873535156,71.55999755859375,580.814697265625,277.41131591796875,76.18217468261719
2024-09-05,220.9287567138672,181.8836212158203,567.9299926757812,259.9117736816406,177.8131866455078,139.44000244140625,309.4980773925781,177.88999938964844,199.3787078857422,1.2200000286102295,247.17440795898438,162.14999389648438,38.54374313354492,28.75397300720215,76.18843078613281,464.9200134277344,326.03643798828125,877.7367553710938,243.25376892089844,162.1798095703125,74.86031341552734,156.13006591796875,473.27471923828125,348.8662414550781,185.3849639892578,19.399999618530273,157.9754180908203,209.7956085205078,67.67752838134766,902.9871826171875,545.9890747070312,472.4798583984375,278.1697082519531,513.8893432617188,111.80394744873047,95.05083465576172,362.9398193359375,403.6682434082031,88.84500122070312,68.36199951171875,78.05564880371094,167.0800018310547,107.15833282470703,140.02822875976562,25.74837875366211,71.64694213867188,158.2664794921875,116.44131469726562,207.0949249267578,186.55886840820312,88.07573699951172,70.11000061035156,158.08193969726562,111.75,328.6300048828125,230.1699981689453,191.70352172851562,71.25,572.460693359375,275.5617980957031,75.90602111816406
2024-09-06,219.37892150878906,182.3928680419922,563.4099731445312,256.7957458496094,172.39710998535156,134.35000610351562,305.8721618652344,171.38999938964844,198.0782928466797,1.190000057220459,239.5385284423828,157.6199951171875,37.46126937866211,28.689470291137695,74.1959457397461,459.4200134277344,321.9311828613281,868.5233154296875,241.1287841796875,159.58648681640625,74.81278991699219,149.8546905517578,465.2522888183594,347.130859375,180.95535278320312,18.889999389648438,157.391357421875,204.81173706054688,67.64899444580078,893.0546264648438,544.1068725585938,471.2525634765625,279.65728759765625,497.3947448730469,111.09686279296875,92.21533203125,358.74481201171875,397.05560302734375,85.85334014892578,66.5770034790039,77.86249542236328,165.00799560546875,102.78044128417969,139.24269104003906,25.793535232543945,68.52364349365234,152.93936157226562,115.27339935302734,205.85781860351562,185.8572235107422,87.68134307861328,67.01000213623047,154.17820739746094,108.55999755859375,322.7699890136719,210.72999572753906,187.8038330078125,69.58000183105469,573.7970581054688,276.3035888671875,75.59040069580078
2024-09-09,219.46835327148438,185.24098205566406,569.8800048828125,260.0033874511719,175.159423828125,138.14999389648438,310.98663330078125,175.39999389648438,197.32386779785156,1.2400000095367432,246.2714385986328,162.91000366210938,38.14748001098633,28.461223602294922,73.66462707519531,459.6099853515625,326.505615234375,888.14892578125,242.89793395996094,163.66453552246094,75.24046325683594,147.85621643066406,473.944091796875,352.404541015625,183.7227020263672,19.06999969482422,159.52655029296875,209.00511169433594,68.32416534423828,898.5551147460938,553.65185546875,482.1103820800781,281.376708984375,501.88873291015625,108.80592346191406,93.73332977294922,361.3605041503906,401.02911376953125,85.7440185546875,67.54199981689453,76.7616195678711,171.11599731445312,106.4186782836914,137.3574676513672,26.561201095581055,68.98119354248047,155.43373107910156,117.92066955566406,208.43919372558594,187.6697998046875,88.70100402832031,68.12999725341797,155.57513427734375,109.95999908447266,324.07000732421875,216.27000427246094,191.34210205078125,69.80000305175781,571.1244506835938,282.4750671386719,76.28081512451172
2024-09-10,218.67355346679688,188.00421142578125,574.47998046875,259.2702331542969,175.65269470214844,142.83999633789062,313.85870361328125,179.5500030517578,197.97903442382812,1.25,240.8733367919922,160.07000732421875,37.96384811401367,27.404348373413086,65.44804382324219,458.9200134277344,326.6229248046875,885.9694213867188,243.29327392578125,165.27789306640625,77.39779663085938,147.80650329589844,453.1458740234375,357.5625915527344,183.53089904785156,18.979999542236328,160.26380920410156,198.16009521484375,68.03887939453125,891.6102294921875,549.4459838867188,483.0309143066406,281.35736083984375,501.88873291015625,108.7304916381836,92.24398803710938,370.39202880859375,409.4111022949219,86.32048034667969,67.36199951171875,75.40968322753906,172.02999877929688,108.04788970947266,153.0677947998047,26.859233856201172,68.48384857177734,156.3135223388672,117.08366394042969,208.3807373046875,187.6308135986328,89.78799438476562,68.16999816894531,155.3455047607422,110.2699966430664,327.0,226.1699981689453,190.03904724121094,68.98999786376953,575.8638305664062,282.2080383300781,77.73068237304688
2024-09-11,221.20689392089844,183.51515197753906,580.3800048828125,259.6368103027344,183.4364471435547,149.86000061035156,314.860595703125,184.52000427246094,197.2047576904297,1.25,249.4710235595703,161.3300018310547,37.69322967529297,26.80396270751953,67.44051361083984,453.1000061035156,327.4439697265625,892.0226440429688,246.66358947753906,164.65432739257812,76.92259979248047,150.29214477539062,457.06494140625,357.19622802734375,186.35305786132812,19.639999389648438,157.8126678466797,199.7699737548828,67.59195709228516,911.0402221679688,544.423828125,483.18927001953125,280.352783203125,508.88824462890625,108.1459732055664,92.63541412353516,368.6153869628906,418.1488952636719,90.0973129272461,68.14700317382812,75.70905303955078,175.19200134277344,116.85365295410156,154.33445739746094,26.7869815826416,68.98119354248047,161.0315399169922,116.07146453857422,211.98492431640625,189.46287536621094,94.46305084228516,71.5199966430664,155.135009765625,112.0,336.6600036621094,228.1300048828125,192.5215301513672,70.11000061035156,566.9426879882812,280.8432312011719,77.76026153564453
2024-09-12,221.3162078857422,182.97756958007812,586.5499877929688,260.9198913574219,180.7432098388672,150.77000427246094,314.9369201660156,187.0,200.1232147216797,1.2300000190734863,250.4230499267578,162.77000427246094,37.48059844970703,26.585641860961914,67.7061767578125,450.8699951171875,331.9206237792969,906.5164794921875,250.41929626464844,167.9701690673828,79.03243255615234,153.8018798828125,459.868408203125,360.994873046875,186.92845153808594,19.360000610351562,157.6403045654297,199.1626739501953,67.73460388183594,925.01904296875,545.681884765625,487.0790710449219,282.400634765625,522.5790405273438,108.65506744384766,92.2630844116211,376.4624328613281,422.0631103515625,86.67828369140625,68.68000030517578,75.70905303955078,177.2259979248047,119.0927734375,158.4584197998047,26.335416793823242,69.98582458496094,159.50396728515625,116.88900756835938,215.28713989257812,194.1015167236328,95.501953125,71.30999755859375,157.20169067382812,112.98999786376953,337.510009765625,229.80999755859375,186.40565490722656,68.08999633789062,565.6641845703125,282.2377014160156,78.56904602050781
2024-09-13,221.04794311523438,183.15676879882812,536.8699951171875,262.66119384765625,185.93240356445312,152.30999755859375,317.2173767089844,186.49000549316406,200.3713836669922,1.2999999523162842,254.2017364501953,156.77000427246094,37.35495376586914,26.77419090270996,69.5658187866211,447.6099853515625,337.52142333984375,907.4774169921875,251.60536193847656,176.4627227783203,79.435302734375,156.5559539794922,464.6508483886719,366.3553466796875,186.45352172851562,19.65999984741211,158.48289489746094,196.96475219726562,68.37129211425781,913.8300170898438,547.2565307617188,488.3163146972656,286.4383850097656,521.604736328125,109.23016357421875,93.80016326904297,381.7431640625,425.611572265625,90.66382598876953,69.70600128173828,76.29811096191406,175.7899932861328,119.05278015136719,159.09664916992188,26.434762954711914,69.72720336914062,162.16270446777344,115.93521118164062,215.5501708984375,195.53404235839844,94.8189697265625,72.44999694824219,156.9720458984375,113.66999816894531,337.8999938964844,230.2899932861328,190.1626739501953,72.4800033569336,571.3360595703125,284.19598388671875,79.49617004394531
2024-09-16,214.90829467773438,184.5902557373047,521.5,263.4859924316406,185.05438232421875,152.0800018310547,319.8987121582031,184.88999938964844,193.03550720214844,1.2599999904632568,256.2530517578125,155.5500030517578,37.789878845214844,26.506250381469727,68.80677795410156,451.7799987792969,340.1116027832031,899.423095703125,253.9180908203125,179.5904998779297,79.77104187011719,157.15252685546875,470.6361389160156,368.3028869628906,186.93759155273438,20.90999984741211,159.89039611816406,200.37733459472656,69.03193664550781,913.6617431640625,550.14697265625,492.6218566894531,286.59295654296875,530.7208862304688,111.95404052734375,95.55682373046875,382.5821533203125,426.3529357910156,86.64847564697266,69.6500015258789,77.06099700927734,178.49200439453125,116.73370361328125,167.24636840820312,27.157270431518555,70.69204711914062,161.0798797607422,116.01306915283203,217.81008911132812,195.04678344726562,92.64496612548828,73.58000183105469,155.86215209960938,112.83999633789062,338.8299865722656,226.77999877929688,188.7740020751953,71.5199966430664,568.3646240234375,287.2916259765625,79.45671844482422
2024-09-17,215.37521362304688,182.4400177001953,515.030029296875,264.3108215332031,186.05078125,150.82000732421875,317.5513610839844,186.8800048828125,193.15464782714844,1.2799999713897705,260.48321533203125,156.38999938964844,38.22480392456055,27.255491256713867,69.1863021850586,456.67999267578125,345.7124328613281,888.9216918945312,252.21810913085938,178.4918212890625,79.66553497314453,158.40528869628906,470.8592834472656,369.4888000488281,186.53570556640625,21.469999313354492,159.96697998046875,201.71726989746094,68.74469757080078,896.4874877929688,544.4718627929688,495.8682861328125,283.75299072265625,533.7462768554688,112.26724243164062,95.31815338134766,386.7771301269531,430.1188659667969,88.18901824951172,70.69100189208984,77.87216186523438,177.16600036621094,115.54417419433594,164.4381561279297,26.940515518188477,71.3883285522461,163.1005096435547,115.55565643310547,216.30996704101562,195.53404235839844,92.77002716064453,74.44999694824219,159.1726837158203,111.62999725341797,342.1499938964844,227.8699951171875,191.5513458251953,72.77999877929688,557.578857421875,288.35980224609375,77.5235595703125
2024-09-18,219.24977111816406,181.95904541015625,508.1300048828125,264.3108215332031,183.63375854492188,148.2899932861328,317.6658630371094,186.42999267578125,196.62899780273438,1.2400000095367432,257.32281494140625,155.11000061035156,38.29245376586914,27.71198272705078,70.70437622070312,456.6000061035156,347.1101379394531,884.216064453125,249.88194274902344,181.67901611328125,80.4712905883789,158.8924560546875,470.0735168457031,370.2311706542969,184.16110229492188,20.770000457763672,159.0861053466797,200.05917358398438,68.69683074951172,895.2904052734375,543.0122680664062,489.7020263671875,282.091552734375,535.3683471679688,112.59941864013672,94.80260467529297,383.2730712890625,425.8290100097656,86.81742858886719,69.0469970703125,78.12324523925781,178.0780029296875,113.32505798339844,161.5513916015625,26.868267059326172,72.73114776611328,162.71380615234375,114.88408660888672,216.13462829589844,194.49131774902344,92.46220397949219,75.22000122070312,158.56033325195312,110.77999877929688,343.9700012207031,227.1999969482422,190.90457153320312,73.5,560.1740112304688,285.3136291503906,77.94766998291016
2024-09-19,227.3763885498047,182.600341796875,526.4400024414062,267.42681884765625,194.06146240234375,156.74000549316406,320.55706787109375,189.8699951171875,203.4486846923828,1.2599999904632568,263.7710876464844,154.58999633789062,39.500572204589844,28.749011993408203,72.2414321899414,459.7099914550781,364.88983154296875,892.3594970703125,263.3050537109375,184.2624053955078,80.48088073730469,161.20909118652344,488.7472229003906,376.33404541015625,186.04254150390625,21.139999389648438,157.8126678466797,202.9029998779297,67.61490631103516,905.2527465820312,542.714599609375,487.96990966796875,283.8496398925781,556.4168701171875,111.26122283935547,96.16783905029297,389.24481201171875,433.617919921875,88.70584106445312,70.43199920654297,78.20050048828125,183.85000610351562,117.82327270507812,164.5559844970703,26.7869815826416,77.15747833251953,168.14724731445312,115.64322662353516,223.04103088378906,200.84507751464844,93.2125244140625,78.68000030517578,162.57887268066406,114.0199966430664,360.2200012207031,243.9199981689453,197.45797729492188,75.27999877929688,556.7201538085938,282.10919189453125,76.97122955322266
2024-09-20,226.7107696533203,182.45887756347656,522.2999877929688,267.42681884765625,189.57272338867188,155.9499969482422,321.9215393066406,191.60000610351562,205.2851104736328,1.2200000286102295,264.00665283203125,153.2899932861328,38.920677185058594,28.441375732421875,69.86943817138672,455.30999755859375,360.50115966796875,898.5413818359375,264.10687255859375,185.5194549560547,80.5192642211914,162.65077209472656,483.50885009765625,375.8712158203125,185.72288513183594,21.84000015258789,157.18072509765625,203.4910125732422,68.59150695800781,911.6337280273438,549.1866455078125,487.70263671875,286.7281188964844,558.6560668945312,111.20426940917969,97.82903289794922,385.6420593261719,430.23748779296875,90.34577941894531,70.10299682617188,83.55034637451172,187.4720001220703,115.95401000976562,164.95858764648438,26.570228576660156,76.35179138183594,163.31320190429688,114.99114990234375,222.8851776123047,199.28587341308594,92.3948745727539,78.72000122070312,159.45973205566406,110.2699966430664,365.1700134277344,238.25,193.36802673339844,73.94000244140625,554.7232666015625,281.644287109375,77.97725677490234
2024-09-23,224.99203491210938,182.79840087890625,527.8699951171875,270.26788330078125,191.42738342285156,156.75,320.23260498046875,193.8800048828125,203.7960968017578,1.2000000476837158,262.3479309082031,156.3000030517578,38.53407669067383,28.3669490814209,71.5772705078125,454.9800109863281,362.79815673828125,908.5474853515625,261.54302978515625,186.74679565429688,80.56721496582031,160.9207763671875,482.51947021484375,377.8958740234375,186.10646057128906,22.559999465942383,156.2806854248047,203.82843017578125,68.67767333984375,908.6954956054688,557.435302734375,492.0577392578125,288.88226318359375,561.701416015625,109.74266815185547,97.82903289794922,386.3330078125,428.497802734375,92.99951171875,70.53700256347656,83.24131774902344,185.11000061035156,116.21391296386719,162.9456787109375,26.47088623046875,77.25695037841797,160.45147705078125,117.05445098876953,224.4729766845703,201.57595825195312,91.8465576171875,80.11000061035156,160.263427734375,113.26000213623047,369.010009765625,250.0,193.89117431640625,74.70999908447266,553.1892700195312,285.4619445800781,79.22987365722656
2024-09-24,225.8861846923828,182.49658203125,524.0700073242188,271.0010986328125,194.13052368164062,158.32000732421875,315.7575378417969,193.9600067138672,201.95965576171875,1.1799999475479126,261.2781677246094,155.80999755859375,38.128150939941406,28.773820877075195,74.12004852294922,454.55999755859375,377.2252502441406,893.1519775390625,267.7101745605469,187.72671508789062,80.3753662109375,161.3582305908203,483.11114501953125,386.28369140625,187.4764404296875,22.809999465942383,155.85939025878906,203.97303771972656,68.2947006225586,914.5422973632812,555.6300048828125,482.4271545410156,290.0511169433594,560.6265869140625,109.10678100585938,97.93404388427734,379.62103271484375,424.2080078125,93.42687225341797,72.22599792480469,84.45809173583984,184.72000122070312,120.82208251953125,162.79840087890625,26.642480850219727,77.92337799072266,161.40858459472656,116.83061981201172,224.9502716064453,201.57595825195312,90.85575866699219,80.33000183105469,162.98072814941406,112.5,380.3599853515625,254.27000427246094,194.9279327392578,77.44000244140625,554.906494140625,269.7859191894531,79.56520080566406
2024-09-25,224.89271545410156,180.37464904785156,517.9000244140625,269.53472900390625,194.65338134765625,162.02000427246094,298.5249938964844,192.52999877929688,200.6195526123047,1.1799999475479126,261.23895263671875,152.22000122070312,37.934852600097656,28.49099349975586,71.7860107421875,452.3599853515625,369.71844482421875,899.9679565429688,271.32330322265625,187.40008544921875,78.8597640991211,160.56285095214844,476.4371337890625,382.68756103515625,188.8555450439453,23.540000915527344,153.77206420898438,202.62344360351562,68.40959167480469,914.6708984375,554.9674072265625,484.4462890625,290.2442932128906,565.5827026367188,108.88849639892578,97.70492553710938,382.4341125488281,427.114013671875,95.18609619140625,72.15599822998047,84.97954559326172,178.00599670410156,123.46104431152344,163.2696990966797,26.127696990966797,76.94860076904297,162.68479919433594,117.6676254272461,217.5081024169922,196.65472412109375,91.98124694824219,79.26000213623047,165.08567810058594,112.62000274658203,383.9599914550781,257.0199890136719,195.0420379638672,77.13999938964844,555.987060546875,266.67047119140625,80.28520965576172
2024-09-26,226.0352020263672,180.97824096679688,515.3800048828125,271.09271240234375,206.7877655029297,167.49000549316406,304.4791259765625,191.16000366210938,201.36407470703125,1.190000057220459,263.1822509765625,154.5800018310547,38.19580841064453,28.892906188964844,74.51854705810547,454.17999267578125,382.1417236328125,893.0529174804688,272.9764404296875,182.97900390625,79.65594482421875,161.79571533203125,482.0440979003906,382.4658508300781,189.08387756347656,23.920000076293945,154.52845764160156,202.2281951904297,68.36170959472656,899.5939331054688,554.4489135742188,486.2476806640625,293.3160400390625,565.1150512695312,107.33200073242188,99.86256408691406,380.11456298828125,426.3232421875,109.2100601196289,71.14299774169922,86.32183837890625,176.9720001220703,123.9908218383789,165.0567626953125,26.163818359375,79.65413665771484,166.92909240722656,117.10313415527344,222.20330810546875,199.28587341308594,93.76083374023438,80.75,173.8882293701172,112.48999786376953,379.1600036621094,254.22000122070312,199.036865234375,76.69000244140625,554.5399780273438,268.7078857421875,78.82548522949219
2024-09-27,226.30343627929688,183.70376586914062,515.47998046875,271.7342529296875,202.16091918945312,164.35000610351562,307.8855285644531,187.97000122070312,202.505615234375,1.1699999570846558,266.038330078125,156.32000732421875,38.079830169677734,30.153217315673828,76.98541259765625,457.4700012207031,382.2590637207031,877.380126953125,273.8475646972656,183.76211547851562,80.20270538330078,163.0087127685547,483.5865173339844,385.19427490234375,189.6318817138672,23.90999984741211,154.5380401611328,202.92227172851562,68.73512268066406,868.401123046875,559.2116088867188,488.59344482421875,293.35467529296875,564.6372680664062,107.90145111083984,99.39476013183594,379.81842041015625,423.0712890625,106.84457397460938,70.73500061035156,86.37012481689453,176.35800170898438,121.35187530517578,165.6851806640625,26.27219581604004,77.46583557128906,164.4830322265625,117.1712646484375,222.09616088867188,200.4552764892578,93.65502166748047,79.20999908447266,174.95982360839844,113.91999816894531,369.20001220703125,260.4599914550781,198.9227294921875,75.75,561.3316040039062,272.14971923828125,78.6874008178711
2024-09-30,231.4794158935547,186.24066162109375,517.780029296875,270.35955810546875,199.32952880859375,164.0800018310547,307.4466247558594,186.3300018310547,206.7244873046875,1.159999966621399,266.1757507324219,152.0399932861328,38.35044860839844,30.09367561340332,75.12577056884766,460.260009765625,382.2981872558594,878.2717895507812,270.9471435546875,186.93417358398438,80.42332458496094,164.89779663085938,480.2882385253906,390.6607971191406,188.79161071777344,23.459999084472656,155.1699981689453,203.269287109375,68.8021469116211,876.4639892578125,561.3242797851562,488.7518005371094,294.14678955078125,569.6929321289062,107.778076171875,99.51885986328125,379.0780944824219,425.3249206542969,103.07768249511719,70.927001953125,85.3658218383789,178.8780059814453,121.3918685913086,167.31512451171875,26.1367244720459,77.61503601074219,164.40570068359375,117.92066955566406,223.1676788330078,199.18841552734375,93.78006744384766,80.13999938964844,173.5054931640625,114.86000061035156,368.5299987792969,261.6300048828125,196.47828674316406,75.16000366210938,564.0618896484375,271.9320983886719,79.64411926269531
2024-10-01,224.73374938964844,185.75025939941406,502.79998779296875,268.9848327636719,194.54483032226562,159.75,305.6432189941406,185.1300048828125,202.25746154785156,1.1200000047683716,263.6239013671875,154.22000122070312,37.90585708618164,30.212759017944336,73.75950622558594,457.4100036621094,383.5395202636719,869.216796875,268.1358337402344,184.67408752441406,80.5192642211914,166.03126525878906,475.4961853027344,394.37261962890625,188.20709228515625,22.690000534057617,155.1029815673828,199.5868377685547,68.65853118896484,875.0195922851562,581.777587890625,491.305419921875,292.6689147949219,573.7035522460938,108.89799499511719,99.69071197509766,375.47540283203125,415.8260498046875,99.69841003417969,70.61299896240234,86.07075500488281,173.43600463867188,116.95360565185547,164.13375854492188,25.892881393432617,77.05801391601562,160.27743530273438,121.06431579589844,219.96286010742188,199.09097290039062,93.72235870361328,78.44999694824219,172.0894317626953,110.2300033569336,375.3999938964844,258.0199890136719,191.7510986328125,74.23999786376953,562.7305297851562,274.55303955078125,80.15699005126953
2024-10-02,225.30001831054688,185.6182403564453,505.80999755859375,267.42681884765625,198.44168090820312,159.77999877929688,305.0802307128906,184.75999450683594,203.8457489013672,1.090000033378601,265.90093994140625,152.88999938964844,37.91551971435547,30.16314125061035,73.6456527709961,456.6700134277344,385.1620788574219,870.3560791015625,276.6589050292969,184.8128662109375,81.28665161132812,164.90773010253906,477.2616882324219,396.5033874511719,186.20693969726562,22.389999389648438,154.3178253173828,199.82781982421875,67.98831176757812,881.5391845703125,579.2233276367188,490.50372314453125,293.4223327636719,570.0611572265625,106.37342834472656,99.78617858886719,374.43896484375,412.3072204589844,99.24121856689453,71.10900115966797,80.24772644042969,176.08200073242188,118.80288696289062,164.67381286621094,25.83869171142578,77.02818298339844,162.73313903808594,120.72366333007812,218.8134307861328,198.55499267578125,92.82774353027344,79.0999984741211,172.8166046142578,109.6500015258789,374.75,249.02000427246094,193.49168395996094,72.87000274658203,571.4227905273438,273.9595947265625,79.3284912109375
2024-10-03,224.19725036621094,184.32618713378906,503.79998779296875,265.50225830078125,196.9026641845703,162.85000610351562,302.9333190917969,181.9600067138672,202.7041778564453,1.059999942779541,263.61407470703125,150.52000427246094,37.934852600097656,29.637184143066406,72.50708770751953,452.9599914550781,382.2688293457031,867.5226440429688,278.074462890625,182.28512573242188,80.73987579345703,164.90773010253906,471.54803466796875,396.8118896484375,185.29360961914062,22.260000228881836,153.6763153076172,197.8419952392578,67.51915740966797,876.0781860351562,581.7391967773438,489.9098205566406,293.1228942871094,579.9732666015625,104.5701675415039,99.83392333984375,373.99481201171875,411.7240295410156,101.19920349121094,70.68000030517578,79.28205108642578,178.1280059814453,122.80130767822266,163.83920288085938,25.5948429107666,76.89886474609375,163.31320190429688,120.36357116699219,214.76112365722656,195.6802215576172,91.92350769042969,78.13999938964844,171.82154846191406,110.47000122070312,372.6000061035156,240.66000366210938,191.81765747070312,72.94000244140625,571.8472900390625,273.8211364746094,79.3284912109375
2024-10-04,225.3199005126953,183.2322235107422,507.2200012207031,267.42681884765625,199.2506103515625,170.89999389648438,305.0134582519531,186.50999450683594,203.2997589111328,1.159999966621399,271.56512451171875,155.0,38.76604080200195,29.5776424407959,73.77848052978516,461.9700012207031,388.1335144042969,874.8934936523438,284.84539794921875,185.44728088378906,81.14276123046875,166.10084533691406,480.3367614746094,393.7074279785156,186.1156005859375,22.59000015258789,153.47525024414062,204.86412048339844,67.1840591430664,877.6708374023438,581.0765991210938,492.6119384765625,293.4223327636719,593.0802001953125,104.18103790283203,102.99401092529297,374.8337707519531,411.24957275390625,101.6265869140625,71.97000122070312,79.4269027709961,183.53599548339844,124.8704833984375,167.76678466796875,25.81159782409668,78.9379653930664,163.29385375976562,121.57041931152344,215.1605224609375,195.58274841308594,92.90470123291016,82.43000030517578,174.9789581298828,114.72000122070312,371.45001220703125,250.0800018310547,192.80686950683594,74.27999877929688,570.3519897460938,274.87939453125,79.83151245117188
2024-10-07,220.24327087402344,182.59092712402344,487.29998779296875,267.8850402832031,197.43539428710938,170.97000122070312,302.9046936035156,180.8000030517578,203.5975799560547,1.1200000047683716,269.4198913574219,155.91000366210938,38.621063232421875,29.54290771484375,73.85438537597656,453.5,389.2673645019531,865.4620971679688,281.69757080078125,184.33705139160156,80.9892807006836,162.04425048828125,479.8128967285156,393.4181823730469,185.70462036132812,22.3799991607666,152.74754333496094,204.58285522460938,66.07342529296875,888.7906494140625,581.4703369140625,486.27734375,290.61138916015625,581.9736938476562,103.06111145019531,102.764892578125,373.5506591796875,404.8049621582031,102.39773559570312,70.19200134277344,78.05564880371094,181.18800354003906,127.66937255859375,166.89291381835938,26.371543884277344,79.83317565917969,161.39894104003906,121.70667266845703,212.4817352294922,195.19296264648438,92.43334197998047,80.86000061035156,176.41416931152344,113.81999969482422,362.95001220703125,240.8300018310547,191.4372100830078,74.58999633789062,562.9813232421875,270.78485107421875,78.0167007446289
2024-10-08,224.296630859375,182.0250701904297,496.239990234375,266.60198974609375,198.17530822753906,172.8000030517578,303.1241455078125,182.72000122070312,203.99464416503906,1.1299999952316284,264.81463623046875,154.64999389648438,38.59206771850586,29.011991500854492,72.35528564453125,453.79998779296875,379.2094421386719,882.1354370117188,288.62689208984375,185.83389282226562,81.73749542236328,163.43621826171875,481.7045593261719,399.318603515625,189.05648803710938,23.31999969482422,152.9007568359375,204.4082794189453,66.2361831665039,903.9468383789062,583.8805541992188,491.97845458984375,291.6256103515625,590.0447998046875,102.99468231201172,102.62167358398438,372.5635681152344,409.9151611328125,102.0295639038086,72.1760025024414,77.99769592285156,184.39999389648438,132.83731079101562,171.21324157714844,26.353477478027344,80.7283935546875,160.81884765625,120.19811248779297,220.76162719726562,199.7731170654297,92.54878234863281,82.58000183105469,172.39561462402344,113.5199966430664,370.3800048828125,244.5,192.33128356933594,76.16999816894531,561.0711669921875,271.9419860839844,78.61835479736328
2024-10-09,228.04202270507812,183.66604614257812,494.0799865722656,268.8931579589844,202.2990264892578,171.02000427246094,307.6374206542969,185.1699981689453,206.87338256835938,1.090000033378601,267.0877685546875,149.3699951171875,38.843353271484375,27.042131423950195,73.24715423583984,455.8999938964844,387.25384521484375,900.6416625976562,285.01373291015625,187.62806701660156,82.62959289550781,160.93069458007812,490.0567932128906,401.1407775878906,195.17568969726562,23.459999084472656,153.81993103027344,206.99790954589844,66.60958862304688,909.9024047851562,581.057373046875,495.4968566894531,293.48992919921875,587.6762084960938,104.65557861328125,104.10147857666016,378.2391357421875,412.63336181640625,101.1937484741211,72.74299621582031,79.62004852294922,187.72999572753906,132.597412109375,175.06227111816406,27.265644073486328,81.21578979492188,164.570068359375,120.63607025146484,222.97283935546875,202.5504608154297,92.23133087158203,83.41000366210938,176.49070739746094,119.66999816894531,373.9800109863281,241.0500030517578,194.9564666748047,77.87000274658203,570.3712158203125,273.8903503417969,79.29891204833984
2024-10-10,227.54525756835938,183.288818359375,503.57000732421875,269.8096618652344,201.2138214111328,164.17999267578125,306.30157470703125,186.64999389648438,207.46900939941406,1.0800000429153442,266.15289306640625,146.6199951171875,38.63072967529297,26.565793991088867,72.71582794189453,454.92999267578125,387.69366455078125,885.3156127929688,287.2410583496094,186.47817993164062,81.2195053100586,161.1494598388672,488.6405029296875,395.25,195.0843505859375,23.219999313354492,153.68589782714844,206.4353790283203,66.30322265625,900.9492797851562,573.740234375,493.5840148925781,293.6928405761719,581.0281982421875,103.82987213134766,103.18494415283203,376.116943359375,411.0321044921875,105.16389465332031,73.02899932861328,79.28205108642578,188.92599487304688,134.75656127929688,172.6217041015625,26.49798011779785,78.55998992919922,162.92649841308594,119.65308380126953,218.9497833251953,200.79635620117188,90.30744171142578,82.70999908447266,175.438232421875,123.79000091552734,378.0,238.77000427246094,192.5785675048828,77.91999816894531,576.6227416992188,274.4244689941406,78.51973724365234
2024-10-11,226.06500244140625,183.1378936767578,495.4200134277344,272.2841491699219,202.2990264892578,167.88999938964844,313.3052978515625,188.82000732421875,206.57559204101562,1.100000023841858,271.7521057128906,151.02000427246094,40.54438400268555,26.064645767211914,71.89986419677734,460.2099914550781,392.9523010253906,880.7584228515625,285.1919250488281,189.49166870117188,81.48808288574219,162.30276489257812,500.8439025878906,397.1203918457031,197.26718139648438,23.559999465942383,154.59548950195312,215.6009979248047,66.60958862304688,922.0907592773438,580.15478515625,497.78631591796875,294.6587829589844,587.1189575195312,104.14308166503906,105.45716094970703,374.5870056152344,411.5065612792969,106.38776397705078,72.27899932861328,79.33033752441406,187.71800231933594,134.74656677246094,172.97598266601562,26.335416793823242,80.08184814453125,164.33802795410156,120.61661529541016,222.24224853515625,203.28134155273438,91.91389465332031,83.23999786376953,177.81109619140625,124.02999877929688,373.70001220703125,217.8000030517578,195.089599609375,86.33999633789062,576.9603271484375,274.7903747558594,79.00302124023438
2024-10-14,229.79052734375,184.51483154296875,509.6499938964844,274.30035400390625,211.01014709472656,165.27000427246094,309.74615478515625,187.5399932861328,209.00765991210938,1.100000023841858,272.1063232421875,148.99000549316406,40.50572204589844,25.905866622924805,72.33631134033203,459.9800109863281,385.0643615722656,881.4815673828125,288.6961669921875,190.94883728027344,81.58401489257812,164.0128936767578,507.100830078125,400.5141296386719,198.73760986328125,23.440000534057617,154.72955322265625,214.8153839111328,67.34681701660156,919.5680541992188,586.5885009765625,502.1470947265625,299.29541015625,587.5865478515625,104.10511016845703,107.19473266601562,379.86773681640625,414.2939453125,107.8006820678711,71.30000305175781,78.79922485351562,188.93800354003906,138.01527404785156,173.32040405273438,26.263164520263672,80.24099731445312,172.13050842285156,121.30763244628906,225.79776000976562,206.1561279296875,91.15396881103516,83.68000030517578,177.2561492919922,123.16000366210938,372.5,219.16000366210938,198.46617126464844,84.94000244140625,584.05126953125,277.5992126464844,79.19042205810547
2024-10-15,232.32388305664062,182.3854217529297,508.0299987792969,275.95001220703125,188.4480438232422,156.63999938964844,310.19464111328125,187.69000244140625,214.7155303955078,1.090000033378601,272.88372802734375,152.35000610351562,40.72801971435547,26.327625274658203,71.42546081542969,462.67999267578125,379.2388000488281,886.2864379882812,285.43939208984375,188.90682983398438,82.32264709472656,164.51002502441406,506.741943359375,400.6683654785156,198.43621826171875,22.65999984741211,157.12326049804688,215.697998046875,67.34681701660156,903.5512084960938,580.9517822265625,502.7120056152344,302.67626953125,583.4564819335938,105.85143280029297,107.137451171875,377.74560546875,413.8985595703125,103.80069732666016,70.5979995727539,79.3013687133789,185.5919952392578,131.54783630371094,171.3226776123047,26.58829689025879,79.12696075439453,168.3115997314453,121.68718719482422,223.57679748535156,204.45074462890625,91.42330169677734,81.93000030517578,174.94068908691406,122.73999786376953,372.6000061035156,219.57000732421875,190.07705688476562,83.19999694824219,536.6729736328125,276.2244567871094,80.53179168701172
2024-10-16,230.2673797607422,181.05458068847656,502.5400085449219,276.04168701171875,182.10464477539062,156.1300048828125,306.8931579589844,186.88999938964844,210.5959014892578,1.2100000381469727,277.1839599609375,154.89999389648438,41.36590576171875,26.223424911499023,70.9131088256836,465.69000244140625,384.7417907714844,879.1238403320312,287.92401123046875,190.5027618408203,83.21473693847656,164.21176147460938,513.9979248046875,403.5896301269531,199.97975158691406,22.309999465942383,157.2956085205078,216.910400390625,67.5670394897461,906.6179809570312,588.4705810546875,509.49114990234375,302.2705993652344,574.02197265625,104.79793548583984,114.09727478027344,376.85723876953125,411.3088684082031,108.69620513916016,70.19999694824219,81.05890655517578,183.7740020751953,135.66619873046875,171.99188232421875,26.7960147857666,80.39019775390625,165.7882537841797,122.84538269042969,223.49887084960938,205.279052734375,91.82731628417969,81.8499984741211,173.18019104003906,118.9000015258789,371.69000244140625,221.3300018310547,190.88555908203125,81.9000015258789,551.1923828125,284.3641052246094,80.10768127441406
2024-10-17,230.63497924804688,179.25790405273438,496.8299865722656,277.5080261230469,180.77284240722656,156.25,306.60687255859375,187.52999877929688,212.77981567382812,1.2000000476837158,281.218505859375,155.30999755859375,41.172603607177734,26.297853469848633,70.93209075927734,465.8500061035156,385.5921325683594,877.0531616210938,288.1715087890625,190.9389190673828,83.79988098144531,161.9945526123047,513.1637573242188,400.6876525878906,200.51858520507812,22.440000534057617,157.47752380371094,217.6669158935547,66.92555236816406,907.3104858398438,585.38818359375,509.1838684082031,303.99005126953125,574.1614379882812,104.16205596923828,114.03045654296875,380.3612976074219,411.9019775390625,111.49221801757812,68.76499938964844,80.53742980957031,183.4239959716797,136.87570190429688,172.88739013671875,26.434762954711914,79.39551544189453,165.42086791992188,122.38794708251953,222.91439819335938,206.20486450195312,91.64454650878906,81.62999725341797,176.3184814453125,119.02999877929688,366.75,220.88999938964844,188.6123046875,79.9000015258789,546.069580078125,287.20263671875,79.78219604492188
2024-10-18,233.4663848876953,179.5335693359375,494.8999938964844,278.8827209472656,183.85079956054688,155.97000122070312,306.9217529296875,188.99000549316406,214.6658935546875,1.2799999713897705,272.37200927734375,155.0,40.90199279785156,26.17380714416504,71.25467681884766,464.79998779296875,384.9762878417969,881.2835083007812,289.9830627441406,190.92901611328125,83.18595123291016,162.4817352294922,512.6787109375,400.1091613769531,202.77447509765625,22.770000457763672,158.09988403320312,218.58831787109375,67.44256591796875,908.1513061523438,587.4911499023438,511.7408447265625,305.7867126464844,573.7035522460938,103.16551208496094,115.57707214355469,379.96649169921875,413.3253173828125,110.5967025756836,76.38899993896484,80.07390594482422,184.35000610351562,137.94529724121094,171.91314697265625,26.389604568481445,80.50955963134766,165.246826171875,122.55340576171875,224.4729766845703,207.42298889160156,93.1548080444336,82.68000030517578,177.58145141601562,119.54000091552734,378.8800048828125,220.6999969482422,188.7740020751953,79.16000366210938,549.5232543945312,287.43011474609375,80.19644165039062
2024-10-21,234.9367218017578,177.328125,497.7099914550781,276.04168701171875,181.97637939453125,157.89999389648438,302.2272033691406,189.07000732421875,215.90673828125,1.2000000476837158,266.4186096191406,159.82000732421875,40.360748291015625,25.90090560913086,71.04594421386719,464.1600036621094,383.0439147949219,878.5194702148438,288.3497009277344,192.53488159179688,82.77349090576172,163.12803649902344,502.2989807128906,391.8177490234375,202.29959106445312,22.84000015258789,155.90725708007812,216.28964233398438,66.49468994140625,896.4381103515625,590.1798706054688,510.42279052734375,304.1735534667969,572.3998413085938,100.9256820678711,112.92298126220703,377.8936462402344,413.9381103515625,108.53701782226562,77.20700073242188,78.68333435058594,183.66799926757812,143.6530303955078,170.99790954589844,26.127696990966797,80.13157653808594,163.40020751953125,122.53394317626953,223.53781127929688,205.37652587890625,92.77964782714844,82.66000366210938,177.10305786132812,119.55999755859375,381.9700012207031,218.85000610351562,186.2059326171875,80.45999908447266,551.3178100585938,283.7015075683594,79.70329284667969
2024-10-22,234.32078552246094,179.4385223388672,493.1099853515625,271.09271240234375,180.53604125976562,154.08999633789062,305.0134582519531,189.6999969482422,215.26150512695312,1.2799999713897705,268.0521240234375,159.8800048828125,40.882659912109375,25.67761993408203,71.36853790283203,461.45001220703125,381.0623474121094,885.1768798828125,285.4195556640625,175.11822509765625,84.5672836303711,164.19186401367188,502.7840881347656,387.4310302734375,203.07589721679688,22.399999618530273,156.5009002685547,217.37594604492188,66.49468994140625,899.4257202148438,554.0454711914062,508.4504699707031,303.9803466796875,579.217041015625,101.21039581298828,112.96117401123047,389.8370666503906,422.5672302246094,107.28327941894531,76.42400360107422,78.62539672851562,183.58999633789062,143.5330810546875,172.5232696533203,26.04641342163086,80.47972869873047,167.4318084716797,122.17382049560547,226.30430603027344,209.76177978515625,93.13557434082031,81.61000061035156,175.5721893310547,115.5,387.6300048828125,217.97000122070312,184.49383544921875,80.41000366210938,549.764404296875,281.66412353515625,80.89672088623047
2024-10-23,229.25404357910156,178.60194396972656,485.0299987792969,269.44305419921875,180.24008178710938,152.91000366210938,300.4715270996094,184.7100067138672,214.8644256591797,1.2100000381469727,266.9007873535156,157.05999755859375,40.92131805419922,25.4245662689209,71.69112396240234,460.6099853515625,378.38433837890625,890.8040771484375,281.5589294433594,180.1043243408203,83.67517852783203,161.8454132080078,501.717041015625,385.30035400390625,201.2401123046875,21.979999542236328,158.8084259033203,216.68731689453125,65.11597442626953,893.5888061523438,548.3992309570312,509.1541442871094,288.4089660644531,560.98486328125,100.9636459350586,112.92298126220703,391.9097900390625,419.6907958984375,104.52706909179688,74.92900085449219,77.30241394042969,181.53599548339844,139.50466918945312,170.3484344482422,26.064476013183594,80.400146484375,161.07022094726562,123.80891418457031,228.51551818847656,213.07508850097656,93.9339828491211,79.66000366210938,173.37155151367188,113.61000061035156,379.8399963378906,213.64999389648438,191.88427734375,79.83000183105469,544.7285766601562,280.6454162597656,82.12960052490234
2024-10-24,229.06529235839844,180.28456115722656,482.8699951171875,270.26788330078125,181.27593994140625,153.44000244140625,301.225341796875,186.3800048828125,211.39004516601562,1.1399999856948853,265.6707458496094,155.1999969482422,41.22092819213867,25.53372573852539,72.56402587890625,457.7699890136719,379.6890563964844,885.1075439453125,283.86541748046875,178.1713409423828,85.16201782226562,161.78575134277344,508.7984924316406,388.231201171875,190.9744110107422,22.34000015258789,156.7115478515625,218.21006774902344,64.43618774414062,881.7864990234375,541.783203125,506.07183837890625,291.3165283203125,565.0552978515625,100.48908233642578,113.77267456054688,388.1590270996094,419.8193054199219,106.31810760498047,75.45500183105469,76.32708740234375,191.3159942626953,140.35433959960938,171.6080780029297,25.865787506103516,80.95716094970703,162.52044677734375,121.82344818115234,232.1294403076172,213.4648895263672,93.4530029296875,79.81999969482422,171.7067413330078,114.91999816894531,376.8699951171875,260.4800109863281,196.51634216308594,78.37999725341797,541.0336303710938,280.111328125,81.90275573730469
2024-10-25,229.8998260498047,178.57345581054688,483.7200012207031,269.259765625,184.00865173339844,156.22999572753906,302.45623779296875,187.8300018310547,212.8790740966797,1.1399999856948853,263.0827331542969,155.00999450683594,40.486392974853516,25.553573608398438,72.10859680175781,454.010009765625,378.6197814941406,882.927978515625,287.5280456542969,177.53692626953125,85.37305450439453,164.32110595703125,497.2546691894531,384.5965270996094,189.96978759765625,22.68000030517578,154.0401611328125,215.6204071044922,64.07235717773438,883.1517944335938,539.939453125,502.8408508300781,282.65179443359375,570.4989624023438,98.68584442138672,111.58638763427734,392.8968505859375,423.1997985839844,107.37283325195312,75.46800231933594,76.14360046386719,190.1699981689453,141.48388671875,170.76174926757812,25.694190979003906,81.26551818847656,164.618408203125,121.81373596191406,231.5352325439453,215.4138946533203,93.60691833496094,79.05000305175781,172.625244140625,116.04000091552734,379.1600036621094,269.19000244140625,196.8206787109375,77.62000274658203,544.6514282226562,278.6376647949219,81.38002014160156
2024-10-28,231.8768310546875,180.31309509277344,481.0400085449219,271.2760009765625,182.8445281982422,159.9199981689453,302.6375732421875,188.38999938964844,214.76516723632812,1.2200000286102295,267.136962890625,150.69000244140625,41.19193649291992,25.905866622924805,71.6531753540039,458.489990234375,383.17138671875,882.67041015625,290.80462646484375,173.8295440673828,85.14283752441406,165.76278686523438,507.9059753417969,388.4337158203125,188.23448181152344,22.920000076293945,154.72955322265625,218.7144012451172,63.8329963684082,886.0108032226562,533.1024780273438,503.68328857421875,286.6895446777344,575.3853759765625,98.92311096191406,113.73448181152344,390.725341796875,421.6578063964844,105.86039733886719,74.91200256347656,76.20154571533203,189.0,140.46429443359375,169.67921447753906,26.064476013183594,83.14546203613281,166.50369262695312,122.0765151977539,234.05816650390625,217.02182006835938,94.28990173339844,79.87000274658203,173.98390197753906,117.33000183105469,384.3599853515625,262.510009765625,195.77442932128906,77.69000244140625,545.3074340820312,281.0706787109375,81.61672973632812
2024-10-29,232.14508056640625,180.09442138671875,485.3900146484375,270.35955810546875,187.56019592285156,166.25,301.5211181640625,190.8300018310547,214.3680877685547,1.1399999856948853,266.113525390625,152.97999572753906,41.10494613647461,25.355098724365234,70.49564361572266,454.6199951171875,380.1304626464844,878.7373657226562,295.87298583984375,172.53099060058594,84.49053955078125,168.70579528808594,508.58502197265625,380.8942565917969,188.1248779296875,22.899999618530273,153.28372192382812,216.19265747070312,62.770233154296875,893.915283203125,525.0651245117188,501.7704772949219,284.9604797363281,590.4329223632812,98.44857788085938,113.89678955078125,392.8475646972656,426.9558410644531,107.64149475097656,75.94400024414062,75.70905303955078,190.61599731445312,141.19400024414062,170.67315673828125,25.703222274780273,79.85307312011719,170.15821838378906,119.50709533691406,236.0355987548828,218.28868103027344,93.68387603759766,80.38999938964844,173.2375946044922,118.38999938964844,391.2300109863281,259.5199890136719,201.0247802734375,79.20999908447266,542.30712890625,278.7860412597656,80.58110046386719
2024-10-30,228.59837341308594,191.54937744140625,486.67999267578125,267.610107421875,182.8050994873047,148.60000610351562,301.08221435546875,192.72999572753906,211.53897094726562,1.1200000047683716,269.705322265625,154.2899932861328,40.8923225402832,24.80433464050293,69.67967987060547,454.9599914550781,372.0179138183594,870.9107666015625,293.4081115722656,173.1158447265625,84.69198608398438,173.4583740234375,508.7015075683594,378.4357604980469,186.4991912841797,22.299999237060547,153.78163146972656,217.65721130371094,63.114906311035156,837.7723388671875,524.2393188476562,509.1145324707031,281.5988464355469,588.9599609375,99.49256896972656,112.57928466796875,396.9931945800781,427.5291442871094,103.56190490722656,75.3740005493164,73.82598114013672,190.0,139.28475952148438,171.7852020263672,25.757410049438477,77.80403137207031,162.05636596679688,118.60196685791016,231.2040557861328,213.9521484375,93.61653137207031,80.01000213623047,171.72586059570312,118.98999786376953,394.0199890136719,257.54998779296875,197.77183532714844,79.43000030517578,543.1077880859375,286.97515869140625,80.27535247802734
2024-10-31,224.43572998046875,193.80235290527344,478.0799865722656,265.227294921875,179.13516235351562,144.07000732421875,305.4905090332031,186.39999389648438,208.0149688720703,1.059999942779541,265.7691345214844,149.30999755859375,40.41874313354492,24.605859756469727,68.61702728271484,450.9200134277344,369.03582763671875,866.0465087890625,288.4288635253906,170.2808074951172,85.20037841796875,170.12757873535156,502.289306640625,379.62164306640625,187.85089111328125,21.520000457763672,153.0635223388672,215.24215698242188,62.53085708618164,820.8651733398438,524.344970703125,495.1400451660156,282.16876220703125,564.8562622070312,97.11035919189453,111.86241149902344,371.3298034667969,401.65185546875,99.1539535522461,75.60299682617188,74.4826431274414,186.59800720214844,132.70738220214844,165.17202758789062,25.558719635009766,78.87828063964844,157.3673553466797,117.75521087646484,227.59011840820312,209.32325744628906,93.98207092285156,78.20999908447266,170.69252014160156,114.81999969482422,385.1000061035156,249.85000610351562,194.507080078125,72.05000305175781,544.593505859375,286.6685791015625,80.82767486572266
2024-11-01,221.4552764892578,193.49815368652344,482.79998779296875,265.227294921875,180.91091918945312,141.86000061035156,304.5935974121094,197.92999267578125,203.64718627929688,1.0800000429153442,268.33746337890625,154.58999633789062,40.360748291015625,24.605859756469727,68.61702728271484,452.1400146484375,372.4005126953125,870.3023071289062,291.74505615234375,170.20150756835938,85.86225891113281,170.30654907226562,503.8025817871094,378.5032653808594,191.05665588378906,23.200000762939453,153.32203674316406,216.2314453125,62.24362564086914,810.1707153320312,523.6727294921875,503.554443359375,285.1632995605469,564.438232421875,96.69275665283203,112.43975067138672,377.5481872558594,405.6253662109375,99.23355102539062,75.61000061035156,75.38070678710938,188.6820068359375,135.34632873535156,167.3173828125,25.369060516357422,76.83918762207031,159.78436279296875,115.57510375976562,227.07383728027344,209.32325744628906,95.10755920410156,78.98999786376953,173.67771911621094,115.48999786376953,384.5,248.97999572753906,196.1920928955078,73.25,547.5455932617188,287.54876708984375,81.06439971923828
2024-11-04,220.56112670898438,190.5702667236328,481.3500061035156,265.9604797363281,179.3719482421875,140.7100067138672,302.3894348144531,195.77999877929688,201.81076049804688,1.0800000429153442,265.87738037109375,155.07000732421875,39.945159912109375,24.556241989135742,68.9775619506836,442.2900085449219,369.3497314453125,878.9923706054688,295.0018615722656,170.260986328125,86.1788101196289,168.26834106445312,496.15850830078125,381.3763427734375,189.54965209960938,22.520000457763672,151.5124053955078,213.16653442382812,62.339378356933594,797.517578125,521.51220703125,501.0767517089844,282.88360595703125,557.9893188476562,96.68327331542969,111.75656127929688,369.6517639160156,403.7374267578125,101.22359466552734,75.5510025024414,74.54058074951172,190.91799926757812,135.99607849121094,166.8942108154297,25.071027755737305,77.7145004272461,159.6973419189453,114.84516143798828,226.80108642578125,208.3487548828125,93.33757781982422,78.44000244140625,173.4672393798828,113.73999786376953,377.7300109863281,242.83999633789062,194.9857940673828,73.25,538.100830078125,288.6466369628906,81.32083129882812
2024-11-05,221.99176025390625,191.72052001953125,486.4200134277344,267.51849365234375,183.96917724609375,141.66000366210938,304.660400390625,199.5,202.8034210205078,1.0800000429153442,271.53558349609375,151.0,40.47673034667969,24.392499923706055,68.90166473388672,445.05999755859375,376.06927490234375,883.0595092773438,294.48712158203125,173.73043823242188,86.54334259033203,168.76547241210938,511.1848449707031,385.7341613769531,190.6821746826172,23.31999969482422,151.61773681640625,214.82508850097656,62.588314056396484,797.4383544921875,525.0171508789062,501.05694580078125,287.2015380859375,569.6829223632812,96.47447204589844,113.36353302001953,374.2415771484375,406.7027282714844,104.96488189697266,76.39099884033203,75.30347442626953,194.20799255371094,139.8545379638672,169.04940795898438,25.27874755859375,78.82854461669922,160.4031219482422,115.79896545410156,229.7915802001953,210.15158081054688,93.3952865600586,79.56999969482422,176.05056762695312,116.5,382.6300048828125,251.44000244140625,193.83689880371094,74.1500015258789,547.0343627929688,290.07080078125,82.53398895263672
2024-11-06,221.26651000976562,191.26419067382812,504.8299865722656,265.50225830078125,184.99520874023438,145.10000610351562,307.0458068847656,207.08999633789062,208.16384887695312,1.1799999475479126,290.4488525390625,147.16000366210938,43.888450622558594,23.76234245300293,64.36640930175781,468.8999938964844,408.941162109375,892.0670776367188,303.8020935058594,179.1824188232422,87.95342254638672,175.49658203125,578.1385498046875,374.4346618652344,197.64163208007812,25.049999237060547,151.167724609375,239.6256561279297,60.9893798828125,768.0757446289062,529.8856811523438,516.4882202148438,283.99444580078125,569.3047485351562,95.60131072998047,126.52722930908203,383.2730712890625,415.3219299316406,111.2733154296875,78.02100372314453,72.7347640991211,198.89599609375,145.55227661132812,178.35903930664062,24.709774017333984,80.97706604003906,167.2481231689453,118.33917236328125,225.3107147216797,207.52041625976562,92.42372131347656,81.91999816894531,176.14627075195312,121.41999816894531,391.1600036621094,288.5299987792969,205.8140869140625,74.36000061035156,575.6483764648438,304.02593994140625,82.29727935791016
2024-11-07,225.99545288085938,190.60826110839844,500.9200134277344,265.41058349609375,191.4767303466797,149.82000732421875,307.16033935546875,210.0500030517578,208.41201782226562,1.350000023841858,282.241943359375,150.97999572753906,43.2698974609375,24.179140090942383,66.24503326416016,460.1300048828125,400.43621826171875,906.6298217773438,307.6429443359375,177.2891082763672,93.91034698486328,179.71224975585938,564.7420043945312,385.10748291015625,198.6462860107422,26.229999542236328,150.06658935546875,229.2670440673828,60.95107650756836,788.9204711914062,529.9049072265625,513.26708984375,284.63201904296875,588.8605346679688,96.01891326904297,123.59233093261719,389.5409240722656,420.5112609863281,112.84546661376953,79.65399932861328,73.31416320800781,203.05599975585938,148.8209991455078,183.407470703125,24.800085067749023,80.9173812866211,167.17079162597656,116.86955261230469,233.9705047607422,214.97537231445312,92.46220397949219,85.55000305175781,179.85862731933594,123.54000091552734,399.8399963378906,296.9100036621094,208.2746124267578,73.12999725341797,584.0994262695312,302.4434509277344,82.70165252685547
2024-11-08,225.7269287109375,189.64816284179688,494.67999267578125,263.0277404785156,189.4444580078125,147.9499969482422,310.3759765625,208.17999267578125,210.3003692626953,1.409999966621399,283.0094909667969,151.67999267578125,43.617828369140625,23.896312713623047,64.1197280883789,463.4100036621094,385.8788757324219,936.2612915039062,318.7001647949219,183.19708251953125,92.63455200195312,177.32601928710938,571.6197509765625,391.335693359375,200.46380615234375,26.200000762939453,148.8601837158203,229.84898376464844,61.20001220703125,822.6458740234375,542.1192016601562,520.0859375,288.79534912109375,586.5119018554688,97.6798095703125,124.64118194580078,390.23187255859375,417.6546630859375,111.34297943115234,79.50399780273438,73.27555084228516,201.61599731445312,147.57147216796875,186.24169921875,24.506595611572266,82.56855773925781,165.23716735839844,120.24676513671875,231.4086151123047,215.75497436523438,93.83778381347656,87.12000274658203,175.1703338623047,120.88999938964844,400.67999267578125,321.2200012207031,210.90750122070312,72.04000091552734,594.0941162109375,304.4907531738281,83.6682357788086
2024-11-11,223.01174926757812,165.81614685058594,504.4800109863281,265.3189392089844,186.02117919921875,147.35000610351562,307.0649108886719,206.83999633789062,207.96481323242188,1.5800000429153442,288.29376220703125,148.9600067138672,44.5359992980957,24.233720779418945,64.36640930175781,467.3599853515625,388.98846435546875,925.428466796875,338.28057861328125,182.94927978515625,93.0758056640625,179.31454467773438,584.3082275390625,393.6399230957031,205.71534729003906,25.049999237060547,148.4484405517578,232.08944702148438,60.663841247558594,823.5361938476562,547.9000244140625,525.398193359375,291.26824951171875,580.3713989257812,95.60131072998047,128.4805908203125,387.27069091796875,413.1770935058594,108.10916137695312,80.54399871826172,73.97083282470703,207.20199584960938,145.20240783691406,186.12359619140625,24.066354751586914,86.4776611328125,162.70411682128906,121.22976684570312,229.75262451171875,215.9498748779297,96.49275970458984,89.98999786376953,177.81109619140625,123.5,410.19000244140625,350.0,206.67575073242188,71.6500015258789,603.201171875,307.5072937011719,83.05673217773438
2024-11-12,223.01174926757812,162.64111328125,526.4199829101562,259.2702331542969,184.0974578857422,143.6300048828125,285.1473693847656,208.91000366210938,210.89669799804688,1.4600000381469727,283.905029296875,145.1699981689453,44.3233757019043,20.720722198486328,63.778160095214844,466.2900085449219,385.52569580078125,924.932373046875,337.7064208984375,181.04603576660156,90.50503540039062,180.57723999023438,574.85009765625,388.6168212890625,213.63380432128906,24.15999984741211,146.15048217773438,232.35133361816406,60.510650634765625,810.1015014648438,543.4636840820312,524.4566040039062,288.4862365722656,582.013427734375,93.56078338623047,127.31627655029297,390.5773010253906,418.13897705078125,103.58179473876953,81.94999694824219,74.02877044677734,209.6580047607422,148.23118591308594,186.56646728515625,24.020498275756836,85.9405288696289,157.98611450195312,120.07158660888672,228.39862060546875,214.7804718017578,95.04022216796875,108.91999816894531,170.2523956298828,125.45999908447266,419.3900146484375,328.489990234375,203.71734619140625,71.37000274658203,592.9943237304688,307.0316467285156,83.8260498046875
2024-11-13,223.8969268798828,161.9376678466797,532.5,260.8282165527344,180.32887268066406,139.3000030517578,287.6282653808594,214.10000610351562,210.74761962890625,1.350000023841858,283.0488586425781,139.97000122070312,44.333038330078125,19.991329193115234,62.582672119140625,468.1000061035156,379.6988220214844,926.2715454101562,338.2706604003906,181.95797729492188,88.85511779785156,177.8529815673828,576.4312133789062,395.47174072265625,212.8666229248047,24.920000076293945,146.7249755859375,233.90318298339844,60.31916046142578,803.1267700195312,535.5607299804688,517.2315063476562,287.23046875,577.2166137695312,93.48484802246094,127.74925994873047,394.57489013671875,420.2839050292969,99.42259979248047,83.0469970703125,73.8935775756836,209.11000061035156,146.21200561523438,186.61566162109375,24.506595611572266,86.84568786621094,155.09535217285156,120.44142150878906,224.0443572998047,213.8546905517578,96.0021743774414,115.08999633789062,171.64932250976562,130.72999572753906,467.3699951171875,330.239990234375,196.95803833007812,71.16000366210938,584.504638671875,306.6650390625,84.3290786743164
2024-11-14,226.9801025390625,161.2532196044922,529.8699951171875,261.4697570800781,183.4956512451172,138.83999633789062,282.3706970214844,211.47999572753906,212.9838104248047,1.3700000047683716,283.69830322265625,138.13999938964844,44.36203384399414,20.3436222076416,64.17665100097656,467.70001220703125,379.9833068847656,916.51025390625,328.3022766113281,176.843017578125,88.35630798339844,174.57192993164062,570.9892578125,391.1621398925781,210.6746826171875,25.030000686645508,145.4132080078125,234.59182739257812,59.888309478759766,777.8204345703125,517.5655517578125,515.7647705078125,288.3992614746094,574.3903198242188,93.35198974609375,127.43171691894531,397.6841125488281,421.95440673828125,98.68628692626953,83.72599792480469,73.08240509033203,207.9600067138672,146.7018280029297,184.07666015625,23.864582061767578,85.33377075195312,158.5275115966797,115.74054718017578,225.40811157226562,215.4138946533203,95.453857421875,109.08000183105469,180.06912231445312,129.27000427246094,477.5,311.17999267578125,197.2261199951172,71.44000244140625,572.2330932617188,305.4461975097656,83.31317138671875
2024-11-15,223.77755737304688,156.84234619140625,503.3699951171875,263.8525695800781,166.60617065429688,134.89999389648438,270.6152038574219,202.61000061035156,212.0893096923828,1.6100000143051147,282.2911376953125,140.19000244140625,45.18355178833008,20.150110244750977,64.44231414794922,470.2799987792969,376.7559509277344,899.8245849609375,321.976806640625,175.38584899902344,84.79749298095703,171.4996795654297,575.7716674804688,393.53387451171875,210.16986083984375,24.350000381469727,147.45266723632812,237.92832946777344,59.1127815246582,739.4412841796875,513.5709838867188,517.241455078125,282.6711120605469,551.4210815429688,91.40636444091797,129.00021362304688,389.78765869140625,410.2018127441406,95.86042785644531,82.39600372314453,74.02877044677734,202.2779998779297,141.9237060546875,180.8192901611328,22.745641708374023,85.3735580444336,155.17266845703125,115.97537994384766,222.39813232421875,211.75950622558594,95.2602767944336,108.48999786376953,179.30368041992188,125.95999908447266,458.32000732421875,320.7200012207031,192.553955078125,73.25,571.3455810546875,306.82354736328125,83.09618377685547
2024-11-18,226.7811737060547,158.0686492919922,499.510009765625,264.3108215332031,168.43125915527344,138.92999267578125,268.114501953125,201.6999969482422,215.219970703125,1.6699999570846558,280.9823913574219,143.8699951171875,45.15456008911133,20.0607967376709,65.20135498046875,472.20001220703125,377.1385498046875,912.165283203125,318.9971923828125,175.97071838378906,84.85505676269531,174.2935333251953,570.3877563476562,395.7127990722656,210.0413818359375,24.84000015258789,148.18992614746094,237.65673828125,59.22767639160156,720.6133422851562,509.8548889160156,516.9837646484375,281.19317626953125,551.7394409179688,91.64362335205078,128.7307891845703,389.24481201171875,410.9530944824219,97.02459716796875,84.70500183105469,72.31951904296875,201.0679931640625,140.0944366455078,182.77764892578125,22.80067253112793,84.2197265625,159.0399169921875,116.81684875488281,225.3107147216797,213.0263671875,97.17671203613281,105.87999725341797,176.05056762695312,127.43000030517578,454.3599853515625,338.739990234375,198.35586547851562,69.33000183105469,568.856689453125,309.3206481933594,82.92850494384766
2024-11-19,227.0397491455078,158.34432983398438,499.6099853515625,261.37811279296875,167.03036499023438,139.38999938964844,269.2590637207031,204.61000061035156,215.46844482421875,1.7300000190734863,280.9922180175781,145.60000610351562,44.85494613647461,20.001253128051758,65.52394104003906,468.8599853515625,375.0490417480469,922.7203369140625,320.165283203125,176.01036071777344,84.17398834228516,177.0973358154297,563.9757080078125,392.203369140625,209.44479370117188,24.200000762939453,146.4951629638672,235.77511596679688,59.92660903930664,723.1204223632812,512.0634765625,514.8331298828125,280.8357849121094,558.3974609375,91.6246566772461,127.2489242553711,387.17193603515625,412.9595642089844,97.24351501464844,87.13200378417969,71.3731689453125,204.4199981689453,146.95172119140625,185.8972625732422,23.020793914794922,83.64280700683594,159.24295043945312,116.3961181640625,227.1614990234375,214.293212890625,95.19252014160156,104.58999633789062,170.15670776367188,130.24000549316406,463.8299865722656,346.0,192.506103515625,69.12999725341797,556.6526489257812,309.01348876953125,85.41400146484375
2024-11-20,227.75582885742188,159.47555541992188,499.5,261.4697570800781,168.19447326660156,137.60000610351562,276.8766174316406,202.8800048828125,213.58010864257812,1.590000033378601,283.11773681640625,146.0800018310547,44.51667404174805,19.394916534423828,64.99261474609375,468.8299865722656,374.2348937988281,920.6668090820312,322.41241455078125,176.4266815185547,85.01812744140625,174.96963500976562,564.5092163085938,385.64739990234375,208.04054260253906,24.010000228881836,146.60052490234375,233.53463745117188,60.30958938598633,746.5859375,513.474853515625,507.9747009277344,281.0096435546875,562.8062133789062,92.47882843017578,126.71968078613281,387.96160888671875,410.6861572265625,97.88032531738281,88.38500213623047,70.842041015625,204.5959930419922,145.83216857910156,187.7178497314453,22.874042510986328,84.28935241699219,149.14947509765625,116.58202362060547,228.9343719482422,214.97537231445312,95.10541534423828,103.94000244140625,168.93202209472656,129.1199951171875,470.010009765625,342.0299987792969,189.74876403808594,69.5999984741211,579.3239135742188,304.593994140625,85.98605346679688
2024-11-21,227.27845764160156,163.24951171875,504.44000244140625,266.7853088378906,173.79141235351562,137.49000549316406,278.8291015625,198.3800048828125,216.81015014648438,1.5199999809265137,288.3232727050781,143.41000366210938,44.90326690673828,19.36911392211914,64.46129608154297,472.05999755859375,382.17083740234375,948.0165405273438,332.390625,177.14041137695312,86.1020736694336,166.66757202148438,578.2647094726562,395.7224426269531,207.50820922851562,24.440000534057617,148.8888702392578,237.39486694335938,61.046817779541016,743.1275634765625,520.4656372070312,510.5118713378906,278.65264892578125,560.3877563476562,94.7756118774414,129.89512634277344,391.25543212890625,408.9132995605469,102.24846649169922,89.74800109863281,72.5223159790039,209.41000366210938,146.6118621826172,189.37115478515625,23.04830551147461,84.36892700195312,150.29998779296875,117.93228149414062,229.91822814941406,218.9708251953125,96.84762573242188,106.4800033569336,168.39620971679688,171.35000610351562,470.70001220703125,339.6400146484375,189.7583465576172,69.63999938964844,576.4200439453125,307.0812072753906,87.17948150634766
2024-11-22,228.62110900878906,168.2117156982422,512.1500244140625,267.0602111816406,172.93109130859375,138.35000610351562,283.28228759765625,197.1199951171875,219.24510192871094,1.6100000143051147,296.4908142089844,149.2899932861328,45.42517852783203,19.65094566345215,64.32846069335938,476.57000732421875,389.92041015625,956.309814453125,338.5675964355469,179.5690155029297,86.5145492553711,163.8140411376953,584.735107421875,404.92974853515625,210.28001403808594,24.5,148.57293701171875,241.07081604003906,61.20001220703125,741.2349243164062,520.6671752929688,516.2206420898438,280.401123046875,556.4567260742188,94.1302261352539,129.60643005371094,392.8875427246094,413.0037841796875,102.12907409667969,89.77899932861328,74.74337768554688,212.1199951171875,141.89373779296875,189.23336791992188,23.525230407714844,86.30855560302734,151.58583068847656,118.16709899902344,230.1325225830078,220.14022827148438,99.20928955078125,106.95999908447266,169.8887939453125,167.44000244140625,475.0400085449219,352.55999755859375,189.56686401367188,71.51000213623047,570.0335693359375,307.1009826660156,89.20140838623047
2024-11-25,231.60479736328125,168.31629943847656,518.72998046875,268.068359375,172.60479736328125,141.1300048828125,282.7724914550781,201.4499969482422,219.29478454589844,1.6799999475479126,300.3384094238281,153.10000610351562,45.90842819213867,19.777969360351562,65.75165557861328,477.42999267578125,397.92498779296875,953.2146606445312,335.6869812011719,178.63722229003906,86.80233001708984,166.68743896484375,584.9776000976562,413.2886657714844,211.64755249023438,24.8700008392334,149.156982421875,242.75845336914062,61.640438079833984,748.1614990234375,501.1453857421875,521.909423828125,286.10992431640625,562.3980712890625,96.00941467285156,128.6153106689453,392.8875427246094,414.7765808105469,103.95990753173828,86.55899810791016,76.53954315185547,210.54200744628906,135.96607971191406,185.0017547607422,24.002155303955078,87.30323791503906,153.54844665527344,116.09280395507812,227.75570678710938,217.8014373779297,98.57047271728516,111.0,173.0079803466797,171.4199981689453,481.3800048828125,338.5899963378906,194.28684997558594,73.41999816894531,584.4660034179688,310.3412780761719,88.27427673339844
2024-11-26,233.7829132080078,172.19483947753906,525.2999877929688,266.0520935058594,171.26980590820312,137.72000122070312,269.3167724609375,207.86000061035156,222.6242218017578,1.690000057220459,300.69268798828125,150.75999450683594,46.150047302246094,18.75185775756836,64.97364807128906,478.55999755859375,400.0634765625,963.739990234375,339.7159118652344,182.98892211914062,87.62728118896484,168.14903259277344,587.3735961914062,414.108154296875,211.4639892578125,24.049999237060547,149.1376953125,242.44808959960938,61.80320358276367,782.1707153320312,500.7228698730469,523.7727661132812,286.24517822265625,570.7875366210938,96.44599914550781,126.32514190673828,402.2843933105469,423.8883972167969,101.29324340820312,87.26000213623047,74.9461669921875,214.01400756835938,136.86572265625,187.34388732910156,23.635292053222656,86.4776611328125,151.72116088867188,118.01055908203125,228.9733428955078,217.5090789794922,97.44772338867188,112.08000183105469,172.52957153320312,171.27999877929688,476.6099853515625,338.2300109863281,192.3911895751953,71.55999755859375,585.3922119140625,308.9837341308594,90.05949401855469
2024-11-27,233.65362548828125,174.03900146484375,513.6799926757812,263.8525695800781,169.41078186035156,136.24000549316406,269.37445068359375,205.74000549316406,220.63648986816406,1.7300000190734863,299.39373779296875,152.39999389648438,46.16937255859375,19.00987434387207,64.89774322509766,483.0799865722656,396.01214599609375,953.8693237304688,326.6788635253906,179.02383422851562,88.64409637451172,168.2583770751953,587.3056640625,414.0306396484375,210.7664337158203,23.649999618530273,149.98703002929688,242.27349853515625,61.68830871582031,781.0509643554688,504.8519287109375,527.6380615234375,285.0377197265625,566.468505859375,97.86962890625,126.2577896118164,397.5859680175781,418.9363098144531,97.71116638183594,87.73400115966797,75.65111541748047,208.27999877929688,135.28634643554688,179.79580688476562,23.690319061279297,86.109619140625,151.20877075195312,117.74636840820312,226.01206970214844,214.53683471679688,98.2510757446289,112.54000091552734,171.24745178222656,173.6999969482422,475.239990234375,332.8900146484375,190.70616149902344,71.62000274658203,586.9260864257812,311.8375549316406,90.62168884277344
2024-11-28,,,,263.8525695800781,,,,,220.63648986816406,,,,,19.00987434387207,64.89774322509766,,,,,,,,,,,,,,,,,,,,,,397.5859680175781,,,,,,,,,,,,,214.53683471679688,,,171.24745178222656,,,,,,,,
2024-11-29,236.04058837890625,173.8964080810547,515.9299926757812,267.7934265136719,172.76300048828125,137.17999267578125,272.06756591796875,207.88999938964844,222.7235870361328,1.7799999713897705,299.81683349609375,155.44000244140625,45.91808319091797,19.24010467529297,66.43478393554688,483.0199890136719,398.376220703125,964.1168823242188,326.6590270996094,180.57022094726562,88.8071517944336,167.97998046875,590.3516845703125,415.9108581542969,213.78607177734375,24.049999237060547,149.61061096191406,242.2056121826172,61.818546295166016,788.14599609375,508.3664245605469,528.1930541992188,285.9361267089844,571.5638427734375,96.46497344970703,126.64266967773438,396.69573974609375,419.4018249511719,97.46240997314453,88.68099975585938,76.06634521484375,209.88800048828125,138.19520568847656,181.90179443359375,24.03883934020996,86.30855560302734,153.26808166503906,119.20426177978516,231.44757080078125,219.1657257080078,99.17057800292969,115.5999984741211,175.2468719482422,174.8000030517578,476.9599914550781,345.1600036621094,192.46780395507812,71.95999908447266,588.6819458007812,312.2140808105469,91.23320770263672
2024-12-02,238.28829956054688,172.79371643066406,516.2000122070312,271.7342529296875,181.22760009765625,142.05999755859375,267.479736328125,210.7100067138672,226.99717712402344,1.690000057220459,297.43548583984375,156.5399932861328,45.463836669921875,19.13888168334961,68.19954681396484,477.3299865722656,394.8448181152344,967.2119750976562,327.66876220703125,178.865234375,90.18846893310547,170.50540161132812,586.5887451171875,413.80767822265625,211.05096435546875,23.93000030517578,149.40794372558594,238.84002685546875,61.403724670410156,792.5557861328125,502.791015625,526.6270751953125,284.1868591308594,589.9850463867188,95.48741912841797,126.0845718383789,405.894775390625,426.84979248046875,98.05943298339844,89.77400207519531,76.76517486572266,209.68600463867188,138.57504272460938,178.5263214111328,23.681148529052734,86.06983947753906,157.61871337890625,116.12214660644531,235.33424377441406,225.158935546875,98.2510757446289,112.9800033569336,179.99256896972656,172.4199981689453,480.2699890136719,357.0899963378906,193.1858673095703,73.06999969482422,587.0612182617188,313.769775390625,91.37127685546875
2024-12-03,241.33168029785156,172.5370330810547,516.260009765625,272.6507263183594,181.11883544921875,141.97999572753906,267.6913146972656,213.44000244140625,228.04074096679688,1.6299999952316284,297.2878723144531,155.0,45.25120544433594,19.087278366088867,68.12364959716797,470.19000244140625,391.6567077636719,974.304931640625,328.0845031738281,179.1427764892578,88.72081756591797,170.3562774658203,586.949462890625,416.1241149902344,208.30673217773438,22.469999313354492,147.0529327392578,237.4530792236328,61.27831268310547,805.9631958007812,499.5636291503906,521.4932861328125,286.18878173828125,610.7051391601562,96.6642837524414,125.51683807373047,406.4387512207031,427.0676574707031,99.34300231933594,90.21700286865234,76.54194641113281,211.46400451660156,140.20440673828125,179.98277282714844,23.442684173583984,84.68722534179688,157.1836700439453,115.55464172363281,237.58444213867188,227.01048278808594,98.30915069580078,111.86000061035156,181.9827117919922,175.94000244140625,493.32000732421875,351.4200134277344,188.82965087890625,71.2699966430664,583.8871459960938,310.1629333496094,92.2293701171875
2024-12-04,241.68972778320312,167.7459259033203,536.489990234375,275.0335693359375,179.14111328125,143.99000549316406,267.6336364746094,218.16000366210938,228.9352264404297,1.600000023841858,297.77008056640625,158.27999877929688,44.816280364990234,19.113080978393555,69.67967987060547,468.32000732421875,391.9019775390625,983.0048217773438,364.1567077636719,181.05593872070312,87.85749816894531,173.36886596679688,583.6641845703125,414.7381591796875,210.9041290283203,21.959999084472656,145.22874450683594,236.07579040527344,60.0145378112793,822.32373046875,500.0468444824219,516.4981689453125,286.7620544433594,610.8345336914062,96.20873260498047,125.08383178710938,410.3459167480469,433.22802734375,102.68628692626953,91.10600280761719,76.06635284423828,224.62600708007812,145.0824737548828,185.19854736328125,23.1400203704834,88.85494232177734,157.9184112548828,116.66029357910156,247.04299926757812,235.53738403320312,97.46707153320312,113.43000030517578,183.60926818847656,186.50999450683594,502.3800048828125,357.92999267578125,188.27435302734375,72.16000366210938,589.2511596679688,307.0812072753906,93.15648651123047
2024-12-05,241.7195587158203,167.47024536132812,538.219970703125,279.1576843261719,170.11285400390625,141.36000061035156,263.85369873046875,220.5500030517578,228.09042358398438,1.4900000095367432,295.7331237792969,156.6699981689453,45.42517852783203,19.35125160217285,71.34955596923828,470.57000732421875,387.45819091796875,974.4140014648438,357.732177734375,171.40093994140625,89.58413696289062,171.64881896972656,581.8021240234375,413.400634765625,207.69178771972656,20.799999237060547,144.31185913085938,238.09320068359375,60.699485778808594,818.1419067382812,500.0274353027344,520.0958251953125,291.01849365234375,606.0076904296875,98.2777328491211,125.40137481689453,411.82965087890625,438.3782043457031,100.36787414550781,91.78700256347656,76.27017211914062,224.74400329589844,145.0124969482422,183.27955627441406,23.571090698242188,88.57145690917969,155.87750244140625,115.9655990600586,248.9230194091797,235.19631958007812,96.04427337646484,114.08999633789062,184.7191619873047,183.05999755859375,493.510009765625,369.489990234375,184.77024841308594,65.2300033569336,558.5531616210938,306.2686462402344,93.99485778808594
2024-12-06,241.5206298828125,167.48927307128906,552.9600219726562,276.4082946777344,171.0918426513672,138.58999633789062,262.1705017089844,227.02999877929688,229.0843048095703,1.559999942779541,299.1378479003906,153.92999267578125,45.43489456176758,19.862321853637695,73.28510284423828,470.5,387.5072326660156,984.6813354492188,358.3360290527344,174.04762268066406,88.37548828125,173.70693969726562,584.6096801757812,418.08184814453125,207.77438354492188,20.920000076293945,144.10914611816406,239.9166259765625,60.32324981689453,819.2220458984375,495.72760009765625,523.8619995117188,290.5423278808594,620.7765502929688,97.84115600585938,125.05496978759766,415.5389099121094,439.3191223144531,100.6663818359375,93.4739990234375,76.5710678100586,224.8679962158203,142.3933563232422,188.64292907714844,23.598602294921875,89.40201568603516,155.02224731445312,115.447021484375,247.5592803955078,235.82974243164062,96.8960189819336,118.37000274658203,185.33151245117188,183.63999938964844,498.6300048828125,389.2200012207031,184.87554931640625,66.08999633789062,530.2381591796875,308.1811218261719,94.38937377929688
2024-12-09,245.40939331054688,167.85049438476562,547.9299926757812,273.6588439941406,169.9447479248047,130.8699951171875,267.0276794433594,226.08999633789062,231.86708068847656,1.590000033378601,291.9839172363281,157.0399932861328,44.618526458740234,20.075681686401367,75.14474487304688,463.8699951171875,391.6567077636719,979.9691772460938,348.0212097167969,169.82481384277344,86.89823150634766,174.56297302246094,579.189453125,415.95928955078125,206.5904083251953,20.809999465942383,144.38905334472656,236.47344970703125,60.39077377319336,796.301513671875,492.8094177246094,518.1632080078125,292.8648681640625,610.6255493164062,98.50550842285156,123.72704315185547,418.9514465332031,441.7456359863281,102.30817413330078,91.36900329589844,75.35780334472656,224.0959930419922,138.76454162597656,187.42262268066406,23.937952041625977,89.5213851928711,156.21766662597656,114.06741333007812,246.00070190429688,234.36798095703125,96.1217041015625,115.29000091552734,185.75250244140625,180.75999450683594,482.5199890136719,389.7900085449219,185.2106475830078,65.73999786376953,542.9247436523438,305.4957275390625,92.54498291015625
2024-12-10,246.4238739013672,166.9949188232422,547.0499877929688,273.6588439941406,166.29588317871094,127.73999786376953,265.219482421875,225.0399932861328,231.86708068847656,1.5299999713897705,297.2878723144531,164.10000610351562,44.4630241394043,20.075681686401367,75.14474487304688,462.489990234375,380.99371337890625,985.4649047851562,345.2989807128906,169.77525329589844,88.57693481445312,184.31787109375,570.3279418945312,409.57232666015625,210.2524871826172,20.15999984741211,144.03192138671875,235.55203247070312,60.68983459472656,792.3377685546875,495.64056396484375,524.2979736328125,292.22344970703125,616.3480224609375,95.8575668334961,122.00460815429688,421.2264709472656,439.08135986328125,97.61166381835938,91.33499908447266,74.4842529296875,225.5679931640625,135.0257568359375,174.91465759277344,23.45185661315918,88.28797149658203,152.05807495117188,115.0752182006836,244.82203674316406,234.36798095703125,95.00863647460938,113.44999694824219,185.75250244140625,171.5500030517578,471.5799865722656,400.989990234375,182.0799102783203,64.95999908447266,547.3505249023438,309.5386657714844,93.25511932373047
2024-12-11,245.1508026123047,165.75912475585938,549.9299926757812,276.4082946777344,169.22288513183594,130.14999389648438,262.96881103515625,230.25999450683594,236.93577575683594,1.4800000190734863,297.51416015625,165.9600067138672,44.78374481201172,19.843467712402344,74.46161651611328,461.3900146484375,381.46453857421875,986.7447509765625,351.26812744140625,167.168212890625,88.61530303955078,194.50079345703125,577.6686401367188,408.3996276855469,210.23411560058594,20.1200008392334,141.53216552734375,236.20187377929688,60.429359436035156,788.8199462890625,487.2339782714844,529.6895751953125,287.74359130859375,629.643798828125,94.67121124267578,122.7743911743164,424.14447021484375,444.68719482421875,101.55194854736328,93.65599822998047,76.53224182128906,229.43600463867188,139.26437377929688,175.74130249023438,23.1400203704834,90.26739501953125,155.333251953125,114.4196548461914,243.0686492919922,232.51641845703125,95.2602767944336,117.37000274658203,187.0728759765625,171.9600067138672,476.9100036621094,424.7699890136719,183.5352020263672,61.18000030517578,516.6898193359375,310.9358215332031,93.65951538085938
2024-12-12,246.6128387451172,164.6374053955078,474.6300048828125,274.39202880859375,167.19573974609375,130.60000610351562,263.5940246582031,228.97000122070312,235.0474395751953,1.3899999856948853,295.50677490234375,167.75,44.78374481201172,20.021099090576172,75.88481140136719,458.6300048828125,373.52862548828125,980.4951171875,354.416015625,163.39144897460938,88.61530303955078,191.07662963867188,576.7426147460938,401.6540222167969,208.97674560546875,20.780000686645508,141.14610290527344,234.26205444335938,61.587013244628906,775.2638549804688,479.83233642578125,527.6676635742188,288.2586364746094,627.7628784179688,96.09483337402344,123.08232879638672,427.4086608886719,445.2516784667969,97.75096893310547,92.55500030517578,75.66839599609375,229.6840057373047,137.29501342773438,172.5331268310547,23.2684268951416,88.92457580566406,153.78799438476562,113.548828125,247.0625,235.3424835205078,94.67953491210938,115.30999755859375,185.61854553222656,170.0,480.1099853515625,418.1000061035156,183.5447540283203,61.40999984741211,499.4807434082031,311.3718566894531,92.80142211914062
2024-12-13,246.7819061279297,164.80848693847656,465.69000244140625,276.86651611328125,167.4627227783203,126.91000366210938,260.2853698730469,227.4600067138672,233.80511474609375,1.3600000143051147,297.31744384765625,169.64999389648438,44.38527297973633,19.60926628112793,76.05559539794922,457.8999938964844,373.26373291015625,981.4473266601562,350.73358154296875,164.56114196777344,88.85713195800781,188.94647216796875,570.7665405273438,404.1351623535156,208.91249084472656,20.34000015258789,141.51284790039062,232.71990966796875,60.892425537109375,781.9724731445312,477.9674377441406,524.2881469726562,288.2294616699219,617.3729248046875,96.80664825439453,122.59158325195312,421.9188537597656,442.983642578125,101.98975372314453,91.88700103759766,74.9792709350586,224.22000122070312,134.20602416992188,170.63381958007812,23.461027145385742,90.53594970703125,154.06983947753906,115.21219635009766,246.7410430908203,234.90396118164062,94.2923812866211,114.62999725341797,183.1117401123047,167.6699981689453,483.30999755859375,436.2300109863281,183.42987060546875,59.93000030517578,504.0516662597656,311.877197265625,93.1651840209961
2024-12-16,249.67608642578125,163.15444946289062,461.5299987792969,274.39202880859375,167.52206420898438,126.69000244140625,256.32269287109375,232.92999267578125,236.28976440429688,1.3300000429153442,298.7245788574219,173.1699981689453,44.19090270996094,19.349266052246094,73.6456527709961,455.20001220703125,371.7040100097656,984.9392700195312,353.6241149902344,164.3430938720703,89.04092407226562,195.7550048828125,571.59521484375,398.05828857421875,216.603759765625,20.829999923706055,138.83935546875,232.37074279785156,60.3425407409668,771.9442138671875,475.068603515625,525.58642578125,289.3081359863281,621.7454833984375,95.72559356689453,124.16006469726562,422.1167297363281,447.26226806640625,107.7210922241211,92.10800170898438,74.93073272705078,225.98599243164062,131.95675659179688,168.50814819335938,23.158363342285156,90.8144760131836,153.44784545898438,115.56443786621094,246.4098358154297,234.51414489746094,90.13043975830078,115.94000244140625,182.0975341796875,172.47000122070312,484.8999938964844,463.0199890136719,181.39059448242188,60.25,482.7654724121094,313.0167236328125,93.7780532836914
2024-12-17,252.1028289794922,166.7192840576172,455.2300109863281,274.1170654296875,168.4416961669922,125.0199966430664,255.79376220703125,231.14999389648438,239.1222686767578,1.3200000524520874,296.5301818847656,173.02999877929688,43.78271484375,19.182546615600586,74.34776306152344,455.6600036621094,368.6434631347656,974.2354125976562,347.4272766113281,164.35299682617188,89.76640319824219,194.5207061767578,560.2379760742188,395.8872985839844,213.96961975097656,20.440000534057617,141.31019592285156,231.1874542236328,61.16254425048828,771.5675659179688,474.06365966796875,526.2801513671875,287.72412109375,616.9646606445312,95.72559356689453,122.91873931884766,428.1010437011719,450.104736328125,108.05939483642578,91.91300201416016,75.70722198486328,222.94400024414062,130.3472900390625,167.01229858398438,24.240615844726562,90.3768081665039,153.4769744873047,114.8893051147461,244.47137451171875,232.9549560546875,89.13349914550781,119.48999786376953,184.585205078125,170.80999755859375,474.3699951171875,479.8599853515625,180.10765075683594,61.029998779296875,470.1951599121094,315.4047546386719,94.32171630859375
2024-12-18,246.7023468017578,164.47579956054688,441.30999755859375,272.7424011230469,163.606201171875,121.41000366210938,248.89749145507812,220.52000427246094,240.31491088867188,1.1799999475479126,283.18658447265625,172.6199951171875,42.27632141113281,19.07537078857422,74.00619506835938,446.5899963378906,356.96026611328125,957.033935546875,334.2068786621094,158.55406188964844,87.72537994384766,187.53298950195312,536.4219360351562,381.6885681152344,208.21495056152344,19.299999237060547,139.7080078125,223.43788146972656,60.63195037841797,757.7835693359375,466.6523742675781,515.3287353515625,282.6708984375,594.8035888671875,94.0801010131836,116.47163391113281,426.8151550292969,433.1983337402344,103.38280487060547,88.95500183105469,74.63955688476562,212.197998046875,128.86778259277344,162.78067016601562,23.74534797668457,84.99557495117188,148.74403381347656,111.98331451416016,238.1201934814453,234.173095703125,87.01380920410156,109.69999694824219,186.3074493408203,162.58999633789062,448.6499938964844,440.1300048828125,177.1205596923828,61.22999954223633,483.9469909667969,306.9622802734375,92.47325134277344
2024-12-19,248.43287658691406,163.04989624023438,437.3900146484375,272.100830078125,159.64089965820312,118.87999725341797,251.2154998779297,223.2899932861328,240.51365661621094,1.190000057220459,288.40203857421875,177.0399932861328,42.15969467163086,18.726057052612305,73.32305908203125,449.3399963378906,353.5072937011719,947.1732788085938,333.21588134765625,163.36172485351562,88.11229705810547,187.64247131347656,540.0679321289062,373.15966796875,208.23329162597656,19.059999465942383,138.57875061035156,225.949951171875,60.246070861816406,750.6785888671875,463.4830017089844,518.6190795898438,282.03924560546875,593.18994140625,95.208984375,115.9520034790039,421.1770324707031,432.8417663574219,86.6564712524414,90.2040023803711,74.83367156982422,214.9739990234375,130.63719177246094,166.10693359375,23.635292053222656,86.3185043334961,146.1685791015625,112.9715576171875,239.3280792236328,231.00595092773438,85.91040802001953,107.06999969482422,181.25555419921875,164.2100067138672,454.1600036621094,436.1700134277344,176.6131134033203,60.209999084472656,473.8074951171875,312.0158996582031,92.32498168945312
2024-12-20,253.1073760986328,166.9093780517578,447.1700134277344,269.9929504394531,161.76690673828125,119.20999908447266,253.32183837890625,224.9199981689453,240.81182861328125,1.190000057220459,293.88311767578125,177.35000610351562,42.927467346191406,18.791553497314453,73.60769653320312,453.20001220703125,359.0693054199219,946.4492797851562,340.5693054199219,166.90054321289062,89.5439224243164,190.52915954589844,551.8735961914062,380.50616455078125,209.554931640625,19.520000457763672,139.43775939941406,230.45033264160156,60.3425407409668,760.8059692382812,472.52728271484375,523.3267822265625,284.4200744628906,582.9112548828125,93.80267333984375,118.78105163574219,418.6052551269531,432.4158935546875,89.67140197753906,90.90499877929688,74.67838287353516,218.25,134.65586853027344,166.96311950683594,24.176416397094727,86.66664123535156,148.5885009765625,113.96955871582031,241.48086547851562,230.71360778808594,85.14576721191406,108.94999694824219,181.08331298828125,166.2899932861328,460.8800048828125,421.05999755859375,178.910888671875,60.72999954223633,484.34405517578125,314.8201904296875,91.1783218383789
2024-12-23,253.88311767578125,169.5806121826172,446.739990234375,269.6263732910156,165.5937957763672,124.5999984741211,253.91818237304688,225.05999755859375,243.39584350585938,1.2000000476837158,294.0307312011719,177.69000244140625,42.65534591674805,18.74590301513672,73.00047302246094,454.3500061035156,358.43170166015625,942.3224487304688,339.82598876953125,167.54490661621094,90.34679412841797,193.73434448242188,556.4359741210938,380.3608093261719,208.471923828125,20.200000762939453,140.2098846435547,231.216552734375,60.17853927612305,789.067626953125,470.0826110839844,524.2484741210938,283.0693359375,597.4528198242188,95.06549835205078,119.7529296875,412.2252502441406,431.078857421875,89.27339172363281,91.1449966430664,74.50366973876953,217.65199279785156,139.62423706054688,166.4513702392578,24.497421264648438,86.4378662109375,153.78799438476562,114.1163330078125,242.41600036621094,230.32379150390625,84.6327896118164,109.25,180.8154296875,161.44000244140625,456.2900085449219,430.6000061035156,182.0416259765625,61.869998931884766,490.3580627441406,314.3345947265625,89.3100814819336
2024-12-24,256.7972412109375,171.11111450195312,447.94000244140625,,166.49363708496094,126.29000091552734,254.3894500732422,229.0500030517578,,1.2300000190734863,298.6163024902344,179.33999633789062,43.13156509399414,,,458.6600036621094,360.5701904296875,951.1612548828125,341.3423156738281,169.99334716796875,90.87879943847656,195.20751953125,568.1441040039062,383.9371337890625,210.08729553222656,20.399999618530273,140.76966857910156,235.01858520507812,60.62230682373047,788.4631958007812,471.6673278808594,530.9384765625,285.693115234375,605.3212890625,95.14202117919922,122.26441192626953,,435.1197204589844,88.83556365966797,93.21199798583984,74.53279876708984,221.11199951171875,140.174072265625,168.68527221679688,24.52493667602539,87.78069305419922,154.8765106201172,114.31202697753906,247.07223510742188,,87.02349853515625,110.18000030517578,,163.05999755859375,461.6400146484375,462.2799987792969,184.24366760253906,61.709999084472656,490.1256103515625,317.7333984375,91.6132583618164
2024-12-26,257.6127624511719,170.35061645507812,450.1600036621094,,165.6827850341797,125.05999755859375,253.1294708251953,227.0500030517578,,1.25,299.1378479003906,180.3800048828125,43.29677963256836,,,459.0799865722656,360.1287536621094,948.5026245117188,338.6566162109375,170.64756774902344,91.32378387451172,194.6998748779297,566.6233520507812,382.9679260253906,212.80398559570312,20.440000534057617,140.5090789794922,235.8236083984375,60.36183547973633,786.947021484375,473.4549255371094,531.3744506835938,286.4802551269531,600.9388427734375,95.54383087158203,123.19780731201172,,433.9114074707031,89.37289428710938,92.41400146484375,74.67838287353516,219.82200622558594,139.88417053222656,168.9509735107422,24.359846115112305,87.67127227783203,154.06983947753906,114.51749420166016,246.94558715820312,,88.91088104248047,109.95999908447266,,163.47999572753906,457.9800109863281,454.1300048828125,183.5638885498047,61.560001373291016,495.0162048339844,317.99102783203125,91.72200012207031
2024-12-27,254.2013702392578,169.21937561035156,446.4800109863281,270.4512023925781,164.97080993652344,125.19000244140625,252.6197052001953,223.75,242.74984741210938,1.2799999713897705,296.24481201171875,180.72000122070312,43.09269332885742,19.134912490844727,74.32878112792969,456.510009765625,357.9117431640625,932.1939697265625,335.41595458984375,168.8703155517578,91.03358459472656,191.8729248046875,561.7002563476562,380.7581481933594,210.6471405029297,20.299999237060547,139.99757385253906,233.9128875732422,60.246070861816406,776.076416015625,472.4789733886719,527.4595947265625,285.3335876464844,597.4130859375,95.38118743896484,121.9757308959961,407.7741394042969,426.404052734375,88.18881225585938,90.75499725341797,74.17366790771484,216.29200744628906,136.96510314941406,166.27423095703125,24.414878845214844,86.39807891845703,152.81613159179688,114.19461822509766,243.67259216308594,233.3934783935547,89.28836059570312,108.18000030517578,181.4086456298828,158.64999389648438,456.4800109863281,431.6600036621094,183.0373077392578,61.130001068115234,493.8927917480469,315.7615051269531,90.6050033569336
2024-12-30,250.82980346679688,167.49874877929688,445.79998779296875,271.1843566894531,161.8163604736328,122.44000244140625,249.39764404296875,221.3000030517578,242.74984741210938,1.350000023841858,292.5841369628906,176.5500030517578,42.674781799316406,19.166667938232422,74.93601989746094,452.1600036621094,356.0970153808594,914.84375,332.7302551269531,166.90438842773438,89.00222778320312,190.35997009277344,559.136474609375,377.4338073730469,207.97630310058594,19.81999969482422,138.34710693359375,232.11856079101562,59.84089279174805,766.8309326171875,467.06787109375,520.8688354492188,281.42706298828125,588.8772583007812,94.10880279541016,121.00386047363281,403.6197509765625,420.7586669921875,84.99562072753906,90.04299926757812,72.45569610595703,213.5399932861328,137.4449462890625,164.25680541992188,24.231447219848633,84.9756851196289,150.23097229003906,112.73672485351562,242.38677978515625,230.2750701904297,87.67198181152344,106.69000244140625,181.4086456298828,154.97000122070312,451.7900085449219,417.4100036621094,179.95448303222656,60.77000045776367,491.77191162109375,312.4419860839844,89.52754974365234
2024-12-31,249.05947875976562,168.92469787597656,444.67999267578125,,160.81761169433594,120.79000091552734,250.68650817871094,219.38999938964844,,1.3300000429153442,292.0528259277344,177.0,42.71365737915039,,,453.2799987792969,355.85174560546875,908.9511108398438,331.3328857421875,165.60369873046875,89.35045623779297,188.4288787841797,558.229736328125,377.00732421875,207.32464599609375,20.049999237060547,139.58251953125,232.496826171875,60.062774658203125,765.0075073242188,469.5511779785156,521.8797607421875,281.7088623046875,583.1702270507812,95.17073059082031,120.97499084472656,,417.46063232421875,83.849853515625,89.13200378417969,73.44571685791016,212.0240020751953,134.2460174560547,163.99111938476562,24.332332611083984,84.89610290527344,149.29798889160156,113.22594451904297,239.83462524414062,,88.32046508789062,106.33000183105469,,154.41000366210938,447.3800048828125,403.8399963378906,179.52362060546875,60.31999969482422,489.8931884765625,313.16534423828125,89.3100814819336
2025-01-02,242.52517700195312,170.57876586914062,441.0,272.0091857910156,162.04379272460938,120.62999725341797,249.37841796875,220.22000122070312,237.48240661621094,1.600000023841858,293.6665954589844,171.8699951171875,43.04409408569336,19.24010467529297,74.10107421875,451.1000061035156,352.918701171875,902.5426635742188,327.6957702636719,167.39089965820312,88.87647247314453,188.5582733154297,560.5206909179688,376.4936828613281,206.9850616455078,20.219999313354492,139.00341796875,232.77809143066406,59.657596588134766,771.0225219726562,465.9856262207031,517.7469482421875,284.2548828125,596.8453369140625,94.87415313720703,120.0704574584961,406.7850341796875,414.5685729980469,87.00817108154297,88.6729965209961,71.50450134277344,210.8679962158203,138.26470947265625,163.39080810546875,24.40570831298828,85.72169494628906,149.31741333007812,113.50969696044922,236.8246307373047,232.46771240234375,89.21092224121094,107.52999877929688,180.94937133789062,157.50999450683594,457.7900085449219,379.2799987792969,178.9874725341797,63.16999816894531,488.5857849121094,311.54022216796875,88.96410369873047
2025-01-03,242.03782653808594,172.2708740234375,430.57000732421875,272.100830078125,168.164794921875,125.37000274658203,251.24435424804688,224.19000244140625,234.99774169921875,1.7699999809265137,298.9435729980469,169.89999389648438,43.54946517944336,18.845142364501953,72.50708770751953,453.55999755859375,356.8621520996094,909.2586059570312,329.9156799316406,170.7369384765625,88.42183685302734,190.9073944091797,565.551025390625,377.1914978027344,207.9028778076172,20.559999465942383,139.16749572753906,235.9593963623047,59.57077407836914,774.8970947265625,465.5701599121094,516.7162475585938,286.4608459472656,602.2137451171875,94.84544372558594,121.18669128417969,405.0045471191406,419.29290771484375,89.538818359375,88.1050033569336,71.15507507324219,214.75399780273438,144.4226837158203,163.67620849609375,24.38736343383789,87.13414001464844,153.38951110839844,113.37271118164062,235.149169921875,228.86204528808594,89.60777282714844,109.25,178.71046447753906,162.22000122070312,466.69000244140625,410.44000244140625,182.39585876464844,64.58999633789062,496.8077697753906,312.045654296875,89.73512268066406
2025-01-06,243.66891479492188,171.20619201660156,431.17999267578125,274.02545166015625,175.50210571289062,129.5500030517578,248.7147674560547,227.61000061035156,235.34559631347656,1.7799999713897705,297.7599792480469,170.77999877929688,44.12287139892578,19.569570541381836,75.71402740478516,451.4100036621094,357.2643737792969,915.3396606445312,327.5669250488281,171.22344970703125,88.24772644042969,195.9640350341797,568.7291259765625,377.3756408691406,203.51573181152344,19.8700008392334,138.65597534179688,234.80899047851562,58.663944244384766,758.1700439453125,450.28369140625,507.3701477050781,283.9342346191406,627.681640625,95.40032958984375,123.7847671508789,410.6426696777344,423.749755859375,98.89421081542969,88.17900085449219,69.88359832763672,215.41000366210938,149.3810577392578,163.0561981201172,24.662511825561523,89.05387878417969,155.35269165039062,111.64086151123047,240.6528778076172,233.1498565673828,90.14009857177734,114.23999786376953,184.73829650878906,163.0800018310547,468.92999267578125,411.04998779296875,183.99473571777344,66.30999755859375,497.4566345214844,310.1926574707031,90.37764739990234
2025-01-07,240.8940887451172,170.664306640625,422.6300048828125,275.21685791015625,175.83834838867188,127.33000183105469,252.05226135253906,222.11000061035156,233.45726013183594,1.75,297.8980407714844,172.50999450683594,44.78374481201172,19.635066986083984,74.82215881347656,452.9200134277344,356.0871887207031,914.0104370117188,322.0171203613281,171.08445739746094,87.6673355102539,194.5904083251953,565.5413208007812,372.3940124511719,202.49696350097656,20.010000228881836,141.13644409179688,237.07080078125,58.69289016723633,766.2859497070312,448.3124694824219,506.8448486328125,281.17437744140625,615.4208374023438,96.64401245117188,122.0912094116211,405.8453063964844,418.3222961425781,101.53445434570312,87.91899871826172,69.97093963623047,210.8300018310547,140.09410095214844,159.45437622070312,24.88262939453125,87.5021743774414,156.0038604736328,112.3257827758789,243.04916381835938,237.09658813476562,89.85941314697266,106.77999877929688,185.1784210205078,158.83999633789062,463.92999267578125,394.3599853515625,184.02346801757812,66.1500015258789,498.01837158203125,308.8351135253906,89.76477813720703
2025-01-08,241.38140869140625,169.6851806640625,419.5799865722656,276.4082946777344,175.01759338378906,121.83999633789062,254.12013244628906,222.1300048828125,233.45726013183594,1.6200000047683716,298.7167663574219,171.75999450683594,44.91007995605469,19.5159854888916,72.8296890258789,451.8399963378906,354.1939392089844,919.9624633789062,323.969482421875,171.66030883789062,86.22604370117188,193.05746459960938,565.4437866210938,375.2724914550781,202.07476806640625,19.8799991607666,137.3143768310547,237.03179931640625,59.53218460083008,780.0896606445312,453.0375671386719,511.8003845214844,278.80322265625,608.2794189453125,95.52468872070312,123.03422546386719,408.1203308105469,420.4913024902344,99.04367065429688,87.5,69.1944580078125,209.8159942626953,140.06410217285156,160.54673767089844,24.63499641418457,87.47233581542969,154.60435485839844,113.42163848876953,246.92611694335938,238.50961303710938,89.62712097167969,107.63999938964844,185.1784210205078,161.02999877929688,479.7300109863281,394.94000244140625,183.4969024658203,64.91000366210938,507.9642028808594,309.75665283203125,90.7433853149414
2025-01-09,,,,275.400146484375,,,,,234.64990234375,,,,,19.607280731201172,71.6531753540039,,,,,,,,,,,,,,,,,,,,,,406.4882507324219,,,,,,,,,,,,,238.8994140625,,,188.10623168945312,,,,,,,,
2025-01-10,235.5631866455078,166.51962280273438,405.9200134277344,271.2760009765625,169.73709106445312,116.04000091552734,252.2157745361328,218.94000244140625,227.1462860107422,1.5,289.2970275878906,172.0,43.84103012084961,19.829574584960938,72.4691390991211,442.6600036621094,344.3157653808594,929.4559936523438,315.0006103515625,170.4688720703125,86.94184875488281,191.15623474121094,545.9269409179688,377.8796691894531,200.2574920654297,19.149999618530273,137.1116943359375,233.8535614013672,58.914772033691406,792.6548461914062,452.2644958496094,500.9120178222656,274.3427429199219,613.3988647460938,94.95069122314453,118.79066467285156,403.1251525878906,414.9350280761719,98.9738998413086,83.76899719238281,69.10710906982422,204.91400146484375,135.86549377441406,152.4178009033203,24.506595611572266,82.91669464111328,152.5634307861328,112.62909698486328,245.01686096191406,239.58157348632812,89.28836059570312,103.70999908447266,186.09693908691406,162.4600067138672,459.5299987792969,394.739990234375,182.0511932373047,65.97000122070312,504.255126953125,304.9111022949219,91.92958068847656
2025-01-13,233.1265106201172,168.01210021972656,408.5,269.3514404296875,168.95590209960938,117.31999969482422,259.8717956542969,218.4600067138672,224.95980834960938,1.4199999570846558,292.9662780761719,170.57000732421875,43.79243850708008,19.882169723510742,72.31733703613281,443.9100036621094,355.59674072265625,917.3137817382812,316.20965576171875,170.3497314453125,86.99989318847656,190.1309814453125,548.8027954101562,377.1914978027344,201.0926971435547,19.200000762939453,139.43775939941406,238.08473205566406,59.47430419921875,790.2567138671875,466.864990234375,501.1502685546875,275.6255187988281,605.8990478515625,96.60575103759766,119.3102798461914,400.9985656738281,413.1919250488281,94.70967864990234,84.02899932861328,69.96125030517578,203.1479949951172,133.18637084960938,151.84561157226562,24.579965591430664,83.5433349609375,152.709228515625,115.2024154663086,243.0686492919922,237.68128967285156,90.5079116821289,101.76000213623047,184.83396911621094,162.42999267578125,458.5400085449219,403.30999755859375,182.95115661621094,65.69999694824219,524.0595703125,304.1283264160156,90.47649383544922
2025-01-14,232.0125732421875,166.880859375,412.7099914550781,270.909423828125,171.7147979736328,116.08999633789062,256.89984130859375,217.75999450683594,226.35118103027344,1.3300000429153442,296.2607421875,167.02000427246094,44.49217987060547,19.452472686767578,72.0896224975586,450.0299987792969,364.4939880371094,909.9033813476562,320.6396179199219,175.6020965576172,88.02523803710938,188.78720092773438,557.1671752929688,380.68060302734375,200.54200744628906,19.200000762939453,139.7080078125,241.26295471191406,59.85054016113281,738.1629028320312,468.1211242675781,505.2296142578125,273.6333312988281,591.8753051757812,95.33335876464844,119.91651916503906,399.91046142578125,411.6864929199219,97.00121307373047,82.83999633789062,69.07798767089844,206.25799560546875,131.71682739257812,154.20339965820312,24.222274780273438,86.71637725830078,155.0417022705078,116.89513397216797,246.93585205078125,241.09205627441406,90.08203887939453,101.61000061035156,185.5802764892578,163.41000366210938,463.5899963378906,396.3599853515625,185.25852966308594,64.83999633789062,526.5775146484375,306.278564453125,89.7450180053711
2025-01-15,236.57763671875,164.4243621826172,417.2799987792969,276.13330078125,176.39208984375,119.95999908447266,258.6695251464844,223.35000610351562,229.3824462890625,1.440000057220459,308.0575256347656,166.1999969482422,45.77505111694336,20.571866989135742,73.09534454345703,458.510009765625,367.7507629394531,916.1233520507812,318.28094482421875,179.00767517089844,89.3601303100586,194.6501007080078,590.6929321289062,393.58056640625,201.49655151367188,19.719999313354492,139.92034912109375,246.0205535888672,59.59006881713867,739.9763793945312,467.64764404296875,518.4603271484375,274.3330383300781,614.6538696289062,95.75430297851562,125.6227035522461,409.7030029296875,422.2245178222656,102.80973052978516,84.82599639892578,68.98092651367188,210.8260040283203,136.1953887939453,156.1764373779297,24.048009872436523,89.16329193115234,159.78439331054688,116.52330780029297,255.01119995117188,247.13397216796875,90.09171295166016,104.23999786376953,187.13027954101562,165.7100067138672,490.69000244140625,428.2200012207031,189.0977020263672,67.0199966430664,526.267578125,313.40313720703125,90.2886734008789
2025-01-16,227.0198516845703,166.67933654785156,426.92999267578125,278.2412109375,184.4018096923828,118.44000244140625,259.1408386230469,220.66000366210938,221.8788299560547,1.3899999856948853,307.2289733886719,168.92999267578125,45.32798767089844,20.581790924072266,72.33631134033203,462.80999755859375,373.302978515625,912.4033203125,317.1313171386719,178.46160888671875,88.65399169921875,192.0222625732422,597.5852661132812,396.7207946777344,204.38766479492188,19.670000076293945,142.62281799316406,247.8924102783203,60.05312728881836,750.7379150390625,470.44012451171875,519.2445068359375,271.8453063964844,608.8571166992188,96.3378677368164,130.6841583251953,409.85137939453125,420.5110778808594,102.2219009399414,84.23699951171875,69.0197525024414,211.4320068359375,133.5262451171875,157.38986206054688,24.29564666748047,88.4471206665039,156.88824462890625,117.8637924194336,254.80662536621094,248.54701232910156,91.39836883544922,103.5,186.72842407226562,167.63999938964844,490.3399963378906,413.82000732421875,179.38958740234375,68.58000183105469,494.473876953125,314.3643493652344,90.24915313720703
2025-01-17,228.7305145263672,164.6258544921875,429.989990234375,280.2574462890625,189.90975952148438,121.45999908447266,261.7184753417969,225.94000244140625,222.6739044189453,1.4600000381469727,308.2942199707031,171.08999633789062,45.2210807800293,20.983701705932617,73.15227508544922,467.95001220703125,378.6687927246094,935.6561279296875,321.65045166015625,181.54949951171875,88.83778381347656,195.0980224609375,610.2097778320312,396.769287109375,204.28671264648438,21.489999771118164,141.90858459472656,252.6597442626953,60.49689483642578,719.1467895507812,473.783447265625,520.7927856445312,273.0211486816406,610.3212280273438,93.67829895019531,132.66641235351562,412.1263427734375,424.91845703125,105.36029815673828,85.80999755859375,68.7576904296875,214.29600524902344,137.66490173339844,158.85977172851562,24.12138557434082,91.32174682617188,159.93017578125,118.49977111816406,256.0242614746094,250.30111694335938,92.07589721679688,103.3499984741211,192.172607421875,170.7899932861328,485.5299987792969,426.5,184.22450256347656,67.33999633789062,493.6700744628906,316.7127685546875,90.88177490234375
2025-01-20,,,,280.53240966796875,,,,,222.22666931152344,,,,,21.117671966552734,75.2016830444336,,,,,,,,,,,,,,,,,,,,,,409.30731201171875,,,,,,,,,,,,,249.4727783203125,,,193.08157348632812,,,,,,,,
2025-01-21,221.43040466308594,165.63340759277344,436.3599853515625,280.53240966796875,190.72059631347656,122.27999877929688,264.31536865234375,230.7100067138672,222.22666931152344,1.5,313.6106872558594,175.55999755859375,45.34742736816406,21.276453018188477,75.2016830444336,468.57000732421875,392.20635986328125,940.1597900390625,323.9100341796875,186.16641235351562,89.9211654663086,197.1385955810547,618.7886962890625,405.54046630859375,206.57205200195312,21.770000457763672,142.98956298828125,256.43267822265625,60.21712875366211,735.6260375976562,489.21484375,524.1278076171875,274.63427734375,613.99658203125,92.0710678100586,132.11793518066406,406.9333801269531,424.3935546875,108.97692108154297,86.96800231933594,71.01919555664062,219.3699951171875,140.78387451171875,170.24427795410156,24.4332218170166,89.2926025390625,162.56394958496094,123.03977966308594,262.3169860839844,249.4727783203125,94.83441925048828,106.27999877929688,193.08157348632812,173.52999877929688,487.510009765625,424.07000732421875,186.91482543945312,67.73999786376953,508.41937255859375,320.6863098144531,92.00865936279297
2025-01-22,222.61392211914062,162.36122131347656,437.32000732421875,280.89898681640625,193.3311767578125,123.75,262.9976501464844,235.00999450683594,212.5862274169922,1.5199999809265137,317.8519592285156,174.8000030517578,44.50189971923828,20.824922561645508,74.21492767333984,460.510009765625,391.46795654296875,937.154052734375,329.6382141113281,187.02029418945312,89.9985580444336,197.45712280273438,616.8292236328125,397.4671325683594,204.75477600097656,21.860000610351562,140.2098846435547,256.2474060058594,59.59971237182617,747.1507568359375,482.4992370605469,523.25439453125,273.40985107421875,621.0084228515625,91.53533172607422,130.8669891357422,421.0780944824219,441.9239196777344,108.82746887207031,95.39900207519531,71.86363220214844,225.03399658203125,147.02183532714844,181.7372589111328,23.85540771484375,89.37217712402344,165.45037841796875,121.69930267333984,265.9309387207031,255.6121368408203,94.5924301147461,106.37000274658203,198.20042419433594,177.49000549316406,493.55999755859375,415.1099853515625,188.65733337402344,67.81999969482422,503.3156433105469,320.6169738769531,92.15692901611328
2025-01-23,222.44485473632812,163.7718048095703,437.2799987792969,284.8398132324219,188.5747833251953,123.04000091552734,267.26812744140625,235.4199981689453,214.17640686035156,1.5099999904632568,321.422607421875,178.5,45.08502197265625,20.914236068725586,73.41793823242188,459.8299865722656,400.1222229003906,934.63427734375,331.6598815917969,199.37181091308594,89.88247680664062,197.06890869140625,623.4290771484375,401.62493896484375,207.11355590820312,21.56999969482422,141.53216552734375,259.27947998046875,59.35853576660156,759.656494140625,480.50872802734375,530.241943359375,276.40289306640625,633.9066162109375,92.44417572021484,132.59906005859375,421.523193359375,442.4290466308594,104.45364379882812,98.48600006103516,72.10627746582031,226.83999633789062,147.17178344726562,183.95693969726562,24.24979019165039,89.25281524658203,169.4544677734375,123.5681381225586,268.23956298828125,255.70957946777344,94.84407806396484,106.0999984741211,199.97048950195312,174.94000244140625,501.5,412.3800048828125,192.06568908691406,68.30000305175781,513.0485229492188,325.22467041015625,92.73025512695312
2025-01-24,221.5696258544922,163.41677856445312,435.3800048828125,284.8398132324219,184.66880798339844,122.83999633789062,264.9021301269531,234.85000610351562,214.17640686035156,1.5800000429153442,316.95440673828125,176.05999755859375,45.211368560791016,20.914236068725586,73.41793823242188,463.19000244140625,401.3332214355469,932.1741333007812,330.8869323730469,195.35061645507812,90.02758026123047,199.28866577148438,620.8944091796875,401.7315368652344,203.3046417236328,20.829999923706055,141.70590209960938,258.1972961425781,59.734771728515625,778.2960205078125,480.19952392578125,529.517333984375,277.40386962890625,644.9025268554688,91.41097259521484,132.61830139160156,419.69329833984375,439.804443359375,102.80973052978516,97.75900268554688,71.40744018554688,224.99600219726562,142.5732879638672,181.1256103515625,24.324377059936523,88.63611602783203,167.2677764892578,122.6092529296875,269.1357421875,255.70957946777344,95.63774871826172,107.68000030517578,199.97048950195312,174.1199951171875,510.42999267578125,406.5799865722656,177.61839294433594,68.55999755859375,515.7020263671875,327.19659423828125,93.66931915283203
2025-01-27,228.6111602783203,169.75,438.6000061035156,286.8560791015625,172.6245574951172,115.01000213623047,272.1445007324219,235.4199981689453,216.26353454589844,1.4500000476837158,312.1015625,175.16000366210938,45.76532745361328,21.281414031982422,76.89054107666016,474.70001220703125,388.8786315917969,957.5398559570312,343.9884033203125,193.076904296875,92.23303985595703,190.9273223876953,617.3653564453125,411.7820739746094,207.1594696044922,20.290000915527344,147.56446838378906,259.1819763183594,61.61595153808594,800.8499145507812,486.7025451660156,543.5620727539062,284.8184814453125,657.2430419921875,93.69744110107422,131.49244689941406,402.7295227050781,430.3954772949219,90.77423858642578,97.18900299072266,73.35836791992188,228.12399291992188,118.38121032714844,156.1468505859375,25.042264938354492,89.76010131835938,166.36390686035156,122.3548583984375,268.4635925292969,254.73509216308594,96.80890655517578,107.37999725341797,192.69883728027344,175.52000427246094,513.97998046875,397.1499938964844,179.0640869140625,68.7699966430664,526.3644409179688,331.4970397949219,96.27893829345703
2025-01-28,236.96551513671875,167.74449157714844,442.8399963378906,288.68902587890625,170.92373657226562,114.16999816894531,269.5956726074219,238.14999389648438,228.239501953125,1.4800000190734863,312.71307373046875,177.77999877929688,45.522361755371094,21.33103370666504,74.7652359008789,469.9700012207031,384.26104736328125,951.0123901367188,356.7231750488281,193.047119140625,90.7820816040039,194.40126037597656,621.771728515625,405.92816162109375,202.5612030029297,19.799999237060547,145.1418914794922,260.4396057128906,60.159244537353516,797.6987915039062,442.02203369140625,543.2841186523438,282.93328857421875,671.63525390625,93.2286605834961,133.31109619140625,419.2976379394531,442.9143371582031,87.92478942871094,97.18299865722656,72.20333862304688,234.0780029296875,128.94775390625,161.78976440429688,24.93971061706543,87.72100830078125,166.7235107421875,125.58374786376953,266.70050048828125,255.90451049804688,97.18639373779297,117.44999694824219,191.40716552734375,188.02000427246094,530.7999877929688,398.0899963378906,172.87924194335938,68.06999969482422,525.3572998046875,331.4376220703125,96.17019653320312
2025-01-29,238.0595703125,168.17626953125,441.67999267578125,287.9558410644531,173.32664489746094,117.3499984741211,270.92303466796875,237.07000732421875,226.0530242919922,1.5,310.9474792480469,173.66000366210938,45.43489456176758,21.375690460205078,75.23963165283203,469.260009765625,387.1556396484375,956.31982421875,350.8265380859375,197.68389892578125,92.4651870727539,194.5107421875,621.3624267578125,400.68487548828125,202.8824462890625,19.75,145.88507080078125,259.89361572265625,60.61266326904297,796.7970581054688,439.0362243652344,544.71337890625,281.922607421875,673.7866821289062,94.02269744873047,133.4747314453125,420.28680419921875,438.0910339355469,88.68197631835938,97.81500244140625,74.32896423339844,228.7259979248047,123.65947723388672,159.83644104003906,24.81850814819336,88.28797149658203,166.8790283203125,122.43313598632812,269.6617431640625,260.3872375488281,105.09410095214844,116.58999633789062,194.56459045410156,182.8800048828125,538.8300170898438,389.1000061035156,172.59201049804688,66.75,521.1156005859375,332.8249206542969,96.37777709960938
2025-01-30,236.29916381835938,168.55052185058594,446.0,289.2388916015625,179.69488525390625,118.86000061035156,273.17364501953125,234.63999938964844,227.09657287597656,1.600000023841858,314.5970458984375,179.52999877929688,45.405738830566406,21.693248748779297,75.78993225097656,472.3500061035156,369.1875915527344,971.1900024414062,340.49005126953125,204.10791015625,93.7807388305664,199.9456329345703,629.4732666015625,401.7315368652344,205.64505004882812,20.010000228881836,147.54515075683594,261.5022277832031,61.789608001708984,815.7735595703125,444.1478576660156,561.7952880859375,282.1266784667969,684.254638671875,94.66368103027344,134.6582794189453,393.3326416015625,411.01300048828125,92.15912628173828,97.3239974975586,76.02752685546875,202.5500030517578,124.60917663574219,168.08380126953125,25.088882446289062,89.09367370605469,167.0928192138672,126.20015716552734,272.126220703125,261.21551513671875,105.5006103515625,119.18000030517578,196.2868194580078,179.2899932861328,550.1300048828125,400.2799987792969,177.37904357910156,66.58999633789062,528.3497924804688,339.9296569824219,97.5145492553711
2025-01-31,234.71780395507812,176.46707153320312,437.45001220703125,288.1391296386719,178.34014892578125,115.94999694824219,274.5201721191406,237.67999267578125,228.73643493652344,1.5499999523162842,313.1175231933594,176.52000427246094,44.99755096435547,21.474925994873047,74.57546997070312,468.6700134277344,365.7022399902344,972.0530395507812,338.63677978515625,202.1221160888672,94.02257537841797,203.08114624023438,624.306396484375,399.2891845703125,205.3330078125,19.43000030517578,146.85023498535156,260.5956115722656,61.23971939086914,803.733642578125,447.3365783691406,551.2940673828125,280.5523986816406,686.4259033203125,94.53931427001953,134.0915985107422,395.6571350097656,411.0823059082031,90.90377044677734,97.6760025024414,74.63955688476562,203.67599487304688,120.03067016601562,167.76808166503906,24.725276947021484,88.10893249511719,168.06466674804688,126.17080688476562,268.91168212890625,261.654052734375,104.22299194335938,116.80000305175781,198.48745727539062,181.50999450683594,548.5499877929688,404.6000061035156,178.05418395996094,66.8499984741211,525.3670043945312,338.6910400390625,97.03018951416016
2025-02-03,226.77120971679688,182.4548797607422,438.6000061035156,285.8479309082031,176.8074188232422,114.2699966430664,277.83837890625,237.4199981689453,218.9966583251953,1.850000023841858,312.2100524902344,175.8699951171875,44.91007995605469,20.849733352661133,72.79173278808594,464.6099853515625,355.9649963378906,997.7957153320312,336.1988525390625,202.65826416015625,95.16399383544922,200.303955078125,616.4781494140625,396.1683349609375,204.1306610107422,19.3799991607666,146.57998657226562,260.1178894042969,61.11430740356445,803.0894775390625,440.060546875,559.7505493164062,281.86431884765625,694.6728515625,95.46729278564453,132.86141967773438,394.8658142089844,406.9820556640625,89.58863067626953,97.89399719238281,74.33866882324219,204.18800354003906,116.62179565429688,166.32778930664062,24.426931381225586,89.03398895263672,165.45037841796875,127.1198959350586,265.5023193359375,256.4404602050781,104.68757629394531,114.38999938964844,193.3686065673828,182.5399932861328,549.0800170898438,383.67999267578125,174.51451110839844,67.29000091552734,530.8773193359375,342.67449951171875,98.39430236816406
2025-02-04,231.5352020263672,182.2725372314453,440.2300109863281,286.764404296875,176.57009887695312,119.5,277.982666015625,242.05999755859375,221.43157958984375,2.25,311.51959228515625,176.22999572753906,45.39601516723633,21.058128356933594,73.2092056274414,467.489990234375,356.3588562011719,1013.6976318359375,341.054931640625,200.7419891357422,94.7867431640625,205.43028259277344,618.2427368164062,398.81427001953125,205.17697143554688,19.290000915527344,148.1435546875,261.2195129394531,60.458309173583984,818.5878295898438,438.3791809082031,554.9466552734375,281.59222412109375,701.3759155273438,86.809326171875,132.483642578125,393.9755859375,408.4180908203125,90.3259048461914,99.48699951171875,74.46484375,202.0260009765625,118.61112976074219,165.62733459472656,24.119266510009766,77.31165313720703,168.1715850830078,125.60330963134766,270.9085693359375,260.4846496582031,107.04924774169922,119.19999694824219,193.12940979003906,189.11000061035156,621.77001953125,392.2099914550781,174.14801025390625,69.75,528.233642578125,342.0105285644531,99.61013793945312
2025-02-05,231.2069854736328,183.99978637695312,437.6300048828125,286.9477233886719,178.6565704345703,112.01000213623047,296.0551452636719,236.1699981689453,219.6923370361328,2.450000047683716,316.1554260253906,181.83999633789062,45.78476333618164,20.879505157470703,72.41221618652344,473.7300109863281,353.3067321777344,1034.5499267578125,344.81097412109375,203.12493896484375,96.3924789428711,190.44952392578125,629.2295532226562,401.0725402832031,204.07562255859375,19.649999618530273,149.30177307128906,263.6470642089844,60.892425537109375,834.5518798828125,434.6976318359375,562.0730590820312,280.67877197265625,702.05322265625,85.78567504882812,134.57594299316406,391.7005920410156,409.3293151855469,93.25506591796875,101.11100006103516,72.37804412841797,205.41200256347656,124.78912353515625,169.34654235839844,24.65068817138672,78.77880859375,170.91226196289062,126.37627410888672,275.8570861816406,263.8954162597656,108.64627075195312,121.7300033569336,192.55532836914062,188.92999267578125,626.0,378.1700134277344,175.14141845703125,64.4800033569336,522.7715454101562,346.26153564453125,101.28069305419922
2025-02-06,231.95291137695312,185.17050170898438,435.3999938964844,290.4302978515625,180.76283264160156,110.16000366210938,286.4081726074219,238.8300018310547,221.77944946289062,2.119999885559082,315.7806701660156,184.8000030517578,46.39704513549805,21.058128356933594,73.6456527709961,477.2200012207031,359.8047790527344,1042.594970703125,327.8443908691406,204.59439086914062,94.83511352539062,190.71826171875,641.6785278320312,401.40203857421875,192.575439453125,19.3799991607666,148.16287231445312,269.95477294921875,61.12395477294922,862.4866333007812,433.3931884765625,562.9366455078125,286.0526428222656,709.144775390625,84.23585510253906,136.6585693359375,398.0310363769531,411.8350830078125,94.19160461425781,101.56800079345703,69.63123321533203,204.66000366210938,128.6378631591797,170.02723693847656,24.08197021484375,78.15216827392578,164.5562744140625,126.00447845458984,275.8960266113281,266.6727294921875,108.11392211914062,118.58000183105469,199.06153869628906,186.3699951171875,625.8699951171875,374.32000732421875,176.7714080810547,69.98999786376953,513.3099365234375,344.31939697265625,101.66619873046875
2025-02-07,226.39328002929688,182.89627075195312,433.07000732421875,291.80499267578125,177.99403381347656,107.55999755859375,282.330078125,229.14999389648438,220.38803100585938,2.180000066757202,312.4467468261719,181.49000549316406,46.06660842895508,20.785226821899414,72.4691390991211,472.739990234375,358.259033203125,1036.616455078125,322.9090270996094,203.8199462890625,92.9004898071289,184.48709106445312,639.4168701171875,394.8211669921875,188.62881469726562,19.100000381469727,147.78643798828125,268.8823547363281,61.587013244628906,870.354736328125,429.4024963378906,558.5595703125,285.994384765625,711.6646118164062,83.49920654296875,135.59303283691406,393.38214111328125,405.8232116699219,91.95986938476562,101.39299774169922,66.66117858886719,201.6580047607422,129.79747009277344,172.10879516601562,23.99806022644043,76.89886474609375,163.23452758789062,125.19235229492188,272.39898681640625,264.09033203125,108.5978775024414,117.41000366210938,198.48745727539062,184.02999877929688,622.989990234375,361.6199951171875,173.60787963867188,74.5999984741211,510.3950500488281,344.8544616699219,99.98577117919922
2025-02-10,226.66209411621094,182.64678955078125,451.1000061035156,291.80499267578125,181.61325073242188,110.4800033569336,283.5323791503906,233.13999938964844,220.63677978515625,2.2200000286102295,306.025634765625,180.5500030517578,45.35714340209961,20.785226821899414,72.4691390991211,470.1700134277344,357.60919189453125,1054.6016845703125,324.26678466796875,203.7603759765625,92.35879516601562,185.61190795898438,634.181884765625,401.2372131347656,191.3822479248047,19.770000457763672,148.86744689941406,264.2417907714844,62.2719612121582,861.0101318359375,433.10333251953125,561.2791137695312,299.7159118652344,714.5331420898438,82.6573257446289,133.0067138671875,397.7343444824219,408.2695617675781,95.57647705078125,102.76000213623047,68.8547592163086,204.36199951171875,133.5262451171875,176.50868225097656,24.119266510009766,77.82392120361328,166.5388641357422,125.48589324951172,273.4704895019531,264.09033203125,107.8719482421875,119.9000015258789,198.48745727539062,186.1199951171875,637.6900024414062,350.7300109863281,173.90687561035156,78.62999725341797,516.5348510742188,348.0352478027344,101.73539733886719
2025-02-11,231.61053466796875,184.07656860351562,458.82000732421875,293.4546813964844,181.15838623046875,111.0999984741211,285.3309020996094,232.75999450683594,225.36293029785156,2.2300000190734863,305.34503173828125,180.44000244140625,45.47377014160156,20.571866989135742,72.31733703613281,472.6099853515625,356.6345520019531,1051.046142578125,321.49188232421875,207.3347930908203,92.9972152709961,184.46717834472656,630.9745483398438,403.53424072265625,189.93211364746094,20.969999313354492,150.69161987304688,268.0926818847656,65.21431732177734,857.165283203125,434.204833984375,560.4950561523438,301.4553527832031,716.9235229492188,82.791259765625,133.47166442871094,392.7391357421875,407.4970397949219,93.73330688476562,100.80799865722656,69.24299621582031,201.80999755859375,132.7565155029297,174.80201721191406,23.802274703979492,75.8047103881836,167.15115356445312,126.32735443115234,281.3899841308594,271.2529296875,107.46543884277344,123.58999633789062,205.61558532714844,183.5500030517578,623.1500244140625,328.5,172.884521484375,76.94999694824219,517.0674438476562,348.1146545410156,101.29058074951172
2025-02-12,235.84210205078125,185.19927978515625,462.760009765625,296.1124267578125,178.87411499023438,111.72000122070312,283.79205322265625,228.92999267578125,225.41268920898438,2.549999952316284,302.21832275390625,186.25,44.91007995605469,20.819961547851562,72.33631134033203,471.7300109863281,346.6019287109375,1057.7796630859375,323.1965026855469,208.14894104003906,99.93283081054688,182.76504516601562,632.6902465820312,394.5982971191406,188.16073608398438,22.479999542236328,149.85191345214844,268.5411682128906,66.2851333618164,865.06298828125,427.0640869140625,560.395751953125,298.9190368652344,722.4812622070312,81.95893859863281,132.81298828125,389.22772216796875,405.1200256347656,91.34214782714844,102.73100280761719,70.13595581054688,196.47999572753906,131.0970458984375,169.89898681640625,23.74633026123047,75.86438751220703,165.4989471435547,124.04756927490234,283.43560791015625,272.03253173828125,109.4109115600586,120.48999786376953,202.88873291015625,187.22999572753906,640.5900268554688,336.510009765625,173.5982666015625,79.3499984741211,510.7532958984375,348.8789367675781,102.41744995117188
2025-02-13,240.4818878173828,185.631103515625,459.2200012207031,302.7110290527344,182.21646118164062,111.80999755859375,285.6291198730469,230.3699951171875,229.1438446044922,2.2699999809265137,303.3033142089844,185.44000244140625,45.026710510253906,21.455080032348633,76.71975708007812,480.489990234375,348.236328125,1069.438720703125,326.8930358886719,206.87803649902344,102.49620056152344,185.2834014892578,632.6414794921875,399.72528076171875,188.3993682861328,24.1299991607666,151.77259826660156,269.38934326171875,67.0472640991211,863.9630737304688,420.05865478515625,562.0930786132812,301.270751953125,725.6486206054688,80.76309967041016,132.5514373779297,387.546142578125,406.60565185546875,95.3074722290039,104.36900329589844,71.05802917480469,197.89599609375,135.24566650390625,171.5168914794922,23.904827117919922,76.18268585205078,167.306640625,123.1278305053711,286.0851745605469,273.1531677246094,109.3721923828125,127.6500015258789,217.62338256835938,192.66000366210938,648.3200073242188,355.94000244140625,174.37948608398438,80.29000091552734,514.4139404296875,352.9881896972656,103.84088134765625
2025-02-14,243.53854370117188,185.0745086669922,460.1600036621094,295.28759765625,167.3144073486328,113.0999984741211,282.3034362792969,228.67999267578125,231.03431701660156,2.299999952316284,306.7950134277344,184.4199981689453,45.63898468017578,21.21194839477539,78.71222686767578,479.5899963378906,347.8621520996094,1064.463134765625,323.6126708984375,206.7886962890625,100.67766571044922,184.37759399414062,643.9500122070312,396.88555908203125,186.08648681640625,23.600000381469727,150.71090698242188,269.6525573730469,66.43950653076172,838.0648803710938,408.91748046875,560.5545654296875,299.8422546386719,733.7261352539062,79.41416931152344,134.5953369140625,384.3809509277344,404.515869140625,99.15325927734375,105.86000061035156,70.89302825927734,197.3260040283203,138.8045196533203,171.81283569335938,23.802274703979492,77.55535125732422,167.38438415527344,119.77177429199219,283.162841796875,269.8886413574219,109.52789306640625,128.35000610351562,220.51199340820312,187.60000610351562,638.1799926757812,355.8399963378906,176.53030395507812,79.41999816894531,506.9861145019531,351.1817321777344,102.84251403808594
2025-02-17,,,,300.0532531738281,,,,,230.5368194580078,,,,,21.231796264648438,79.7748794555664,,,,,,,,,,,,,,,,,,,,,,388.0902099609375,,,,,,,,,,,,,272.95831298828125,,,222.27452087402344,,,,,,,,
2025-02-18,243.4091339111328,188.3179168701172,464.1099853515625,301.427978515625,170.08322143554688,114.27999877929688,283.8935241699219,226.64999389648438,232.6262969970703,2.069999933242798,308.58026123046875,184.97000122070312,45.2210807800293,21.474925994873047,80.00259399414062,482.82000732421875,348.5316467285156,1048.7523193359375,326.010986328125,208.5858154296875,101.80941772460938,182.92431640625,655.2975463867188,390.88623046875,190.94171142578125,27.389999389648438,150.78875732421875,272.9283142089844,66.61315155029297,850.89990234375,414.0870666503906,564.3758544921875,296.22723388671875,713.5072631835938,79.68204498291016,136.3001708984375,386.4581298828125,405.7142639160156,106.3964614868164,103.58499908447266,75.30927276611328,199.49600219726562,139.35433959960938,177.3768310546875,23.830244064331055,78.201904296875,168.7547149658203,121.09266662597656,285.101318359375,271.2529296875,109.99501037597656,129.30999755859375,221.4911651611328,192.77999877929688,630.5599975585938,354.1099853515625,179.8385009765625,81.48999786376953,484.92510986328125,354.08001708984375,102.58549499511719
2025-02-19,243.807373046875,189.37347412109375,456.989990234375,293.2713623046875,172.1202392578125,114.69000244140625,285.3188171386719,226.6300048828125,233.42227172851562,2.0899999141693115,305.6902770996094,186.14999389648438,44.71570587158203,21.13751792907715,78.18090057373047,483.7699890136719,347.5470886230469,1055.2174072265625,321.6206970214844,209.00283813476562,104.1309585571289,184.4174041748047,651.3590087890625,383.24896240234375,193.48403930664062,25.719999313354492,153.61013793945312,272.245849609375,67.59715270996094,860.677490234375,418.3482971191406,564.2667236328125,293.4188232421875,700.9575805664062,81.89198303222656,136.28079223632812,390.0685119628906,410.79510498046875,103.97541046142578,104.33300018310547,74.52307891845703,197.42799377441406,139.18438720703125,179.0736541748047,24.137908935546875,77.94327545166016,170.29026794433594,122.70710754394531,281.0003356933594,269.25518798828125,109.46949768066406,127.66000366210938,215.76295471191406,186.55999755859375,642.72998046875,360.55999755859375,189.3483428955078,81.16000366210938,494.90966796875,352.5911560058594,102.80297088623047
2025-02-20,244.76321411132812,192.7607879638672,454.69000244140625,292.8131408691406,174.44940185546875,114.16999816894531,288.86749267578125,222.8800048828125,233.87001037597656,2.0399999618530273,299.7129211425781,180.8800048828125,44.02568435668945,21.509658813476562,78.2757797241211,481.79998779296875,343.756591796875,1027.6982421875,315.5754089355469,207.25534057617188,106.43315887451172,183.71067810058594,626.11962890625,382.4833068847656,193.97964477539062,26.09000015258789,155.35159301757812,260.10809326171875,67.56822204589844,866.7028198242188,421.5756530761719,559.085693359375,294.4974670410156,692.0632934570312,83.88188171386719,130.1298065185547,394.7074279785156,412.9684753417969,102.79977416992188,102.4540023803711,74.95986938476562,193.5959930419922,140.06410217285156,173.62803649902344,24.147233963012695,77.2171630859375,168.81301879882812,122.41356658935547,280.464599609375,267.93963623046875,110.29668426513672,123.47000122070312,216.6442108154297,184.9600067138672,636.77001953125,354.3999938964844,196.71702575683594,81.26000213623047,486.5617980957031,347.8863830566406,96.09111022949219
2025-02-21,244.48443603515625,193.9122772216797,444.32000732421875,293.4546813964844,170.45510864257812,110.83999633789062,293.79296875,216.5800018310547,235.01425170898438,1.9900000095367432,291.368408203125,177.14999389648438,43.54946517944336,21.881797790527344,78.3516845703125,478.739990234375,334.78729248046875,1027.8970947265625,307.02276611328125,198.40870666503906,106.35577392578125,178.83323669433594,609.8782958984375,373.4309997558594,194.52114868164062,24.8700008392334,157.9005889892578,257.6123352050781,68.83197784423828,867.2587890625,425.8563232421875,553.3585815429688,296.2077941894531,680.8184204101562,85.62303924560547,127.56285858154297,392.4276123046875,405.108642578125,98.47575378417969,100.31500244140625,74.25131225585938,187.6820068359375,134.38595581054688,165.5484161376953,24.52016258239746,74.5514144897461,160.77569580078125,121.24331665039062,275.6622314453125,266.6240234375,108.74937438964844,115.55999755859375,216.84005737304688,177.88999938964844,607.3800048828125,337.79998779296875,194.82664489746094,78.88999938964844,451.6980895996094,345.9409484863281,93.68907928466797
2025-02-24,246.0277099609375,195.83145141601562,444.4200134277344,296.1124267578125,167.0753631591797,108.11000061035156,300.2988586425781,212.7100067138672,234.9644775390625,1.8200000524520874,291.4966125488281,179.91000366210938,43.20931625366211,22.10508155822754,79.1107177734375,498.4200134277344,333.6846008300781,1028.4630126953125,305.5560607910156,197.2967071533203,107.40046691894531,178.4251251220703,610.4048461914062,370.6397705078125,192.6580047607422,24.270000457763672,159.3015594482422,254.78506469726562,68.09879302978516,874.9219360351562,425.42144775390625,554.8374633789062,298.889892578125,665.4600830078125,87.31636047363281,125.89676666259766,381.8710021972656,400.9306335449219,95.05841064453125,98.84700012207031,77.92020416259766,185.51600646972656,130.23733520507812,167.66944885253906,24.846477508544922,74.84982299804688,156.56753540039062,123.34780883789062,277.18182373046875,267.3061828613281,110.15071105957031,115.4800033569336,213.55979919433594,170.9199981689453,601.6099853515625,330.5299987792969,193.6113739013672,76.41999816894531,446.95269775390625,347.2610778808594,92.59185791015625
2025-02-25,245.9679718017578,195.88902282714844,443.4100036621094,298.7702331542969,164.0722198486328,103.95999908447266,306.0290832519531,212.8000030517578,234.46701049804688,1.7200000286102295,289.3365478515625,178.27000427246094,42.703941345214844,22.467296600341797,81.29295349121094,499.82000732421875,337.0714416503906,1048.3848876953125,303.137939453125,197.85269165039062,107.88411712646484,174.61273193359375,599.45703125,381.1749267578125,194.57623291015625,22.989999771118164,161.5878448486328,250.94387817382812,68.96703338623047,895.1719970703125,433.3352355957031,559.8300170898438,301.95098876953125,654.8724975585938,87.46942901611328,125.53834533691406,375.18023681640625,394.876953125,92.87646484375,97.7239990234375,79.31787872314453,184.45799255371094,126.58851623535156,166.26856994628906,24.93038558959961,73.67609405517578,156.6841583251953,125.2260971069336,279.50994873046875,265.4546203613281,111.51311492919922,110.94999694824219,212.0910186767578,164.1999969482422,588.5700073242188,302.79998779296875,192.8783721923828,74.94999694824219,455.5330505371094,349.4745178222656,96.56559753417969
2025-02-26,239.3169403076172,194.80467224121094,441.5,306.7435302734375,167.01588439941406,104.73999786376953,297.0604553222656,214.35000610351562,229.93984985351562,1.7300000190734863,292.0588684082031,173.0399932861328,42.703941345214844,22.859283447265625,82.46946716308594,494.1000061035156,337.28802490234375,1024.8580322265625,304.5748596191406,200.17605590820312,106.84910583496094,171.9351043701172,602.2451171875,378.45147705078125,193.9613037109375,23.520000457763672,158.6594696044922,252.29905700683594,68.3013916015625,908.284912109375,426.6099853515625,557.090576171875,295.6829833984375,671.0078125,85.50823211669922,126.94290161132812,380.6814880371094,396.6930847167969,97.34992218017578,99.00599670410156,78.78404998779297,188.39199829101562,131.23699951171875,170.14559936523438,24.632043838500977,71.66683959960938,157.53939819335938,125.19659423828125,278.4774169921875,268.1832275390625,109.96581268310547,113.2300033569336,218.7984161376953,166.19000244140625,603.1300048828125,290.79998779296875,191.20016479492188,75.87000274658203,448.9573669433594,348.0253601074219,95.0927505493164
2025-02-27,236.27024841308594,196.73345947265625,437.19000244140625,305.46044921875,155.25115966796875,99.51000213623047,296.5174865722656,208.74000549316406,230.83531188964844,1.649999976158142,290.184814453125,173.8300018310547,42.878875732421875,22.57149887084961,79.33843994140625,502.4100036621094,334.7478942871094,1014.6688842773438,292.2563171386719,199.99734497070312,108.32908630371094,167.72457885742188,592.7206420898438,378.2479248046875,194.8240509033203,23.09000015258789,159.29180908203125,252.55250549316406,68.36891174316406,898.50732421875,431.4026794433594,560.6141967773438,301.2027282714844,655.6095581054688,86.65625762939453,125.18963623046875,379.5416259765625,389.5477600097656,91.48162078857422,96.30699920654297,77.66783905029297,184.19200134277344,120.11064147949219,162.53952026367188,24.333698272705078,70.3538589477539,150.09490966796875,128.35330200195312,267.489501953125,260.6795654296875,111.41580200195312,110.83000183105469,216.00775146484375,173.69000244140625,590.760009765625,281.95001220703125,184.50662231445312,74.20999908447266,453.7705078125,353.0973815917969,95.67595672607422
2025-02-28,240.79052734375,200.5813751220703,438.55999755859375,302.7110290527344,156.66847229003906,99.86000061035156,298.6893615722656,212.27999877929688,226.90516662597656,1.7200000286102295,296.8525085449219,174.6300048828125,44.80318069458008,22.536762237548828,79.60409545898438,513.8300170898438,338.6369323730469,1041.38330078125,295.1799011230469,205.5078582763672,110.5732421875,169.4963836669922,609.65966796875,384.3829345703125,196.43881225585938,23.729999542236328,160.54685974121094,258.0119934082031,68.69691467285156,913.8635864257812,435.1808166503906,572.0185546875,299.62841796875,665.52978515625,88.25391387939453,128.9383544921875,372.1569519042969,393.9739074707031,93.28495788574219,98.05599975585938,77.0951919555664,185.95199584960938,124.87908172607422,163.82200622558594,24.641366958618164,70.67215728759766,152.74810791015625,130.7823028564453,267.8791198730469,258.53564453125,112.70035552978516,112.0,216.5952606201172,177.10000610351562,608.010009765625,292.9800109863281,189.0300750732422,76.01000213623047,459.968505859375,360.015625,97.47501373291016
2025-03-03,236.99705505371094,202.9323272705078,440.7200012207031,311.8757629394531,150.78114318847656,98.2300033569336,301.32659912109375,205.02000427246094,228.99461364746094,1.5,291.45721435546875,170.05999755859375,44.27836990356445,23.816925048828125,80.57186889648438,510.0799865722656,326.910888671875,1039.635498046875,290.43280029296875,200.52357482910156,112.19831848144531,166.24142456054688,592.9754028320312,377.685791015625,195.6360626220703,22.739999771118164,162.74559020996094,254.0831298828125,69.76773834228516,922.8867797851562,439.9212951660156,570.6388549804688,297.4097900390625,652.4322509765625,89.11493682861328,125.08308410644531,372.3551940917969,385.5384521484375,90.20634460449219,97.37000274658203,76.4903793334961,182.06199645996094,114.02263641357422,159.83644104003906,24.473546981811523,69.37906646728516,149.29798889160156,131.6083526611328,273.3828125,264.62628173828125,112.31110382080078,106.58000183105469,221.24636840820312,173.64999389648438,599.8599853515625,284.6499938964844,187.4868927001953,74.44000244140625,452.30816650390625,359.1322021484375,96.46674346923828
2025-03-04,234.9061737060547,199.36270141601562,446.0299987792969,306.46856689453125,151.5145721435547,100.75,302.6937255859375,203.8000030517578,225.71119689941406,1.5549999475479126,279.60125732421875,158.89999389648438,41.469661712646484,23.340585708618164,75.827880859375,495.8599853515625,321.7026062011719,1029.724365234375,284.76409912109375,197.35626220703125,110.98918914794922,170.1334228515625,569.344970703125,369.92254638671875,191.9266815185547,21.329999923706055,160.93601989746094,243.9732208251953,67.71292877197266,904.3639526367188,436.88427734375,550.9367065429688,298.8562927246094,637.4424438476562,88.55048370361328,117.90531158447266,362.095947265625,385.6575012207031,90.8639144897461,97.25800323486328,75.42705535888672,181.21800231933594,115.9520034790039,155.34776306152344,24.007383346557617,67.12113952636719,150.1143341064453,126.56350708007812,271.8242492675781,252.34756469726562,109.0510482788086,101.7300033569336,208.85971069335938,173.60000610351562,584.1400146484375,272.0400085449219,187.9208984375,75.26000213623047,459.6295471191406,349.61346435546875,93.87689971923828
2025-03-05,234.7169952392578,202.9899139404297,451.239990234375,313.7087097167969,153.94285583496094,101.66999816894531,306.94049072265625,208.36000061035156,212.47796630859375,1.6100000143051147,280.3015441894531,163.16000366210938,41.10036087036133,24.303186416625977,79.09174346923828,498.5,333.2612609863281,1040.529296875,289.35260009765625,201.05972290039062,111.66631317138672,172.22378540039062,581.0327758789062,374.44866943359375,193.42152404785156,20.809999465942383,160.64414978027344,245.22109985351562,67.60680389404297,922.8867797851562,448.1758117675781,554.1426391601562,300.49835205078125,653.8464965820312,89.15319061279297,119.87168884277344,360.609130859375,397.9732666015625,93.99234008789062,99.09200286865234,75.90505981445312,183.1580047607422,117.2615737915039,159.38262939453125,24.184526443481445,69.13040161132812,154.03094482421875,127.48790740966797,279.3053894042969,257.9509582519531,108.69098663330078,106.1500015258789,226.72979736328125,177.30999755859375,586.8300170898438,279.1000061035156,188.62498474121094,76.4800033569336,460.9563293457031,350.06011962890625,94.87528228759766
2025-03-06,234.30877685546875,202.2318572998047,444.7799987792969,316.9163818359375,150.1963653564453,98.8499984741211,308.1524963378906,200.6999969482422,217.6020965576172,1.5700000524520874,271.8780822753906,158.42999267578125,40.293704986572266,24.665401458740234,82.52639770507812,497.8399963378906,335.7423095703125,1019.5449829101562,283.48565673828125,194.6555938720703,112.24669647216797,171.55686950683594,556.1482543945312,369.9710388183594,194.93478393554688,20.75,161.33489990234375,240.35626220703125,67.973388671875,906.051513671875,449.2270812988281,545.725830078125,303.352294921875,625.420654296875,89.92811584472656,115.62896728515625,366.2096252441406,393.87469482421875,88.9410171508789,90.63600158691406,75.80751037597656,173.41799926757812,110.53378295898438,148.90577697753906,24.464223861694336,67.71794891357422,152.4675750732422,126.1504898071289,272.10675048828125,254.68638610839844,102.63800811767578,102.48999786376953,237.9414520263672,156.22000122070312,543.4099731445312,263.45001220703125,182.61619567871094,74.95999908447266,472.32574462890625,341.6034240722656,93.55069732666016
2025-03-07,238.03256225585938,205.62875366210938,449.3999938964844,314.5335693359375,154.29965209960938,100.30999755859375,314.9783020019531,199.25,218.746337890625,1.5099999904632568,269.48126220703125,154.17999267578125,40.48930740356445,23.07264518737793,79.33843994140625,495.6199951171875,344.8887939453125,957.6644287109375,280.35400390625,192.4712371826172,113.57191467285156,173.05992126464844,548.3106079101562,365.19287109375,197.94287109375,20.639999389648438,162.17160034179688,236.20310974121094,68.9091567993164,863.1889038085938,461.053955078125,542.6985473632812,314.0253601074219,623.1597290039062,90.54995727539062,115.55146789550781,354.0174865722656,390.32183837890625,92.61743927001953,89.11100006103516,76.66596221923828,170.12600708007812,112.65309143066406,153.06890869140625,24.921062469482422,70.10519409179688,157.52899169921875,126.26848602294922,269.63250732421875,247.8648681640625,103.62088775634766,100.12999725341797,229.4225616455078,158.91000366210938,532.0999755859375,262.6700134277344,183.75430297851562,76.2699966430664,477.9039611816406,342.7547912597656,90.66431427001953
2025-03-10,226.49285888671875,207.90298461914062,435.0799865722656,313.7087097167969,148.66012573242188,96.62999725341797,317.4022521972656,194.5399932861328,207.6025390625,1.409999966621399,257.7535705566406,148.14999389648438,38.95384216308594,23.37531852722168,81.27398681640625,497.1000061035156,339.87744140625,927.9703979492188,270.45355224609375,191.1084747314453,113.37845611572266,165.2968292236328,520.869140625,363.1091003417969,197.29693603515625,19.93000030517578,163.15419006347656,226.39544677734375,68.9284439086914,823.6615600585938,466.42718505859375,533.120361328125,310.07672119140625,595.6002807617188,91.10482788085938,108.18965148925781,349.60650634765625,377.2717590332031,86.75910186767578,86.66799926757812,74.52957916259766,156.76600646972656,106.94495391845703,146.7847442626953,24.837154388427734,67.79753112792969,151.43185424804688,126.38650512695312,254.5436248779297,236.02462768554688,98.41453552246094,92.75,223.64537048339844,147.58999633789062,489.239990234375,222.14999389648438,179.867431640625,73.05999755859375,467.0500183105469,338.9433288574219,86.80919647216797
2025-03-11,219.8816680908203,204.9570770263672,433.6600036621094,309.5845642089844,145.68670654296875,96.76000213623047,309.18994140625,196.58999633789062,199.49346923828125,1.4199999570846558,251.9044952392578,154.05999755859375,38.738677978515625,23.45966911315918,80.00259399414062,496.25,334.521484375,924.0774536132812,274.56634521484375,190.7105712890625,110.68932342529297,163.47314453125,520.643798828125,356.8190002441406,192.47109985351562,19.780000686645508,161.3640899658203,223.3927001953125,68.53291320800781,818.00341796875,456.41082763671875,521.8847045898438,299.82391357421875,603.2894897460938,90.6264877319336,108.52867889404297,346.2858581542969,377.5595397949219,88.72183990478516,89.51000213623047,72.35417175292969,161.67999267578125,108.72437286376953,142.2368621826172,24.231142044067383,67.61848449707031,149.5948944091797,125.98331451416016,253.9202117919922,232.5651397705078,96.90615844726562,92.94999694824219,218.55361938476562,149.89999389648438,508.44000244140625,230.5800018310547,171.04234313964844,70.6500015258789,472.71038818359375,329.6727294921875,86.4335708618164
2025-03-12,216.0384063720703,203.4888916015625,438.6000061035156,317.7412109375,147.7383575439453,100.79000091552734,302.99432373046875,198.88999938964844,199.24472045898438,1.4500000476837158,257.1913146972656,158.8000030517578,39.032081604003906,22.824552536010742,79.96463775634766,495.94000244140625,332.90679931640625,920.69091796875,282.02880859375,193.97329711914062,110.26371002197266,166.5325469970703,524.8370361328125,353.4947204589844,190.40419006347656,20.68000030517578,158.43568420410156,222.1837921142578,67.47174072265625,815.819580078125,449.2270812988281,520.7333374023438,292.63031005859375,617.0841064453125,89.30626678466797,110.42725372314453,349.5569152832031,380.3581237792969,95.28755187988281,91.96800231933594,71.77861785888672,168.6280059814453,115.71273803710938,148.8564453125,23.9700927734375,68.25508117675781,149.30177307128906,125.83580017089844,257.2808532714844,236.36572265625,96.0400619506836,96.52999877929688,222.1276397705078,152.3699951171875,535.8400268554688,248.08999633789062,169.46058654785156,71.19999694824219,467.9155578613281,330.3675537109375,84.21934509277344
2025-03-13,208.7700958251953,202.99952697753906,377.8399963378906,319.2991943359375,148.62045288085938,98.11000061035156,303.1300354003906,193.88999938964844,194.67776489257812,1.3899999856948853,252.93026733398438,159.32000732421875,38.797359466552734,22.72531509399414,78.10499572753906,504.25,328.1612243652344,884.4822387695312,269.3039245605469,191.40687561035156,109.6446304321289,162.19757080078125,514.158203125,338.68890380859375,190.71792602539062,23.700000762939453,158.5718994140625,219.54177856445312,67.16303253173828,795.7581176757812,455.4860534667969,515.9591674804688,290.7732849121094,588.2796630859375,90.60735321044922,108.17996215820312,346.5337219238281,375.89227294921875,94.53035736083984,89.01699829101562,70.86163330078125,162.32400512695312,115.55277252197266,145.6699676513672,23.867534637451172,66.5541763305664,148.46145629882812,127.05520629882812,248.5821075439453,230.85975646972656,93.46121215820312,90.58999633789062,221.78492736816406,149.8300018310547,537.9099731445312,240.67999267578125,167.4351806640625,69.51000213623047,468.3143005371094,326.1093444824219,83.52741241455078
2025-03-14,212.56356811523438,203.21063232421875,394.739990234375,322.23193359375,154.27984619140625,100.97000122070312,304.16748046875,197.9499969482422,194.35935974121094,1.4800000190734863,262.0047302246094,161.80999755859375,39.99052047729492,23.107378005981445,77.8962631225586,514.5999755859375,334.39349365234375,897.6905517578125,276.895263671875,196.0721893310547,108.55363464355469,164.91815185546875,530.4212036132812,342.6488342285156,193.28309631347656,24.049999237060547,158.3967742919922,226.60995483398438,67.21162414550781,807.5011596679688,453.77288818359375,523.7109375,293.05059814453125,605.7103271484375,90.4734115600586,111.72525787353516,352.1836853027344,385.6079406738281,100.41858673095703,91.80000305175781,69.9056167602539,168.86599731445312,121.6413345336914,147.25828552246094,23.979413986206055,68.58332061767578,152.99520874023438,127.83210754394531,257.04705810546875,236.41444396972656,95.47562408447266,94.8499984741211,226.92564392089844,156.11000061035156,574.7899780273438,249.97999572753906,170.15504455566406,71.55000305175781,475.248779296875,329.335205078125,84.36762237548828
2025-03-17,213.0713348388672,205.80149841308594,399.3399963378906,322.23193359375,154.0815887451172,104.58999633789062,307.52227783203125,195.74000549316406,192.6678924560547,1.4600000381469727,260.7717590332031,161.85000610351562,40.52842330932617,23.107378005981445,77.8962631225586,523.010009765625,337.34716796875,910.2930297851562,278.2331848144531,200.96627807617188,109.35240936279297,163.7222900390625,540.1497802734375,345.3993225097656,194.15969848632812,25.690000534057617,158.4259490966797,228.0625457763672,68.14458465576172,818.6982421875,455.174560546875,528.028564453125,297.09698486328125,603.0187377929688,91.4673080444336,114.26315307617188,351.3411560058594,385.7469177246094,102.73001861572266,95.00199890136719,71.89567565917969,168.58599853515625,119.50183868408203,151.9344024658203,24.287080764770508,69.27960205078125,154.33384704589844,129.85791015625,262.5702209472656,236.41444396972656,96.41958618164062,96.58999633789062,229.4225616455078,156.38999938964844,597.4600219726562,238.00999450683594,173.5982666015625,72.7300033569336,485.33441162109375,332.0648193359375,86.4533462524414
2025-03-18,211.7670135498047,205.20657348632812,391.3699951171875,328.37225341796875,152.14889526367188,103.51000213623047,308.95721435546875,192.82000732421875,194.25987243652344,1.350000023841858,259.13446044921875,161.57000732421875,40.73380661010742,24.571125030517578,80.32518768310547,523.1400146484375,331.5087585449219,891.8609619140625,276.2313232421875,199.7327880859375,107.3749771118164,160.11480712890625,540.5808715820312,340.9517517089844,193.53221130371094,25.920000076293945,159.7977294921875,229.07647705078125,67.42542266845703,816.4647827148438,456.8001708984375,526.241943359375,296.7353820800781,580.5487060546875,91.39977264404297,114.40843963623047,347.2275695800781,380.606201171875,101.34514617919922,92.99800109863281,71.51522064208984,166.0,115.40280151367188,147.43585205078125,24.52948570251465,68.5136947631836,152.71185302734375,130.48727416992188,263.63201904296875,240.40989685058594,95.64106750488281,94.01000213623047,232.06634521484375,154.36000061035156,569.47998046875,225.30999755859375,173.07742309570312,71.55000305175781,489.9833068847656,332.28314208984375,84.60486602783203
2025-03-19,214.30596923828125,203.6712188720703,387.8900146484375,325.8061828613281,153.09048461914062,106.2300033569336,306.1454162597656,195.5399932861328,196.56822204589844,1.3899999856948853,266.95623779296875,172.6199951171875,41.28148651123047,24.198986053466797,78.54144287109375,525.27001953125,333.38922119140625,897.819580078125,276.8854064941406,204.4876251220703,104.72543334960938,163.32366943359375,546.0280151367188,344.70684814453125,192.52645874023438,24.1200008392334,158.5718994140625,233.1126251220703,67.32823944091797,830.8582153320312,458.0364074707031,532.0980834960938,299.9803161621094,582.2435913085938,90.72429656982422,116.09392547607422,352.6297607421875,384.8735656738281,101.68389129638672,95.9489974975586,71.20305633544922,168.82400512695312,117.4923095703125,150.39541625976562,24.436254501342773,69.62773895263672,154.63674926757812,133.07362365722656,264.41131591796875,242.01783752441406,96.52662658691406,101.54000091552734,231.7725830078125,155.9600067138672,586.22998046875,235.86000061035156,175.28611755371094,73.0199966430664,489.3997802734375,337.3452453613281,85.33634185791016
2025-03-20,213.17091369628906,203.39295959472656,389.6099853515625,324.1565246582031,153.0111846923828,107.13999938964844,305.45703125,194.9499969482422,196.6279296875,1.3700000047683716,267.1337585449219,172.8300018310547,41.54554748535156,23.811962127685547,75.77095794677734,528.72998046875,331.05584716796875,889.2293090820312,276.5285949707031,202.85626220703125,103.1279067993164,162.23744201660156,551.2595825195312,346.7550354003906,194.59336853027344,23.959999084472656,158.60107421875,233.01513671875,67.74613189697266,836.3773803710938,454.32769775390625,532.3858642578125,300.0584411621094,584.177490234375,91.40941619873047,116.69448852539062,353.6209411621094,383.9010314941406,102.62042999267578,95.08399963378906,70.10072326660156,164.82400512695312,118.50206756591797,150.6617889404297,24.4176082611084,69.29949188232422,154.33384704589844,132.23773193359375,264.65484619140625,243.7719268798828,96.61419677734375,101.8499984741211,229.56942749023438,157.19000244140625,594.5499877929688,236.25999450683594,174.26373291015625,74.3499984741211,497.277587890625,336.97802734375,84.82232666015625
2025-03-21,217.32281494140625,201.52175903320312,387.260009765625,322.0486145019531,150.77122497558594,106.44000244140625,306.4266052246094,196.2100067138672,197.7423095703125,1.4500000476837158,266.818115234375,178.11000061035156,41.535770416259766,23.896312713623047,75.10680389404297,521.9099731445312,330.5931091308594,902.9937133789062,278.1043701171875,203.0552215576172,104.30657196044922,163.42333984375,553.669677734375,342.4927978515625,193.8828582763672,24.260000228881836,159.1945343017578,235.56942749023438,66.73542785644531,831.4141235351562,428.0068054199219,531.7010498046875,298.5337219238281,594.3956298828125,89.84619903564453,116.37483215332031,352.9271240234375,388.2874450683594,94.37094116210938,96.02899932861328,66.27668762207031,165.5500030517578,117.6722640991211,150.1783905029297,24.501516342163086,69.81672668457031,153.229736328125,130.17259216308594,265.4731140136719,245.5260467529297,94.46354675292969,104.20999908447266,224.0860137939453,158.38999938964844,599.9400024414062,248.7100067138672,172.6433868408203,75.83999633789062,502.6753845214844,333.16656494140625,85.2237777709961
2025-03-24,219.7721405029297,200.71571350097656,394.4700012207031,322.0486145019531,153.57614135742188,113.8499984741211,304.8171081542969,203.25999450683594,197.7423095703125,1.5700000524520874,274.06781005859375,180.89999389648438,42.12256622314453,23.896312713623047,75.10680389404297,525.8499755859375,336.3921203613281,919.6580200195312,283.396484375,209.12310791015625,103.97537231445312,167.10057067871094,568.3259887695312,354.8016662597656,195.47918701171875,24.219999313354492,158.86373901367188,241.83815002441406,67.00753784179688,858.543212890625,423.412353515625,539.62158203125,298.758544921875,616.9252319335938,89.0742416381836,120.37539672851562,352.9271240234375,390.09356689453125,96.58277130126953,97.1989974975586,65.74015808105469,169.9459991455078,121.38140106201172,152.7827911376953,24.370990753173828,70.59258270263672,156.41510009765625,132.45407104492188,268.5999755859375,245.5260467529297,93.1498031616211,109.27999877929688,224.0860137939453,163.1699981689453,604.7100219726562,278.3900146484375,178.92222595214844,76.51000213623047,502.33502197265625,341.3155212402344,86.72048950195312
2025-03-25,222.77903747558594,193.20217895507812,403.6400146484375,326.4477233886719,152.2777557373047,114.80999755859375,297.5258483886719,205.7100067138672,205.16482543945312,1.5700000524520874,275.46844482421875,182.58999633789062,42.32794952392578,23.39020347595215,76.77667999267578,528.8699951171875,337.32745361328125,923.8489990234375,286.02276611328125,211.0131072998047,105.09558868408203,169.97064208984375,574.0475463867188,352.0902099609375,195.72833251953125,24.200000762939453,156.6552734375,244.83116149902344,66.8714828491211,846.08544921875,430.31378173828125,541.1004638671875,299.9803161621094,624.3621826171875,84.78988647460938,121.2762451171875,361.2534484863281,392.1578063964844,93.83293151855469,99.72799682617188,64.91098022460938,172.2760009765625,120.66156768798828,151.85548400878906,23.820919036865234,70.48316955566406,156.4834747314453,133.40798950195312,272.9737243652344,252.1526641845703,93.30550384521484,109.81999969482422,224.1349639892578,162.8300018310547,615.8800048828125,288.1400146484375,177.4369354248047,75.61000061035156,499.34918212890625,342.05999755859375,84.01449584960938
2025-03-26,220.56866455078125,193.163818359375,397.80999755859375,325.5312194824219,149.34397888183594,110.19000244140625,296.41082763671875,201.1300048828125,206.2095947265625,1.4700000286102295,272.23321533203125,178.5500030517578,41.87806701660156,22.61119270324707,75.22064971923828,533.2100219726562,335.84075927734375,923.3424682617188,278.4710388183594,206.27816772460938,106.4398422241211,164.48963928222656,562.2714233398438,353.20208740234375,196.65106201171875,23.420000076293945,157.33631896972656,244.73365783691406,68.04739379882812,820.68359375,433.33135986328125,544.9813232421875,306.48968505859375,609.0797729492188,85.02146911621094,118.3702621459961,360.708251953125,387.0072326660156,91.79048919677734,97.06500244140625,64.13055419921875,167.7100067138672,113.73320007324219,145.80810546875,23.50392723083496,69.597900390625,154.76377868652344,132.1000518798828,261.0603942871094,243.7232208251953,95.33938598632812,104.27999877929688,219.82655334472656,159.74000549316406,576.3499755859375,272.05999755859375,177.9384307861328,74.18000030517578,503.9884338378906,341.623291015625,84.46054077148438
2025-03-27,222.87860107421875,194.52642822265625,396.1499938964844,327.455810546875,146.37057495117188,106.6500015258789,296.4689636230469,201.36000061035156,206.0105743408203,1.5700000524520874,268.3074951171875,179.11000061035156,41.62379455566406,22.497068405151367,73.30408477783203,534.52001953125,334.0587463378906,932.280517578125,275.319580078125,204.7960205078125,108.28089141845703,161.6793975830078,547.575927734375,353.78729248046875,197.6199188232422,23.6200008392334,158.7080841064453,241.89663696289062,68.74710845947266,815.6309204101562,430.5182189941406,553.4181518554688,305.6198425292969,600.7059326171875,84.52934265136719,115.27054595947266,359.1719055175781,387.612548828125,90.8240737915039,97.6719970703125,64.18909454345703,165.54800415039062,111.40375518798828,143.81532287597656,23.31746482849121,68.4937973022461,154.35340881347656,131.21499633789062,261.2065124511719,242.8948974609375,96.19574737548828,102.5199966430664,216.93797302246094,156.97999572753906,580.219970703125,273.1300048828125,174.3408966064453,74.86000061035156,501.57635498046875,347.2610778808594,84.87684631347656
2025-03-28,216.9544219970703,196.99253845214844,385.7099914550781,325.62286376953125,143.7738037109375,103.22000122070312,297.6131591796875,192.72000122070312,201.1849365234375,1.4700000286102295,261.8567810058594,173.30999755859375,40.34260177612305,22.3978328704834,72.05167388916016,526.3099975585938,324.59716796875,923.2530517578125,267.5498352050781,198.82760620117188,108.89457702636719,153.7967071533203,532.0966186523438,349.3201904296875,194.0858612060547,22.709999084472656,159.27236938476562,236.7588348388672,68.38754272460938,816.4647827148438,429.74920654296875,536.5844116210938,300.1464538574219,574.9462890625,86.10221099853516,111.71556854248047,348.6648254394531,375.922119140625,88.11407470703125,93.38500213623047,61.740535736083984,159.552001953125,109.6441650390625,138.97149658203125,23.50392723083496,64.80353546142578,149.2235870361328,129.5333709716797,261.0603942871094,240.4586181640625,95.1058349609375,96.68000030517578,211.50350952148438,150.6300048828125,561.1599731445312,263.54998779296875,170.06822204589844,72.75,501.8876037597656,340.30316162109375,84.40106964111328
2025-03-31,221.1660614013672,201.0515899658203,383.5299987792969,322.6901550292969,143.83326721191406,102.73999786376953,302.07318115234375,190.25999450683594,202.17990112304688,1.3600000143051147,265.3780517578125,170.5500030517578,40.81204605102539,21.90164566040039,69.90738677978516,532.5800170898438,324.7054443359375,939.2620849609375,265.9542541503906,199.09616088867188,109.14784240722656,154.1056365966797,535.2022705078125,357.4545593261719,195.3869171142578,22.709999084472656,161.34463500976562,239.1473846435547,69.60232543945312,819.8397827148438,434.83038330078125,544.0384521484375,305.3070373535156,574.5674438476562,86.6136245727539,113.01358032226562,339.7437744140625,372.5379943847656,86.68251037597656,93.25299835205078,61.92588806152344,159.22799682617188,108.35446166992188,137.92578125,23.625131607055664,64.90299987792969,150.0932159423828,130.26112365722656,261.4889831542969,238.16854858398438,95.45616149902344,95.4800033569336,207.4888458251953,146.16000366210938,550.030029296875,259.1600036621094,173.31854248046875,72.86000061035156,509.38623046875,347.8565979003906,87.01785278320312
2025-04-01,222.22146606445312,197.9329376220703,383.20001220703125,327.1808776855469,144.36851501464844,102.77999877929688,297.58404541015625,192.1699981689453,205.0653533935547,1.2400000095367432,266.7885437011719,168.1699981689453,40.577327728271484,22.144777297973633,70.3058853149414,532.989990234375,325.4635925292969,947.8226928710938,267.77777099609375,202.7169952392578,108.39778137207031,156.5272674560547,537.3184204101562,356.50848388671875,196.95553588867188,22.049999237060547,149.0959014892578,237.5485076904297,69.84528350830078,799.3117065429688,436.7091064453125,544.4255981445312,306.53857421875,584.177490234375,84.06617736816406,112.11272430419922,349.2596130371094,379.2863464355469,88.49816131591797,92.83799743652344,63.1745491027832,162.31199645996094,110.1240463256836,140.02706909179688,22.879270553588867,65.74848175048828,149.54605102539062,130.64462280273438,263.3398132324219,243.7719268798828,95.59239959716797,97.63999938964844,210.27952575683594,149.5399932861328,551.72998046875,268.4599914550781,171.66928100585938,72.98999786376953,508.7734375,343.77716064453125,88.0487060546875
2025-04-02,222.91842651367188,196.89659118652344,385.7799987792969,327.455810546875,146.4399871826172,102.95999908447266,296.4011535644531,196.00999450683594,205.56285095214844,1.4800000190734863,271.493408203125,168.55999755859375,40.92940902709961,21.261566162109375,69.96431732177734,537.719970703125,329.49041748046875,958.4290771484375,269.10577392578125,198.7181854248047,108.99198913574219,156.49732971191406,551.6710205078125,361.74615478515625,199.29925537109375,21.979999542236328,151.14871215820312,239.65432739257812,69.32049560546875,812.206298828125,440.82659912109375,543.3040161132812,304.534912109375,582.1139526367188,83.56439208984375,115.53208923339844,349.0613098144531,379.2367248535156,88.38843536376953,93.552001953125,63.369651794433594,164.80599975585938,110.39398193359375,143.8942413330078,23.028444290161133,66.79289245605469,150.55245971679688,130.93963623046875,264.391845703125,242.74871826171875,96.74072265625,100.6500015258789,210.27952575683594,153.91000366210938,565.4099731445312,282.760009765625,171.86216735839844,74.5,508.85125732421875,343.7572937011719,88.97052001953125
2025-04-03,202.3082733154297,193.4900665283203,367.25,324.2481384277344,134.30848693847656,93.80000305175781,300.4248962402344,178.41000366210938,184.27027893066406,1.315000057220459,244.4377899169922,150.91000366210938,36.40126037597656,21.102787017822266,67.47846984863281,530.1599731445312,301.0368347167969,960.4152221679688,252.9419708251953,186.64210510253906,109.47904205322266,150.19918823242188,500.85382080078125,347.1354675292969,190.7086944580078,22.43000030517578,155.48780822753906,222.95399475097656,71.11837005615234,783.2904663085938,442.685791015625,526.5993041992188,311.07366943359375,529.9666137695312,83.36176300048828,104.5474853515625,335.8779602050781,370.2752990722656,74.1624755859375,91.70500183105469,54.21929168701172,154.81399536132812,101.77601623535156,135.3805389404297,22.646188735961914,61.38182830810547,136.22808837890625,128.068115234375,257.4951477050781,232.8574981689453,85.8901138305664,82.29000091552734,193.36903381347656,139.89999389648438,558.4199829101562,267.2799987792969,158.3689727783203,69.8499984741211,525.6184692382812,336.86883544921875,86.49251556396484
2025-04-04,187.5625457763672,179.40342712402344,349.07000732421875,304.6356506347656,125.82438659667969,85.76000213623047,285.4352111816406,171.0,176.11143493652344,1.309999942779541,231.25595092773438,136.58999633789062,33.63350296020508,19.941709518432617,64.51821899414062,493.5400085449219,283.62994384765625,910.1639404296875,238.60166931152344,165.93170166015625,104.47216796875,145.0968780517578,461.25421142578125,345.1749572753906,176.2311553955078,19.850000381469727,149.086181640625,206.2684783935547,67.95993041992188,732.784423828125,420.6576232910156,486.12298583984375,293.3242492675781,503.1602783203125,78.61421966552734,96.70133972167969,331.9130554199219,357.10614013671875,64.5654525756836,85.58599853515625,55.84840774536133,144.3300018310547,94.28778076171875,126.54129791259766,21.415517807006836,58.05958938598633,124.54190826416016,115.50027465820312,242.06532287597656,225.3050994873047,79.89551544189453,76.88999938964844,181.75592041015625,130.52999877929688,503.29998779296875,239.42999267578125,146.01388549804688,64.62000274658203,510.6504821777344,310.8039245605469,82.45831298828125
2025-04-07,180.6725616455078,179.00999450683594,340.70001220703125,289.60546875,131.67208862304688,83.63999938964844,280.87811279296875,175.25999450683594,162.87820434570312,1.2699999809265137,231.8497314453125,138.86000061035156,34.79733657836914,19.68071746826172,63.645328521728516,490.3800048828125,275.73382568359375,901.8715209960938,242.020751953125,166.81703186035156,102.7869644165039,146.24290466308594,456.06182861328125,333.0904846191406,172.97393798828125,19.56999969482422,146.53720092773438,210.34913635253906,66.44387817382812,718.4107055664062,419.36297607421875,481.90460205078125,293.1092529296875,514.6444091796875,78.33438110351562,97.7571792602539,322.4964294433594,355.14117431640625,68.20674133300781,86.78299713134766,54.24856185913086,147.10000610351562,97.61698913574219,125.44625854492188,21.098527908325195,58.21873474121094,126.75016021728516,115.37242889404297,235.28553771972656,215.75497436523438,77.85189819335938,78.81999969482422,172.9237060546875,131.0399932861328,518.969970703125,233.2899932861328,148.5312042236328,65.63999938964844,510.3100891113281,309.99993896484375,83.09268188476562
2025-04-08,171.67178344726562,168.56971740722656,340.0,297.9454040527344,127.81657409667969,78.20999908447266,271.7349853515625,170.66000366210938,168.3505859375,1.2100000381469727,228.98971557617188,139.38999938964844,34.259422302246094,20.249347686767578,62.31700897216797,492.6400146484375,269.7083740234375,902.4872436523438,241.802734375,168.4782257080078,100.51731872558594,144.19998168945312,452.8385925292969,326.97503662109375,168.72940063476562,18.1299991607666,145.93402099609375,212.73275756835938,66.49246978759766,720.90234375,431.5694580078125,476.3463134765625,293.05059814453125,508.86248779296875,76.18254852294922,97.16629028320312,333.845947265625,351.8662414550781,65.38349914550781,87.04000091552734,51.96584701538086,145.52000427246094,96.27731323242188,122.82211303710938,20.361989974975586,57.10469055175781,121.8060073852539,118.46031188964844,231.37937927246094,218.0937957763672,77.55023193359375,77.08999633789062,178.93588256835938,133.50999450683594,518.3499755859375,221.86000061035156,140.82493591308594,65.06999969482422,537.9118041992188,305.9800109863281,81.07062530517578
2025-04-09,197.98709106445312,172.57118225097656,364.6400146484375,288.872314453125,148.40240478515625,96.83999633789062,282.23553466796875,191.10000610351562,160.8683319091797,1.2999999523162842,259.638427734375,160.82000732421875,36.33279800415039,19.319496154785156,60.267608642578125,521.4099731445312,296.3602294921875,958.5382690429688,262.79290771484375,186.2840118408203,102.52397155761719,158.16159057617188,506.37933349609375,346.6282653808594,183.71444702148438,21.530000686645508,146.87771606445312,229.86949157714844,67.9793701171875,748.1704711914062,449.9473571777344,512.4033813476562,297.08721923828125,583.9483032226562,79.03880310058594,108.19933319091797,322.74420166015625,387.5232849121094,77.6840591430664,94.5469970703125,57.867733001708984,165.19000244140625,114.30306243896484,137.80740356445312,20.968002319335938,63.60991287231445,140.30262756347656,126.29798889160156,252.8876190185547,208.93345642089844,86.29883575439453,91.4000015258789,173.4720458984375,151.14999389648438,569.0599975585938,272.20001220703125,163.48077392578125,72.68000030517578,562.6347045898438,329.9605407714844,88.81192779541016
2025-04-10,189.5936737060547,167.1591339111328,350.04998779296875,301.5196228027344,137.0142822265625,88.69999694824219,272.8499755859375,181.22000122070312,167.71380615234375,1.2100000381469727,244.3289337158203,155.52000427246094,35.0613899230957,19.740259170532227,61.76670455932617,515.8099975585938,284.6932373046875,957.6644287109375,253.23020935058594,180.5543212890625,98.773681640625,152.29193115234375,479.8587646484375,344.9018859863281,178.4456787109375,19.8799991607666,144.6595001220703,222.7774200439453,68.76654815673828,715.6114501953125,451.36859130859375,496.4078063964844,299.84344482421875,544.5910034179688,74.83163452148438,103.23980712890625,334.3415222167969,378.45269775390625,69.88273620605469,92.11699676513672,53.068180084228516,156.697998046875,107.5446548461914,132.02542114257812,20.128910064697266,60.237945556640625,131.32301330566406,124.9605712890625,251.796630859375,224.1356964111328,82.32838439941406,84.62999725341797,183.04844665527344,144.4499969482422,553.02001953125,252.39999389648438,151.0388641357422,70.94000244140625,578.0986938476562,322.19866943359375,89.81304931640625
2025-04-11,197.2901153564453,167.97476196289062,352.4700012207031,300.6031494140625,143.65489196777344,93.4000015258789,277.281005859375,184.8699951171875,169.50477600097656,1.2899999618530273,248.5249481201172,156.83999633789062,35.1591911315918,20.006216049194336,62.96219253540039,524.1099853515625,288.9169616699219,956.7705078125,253.11109924316406,180.71348571777344,100.9459228515625,156.5970001220703,484.40460205078125,345.1359558105469,183.2069549560547,19.739999771118164,147.61709594726562,231.69400024414062,69.41767120361328,727.0269775390625,462.27069091796875,506.75665283203125,302.8929138183594,541.8794555664062,76.40447998046875,104.73152923583984,334.8867492675781,385.498779296875,69.38391876220703,91.8290023803711,53.05842208862305,157.13400268554688,110.90386199951172,131.0353546142578,20.42725372314453,62.257144927978516,136.06198120117188,126.13080596923828,252.43954467773438,219.06829833984375,83.13610076904297,83.70999908447266,176.91876220703125,144.9600067138672,543.6599731445312,252.30999755859375,142.3584747314453,72.27999877929688,583.029541015625,330.92333984375,91.9837875366211
2025-04-14,201.6411590576172,171.86109924316406,350.9100036621094,309.4929504394531,143.24851989746094,94.5,284.9794921875,182.1199951171875,177.9223175048828,1.3799999952316284,252.73085021972656,159.27999877929688,35.86334991455078,20.73064613342285,65.1444320678711,529.52001953125,293.5148620605469,972.5709838867188,252.66444396972656,185.0206756591797,103.74159240722656,158.5203399658203,493.7510070800781,348.3936767578125,184.77557373046875,20.309999465942383,150.1758270263672,230.24224853515625,70.408935546875,748.8057250976562,462.69903564453125,509.4508056640625,308.9234313964844,529.8270263671875,76.39483642578125,105.69050598144531,339.4464111328125,384.8636169433594,70.85040283203125,93.12799835205078,54.0534553527832,159.96400451660156,110.68391418457031,133.30259704589844,20.6230411529541,61.93885040283203,136.0033721923828,126.99620819091797,252.80972290039062,222.96629333496094,83.19449615478516,82.7699966430664,181.83425903320312,144.5500030517578,549.1699829101562,252.35000610351562,145.6184539794922,73.0999984741211,570.9598999023438,332.69012451171875,93.89681243896484
2025-04-15,201.2628173828125,171.22190856933594,350.3800048828125,314.3502502441406,144.16036987304688,95.29000091552734,286.31744384765625,179.58999633789062,178.26058959960938,1.3899999856948853,255.18511962890625,155.52000427246094,37.15431594848633,20.6661434173584,66.54864501953125,528.1699829101562,288.8973083496094,970.1874389648438,253.04161071777344,184.69241333007812,102.94283294677734,155.76988220214844,497.5816345214844,345.3797912597656,183.44686889648438,19.850000381469727,149.4558563232422,228.6825714111328,69.83556365966797,751.6149291992188,457.0921936035156,514.3419189453125,305.4145812988281,519.8981323242188,75.64217376708984,106.97882843017578,340.3880920410156,382.7994384765625,70.870361328125,97.62799835205078,53.4876594543457,163.3000030517578,112.1735610961914,132.60955810546875,20.92138671875,61.670284271240234,135.42684936523438,126.5045166015625,255.17678833007812,226.71812438964844,81.46228790283203,83.91000366210938,181.44259643554688,146.5399932861328,572.3900146484375,254.11000061035156,145.8113250732422,74.0199966430664,567.5850830078125,333.3154296875,93.14349365234375
2025-04-16,193.42697143554688,166.26344299316406,344.19000244140625,318.2910461425781,136.96473693847656,88.29000091552734,274.0426025390625,174.3300018310547,173.6637725830078,1.4199999570846558,250.29637145996094,156.47000122070312,36.50883483886719,20.795150756835938,66.89021301269531,516.4500122070312,285.65814208984375,961.08056640625,247.98931884765625,181.48936462402344,102.16354370117188,152.80018615722656,488.9210510253906,337.4599609375,178.34420776367188,19.229999542236328,149.73802185058594,225.22972106933594,69.66063690185547,729.4986572265625,464.39276123046875,510.4150695800781,302.1109924316406,500.7477722167969,73.77983856201172,104.47967529296875,331.0209655761719,368.7867126464844,69.16444396972656,96.16300201416016,52.23899459838867,159.33200073242188,104.46538543701172,128.47103881835938,20.548458099365234,59.91964340209961,132.63235473632812,127.10440063476562,253.73513793945312,226.42578125,78.59149932861328,83.95999908447266,182.26510620117188,146.0800018310547,563.0700073242188,241.5500030517578,141.34576416015625,73.05999755859375,568.9953002929688,328.8686828613281,90.38795471191406
2025-04-17,196.12521362304688,167.53211975097656,348.79998779296875,319.1159362792969,136.2412109375,87.5,268.85528564453125,172.61000061035156,171.85292053222656,1.4700000286102295,248.7030792236328,161.89999389648438,36.58707809448242,20.86958122253418,66.66250610351562,518.2100219726562,289.7046203613281,987.6463012695312,245.42843627929688,180.8328399658203,101.83235931396484,150.63766479492188,499.1491394042969,346.306396484375,181.4076385498047,18.93000030517578,153.2015380859375,227.534912109375,70.94343566894531,833.7865600585938,451.73846435546875,514.2921752929688,304.26123046875,499.9203796386719,75.26585388183594,105.75831604003906,323.38848876953125,364.98583984375,68.6357192993164,97.3030014038086,54.3948860168457,154.4320068359375,101.46607971191406,127.34239196777344,20.641687393188477,60.675601959228516,133.5312957763672,126.75035095214844,250.73486328125,220.23768615722656,79.31163024902344,83.6500015258789,183.1267852783203,143.42999267578125,574.25,241.3699951171875,143.16864013671875,75.23999786376953,441.6560363769531,327.1615295410156,92.40010070800781
2025-04-21,192.32177734375,164.79139709472656,343.2200012207031,,134.35804748535156,85.55999755859375,265.3551025390625,167.32000732421875,,1.4199999570846558,239.99435424804688,159.33999633789062,36.107852935791016,,,506.9200134277344,281.69134521484375,951.1694946289062,234.50991821289062,177.4109649658203,101.62779235839844,147.1597137451172,491.1841125488281,338.3475341796875,179.22076416015625,18.84000015258789,152.66641235351562,224.62155151367188,70.71991729736328,812.0078125,446.1413879394531,506.3291931152344,301.7395935058594,483.1526794433594,75.12110900878906,102.96858215332031,,356.3916320800781,66.58062744140625,98.79100036621094,54.746070861816406,151.197998046875,96.88717651367188,121.60000610351562,20.548458099365234,59.96440505981445,133.02317810058594,124.0263442993164,244.052490234375,,78.51364135742188,81.63999938964844,,137.0,558.8200073242188,227.5,140.4391326904297,72.91999816894531,413.66534423828125,317.72216796875,91.59721374511719
2025-04-22,198.87322998046875,168.2971954345703,349.9100036621094,325.072998046875,137.07374572753906,86.26000213623047,269.9315490722656,173.17999267578125,172.15142822265625,1.4700000286102295,249.80157470703125,162.52000427246094,37.47705841064453,21.321109771728516,68.10467529296875,520.7899780273438,288.0525207519531,972.4815063476562,241.5871124267578,188.18392944335938,102.77723693847656,150.9466094970703,509.43603515625,345.6919250488281,183.04087829589844,19.510000228881836,153.4739227294922,231.09564208984375,71.81808471679688,821.457763671875,449.7916564941406,524.2335205078125,311.8653259277344,498.72412109375,76.20185852050781,106.92070770263672,314.8143615722656,364.0330810546875,70.04234313964844,104.03399658203125,55.663063049316406,153.36599731445312,98.86669921875,125.97608947753906,21.005294799804688,61.09336853027344,135.5636749267578,111.86168670654297,245.8643341064453,212.9289093017578,79.5549087524414,85.70999908447266,185.37890625,140.22999572753906,590.3900146484375,237.97000122070312,141.54827880859375,74.44000244140625,415.4645690917969,328.9382019042969,94.01575469970703
2025-04-23,203.71212768554688,171.4640350341797,351.9599914550781,327.27252197265625,142.30694580078125,90.38999938964844,269.44677734375,180.60000610351562,178.75808715820312,1.5199999809265137,257.4414978027344,172.3699951171875,37.89759826660156,21.936378479003906,69.86943817138672,526.8099975585938,292.603271484375,969.1148681640625,248.6245880126953,192.6602325439453,103.62469482421875,154.81320190429688,518.5668334960938,347.6328430175781,182.06275939941406,20.59000015258789,151.16818237304688,236.28472900390625,71.23499298095703,823.323974609375,451.2225646972656,526.897705078125,311.2789306640625,518.6519775390625,75.97991180419922,108.79021453857422,328.19598388671875,371.5456237792969,72.75584411621094,104.95899963378906,55.98497772216797,162.5399932861328,102.68580627441406,130.09478759765625,20.87476921081543,62.127838134765625,137.24429321289062,118.28329467773438,264.4502868652344,235.53738403320312,80.58644104003906,90.95999908447266,192.40943908691406,147.38999938964844,592.7000122070312,250.74000549316406,146.74688720703125,73.7699966430664,416.22320556640625,331.8861389160156,94.12478637695312
2025-04-24,207.4657745361328,174.6792755126953,360.9100036621094,326.7226257324219,148.83851623535156,94.47000122070312,271.3277893066406,186.5399932861328,180.58883666992188,1.5299999713897705,264.5469970703125,176.25999450683594,38.70934295654297,22.30851936340332,70.97004699707031,531.6400146484375,303.57452392578125,968.75732421875,262.7392578125,196.37060546875,103.40065002441406,158.7296142578125,534.3009033203125,350.77349853515625,185.22772216796875,21.489999771118164,150.73036193847656,239.97300720214844,70.47696685791016,853.4112548828125,454.3958740234375,532.3157958984375,309.07000732421875,531.4918823242188,77.04135131835938,111.97710418701172,335.13458251953125,384.35748291015625,77.23512268066406,109.68699645996094,57.04829406738281,187.71400451660156,106.40492248535156,136.14407348632812,21.238378524780273,64.42555236816406,143.83975219726562,119.94524383544922,266.4666748046875,235.00140380859375,81.6082534790039,95.12000274658203,196.47303771972656,158.66000366210938,605.9500122070312,259.510009765625,156.37249755859375,78.0999984741211,412.614990234375,333.2161865234375,94.99703979492188
2025-04-25,208.371826171875,180.1897430419922,367.7200012207031,329.10546875,150.20628356933594,96.6500015258789,272.29736328125,188.99000549316406,180.58883666992188,1.4600000381469727,262.0630187988281,177.9499969482422,38.81692123413086,22.81462860107422,72.41221618652344,530.9600219726562,303.1689453125,970.4258422851562,265.86590576171875,197.38523864746094,100.49784088134766,161.40036010742188,533.80126953125,348.7642517089844,183.76980590820312,20.049999237060547,150.38986206054688,238.90380859375,69.8841552734375,878.0388793945312,464.9378967285156,530.3472900390625,309.5782470703125,545.5679931640625,79.8396987915039,112.374267578125,337.46392822265625,388.87298583984375,79.58949279785156,110.15299987792969,56.209346771240234,189.052001953125,110.98385620117188,137.11434936523438,21.36890411376953,64.99251556396484,145.15882873535156,123.14128875732422,270.75274658203125,238.4608917236328,81.55960083007812,97.12000274658203,196.47303771972656,158.39999389648438,620.719970703125,284.95001220703125,157.07656860351562,77.75,407.1588439941406,332.6802062988281,94.2536392211914
2025-04-28,209.2281036376953,186.27162170410156,368.6199951171875,331.03009033203125,149.4530029296875,96.38999938964844,274.4788818359375,187.6999969482422,181.54405212402344,1.4600000381469727,262.2016296386719,182.3000030517578,38.904937744140625,22.914342880249023,72.43118286132812,530.9400024414062,303.7723693847656,971.7962036132812,263.67230224609375,199.80242919921875,103.58573150634766,160.05502319335938,535.3099975585938,348.12054443359375,185.15391540527344,20.510000228881836,151.1389923095703,238.58010864257812,69.76753234863281,870.8421630859375,463.623779296875,531.3513793945312,309.64666748046875,548.0302734375,80.27393341064453,112.19989776611328,337.90997314453125,388.1882019042969,78.37239837646484,111.03800201416016,55.90694046020508,187.48199462890625,108.70439147949219,138.74795532226562,21.49010467529297,64.58470153808594,144.2403564453125,122.72825622558594,277.96112060546875,242.45635986328125,81.64718627929688,98.56999969482422,200.78146362304688,158.9600067138672,597.72998046875,285.8800048828125,156.67147827148438,78.33000183105469,408.48150634765625,335.0028076171875,94.38250732421875
2025-04-29,210.29345703125,187.4047088623047,370.9800109863281,331.4883117675781,148.22401428222656,96.05999755859375,279.7825012207031,187.38999938964844,183.8324737548828,1.409999966621399,264.2500915527344,182.0,39.110321044921875,23.10379981994629,72.60196685791016,534.5700073242188,304.10870361328125,984.8656005859375,265.7765808105469,199.4443359375,101.51090240478516,159.60658264160156,537.77880859375,350.14923095703125,195.14700317382812,20.34000015258789,151.6837921142578,239.953369140625,70.31175231933594,878.6940307617188,463.22467041015625,536.5109252929688,307.388916015625,552.7156372070312,81.74065399169922,112.5679931640625,340.9828186035156,391.04632568359375,76.69641876220703,112.56400299072266,56.131309509277344,188.57200622558594,108.99431610107422,139.39149475097656,22.18002700805664,65.9673080444336,143.5172882080078,123.642822265625,284.97467041015625,248.10848999023438,82.57167053222656,98.91999816894531,198.03973388671875,160.35000610351562,576.9400024414062,292.0299987792969,155.06080627441406,79.41999816894531,398.00689697265625,338.9830017089844,95.1952896118164
2025-04-30,211.57785034179688,188.9445343017578,374.9800109863281,333.6878356933594,149.37371826171875,97.3499984741211,282.0707702636719,184.4199981689453,184.5886688232422,1.5,263.64642333984375,183.24000549316406,39.00274658203125,22.964200973510742,70.49564361572266,533.25,305.9587097167969,987.6463012695312,266.71954345703125,200.47885131835938,103.78055572509766,158.2512664794922,536.4367065429688,351.6025085449219,194.23350524902344,20.100000381469727,152.0729522705078,239.953369140625,70.5061264038086,892.3429565429688,465.0449523925781,544.8416137695312,312.4224548339844,547.2926025390625,82.21345520019531,112.69981384277344,341.4784240722656,392.25701904296875,76.76624298095703,113.1719970703125,55.01921844482422,191.0019989013672,108.89433288574219,139.3221893310547,22.75806999206543,65.48986053466797,145.06114196777344,124.03617095947266,284.6240234375,248.79063415527344,77.90056610107422,95.0,197.74598693847656,159.49000549316406,613.97998046875,282.1600036621094,155.68331909179688,81.01000213623047,400.1562805175781,342.9334411621094,96.3946533203125
2025-05-01,212.39430236816406,187.2400665283203,374.6300048828125,,147.6392364501953,96.6500015258789,275.14788818359375,190.1999969482422,,1.4700000286102295,265.7543640136719,182.88999938964844,39.28636169433594,,,530.22998046875,310.5985107421875,992.1549682617188,267.3349304199219,202.5379638671875,100.57576751708984,160.7426300048828,542.5892333984375,349.46649169921875,194.45497131347656,19.979999542236328,150.27310180664062,242.18008422851562,69.2816162109375,788.2634887695312,465.0157165527344,543.4201049804688,306.5483703613281,570.4304809570312,80.34146881103516,114.00823974609375,,422.1680603027344,77.58428955078125,113.34700012207031,55.37040328979492,191.58999633789062,111.58370208740234,144.04481506347656,22.3105525970459,65.06214904785156,132.11447143554688,125.29492950439453,281.44842529296875,,79.80792999267578,97.01000213623047,,165.36000061035156,602.260009765625,280.5199890136719,153.942138671875,80.88999938964844,389.69134521484375,339.9061279296875,96.5532455444336
2025-05-02,204.45889282226562,192.20822143554688,380.8699951171875,339.09503173828125,153.7248077392578,98.80000305175781,272.6657409667969,189.97999572753906,179.89236450195312,1.5,273.9781799316406,185.4600067138672,40.16656494140625,23.811771392822266,70.989013671875,539.7999877929688,320.2144470214844,1002.6558227539062,273.0423278808594,206.60641479492188,100.99462890625,163.46319580078125,554.610107421875,355.53314208984375,197.5830078125,20.6200008392334,151.88809204101562,247.69287109375,69.63148498535156,817.5665893554688,460.2265625,556.1051635742188,304.90631103515625,595.1632080078125,80.26427459716797,117.38668060302734,380.9293212890625,431.9729919433594,80.5272445678711,115.64900207519531,57.155601501464844,195.4720001220703,114.47303009033203,149.23275756835938,22.562278747558594,66.88241577148438,136.60914611816406,128.04844665527344,293.9072570800781,259.5101623535156,82.41597747802734,99.25,205.4325714111328,167.66000366210938,644.0,287.2099914550781,160.0216522216797,84.27999877929688,388.95220947265625,345.0178527832031,97.88146209716797
2025-05-05,198.02691650390625,189.88394165039062,381.05999755859375,343.76904296875,153.23912048339844,100.58999633789062,271.54107666015625,186.35000610351562,174.91746520996094,1.4700000286102295,275.1459045410156,186.4600067138672,40.2154655456543,24.130857467651367,71.17877197265625,512.1500244140625,319.6505126953125,1009.208984375,270.61053466796875,207.8398895263672,100.14715576171875,163.64259338378906,548.2029418945312,352.81195068359375,197.69374084472656,20.270000457763672,150.79844665527344,247.74191284179688,69.68006896972656,815.4224853515625,459.0195617675781,557.8250122070312,308.5813293457031,597.4063110351562,79.93619537353516,116.78129577636719,382.06927490234375,432.85626220703125,80.22796630859375,113.40599822998047,55.945960998535156,195.61000061035156,113.7931900024414,147.80706787109375,22.254613876342773,68.17550659179688,136.2476348876953,126.45533752441406,294.793701171875,260.5334167480469,79.46733093261719,98.37999725341797,206.85238647460938,167.8699951171875,637.6500244140625,280.260009765625,157.98866271972656,85.43000030517578,393.7080993652344,346.0501403808594,98.45635223388672
2025-05-06,197.64854431152344,181.24537658691406,382.9800109863281,346.0602111816406,151.67315673828125,98.62000274658203,262.21368408203125,185.00999450683594,174.95726013183594,1.3799999952316284,272.5134582519531,185.9600067138672,39.941627502441406,23.981285095214844,71.02696990966797,512.3300170898438,317.4543151855469,1004.8435668945312,271.3350830078125,207.50169372558594,95.34484100341797,162.6659698486328,538.2098999023438,350.5198974609375,193.70753479003906,19.940000534057617,150.2828369140625,244.49505615234375,69.69950103759766,769.423095703125,455.7586364746094,555.70751953125,309.62713623046875,585.4834594726562,76.26939392089844,115.54122924804688,381.32586669921875,430.0179138183594,80.3177490234375,113.76899719238281,55.643550872802734,193.052001953125,113.51325988769531,146.23284912109375,21.331607818603516,67.6881103515625,136.6970977783203,126.03248596191406,289.9718322753906,257.6098937988281,80.55725860595703,93.83000183105469,204.6002655029297,168.4499969482422,632.8499755859375,275.3500061035156,156.69493103027344,85.83000183105469,383.69061279296875,345.11712646484375,97.68321990966797
2025-05-07,195.3983612060547,182.15570068359375,384.9700012207031,340.65301513671875,154.42849731445312,100.36000061035156,267.4494323730469,188.7100067138672,170.04205322265625,1.3899999856948853,273.37445068359375,185.55999755859375,40.02964401245117,23.373029708862305,72.20347595214844,518.219970703125,316.8607177734375,1001.5123291015625,276.1690368652344,208.8147430419922,96.33843994140625,150.85691833496094,540.7179565429688,353.8067932128906,198.02589416503906,20.309999465942383,153.03611755371094,244.63238525390625,70.36034393310547,771.0112915039062,458.7859191894531,563.0044555664062,310.93682861328125,594.9539184570312,76.34659576416016,116.29307556152344,378.9468688964844,430.0576477050781,82.42271423339844,115.54100036621094,57.18486785888672,196.6580047607422,117.03242492675781,147.88626098632812,21.247703552246094,68.32471466064453,140.99636840820312,125.38343048095703,289.63092041015625,254.83255004882812,80.4891357421875,94.5,204.7960968017578,170.55999755859375,657.0999755859375,276.2200012207031,160.29397583007812,83.6500015258789,380.335205078125,347.25115966796875,97.96074676513672
2025-05-08,196.63299560546875,179.7248992919922,383.989990234375,341.2945556640625,154.6168212890625,101.69999694824219,263.7746887207031,192.0800018310547,174.89756774902344,1.399999976158142,280.7174987792969,191.6999969482422,40.68490219116211,23.353086471557617,74.23390197753906,513.25,320.7783508300781,1002.0692138671875,277.6678466796875,213.3606719970703,95.61759948730469,153.74688720703125,554.21826171875,355.8647766113281,197.96131896972656,21.0,151.44056701660156,248.63453674316406,69.16499328613281,745.9270629882812,461.91058349609375,563.789794921875,306.4017333984375,596.1502075195312,74.9281234741211,119.00756072998047,387.6201171875,434.8410339355469,84.94667053222656,114.44300079345703,57.46776580810547,194.8979949951172,117.34236145019531,148.80702209472656,21.415517807006836,70.10519409179688,141.77804565429688,126.53400421142578,286.7085876464844,256.0993957519531,79.98309326171875,94.0,208.7617950439453,173.97000122070312,655.260009765625,284.82000732421875,161.1208038330078,82.30000305175781,374.9762878417969,348.66058349609375,96.57306671142578
2025-05-09,197.66848754882812,178.77581787109375,383.2799987792969,346.4570007324219,154.2302703857422,102.83999633789062,257.7729797363281,193.05999755859375,175.5343475341797,1.3899999856948853,281.5587158203125,194.85000610351562,40.870723724365234,23.976299285888672,75.60017395019531,513.739990234375,322.1336669921875,1002.4470825195312,273.3798522949219,213.82818603515625,94.39998626708984,152.22216796875,555.5899047851562,353.76776123046875,196.5679931640625,21.420000076293945,150.03961181640625,248.25198364257812,68.5333023071289,729.1710815429688,460.9273986816406,565.3009033203125,306.5874328613281,590.6473388671875,73.30701446533203,118.83179473876953,385.191650390625,435.3967590332031,85.65496826171875,114.02200317382812,56.87269973754883,196.01199340820312,116.62252044677734,148.8466339111328,21.16849136352539,69.88636016845703,141.85621643066406,126.53400421142578,286.35791015625,254.97872924804688,78.14384460449219,91.7699966430664,209.59410095214844,174.13999938964844,648.25,298.260009765625,167.56991577148438,82.80999755859375,370.2009582519531,349.921142578125,96.10110473632812
2025-05-12,210.15049743652344,184.07325744628906,395.94000244140625,336.2277526855469,166.50050354003906,108.12000274658203,266.4023132324219,208.63999938964844,187.33229064941406,1.440000057220459,295.8192443847656,198.52999877929688,42.40618896484375,23.991256713867188,77.34595489501953,514.2999877929688,338.88238525390625,1010.4619140625,286.6806335449219,217.79721069335938,101.13099670410156,157.91246032714844,579.3379516601562,367.3055725097656,202.39041137695312,22.18000030517578,149.96177673339844,255.0889892578125,67.57119750976562,750.016845703125,460.5769958496094,574.8743286132812,304.8672790527344,637.4413452148438,77.61067962646484,124.06548309326172,395.9465026855469,445.8467712402344,92.06961822509766,111.0,61.047916412353516,203.1199951171875,122.97103118896484,155.65829467773438,21.938081741333008,71.92545318603516,148.63734436035156,128.39263916015625,285.9098205566406,255.8070526123047,83.36965942382812,104.33999633789062,217.13380432128906,180.5399932861328,620.8099975585938,318.3800048828125,182.17039489746094,88.0999984741211,368.3628234863281,353.20660400390625,96.13090515136719
2025-05-13,212.28399658203125,182.06854248046875,397.3999938964844,335.4629211425781,171.49581909179688,112.45999908447266,262.2234191894531,211.3699951171875,188.5878143310547,1.409999966621399,299.16412353515625,203.4199981689453,43.30595016479492,24.669313430786133,79.68000793457031,511.8800048828125,348.76544189453125,993.4378051757812,287.02801513671875,220.41334533691406,98.80290222167969,158.978759765625,591.5548095703125,364.38934326171875,201.35694885253906,22.559999465942383,144.41629028320312,257.9925537109375,67.01725769042969,740.5767211914062,447.60150146484375,573.2042236328125,301.71026611328125,653.98974609375,73.9438705444336,126.301513671875,397.8793640136719,445.72772216796875,96.69853973388672,113.84400177001953,60.862571716308594,207.343994140625,129.89938354492188,160.65814208984375,21.72905731201172,71.90556335449219,147.8751983642578,128.5499725341797,284.77947998046875,255.66087341308594,84.54716491699219,107.68000030517578,220.46302795410156,181.02000427246094,620.0700073242188,334.07000732421875,183.06529235839844,91.72000122070312,302.84039306640625,354.08148193359375,95.26647186279297
2025-05-14,211.68580627441406,171.8417205810547,399.4700012207031,335.4629211425781,172.59597778320312,117.72000122070312,254.3019256591797,210.25,188.5878143310547,1.4299999475479126,296.9869689941406,204.72000122070312,43.755836486816406,24.669313430786133,79.68000793457031,503.3999938964844,345.9162902832031,985.9896850585938,288.58636474609375,222.06460571289062,95.83189392089844,164.79856872558594,599.1867065429688,363.6187438964844,200.3972930908203,21.520000457763672,142.39266967773438,260.5723876953125,67.21162414550781,710.3008422851562,437.2347106933594,569.9136352539062,300.54718017578125,657.3093872070312,70.89463806152344,127.95166778564453,397.8793640136719,449.498779296875,95.0923843383789,115.0989990234375,60.218727111816406,205.36399841308594,135.30810546875,161.33135986328125,20.92146110534668,72.29348754882812,149.47763061523438,128.61880493164062,283.5311584472656,257.9716491699219,84.21630096435547,111.44999694824219,220.46302795410156,181.4499969482422,633.22998046875,347.67999267578125,182.228759765625,90.41000366210938,299.5628356933594,354.3996276855469,96.21039581298828
2025-05-15,210.80848693847656,175.94793701171875,404.69000244140625,332.8817138671875,173.20057678222656,114.98999786376953,263.4256896972656,205.1699981689453,189.6042022705078,1.6299999952316284,296.4426574707031,206.24000549316406,43.40375518798828,22.799671173095703,77.58000183105469,507.3299865722656,346.0646667480469,1004.8136596679688,288.6062316894531,228.17230224609375,97.74112701416016,163.39344787597656,603.3994750976562,369.2953186035156,205.11245727539062,21.549999237060547,145.5545654296875,262.3870544433594,69.59260559082031,727.9005126953125,452.7702941894531,578.78125,307.3693542480469,641.8775634765625,72.17803192138672,129.3870391845703,404.0178527832031,450.512939453125,95.2220687866211,117.7979965209961,60.8723258972168,207.03599548339844,134.79823303222656,157.81663513183594,21.4725284576416,71.18939208984375,149.11610412597656,133.27029418945312,289.3205261230469,258.8074951171875,84.91696166992188,110.20999908447266,217.2317352294922,182.97000122070312,640.1799926757812,342.82000732421875,182.7053985595703,90.16000366210938,266.8259582519531,360.20587158203125,95.73346710205078
2025-05-16,210.6190643310547,178.21412658691406,417.1300048828125,335.7497253417969,164.1019744873047,117.16999816894531,266.4579162597656,205.58999633789062,188.04974365234375,1.649999976158142,296.61090087890625,205.82000732421875,43.706932067871094,22.804656982421875,76.91999816894531,514.3099975585938,349.7942810058594,1020.0877075195312,288.99334716796875,230.5596466064453,99.84519958496094,165.61572265625,606.4658813476562,371.39227294921875,206.70762634277344,21.65999984741211,147.2279510498047,262.4557189941406,69.97161865234375,753.3644409179688,455.8656921386719,579.85498046875,311.40594482421875,638.3485107421875,73.39385223388672,129.0648193359375,400.98834228515625,451.6463317871094,97.76597595214844,119.15299987792969,61.564945220947266,208.03599548339844,135.36810302734375,158.89581298828125,21.69105339050293,71.79615020751953,149.00863647460938,133.23097229003906,291.3453369140625,261.80657958984375,83.85855865478516,110.75,215.37127685546875,183.0800018310547,656.2999877929688,349.9800109863281,183.3571014404297,91.79000091552734,283.9043884277344,363.00958251953125,97.61136627197266
2025-05-19,208.14659118652344,179.85079956054688,420.67999267578125,336.13214111328125,164.46868896484375,114.73999786376953,269.82275390625,206.16000366210938,183.80487060546875,1.840000033378601,296.1952209472656,205.25,43.78517532348633,22.849529266357422,77.55999755859375,512.3900146484375,348.7951354980469,1028.550048828125,285.4994201660156,234.05116271972656,103.410400390625,165.96450805664062,599.8724365234375,370.0268249511719,208.61813354492188,21.3799991607666,148.3565216064453,259.8268737792969,69.90357971191406,751.0966186523438,460.47967529296875,582.9664916992188,313.96673583984375,638.438232421875,74.5228500366211,127.75640106201172,403.1238708496094,456.2197570800781,98.4144287109375,119.16400146484375,60.56016540527344,205.14999389648438,135.53805541992188,158.0542449951172,21.852569580078125,71.9354019165039,150.18113708496094,134.9224090576172,293.6355285644531,261.0199279785156,82.91776275634766,109.0999984741211,217.18276977539062,182.0500030517578,664.6199951171875,342.0899963378906,183.20147705078125,92.45999908447266,307.22674560546875,365.77349853515625,97.49214172363281
2025-05-20,206.232421875,179.01792907714844,417.6099853515625,332.4992980957031,164.26055908203125,113.51000213623047,269.0011291503906,204.07000732421875,183.7450714111328,2.049999952316284,293.0977783203125,207.6699981689453,43.706932067871094,23.36305809020996,79.30000305175781,508.739990234375,345.74810791015625,1031.01611328125,285.92620849609375,234.0213165283203,106.28399658203125,163.41336059570312,594.2098388671875,367.75421142578125,208.72943115234375,21.270000457763672,149.49478149414062,260.6116027832031,69.67035675048828,743.0396728515625,463.1662902832031,577.6976318359375,312.5690612792969,635.1185913085938,75.23690032958984,126.08670043945312,402.57757568359375,455.5238342285156,97.8657455444336,119.2020034790039,61.02841567993164,204.3679962158203,134.34832763671875,158.71759033203125,22.346630096435547,72.22386169433594,150.29843139648438,134.90274047851562,294.1564636230469,260.67578125,83.87815856933594,106.43000030517578,217.62339782714844,182.8800048828125,658.6099853515625,343.82000732421875,183.56138610839844,91.87000274658203,312.7606506347656,364.7196350097656,97.1741943359375
2025-05-21,201.47689819335938,176.06414794921875,414.0299987792969,336.0365295410156,160.79156494140625,112.05999755859375,265.4112854003906,201.1199951171875,181.4931182861328,1.909999966621399,283.033203125,203.2100067138672,42.29861068725586,23.64724349975586,79.0199966430664,507.0299987792969,338.8428649902344,1019.5607299804688,280.18902587890625,232.3103790283203,104.92999267578125,167.97755432128906,581.4148559570312,361.6973571777344,205.77090454101562,20.690000534057617,149.0277862548828,256.06011962890625,69.82584381103516,721.096923828125,457.7735595703125,566.1956176757812,309.2850341796875,633.5235595703125,74.2816162109375,122.34696197509766,400.4420166015625,449.9561767578125,95.61112976074219,119.46299743652344,58.51156997680664,202.95199584960938,131.76895141601562,155.61868286132812,21.89057731628418,71.26896667480469,147.84588623046875,132.7097625732422,293.3111572265625,261.36407470703125,81.32037353515625,102.31999969482422,216.3994140625,179.1199951171875,643.0,334.6199951171875,180.36114501953125,88.66999816894531,294.6707763671875,356.22900390625,95.81295776367188
2025-05-22,200.74911499023438,176.7808074951172,414.3299865722656,335.4629211425781,159.5491485595703,110.70999908447266,265.9590759277344,203.10000610351562,177.9656982421875,2.0199999809265137,284.2009582519531,203.41000366210938,42.35729217529297,24.2903995513916,78.16000366210938,503.57000732421875,341.4941101074219,1012.4308471679688,281.32061767578125,229.05760192871094,103.97537231445312,170.279541015625,586.0880737304688,357.10345458984375,207.4031982421875,20.549999237060547,148.47325134277344,255.69720458984375,69.1358413696289,711.3987426757812,457.9390563964844,566.7921142578125,307.20318603515625,634.5902099609375,75.11146545410156,123.28433227539062,401.28631591796875,452.23291015625,94.60356140136719,118.7969970703125,59.818763732910156,203.1540069580078,132.7987060546875,155.74740600585938,21.89057731628418,71.07002258300781,143.99609375,131.84439086914062,294.71673583984375,261.069091796875,82.29056549072266,103.29000091552734,212.5806121826172,203.17999267578125,636.75,341.0400085449219,175.2932891845703,88.0,288.53387451171875,355.9009094238281,95.31615447998047
2025-05-23,194.67758178710938,177.47808837890625,407.69000244140625,331.7344970703125,156.5573272705078,110.30999755859375,265.72430419921875,200.99000549316406,172.96353149414062,2.059999942779541,282.2613220214844,202.36000061035156,42.24971008300781,24.405071258544922,75.26000213623047,503.4599914550781,339.71343994140625,1002.854736328125,271.1068115234375,231.56431579589844,104.58905792236328,167.8878631591797,586.3917236328125,353.76776123046875,205.9193115234375,20.049999237060547,148.79429626464844,255.7364044189453,69.74809265136719,709.9166870117188,456.41082763671875,560.2705688476562,307.45733642578125,625.1097412109375,74.8605728149414,123.09881591796875,395.0782775878906,447.5799560546875,93.14704132080078,118.53900146484375,58.550594329833984,200.87399291992188,131.25906372070312,154.4207000732422,22.156606674194336,69.4785385131836,142.0516357421875,130.81642150878906,289.8316345214844,256.2016906738281,82.71197509765625,101.51000213623047,207.8805389404297,200.0500030517578,653.8200073242188,339.3399963378906,171.48995971679688,87.75,287.4640197753906,351.49652099609375,95.7235336303711
2025-05-26,,,,336.80133056640625,,,,,175.87315368652344,,,,,24.609485626220703,76.80000305175781,,,,,,,,,,,,,,,,,,,,,,395.9225769042969,,,,,,,,,,,,,257.9224853515625,,,214.09832763671875,,,,,,,,
2025-05-27,199.60260009765625,179.86048889160156,413.1000061035156,336.89691162109375,160.85122680664062,114.55999755859375,273.3441162109375,206.02000427246094,175.2752685546875,2.2100000381469727,290.71270751953125,201.02999877929688,43.24727249145508,24.85877227783203,76.44000244140625,509.1600036621094,347.7464904785156,1012.0926513671875,275.1367492675781,240.50698852539062,106.26451110839844,172.30255126953125,603.2328491210938,361.2681884765625,210.02784729003906,20.549999237060547,150.37408447265625,260.22906494140625,69.7578125,721.365478515625,464.16888427734375,571.1761474609375,307.8287658691406,640.3223876953125,74.8702163696289,126.16481018066406,401.3359375,458.0292663574219,96.14984893798828,121.15699768066406,61.29180145263672,205.47799682617188,135.4680633544922,160.3017120361328,22.432138442993164,71.09986877441406,145.22723388671875,132.63511657714844,296.68255615234375,261.2165832519531,85.26976776123047,106.73999786376953,216.3994140625,206.35000610351562,653.4000244140625,362.8900146484375,178.24063110351562,89.0,286.9096374511719,357.2232360839844,96.95559692382812
2025-05-28,199.81195068359375,177.31346130371094,412.2300109863281,332.8817138671875,160.61265563964844,112.86000061035156,272.3170471191406,204.72000122070312,177.46746826171875,2.309999942779541,290.31683349609375,201.5,43.090797424316406,24.59951400756836,79.73999786376953,503.1099853515625,345.74810791015625,1007.4688110351562,273.9853210449219,242.3870391845703,105.63134002685547,171.76441955566406,596.0908203125,358.98590087890625,208.31210327148438,20.3700008392334,149.56947326660156,258.46337890625,69.14556121826172,715.5664672851562,457.4815673828125,572.5380859375,305.76641845703125,641.5784301757812,73.5,124.5048828125,403.421875,454.7184753417969,95.95032501220703,120.8550033569336,60.26750183105469,204.25999450683594,134.7782440185547,162.22244262695312,22.023591995239258,71.0600814819336,144.2208251953125,131.31063842773438,292.97698974609375,258.9057922363281,84.27996063232422,107.11000061035156,212.97227478027344,204.39999389648438,663.9600219726562,356.8999938964844,179.1257781982422,88.26000213623047,289.9342956542969,357.6507873535156,96.61776733398438
2025-05-29,199.34336853027344,179.7636260986328,413.3599853515625,332.4037170410156,158.5154266357422,113.02999877929688,277.3447570800781,205.6999969482422,175.57420349121094,2.319999933242798,292.3159484863281,208.17999267578125,43.2668342590332,24.65435791015625,78.4800033569336,506.17999267578125,348.0234680175781,1003.0933837890625,264.94281005859375,242.87445068359375,108.23218536376953,171.26614379882812,592.58349609375,359.210205078125,208.85000610351562,20.25,150.69789123535156,259.3266296386719,69.47598266601562,718.7295532226562,461.0928955078125,574.38720703125,304.8086242675781,643.0438232421875,73.72193908691406,125.13956451416016,400.59100341796875,456.0308837890625,96.56885528564453,118.48600006103516,59.93582534790039,203.04600524902344,139.15721130371094,161.28187561035156,22.280120849609375,70.55279541015625,144.94387817382812,133.238037109375,291.8564453125,258.07000732421875,82.36896514892578,107.69999694824219,208.17428588867188,202.30999755859375,636.6699829101562,358.42999267578125,179.94288635253906,84.30000305175781,289.9927062988281,360.3053283691406,96.47867584228516
2025-05-30,200.24066162109375,180.23817443847656,415.0899963378906,333.3597106933594,155.80194091796875,110.7300033569336,281.8833312988281,205.00999450683594,174.71725463867188,2.309999942779541,290.99969482421875,207.32000732421875,43.15925598144531,24.664329528808594,78.0999984741211,503.9599914550781,344.3037414550781,1034.357421875,263.4042663574219,244.61526489257812,107.22887420654297,171.14654541015625,591.1951904296875,359.210205078125,210.22262573242188,19.549999237060547,152.2973175048828,258.96368408203125,70.06879425048828,733.749267578125,469.5517883300781,582.1612548828125,306.7536315917969,645.4762573242188,74.14651489257812,125.01261901855469,401.3359375,457.7011413574219,94.23443603515625,120.7229995727539,59.10664367675781,202.21800231933594,135.09817504882812,163.88575744628906,22.318126678466797,69.90625,141.87576293945312,134.89857482910156,297.68511962890625,261.46240234375,82.27095794677734,107.22000122070312,207.3909454345703,205.6699981689453,665.1400146484375,346.4599914550781,177.86126708984375,84.16000366210938,293.630126953125,363.0791931152344,98.08831024169922
2025-06-02,201.08807373046875,181.09043884277344,403.3999938964844,335.1761169433594,156.31878662109375,114.62999725341797,282.1670227050781,206.64999389648438,174.83685302734375,2.490000009536743,292.26641845703125,211.47000122070312,43.110355377197266,25.06817054748535,76.19999694824219,502.80999755859375,340.9797058105469,1050.93408203125,259.6820983886719,246.1769561767578,106.08917236328125,168.44590759277344,589.4918823242188,358.8883361816406,209.15606689453125,19.739999771118164,152.48373413085938,259.611083984375,69.97161865234375,743.1490478515625,469.2969665527344,577.8069458007812,307.34332275390625,668.8134765625,73.57719421386719,125.37389373779297,400.0943603515625,459.3018493652344,97.945556640625,121.89800262451172,60.461795806884766,202.4219970703125,137.34764099121094,164.91542053222656,22.289621353149414,70.55279541015625,143.2730255126953,135.86721801757812,299.4543762207031,259.88909912109375,83.48616790771484,106.54000091552734,209.20242309570312,210.1699981689453,672.0,342.69000244140625,179.1841583251953,83.63999938964844,296.3630676269531,363.2084655761719,99.13157653808594
2025-06-03,202.6533203125,181.3422088623047,412.489990234375,335.3673095703125,160.76174926757812,117.30999755859375,283.24298095703125,205.7100067138672,177.44752502441406,2.3499999046325684,294.3050842285156,213.42999267578125,43.667816162109375,24.88868522644043,77.62000274658203,497.8299865722656,345.6590576171875,1049.68115234375,262.510986328125,247.55966186523438,106.498291015625,165.6057586669922,594.5231323242188,363.8821105957031,210.31536865234375,20.290000915527344,151.52212524414062,261.19036865234375,69.15528106689453,746.7896728515625,470.6201171875,578.5525512695312,307.0583190917969,664.7760620117188,74.43599700927734,125.64729309082031,403.8191833496094,460.2961120605469,102.0058364868164,121.79399871826172,61.247398376464844,202.17599487304688,141.1867218017578,167.45989990234375,22.185110092163086,70.95066833496094,145.53013610839844,135.90675354003906,301.1548156738281,265.0514831542969,84.86795806884766,105.11000061035156,209.59410095214844,209.14999389648438,671.0700073242188,344.2699890136719,182.94857788085938,82.52999877929688,292.9590759277344,363.74530029296875,99.34024047851562
2025-06-04,202.20468139648438,181.42938232421875,413.9100036621094,337.37493896484375,160.9506072998047,118.58000183105469,280.73895263671875,207.22999572753906,178.204833984375,2.4700000286102295,292.8601989746094,211.97999572753906,43.384193420410156,25.247655868530273,77.23999786376953,491.0,345.5898132324219,1045.802978515625,261.2206115722656,249.55909729003906,106.19631958007812,167.4693145751953,589.974365234375,363.2188720703125,210.94601440429688,20.25,150.3446502685547,259.1794738769531,69.35935974121094,761.7695922851562,472.6195068359375,580.699951171875,306.2522888183594,685.8104248046875,75.52638244628906,125.13956451416016,404.1171875,461.19091796875,103.00344848632812,123.96600341796875,61.640201568603516,202.54800415039062,141.88656616210938,166.43023681640625,22.223115921020508,72.41284942626953,145.6376190185547,136.94459533691406,304.0347595214844,266.77227783203125,86.34776306152344,103.58000183105469,213.51083374023438,209.60000610351562,701.0800170898438,332.04998779296875,185.51654052734375,83.44999694824219,292.1421203613281,365.8729553222656,98.71426391601562
2025-06-05,200.0213165283203,181.55528259277344,415.20001220703125,338.3309326171875,163.1969451904297,115.69000244140625,280.82696533203125,207.91000366210938,178.12510681152344,2.4800000190734863,292.889892578125,209.02000427246094,43.40375518798828,26.3544864654541,77.23999786376953,488.739990234375,345.2237854003906,1005.15185546875,265.16119384765625,250.59361267089844,107.5990219116211,167.62875366210938,596.5415649414062,362.4141540527344,210.22262573242188,19.989999771118164,150.77639770507812,256.9527893066406,68.9123306274414,761.6104125976562,468.5226745605469,582.002197265625,303.7065124511719,682.49072265625,74.899169921875,127.54158020019531,405.80572509765625,464.9788818359375,106.03619384765625,125.052001953125,61.5420036315918,203.52000427246094,139.95703125,169.4400177001953,21.966585159301758,72.08460235595703,145.04783630371094,137.4585723876953,303.8185119628906,266.4281311035156,85.25016021728516,105.02999877929688,214.68585205078125,210.10000610351562,712.8200073242188,284.70001220703125,185.29283142089844,84.66999816894531,287.7265930175781,364.6500549316406,97.33316802978516
2025-06-06,203.3013458251953,183.84080505371094,416.9200134277344,339.6693420410156,165.7315216064453,116.19000244140625,283.9863586425781,213.57000732421875,177.6069793701172,2.4100000858306885,299.3323974609375,210.8000030517578,44.23995590209961,26.35947036743164,76.68000030517578,493.5299987792969,349.5667724609375,1009.2587280273438,272.4765930175781,254.2840576171875,109.54722595214844,173.07984924316406,604.536376953125,360.5003662109375,212.1795196533203,20.059999465942383,152.1206817626953,260.6606750488281,69.33992767333984,765.7880249023438,472.1098937988281,586.6547241210938,302.1141357421875,695.5401611328125,76.20185852050781,128.7133026123047,410.3251953125,467.6632995605469,108.3007583618164,124.14700317382812,61.66965866088867,206.04200744628906,141.6865997314453,172.2914276123047,22.185110092163086,73.03950500488281,146.69923400878906,137.48822021484375,304.50653076171875,267.8047790527344,87.84716796875,111.41000366210938,214.24522399902344,210.83999633789062,712.260009765625,295.1400146484375,187.17015075683594,85.5999984741211,294.9042053222656,368.0801086425781,96.84630584716797
2025-06-09,200.8388214111328,183.1919708251953,416.260009765625,339.6693420410156,168.7630615234375,121.7300033569336,283.64404296875,216.97999572753906,177.6069793701172,2.2799999713897705,298.43182373046875,217.50999450683594,44.14157485961914,26.40932846069336,76.68000030517578,493.3299865722656,354.2362365722656,1000.5477294921875,270.2333068847656,250.08628845214844,110.07323455810547,175.6939697265625,604.0637817382812,358.4100036621094,210.64923095703125,20.479999542236328,152.31692504882812,261.6513977050781,69.74809265136719,769.5977783203125,471.2669677734375,580.8987426757812,299.57818603515625,691.9014892578125,76.54923248291016,128.84024047851562,409.1829528808594,470.0196228027344,110.68505096435547,122.44599914550781,60.79568099975586,205.3719940185547,142.59640502929688,175.3903350830078,22.774179458618164,73.15885925292969,152.76419067382812,139.346435546875,300.2013854980469,267.8047790527344,88.8565673828125,107.80000305175781,214.24522399902344,210.85000610351562,699.1099853515625,308.5799865722656,193.77493286132812,87.12000274658203,294.87506103515625,364.5406799316406,96.82642364501953
2025-06-10,202.0551300048828,183.52122497558594,416.05999755859375,332.30810546875,172.71900939941406,123.23999786376953,287.0186462402344,217.61000061035156,176.90943908691406,2.25,296.4129638671875,215.72999572753906,44.35800552368164,26.66858673095703,77.83999633789062,491.1300048828125,354.7308654785156,1001.631591796875,266.2331848144531,240.72584533691406,107.23860168457031,178.19833374023438,605.3929443359375,361.0696105957031,209.8423614501953,22.079999923706055,153.51405334472656,263.4759521484375,70.31175231933594,802.8997802734375,467.4151306152344,586.0781860351562,295.30242919921875,700.2155151367188,78.49842071533203,128.7133026123047,406.8487243652344,468.2001647949219,113.86744689941406,120.36199951171875,62.72039794921875,201.95799255371094,143.92608642578125,175.717041015625,23.087717056274414,74.36243438720703,156.42086791992188,136.9149169921875,299.2086486816406,261.2657470703125,89.60136413574219,110.26000213623047,214.49002075195312,208.24000549316406,693.3200073242188,326.0899963378906,196.7708740234375,86.38999938964844,295.45855712890625,368.557373046875,96.69725799560547
2025-06-11,198.1769256591797,185.4581298828125,412.8399963378906,330.7784729003906,171.74490356445312,121.13999938964844,285.4340515136719,213.1999969482422,174.39842224121094,2.2300000190734863,295.9973449707031,214.0,44.003849029541016,27.67569923400879,77.13999938964844,488.1400146484375,359.251953125,991.2003784179688,263.9403076171875,244.22731018066406,106.46907043457031,176.95114135742188,614.5496215820312,353.7581481933594,209.43429565429688,20.68000030517578,152.3463592529297,263.03448486328125,70.03964233398438,804.3121948242188,447.5189208984375,587.2710571289062,296.5704345703125,691.981201171875,77.50452423095703,128.7035369873047,410.6728515625,469.890380859375,115.7529296875,121.98799896240234,61.974082946777344,200.86599731445312,142.80625915527344,174.62799072265625,23.25873565673828,74.21322631835938,156.764892578125,140.16680908203125,294.09747314453125,258.75830078125,93.4821548461914,114.12999725341797,215.12648010253906,208.61000061035156,709.1400146484375,326.42999267578125,194.2418212890625,86.58000183105469,302.0429382324219,371.1522521972656,95.1869888305664
2025-06-12,198.5956573486328,186.34909057617188,413.67999267578125,328.0060729980469,173.94155883789062,118.5,290.7943115234375,213.24000549316406,170.57203674316406,2.180000066757202,294.8988342285156,203.75,43.895633697509766,27.740514755249023,76.76000213623047,490.3399963378906,357.09527587890625,997.09716796875,264.93292236328125,238.72640991210938,109.14784240722656,175.30484008789062,615.47509765625,356.4079284667969,209.64759826660156,20.770000457763672,153.7200927734375,263.1227722167969,70.20484924316406,807.714111328125,459.9368591308594,585.8197631835938,297.98583984375,691.20361328125,78.95195007324219,128.81092834472656,409.3319091796875,476.104248046875,115.90258026123047,121.50299835205078,61.66965866088867,201.4739990234375,144.9759063720703,197.874755859375,23.60077667236328,74.41216278076172,155.9981689453125,139.346435546875,296.5842590332031,256.79168701171875,92.43356323242188,109.20999908447266,212.82540893554688,211.27999877929688,702.8200073242188,319.1099853515625,194.212646484375,85.62000274658203,309.76513671875,369.2532958984375,94.22319030761719
2025-06-13,195.85398864746094,185.05137634277344,391.67999267578125,326.5720520019531,169.55821228027344,116.16000366210938,288.7695617675781,212.10000610351562,170.01402282714844,2.109999895095825,284.8046569824219,200.32000732421875,43.37424087524414,27.401485443115234,75.30000305175781,487.5400085449219,353.2271423339844,984.6671142578125,256.48590087890625,235.35426330566406,107.89214324951172,174.27716064453125,604.0834350585938,348.06597900390625,208.0153045654297,20.139999389648438,154.15184020996094,259.89556884765625,69.50994110107422,815.005126953125,476.7752685546875,558.729736328125,296.75714111328125,680.7462768554688,78.84580993652344,126.4382095336914,408.88494873046875,472.21685791015625,115.32394409179688,121.21499633789062,59.44051742553711,197.73199462890625,141.9464111328125,213.08218383789062,23.315746307373047,70.45333099365234,152.0859375,144.00186157226562,288.3474426269531,250.4984893798828,91.39476013183594,105.33999633789062,210.47535705566406,208.17999267578125,710.8499755859375,325.30999755859375,189.67977905273438,83.93000030517578,304.93145751953125,350.8105163574219,93.835693359375
2025-06-16,197.81802368164062,184.8383026123047,401.7300109863281,328.7708740234375,175.482177734375,126.38999938964844,289.10211181640625,216.10000610351562,169.69517517089844,2.240000009536743,291.16796875,201.6999969482422,43.68904113769531,27.4962158203125,74.05999755859375,490.2300109863281,358.5594482421875,978.849853515625,261.92535400390625,235.29457092285156,108.72600555419922,176.3724365234375,618.1729125976562,346.9864196777344,207.82981872558594,20.739999771118164,152.30712890625,265.20233154296875,69.02057647705078,803.2877197265625,457.7708435058594,565.3306274414062,291.23309326171875,700.4749145507812,78.90428161621094,127.81497955322266,411.6661376953125,476.3727111816406,119.55382537841797,122.53500366210938,60.785858154296875,201.0260009765625,144.66595458984375,209.0030975341797,23.182727813720703,71.87571716308594,154.19932556152344,144.762939453125,290.7850646972656,253.1534423828125,91.61035919189453,108.37000274658203,211.50350952148438,209.1199951171875,715.5700073242188,329.1300048828125,193.78463745117188,85.12000274658203,301.3465881347656,353.4253234863281,93.68665313720703
2025-06-17,195.0464630126953,179.6280517578125,382.67999267578125,323.8952331542969,173.0370635986328,127.0999984741211,283.7124938964844,214.82000732421875,170.85104370117188,2.2200000286102295,289.7725830078125,200.25999450683594,43.511966705322266,27.082399368286133,73.44000244140625,483.4800109863281,353.85040283203125,972.2470092773438,260.81365966796875,234.50872802734375,105.94972229003906,175.5542755126953,615.0123291015625,342.2953186035156,205.69671630859375,20.799999237060547,149.52041625976562,264.37835693359375,68.13972473144531,787.0345458984375,469.8066101074219,566.1061401367188,287.3210144042969,695.5963134765625,76.29232788085938,127.0240707397461,411.16949462890625,475.279052734375,120.05264282226562,122.06700134277344,58.92005920410156,200.98199462890625,144.09603881835938,206.11209106445312,22.802682876586914,70.29417419433594,151.8303680419922,146.75950622558594,287.6397705078125,251.7767791748047,89.7581558227539,106.52999877929688,209.54513549804688,209.4499969482422,721.280029296875,316.3500061035156,192.29638671875,84.76000213623047,302.53173828125,355.77166748046875,93.64690399169922
2025-06-18,195.9835968017578,179.6377410888672,378.0400085449219,322.8436279296875,171.79461669921875,126.79000091552734,283.30169677734375,212.52000427246094,170.05389404296875,2.3299999237060547,293.34515380859375,197.67999267578125,44.328495025634766,27.12727165222168,72.54000091552734,485.1400146484375,355.94769287109375,969.44287109375,257.9862060546875,234.64801025390625,105.94972229003906,172.93020629882812,625.448974609375,340.5778503417969,205.77090454101562,21.489999771118164,147.9013671875,268.733642578125,67.73843383789062,780.8576049804688,459.2802429199219,535.5665283203125,284.686767578125,694.1398315429688,77.27667999267578,129.3968048095703,413.1560974121094,477.4663391113281,121.52909851074219,122.22899627685547,58.438873291015625,196.41600036621094,145.455810546875,208.77536010742188,22.688669204711914,68.2053451538086,151.01451110839844,144.1797637939453,284.85809326171875,248.72853088378906,90.43435668945312,105.97000122070312,206.65655517578125,212.0800018310547,710.1900024414062,322.04998779296875,192.93838500976562,83.44000244140625,300.8960266113281,338.41259765625,94.48152160644531
2025-06-19,,,,318.7327880859375,,,,,168.39979553222656,,,,,26.853057861328125,71.5,,,,,,,,,,,,,,,,,,,,,,410.6728515625,,,,,,,,,,,,,243.6153106689453,,,203.57211303710938,,,,,,,,
2025-06-20,200.3902130126953,179.45375061035156,376.9200134277344,325.233642578125,168.43505859375,128.24000549316406,283.0082092285156,209.69000244140625,171.329345703125,2.4800000190734863,295.49261474609375,198.75,44.761348724365234,26.60875701904297,72.0,484.8500061035156,356.65997314453125,974.8026733398438,259.109619140625,238.1096649169922,106.44023132324219,166.26522827148438,630.9232788085938,343.1196594238281,205.70599365234375,21.079999923706055,146.97901916503906,269.7538146972656,67.37630462646484,758.6760864257812,461.20123291015625,529.84033203125,282.5538024902344,680.7511596679688,77.05252075195312,129.5823211669922,413.9010314941406,474.64276123046875,123.30484771728516,123.14099884033203,58.71384048461914,194.28199768066406,143.8260955810547,203.13198852539062,22.774179458618164,69.67748260498047,148.7438201904297,144.94082641601562,282.676025390625,246.9585723876953,91.25756072998047,106.4000015258789,204.94297790527344,211.99000549316406,707.4199829101562,322.1600036621094,192.79246520996094,83.77999877929688,295.8125305175781,336.6130676269531,95.50494384765625
2025-06-23,200.888671875,177.96231079101562,380.1199951171875,321.4096374511719,170.91995239257812,129.5800018310547,266.4872741699219,208.47000122070312,172.7443084716797,2.0199999809265137,296.5218505859375,201.30999755859375,45.548362731933594,26.160043716430664,72.22000122070312,487.7699890136719,362.30889892578125,998.8572387695312,261.8734130859375,246.5052490234375,104.17408752441406,164.8184814453125,636.9096069335938,350.3232116699219,208.4326629638672,21.190000534057617,148.4803009033203,272.96142578125,68.25716400146484,766.5440673828125,463.0634460449219,539.1652221679688,284.57861328125,696.8933715820312,78.12459564208984,130.8419189453125,412.46075439453125,483.19305419921875,121.78848266601562,125.35399627685547,59.68601608276367,196.0800018310547,144.1460418701172,204.98341369628906,22.831186294555664,71.6270523071289,150.53282165527344,144.12046813964844,285.8311767578125,245.77859497070312,90.49315643310547,109.9800033569336,204.45339965820312,213.7100067138672,731.1500244140625,348.67999267578125,195.8954315185547,85.23999786376953,294.5097961425781,341.76312255859375,97.24374389648438
2025-06-24,199.6923065185547,179.69586181640625,382.3399963378906,325.711669921875,179.09022521972656,138.42999267578125,271.4269104003906,212.77000427246094,172.6446533203125,2.109999895095825,305.1810607910156,200.94000244140625,45.90251922607422,26.40932846069336,73.16000366210938,493.4800109863281,369.0261535644531,996.3115234375,269.5881652832031,247.44029235839844,105.16490936279297,166.3949432373047,651.9048461914062,353.7189025878906,208.3028106689453,22.549999237060547,149.333984375,275.8944091796875,68.71717071533203,773.944580078125,451.0473327636719,554.256103515625,286.495361328125,710.5313720703125,78.28052520751953,132.6971435546875,419.31439208984375,487.279296875,127.60456848144531,127.91100311279297,60.31449890136719,199.26400756835938,147.87539672851562,213.1316680908203,23.097217559814453,73.1886978149414,153.05908203125,140.20635986328125,292.0038757324219,250.6951446533203,89.66995239257812,114.41999816894531,210.03472900390625,223.13999938964844,749.9099731445312,340.4700012207031,200.19485473632812,91.6500015258789,299.3484191894531,349.5975646972656,97.37290954589844
2025-06-25,200.948486328125,179.5408935546875,387.54998779296875,324.94683837890625,181.96273803710938,143.39999389648438,274.22442626953125,211.99000549316406,173.1627960205078,2.200000047683716,305.388916015625,198.89999389648438,46.08943176269531,26.334543228149414,72.91999816894531,486.2099914550781,367.6015319824219,981.0177001953125,266.1980285644531,248.58424377441406,103.91902160644531,170.296142578125,659.5452270507812,355.132080078125,205.69671630859375,22.200000762939453,149.4222869873047,278.6409606933594,68.14950561523438,788.0889282226562,449.2733154296875,546.4720458984375,280.6763610839844,707.01953125,77.64703369140625,134.4742431640625,420.9036560058594,489.4268493652344,126.94613647460938,127.5250015258789,59.73512268066406,201.03199768066406,154.28436279296875,208.62686157226562,23.049713134765625,72.6814193725586,153.27532958984375,139.74180603027344,288.2786560058594,248.28604125976562,89.27796173095703,113.88999938964844,209.15347290039062,221.52000427246094,736.2999877929688,327.54998779296875,199.77658081054688,90.9000015258789,295.8222961425781,343.264404296875,96.63764953613281
2025-06-26,200.3902130126953,180.89671325683594,384.95001220703125,325.3292236328125,182.4100341796875,143.67999267578125,273.0115051269531,217.1199951171875,170.253173828125,2.25,308.1895446777344,202.5800018310547,46.68953323364258,26.204914093017578,72.95999908447266,485.04998779296875,377.7912902832031,977.407958984375,269.16064453125,249.67845153808594,105.57694244384766,173.14968872070312,676.5687255859375,356.7416076660156,209.9536590576172,22.5,149.1573486328125,283.24151611328125,67.99290466308594,790.8939208984375,448.79302978515625,542.6049194335938,280.7550048828125,724.3887329101562,76.828369140625,136.45639038085938,419.0660705566406,494.57696533203125,125.6991195678711,130.66700744628906,61.414344787597656,202.28799438476562,154.99423217773438,210.70602416992188,23.030710220336914,72.78087615966797,155.4968719482422,141.016845703125,290.5000305175781,247.45022583007812,90.00315856933594,113.06999969482422,210.37745666503906,221.9199981689453,775.9000244140625,325.7799987792969,200.6811981201172,93.12000274658203,296.4100036621094,344.0299377441406,95.40557098388672
2025-06-27,200.469970703125,176.55807495117188,385.8299865722656,328.6752624511719,182.10189819335938,143.80999755859375,271.0747985839844,223.3000030517578,171.44891357421875,2.200000047683716,313.89971923828125,214.5500030517578,46.35505294799805,26.89792823791504,76.83999633789062,485.67999267578125,380.59100341796875,979.6255493164062,271.8250427246094,253.16995239257812,108.56903839111328,178.12847900390625,680.1625366210938,361.8841857910156,212.24444580078125,22.690000534057617,149.5498504638672,281.6327819824219,68.8346176147461,771.3284912109375,449.46929931640625,547.0885009765625,286.573974609375,731.9111328125,77.09150695800781,137.37425231933594,422.4432373046875,493.0756530761719,124.46208190917969,132.31199645996094,70.74335479736328,204.48399353027344,157.72378540039062,208.15164184570312,22.983205795288086,73.24838256835938,155.8408966064453,142.98377990722656,295.94537353515625,253.6942596435547,90.26776123046875,113.6500015258789,218.1129913330078,222.61000061035156,772.5999755859375,323.6300048828125,201.43019104003906,91.52999877929688,302.76678466796875,346.5950012207031,96.64757537841797
2025-06-30,204.5475311279297,179.7636260986328,386.8800048828125,328.9620666503906,181.96273803710938,141.89999389648438,273.1093444824219,219.38999938964844,169.61546325683594,2.190000057220459,315.6711120605469,209.52999877929688,46.55180358886719,25.4620418548584,75.45999908447266,485.7699890136719,384.05352783203125,984.398681640625,271.0992736816406,256.0348205566406,108.76525115966797,175.83364868164062,696.8414306640625,359.8232421875,215.9820098876953,22.399999618530273,149.8834686279297,284.37939453125,69.24568939208984,775.3868408203125,453.9288330078125,558.6401977539062,287.1834411621094,736.3606567382812,77.14999389648438,137.54025268554688,421.30096435546875,494.53717041015625,122.95568084716797,133.91299438476562,69.76134490966797,205.61599731445312,157.96376037597656,216.4582977294922,23.030710220336914,73.92476654052734,156.54864501953125,144.32801818847656,298.9039306640625,253.84173583984375,89.79735565185547,115.3499984741211,213.11915588378906,223.77000427246094,767.3400268554688,317.6600036621094,201.9554443359375,93.30000305175781,305.568115234375,352.997802734375,97.1543197631836
2025-07-01,207.18951416015625,183.9957733154297,392.1000061035156,327.71923828125,182.6485595703125,136.11000061035156,284.1722106933594,220.4600067138672,175.91299438476562,2.7100000381469727,319.1842956542969,209.7899932861328,47.36833190917969,26.3843994140625,75.30000305175781,489.6099853515625,386.7345275878906,980.4409790039062,270.3238220214844,247.7088623046875,109.60891723632812,175.44451904296875,695.5712890625,366.2220153808594,221.44464111328125,22.850000381469727,152.99398803710938,284.8698425292969,70.14613342285156,771.776123046875,456.67315673828125,561.2944946289062,292.41259765625,717.5347900390625,79.7326889038086,137.74530029296875,416.2848815917969,489.2081298828125,120.601318359375,129.36000061035156,72.08869171142578,202.3780059814453,153.2745361328125,216.7850341796875,23.790800094604492,74.88960266113281,156.68624877929688,142.5192413330078,295.5423583984375,251.3343048095703,93.02155303955078,112.66999816894531,211.16078186035156,215.97000122070312,722.3499755859375,300.7099914550781,204.70823669433594,92.12999725341797,319.4473571777344,353.4153747558594,97.61136627197266
2025-07-02,211.7954864501953,184.73178100585938,378.4700012207031,325.52044677734375,188.86077880859375,138.52000427246094,290.3639221191406,219.9199981689453,179.30093383789062,2.75,322.2322998046875,212.02999877929688,47.91923904418945,26.279699325561523,79.08000183105469,480.4800109863281,394.1640930175781,976.861083984375,267.63958740234375,243.46133422851562,109.3930892944336,178.23822021484375,704.85595703125,364.9363708496094,221.89906311035156,21.8799991607666,152.6407470703125,286.4295349121094,69.40229797363281,775.13818359375,453.3505554199219,558.22265625,289.6014099121094,711.8980712890625,80.29796600341797,139.49310302734375,415.1426086425781,488.253662109375,121.44929504394531,128.48599243164062,75.01505279541016,201.95199584960938,157.22386169433594,227.69554138183594,24.05683135986328,75.90418243408203,159.55654907226562,142.84539794921875,293.0654296875,248.87603759765625,92.29635620117188,114.7699966430664,214.93064880371094,217.33999633789062,709.5,315.6499938964844,209.70799255371094,92.05000305175781,301.24859619140625,352.172607421875,96.98540496826172
2025-07-03,212.90213012695312,183.3081817626953,379.30999755859375,328.7708740234375,189.8944854736328,137.91000366210938,291.7235412597656,223.41000366210938,181.2539520263672,2.7699999809265137,325.5460205078125,215.9199981689453,48.13566589355469,25.975570678710938,78.33999633789062,485.0,393.6001892089844,981.4950561523438,270.56243896484375,245.58013916015625,109.62853240966797,179.126220703125,712.5258178710938,364.76953125,222.9563446044922,22.489999771118164,153.08229064941406,291.75201416015625,69.83293151855469,776.520751953125,453.3211364746094,565.8972778320312,289.060791015625,717.3253173828125,78.87503814697266,140.74293518066406,420.9036560058594,495.95892333984375,121.99798583984375,129.71800231933594,75.01505279541016,208.93800354003906,159.3135223388672,234.96266174316406,24.11383628845215,76.18268585205078,159.44842529296875,144.0611572265625,298.5304260253906,253.89093017578125,92.5511703491211,116.5199966430664,216.69317626953125,221.49000549316406,725.0499877929688,315.3500061035156,210.1262664794922,93.62999725341797,302.21832275390625,356.7857360839844,97.73060607910156
2025-07-04,,,,326.66766357421875,,,,,179.67958068847656,,,,,26.12015724182129,77.83999633789062,,,,,,,,,,,,,,,,,,,,,,418.22174072265625,,,,,,,,,,,,,251.23597717285156,,,211.50350952148438,,,,,,,,
2025-07-07,209.3130340576172,181.71023559570312,376.92999267578125,334.2201232910156,189.62611389160156,134.8000030517578,286.54913330078125,223.47000122070312,179.93865966796875,2.75,320.1885681152344,218.6300048828125,47.87004470825195,26.075284957885742,78.05999755859375,478.0299987792969,387.3182067871094,986.6260986328125,268.22613525390625,247.7020263671875,109.65796661376953,176.3923797607422,699.9723510742188,360.8046569824219,221.98255920410156,22.0,152.35618591308594,287.7798767089844,69.50016021728516,768.76220703125,459.7310791015625,561.801513671875,288.52020263671875,716.6669311523438,78.84580993652344,140.3523712158203,421.7975769042969,494.8454284667969,119.74624633789062,128.96200561523438,75.15253448486328,207.0019989013672,158.21371459960938,229.95289611816406,23.98082160949707,75.77487182617188,155.3985595703125,144.22918701171875,300.30950927734375,256.79168701171875,91.76715850830078,116.66000366210938,213.80459594726562,225.7899932861328,736.2899780273438,293.94000244140625,207.58749389648438,96.68000030517578,297.4776306152344,354.5786437988281,98.71426391601562
2025-07-08,209.3728485107422,183.78269958496094,382.239990234375,335.271728515625,193.81065368652344,137.82000732421875,290.5106506347656,219.36000061035156,178.70306396484375,2.630000114440918,314.4838562011719,218.52000427246094,46.38456344604492,27.10234260559082,79.81999969482422,477.4700012207031,390.0684509277344,980.3215942382812,272.0537109375,246.10812377929688,108.9516372680664,173.9678497314453,686.5327758789062,360.667236328125,222.39990234375,23.59000015258789,152.86642456054688,278.72174072265625,68.74652862548828,773.5267333984375,453.8014221191406,559.1373291015625,286.69195556640625,718.9814453125,79.30387878417969,137.80389404296875,420.25799560546875,493.75177001953125,124.2397232055664,127.53099822998047,72.58951568603516,204.5959930419922,159.97341918945312,232.170654296875,24.34186363220215,74.63098907470703,156.7353973388672,143.2308807373047,303.48431396484375,259.7416076660156,93.04116821289062,112.4800033569336,212.53164672851562,223.5,721.3900146484375,297.80999755859375,210.71963500976562,97.4800033569336,301.3857727050781,352.50067138671875,96.4687271118164
2025-07-09,210.4994354248047,184.60589599609375,373.3800048828125,340.52978515625,194.20822143554688,138.41000366210938,290.0411376953125,222.5399932861328,176.88954162597656,2.6600000858306885,314.8509216308594,226.60000610351562,46.07959747314453,27.251914978027344,82.0,478.9100036621094,397.8739318847656,976.5925903320312,269.339599609375,249.37564086914062,111.09024810791016,176.22276306152344,685.8239135742188,364.14141845703125,221.39825439453125,23.440000534057617,153.34722900390625,279.0963134765625,68.00269317626953,782.7374877929688,453.85040283203125,562.5517578125,288.0188903808594,731.0631103515625,81.58445739746094,138.2139892578125,425.0754699707031,500.60198974609375,122.0628890991211,128.8280029296875,72.23599243164062,202.74200439453125,162.85293579101562,233.4676513671875,24.28485870361328,74.43206024169922,156.63711547851562,144.4861602783203,306.6001281738281,261.069091796875,93.34496307373047,114.31999969482422,220.8057403564453,221.89999389648438,722.1199951171875,295.8800048828125,210.48617553710938,96.63999938964844,296.6940612792969,355.692138671875,96.19052124023438
2025-07-10,211.7655792236328,188.8477020263672,371.42999267578125,332.977294921875,196.83226013183594,144.16000366210938,293.8070373535156,222.25999450683594,181.55288696289062,2.7300000190734863,322.67877197265625,226.08999633789062,46.20748519897461,27.70062828063965,85.4000015258789,478.2699890136719,403.9580993652344,964.7393188476562,262.4301452636719,251.60708618164062,112.36557006835938,177.22052001953125,698.1902465820312,366.3594055175781,219.58975219726562,23.81999969482422,154.7307586669922,284.0540771484375,68.28652954101562,786.4476928710938,455.0755615234375,560.9689331054688,293.2972412109375,725.5360107421875,81.88658142089844,139.71768188476562,425.57208251953125,498.58367919921875,122.93162536621094,125.05899810791016,73.27690887451172,193.6179962158203,164.07273864746094,233.1600799560547,24.49388313293457,75.29742431640625,156.38153076171875,144.70361328125,300.9778747558594,258.7091369628906,93.24696350097656,115.16000366210938,222.0786895751953,214.4199981689453,709.9500122070312,309.8699951171875,213.66697692871094,96.4000015258789,293.36383056640625,353.822998046875,94.25299835205078
2025-07-11,210.5193634033203,186.37815856933594,363.3500061035156,331.3520812988281,196.7328643798828,146.4199981689453,288.81842041015625,225.02000427246094,179.59986877441406,2.619999885559082,316.9542236328125,226.83999633789062,45.971378326416016,27.261886596679688,85.58000183105469,475.8599853515625,401.57391357421875,964.8984375,256.5645751953125,254.4462127685547,107.55858612060547,179.78475952148438,694.0845947265625,363.189453125,218.8107147216797,23.43000030517578,153.95559692382812,282.7431640625,68.38440704345703,788.795166015625,458.2119140625,547.6893310546875,294.7912902832031,715.828857421875,81.24333190917969,138.92677307128906,427.16131591796875,500.4130859375,124.34957122802734,124.51100158691406,71.3227310180664,187.75599670410156,164.89259338378906,228.7548370361328,24.370365142822266,70.98051452636719,154.77928161621094,145.16818237304688,295.70947265625,254.43173217773438,93.04116821289062,112.11000061035156,218.40675354003906,210.83999633789062,709.1500244140625,313.510009765625,215.21359252929688,95.38999938964844,297.8596496582031,345.9189453125,93.79594421386719
2025-07-14,207.98707580566406,185.4774932861328,366.989990234375,329.8224792480469,195.9079132080078,146.24000549316406,290.5400085449219,225.69000244140625,177.8660430908203,2.7200000286102295,318.392822265625,230.50999450683594,46.30585861206055,27.431400299072266,83.45999908447266,476.30999755859375,401.4255065917969,975.419189453125,258.1651611328125,261.3398132324219,109.96208190917969,181.1516571044922,702.3058471679688,363.22869873046875,220.78614807128906,23.299999237060547,153.87709045410156,284.5567932128906,67.99290466308594,795.091552734375,464.1513977050781,550.5164794921875,296.7276916503906,719.2308349609375,81.54546356201172,140.5769500732422,427.21099853515625,500.1147766113281,118.43814849853516,126.19499969482422,70.9495620727539,192.3560028076172,164.04273986816406,227.48486328125,24.08533477783203,73.49705505371094,151.6632537841797,147.5502471923828,295.5030822753906,253.743408203125,91.55155944824219,116.73999786376953,215.7139892578125,213.52000427246094,717.489990234375,316.8999938964844,214.04632568359375,93.88999938964844,294.4118347167969,348.47412109375,95.1671142578125
2025-07-15,208.4755859375,182.0684051513672,364.17999267578125,324.7556457519531,198.0846405029297,155.61000061035156,286.1187744140625,226.35000610351562,181.41339111328125,2.6500000953674316,308.2037048339844,230.0,45.40079879760742,27.236957550048828,85.05999755859375,470.1300048828125,400.3076171875,962.2632446289062,256.0774230957031,263.66094970703125,106.9896011352539,181.59066772460938,691.68212890625,351.97198486328125,218.22642517089844,22.920000076293945,152.258056640625,282.4376220703125,67.88524627685547,767.6481323242188,460.7699890136719,547.8685302734375,294.5062561035156,708.7255859375,79.45005798339844,138.25303649902344,433.865966796875,502.89862060546875,119.93596649169922,126.0270004272461,70.69424438476562,191.38400268554688,170.671630859375,233.1204071044922,23.382251739501953,72.5719985961914,151.67308044433594,146.9571990966797,296.4269714355469,255.46420288085938,90.63036346435547,115.05000305175781,213.75563049316406,212.7899932861328,710.4600219726562,310.7799987792969,212.40245056152344,92.20999908447266,285.7238464355469,345.0141906738281,94.77960968017578
2025-07-16,209.52239990234375,186.16127014160156,361.7699890136719,324.7556457519531,193.63174438476562,160.0800018310547,292.48651123046875,223.19000244140625,181.41339111328125,2.700000047683716,309.4438171386719,229.89999389648438,45.282745361328125,27.236957550048828,85.05999755859375,471.30999755859375,408.45941162109375,946.0445556640625,256.4452819824219,265.1651916503906,107.76461029052734,182.55850219726562,697.8948974609375,350.7550354003906,219.69178771972656,22.690000534057617,161.68771362304688,281.7181396484375,67.79715728759766,785.6022338867188,462.0931396484375,553.005126953125,293.7985534667969,701.2630004882812,80.33695220947266,136.49546813964844,433.865966796875,502.69976806640625,116.26130676269531,125.03099822998047,70.80226135253906,193.3939971923828,171.34152221679688,239.41075134277344,23.382251739501953,72.58194732666016,151.44700622558594,148.42994689941406,300.7911071777344,255.46420288085938,90.6597671508789,120.0,213.75563049316406,211.94000244140625,705.5499877929688,321.6700134277344,210.72935485839844,90.75,286.4878234863281,347.8775329589844,94.54114532470703
2025-07-17,209.38284301757812,186.96226501464844,366.45001220703125,329.8224792480469,191.35560607910156,160.41000366210938,291.7333679199219,223.8800048828125,180.7557373046875,2.7899999618530273,312.86669921875,231.0,46.256675720214844,27.890085220336914,83.83999633789062,473.3999938964844,413.59381103515625,948.5703125,258.3639831542969,259.28765869140625,106.73454284667969,183.1671142578125,694.9608764648438,352.36456298828125,221.07363891601562,22.799999237060547,159.92147827148438,285.73956298828125,69.0890884399414,757.4525756835938,459.8683166503906,553.0947265625,295.2434387207031,699.7665405273438,79.45005798339844,137.57928466796875,439.0807189941406,508.7446594238281,113.09589385986328,127.41699981689453,71.66643524169922,191.8300018310547,172.97125244140625,246.8024139404297,23.353748321533203,73.46721649169922,150.01185607910156,149.74452209472656,303.33685302734375,261.36407470703125,91.32615661621094,126.75,221.2953338623047,211.5800018310547,720.9099731445312,319.4100036621094,210.68072509765625,90.5,282.1585693359375,347.7880554199219,94.48152160644531
2025-07-18,210.539306640625,184.87185668945312,365.7900085449219,330.3960876464844,189.28819274902344,156.99000549316406,288.319580078125,226.1300048828125,180.35716247558594,3.2300000190734863,305.5249328613281,229.33999633789062,46.55180358886719,27.5909423828125,83.5199966430664,473.79998779296875,409.2804870605469,945.6268920898438,260.8494567871094,262.2662658691406,106.1655502319336,184.64378356933594,697.343505859375,352.71783447265625,219.37644958496094,23.100000381469727,160.62796020507812,287.0898742675781,68.36483001708984,767.6083984375,454.73248291015625,550.1580810546875,291.9997863769531,702.6298828125,77.92967224121094,137.5109405517578,435.1075744628906,507.1041564941406,114.22425842285156,120.92400360107422,71.16560363769531,192.67999267578125,172.38136291503906,243.52825927734375,23.249235153198242,73.77555847167969,152.16458129882812,149.74452209472656,300.7419738769531,259.6432800292969,91.92395782470703,127.06999969482422,219.53280639648438,216.88999938964844,695.47998046875,329.6499938964844,210.7099151611328,90.58999633789062,276.84979248046875,347.032470703125,94.4417953491211
2025-07-21,211.83535766601562,180.56411743164062,367.67999267578125,330.3960876464844,191.44503784179688,157.0,289.40533447265625,229.3000030517578,181.6724853515625,3.5299999713897705,300.5841979980469,229.32000732421875,46.70920944213867,27.5909423828125,83.5199966430664,474.4100036621094,407.16558837890625,942.255859375,260.75,261.8578186035156,106.22441101074219,189.67245483398438,695.118408203125,357.2715759277344,218.1522216796875,23.260000228881836,161.2755889892578,286.794189453125,68.58014678955078,758.1290283203125,451.3707275390625,552.1390991210938,290.6924743652344,711.2994384765625,77.29617309570312,137.15943908691406,432.7734069824219,507.1141357421875,113.06594848632812,123.3270034790039,72.68770599365234,191.98199462890625,171.35153198242188,241.63320922851562,23.049713134765625,74.42211151123047,156.26358032226562,149.8038330078125,302.019775390625,259.6432800292969,90.8067626953125,128.42999267578125,219.87551879882812,215.64999389648438,706.8800048828125,328.489990234375,208.71585083007812,91.16000366210938,276.3502502441406,348.9115295410156,95.05781555175781
2025-07-22,213.74954223632812,182.77171325683594,372.8699951171875,325.4248352050781,186.00814819335938,154.72000122070312,299.0107727050781,227.47000122070312,180.97494506835938,3.5299999713897705,301.7449645996094,228.47999572753906,46.99449920654297,27.725557327270508,83.23999786376953,478.1300048828125,414.23516845703125,936.3391723632812,262.0523681640625,258.0125732421875,108.07852935791016,190.90966796875,689.614501953125,364.11199951171875,219.4135284423828,23.239999771118164,164.77859497070312,287.24761962890625,68.17887115478516,772.3131713867188,402.57098388671875,556.2305297851562,294.06396484375,703.1585693359375,79.53778076171875,136.73956298828125,430.3398132324219,502.35174560546875,109.06175231933594,119.00800323486328,74.0330581665039,192.4739990234375,167.00225830078125,236.2457275390625,23.88581085205078,75.59583282470703,155.30026245117188,147.4415283203125,301.0565185546875,255.16921997070312,95.00116729736328,123.70999908447266,215.76295471191406,212.25,675.739990234375,332.1099853515625,209.0562744140625,91.79000091552734,279.2789001464844,349.8262023925781,95.23666381835938
2025-07-23,213.5002899169922,186.1319580078125,372.4599914550781,330.1092834472656,185.87890625,158.64999389648438,302.4636535644531,228.2899932861328,180.9351043701172,3.880000114440918,306.2293701171875,233.8800048828125,47.358489990234375,28.39364242553711,83.23999786376953,482.6300048828125,424.5614929199219,935.9215087890625,265.66119384765625,262.1766357421875,111.40416717529297,189.8021697998047,706.4608154296875,369.35272216796875,221.90835571289062,23.489999771118164,165.92666625976562,292.5011291503906,67.68949890136719,794.6439208984375,411.0489501953125,559.5454711914062,293.0318603515625,711.9080200195312,81.84760284423828,138.85845947265625,425.8204345703125,502.94830322265625,109.67086791992188,117.6780014038086,75.36857604980469,191.28599548339844,170.75161743164062,240.0060577392578,24.09483528137207,76.25232696533203,157.15809631347656,154.67672729492188,285.6640930175781,244.69696044921875,94.00155639648438,122.20999908447266,222.95994567871094,212.55999755859375,674.4600219726562,332.55999755859375,181.16851806640625,89.94000244140625,286.5074462890625,353.2364196777344,95.0677490234375
2025-07-24,213.11148071289062,186.4054718017578,371.69000244140625,329.344482421875,186.98219299316406,162.1199951171875,301.8082580566406,232.22999572753906,182.3102264404297,3.740000009536743,305.82257080078125,231.27000427246094,47.60443115234375,29.041786193847656,86.62000274658203,480.6000061035156,426.47784423828125,928.5728759765625,266.1383972167969,266.9882507324219,111.0510025024414,191.73779296875,708.09521484375,366.1532897949219,208.1915283203125,22.6299991607666,166.3780059814453,292.2940979003906,67.63076782226562,801.149169921875,412.1858825683594,560.948974609375,289.4540100097656,713.1251831054688,81.97429656982422,139.1416015625,431.18414306640625,507.9294128417969,111.56810760498047,118.07599639892578,74.06250762939453,199.23599243164062,173.7111358642578,240.92877197265625,24.08533477783203,77.40615844726562,156.13580322265625,153.42141723632812,281.2704772949219,241.99285888671875,91.82595825195312,122.08000183105469,222.51931762695312,215.02000427246094,681.4199829101562,305.29998779296875,180.62379455566406,90.87000274658203,272.8633117675781,351.9240417480469,95.98186492919922
2025-07-25,213.2311248779297,185.86822509765625,370.739990234375,326.4764404296875,184.56690979003906,166.47000122070312,299.8813171386719,231.44000244140625,182.11090087890625,3.569999933242798,309.1560974121094,233.05999755859375,47.66345977783203,29.126541137695312,89.0199966430664,484.07000732421875,430.6778869628906,930.243408203125,267.5401306152344,270.5545654296875,113.99405670166016,192.7455291748047,717.744140625,368.3614807128906,207.96893310546875,20.700000762939453,165.14166259765625,294.33441162109375,67.69928741455078,808.37060546875,412.7935791015625,565.6476440429688,293.37591552734375,711.0101318359375,82.55906677246094,139.63958740234375,435.0082702636719,510.7430419921875,111.09879302978516,118.04900360107422,74.89720916748047,193.75799560546875,173.47117614746094,243.20083618164062,23.95969009399414,77.56529998779297,155.70327758789062,155.06219482421875,283.1085205078125,240.9112091064453,92.53155517578125,124.43000030517578,222.5682830810547,219.50999450683594,693.0999755859375,316.05999755859375,179.94288635253906,91.29000091552734,275.29241943359375,354.976318359375,96.84630584716797
2025-07-28,213.40060424804688,184.14903259277344,369.4700012207031,324.6600341796875,189.1191864013672,173.66000366210938,294.7069091796875,232.7899932861328,183.98422241210938,3.3299999237060547,308.29296875,236.41000366210938,47.44702911376953,28.872270584106445,86.0999984741211,481.70001220703125,429.8736267089844,928.7618408203125,268.67352294921875,269.57830810546875,110.88423156738281,192.14686584472656,712.496337890625,370.21636962890625,208.74798583984375,20.68000030517578,163.10069274902344,293.9992980957031,66.64225006103516,803.8148803710938,412.9601745605469,565.7073974609375,294.1130676269531,715.9486083984375,81.92556762695312,139.20018005371094,437.9881286621094,509.5400390625,111.08881378173828,117.45999908447266,77.81375122070312,197.14999389648438,176.7206268310547,245.77056884765625,23.495765686035156,77.80403137207031,158.3081817626953,154.26158142089844,277.5550537109375,239.97706604003906,91.79656219482422,126.83999633789062,220.95262145996094,218.6699981689453,700.97998046875,325.5899963378906,184.08665466308594,90.5999984741211,276.3306579589844,353.4153747558594,96.98540496826172
2025-07-29,210.6290283203125,186.78643798828125,370.70001220703125,329.5356750488281,187.2704620361328,177.44000244140625,296.9272766113281,231.00999450683594,183.1272735595703,3.309999942779541,306.1103210449219,226.0800018310547,47.17157745361328,28.493358612060547,86.16000366210938,476.55999755859375,427.0040588378906,929.338623046875,265.8302307128906,269.2794494628906,112.06145477294922,195.30975341796875,720.6979370117188,370.3243103027344,205.63180541992188,20.40999984741211,164.95523071289062,292.7771301269531,67.90481567382812,758.8949584960938,411.77423095703125,560.7698364257812,297.5042419433594,698.35986328125,80.53187561035156,140.1765899658203,442.60687255859375,509.609619140625,111.79778289794922,116.8740005493164,76.92013549804688,198.63999938964844,175.4808349609375,248.0227813720703,23.486099243164062,71.07002258300781,159.3206329345703,155.2993927001953,282.62689208984375,244.3036346435547,91.10076141357422,124.8499984741211,222.323486328125,218.75999450683594,620.010009765625,321.20001220703125,186.15853881835938,87.11000061035156,255.71263122558594,349.259521484375,97.70079803466797
2025-07-30,208.415771484375,184.92071533203125,364.0,330.3960876464844,188.24452209472656,179.50999450683594,294.7851867675781,230.19000244140625,182.17071533203125,3.4700000286102295,301.02069091796875,225.83999633789062,47.18141555786133,28.124414443969727,84.4800033569336,476.0,431.0452575683594,922.3181762695312,263.2652587890625,272.507080078125,112.58139038085938,196.08799743652344,719.4868774414062,365.1620788574219,206.03985595703125,20.34000015258789,164.1211700439453,295.3299560546875,67.28822326660156,756.0401611328125,410.35302734375,556.5789184570312,298.42816162109375,693.5811157226562,79.67422485351562,141.5240936279297,443.99749755859375,510.2757873535156,114.5737533569336,118.41999816894531,75.29984283447266,195.49600219726562,179.24021911621094,248.637939453125,23.01251220703125,69.33927917480469,156.35205078125,156.5645751953125,285.53631591796875,248.77769470214844,90.9047622680664,123.01000213623047,224.1839141845703,220.27999877929688,650.469970703125,319.0400085449219,184.3492889404297,87.63999938964844,260.5806579589844,348.8817138671875,96.96553039550781
2025-07-31,206.9402618408203,184.637451171875,357.69000244140625,331.92572021484375,178.970947265625,176.30999755859375,288.65216064453125,234.11000061035156,181.7322540283203,4.099999904632568,296.9530029296875,221.83999633789062,46.50261688232422,27.27185821533203,83.87999725341797,471.8800048828125,434.9176330566406,934.3802490234375,256.8230285644531,270.0464782714844,110.15828704833984,191.46839904785156,712.437255859375,360.67706298828125,206.21607971191406,19.799999237060547,161.6484832763672,291.9885559082031,66.44650268554688,736.136474609375,412.60736083984375,563.905517578125,294.9485778808594,771.6278076171875,76.13639831542969,140.06893920898438,465.800048828125,530.4187622070312,108.98186492919922,115.94000244140625,73.34565734863281,188.62399291992188,177.84043884277344,251.7831268310547,22.509929656982422,68.39434051513672,144.26144409179688,155.74420166015625,281.80126953125,246.61441040039062,87.37677001953125,122.20999908447266,220.21823120117188,223.5,626.5399780273438,308.2699890136719,177.39308166503906,87.75,244.43881225585938,343.47314453125,97.35303497314453
2025-08-01,201.76600646972656,190.69369506835938,347.79998779296875,319.4020080566406,178.90138244628906,171.6999969482422,290.39324951171875,214.75,175.41476440429688,4.170000076293945,291.9526672363281,221.89999389648438,44.91875457763672,28.039657592773438,82.0999984741211,472.8399963378906,425.6537170410156,948.5003662109375,249.27732849121094,268.3529968261719,111.03138732910156,188.7046356201172,698.6333618164062,366.7126770019531,201.91275024414062,19.309999465942383,164.1898651123047,285.2171630859375,67.39588165283203,758.2782592773438,412.6367492675781,557.3553466796875,297.720458984375,748.2527465820312,77.27667999267578,136.7554931640625,449.9075622558594,521.0829467773438,104.72804260253906,115.86000061035156,73.27690887451172,182.87399291992188,173.69113159179688,242.50633239746094,22.703229904174805,66.75310516357422,145.6671142578125,154.99301147460938,278.1644592285156,240.56704711914062,85.12276458740234,118.5999984741211,208.51699829101562,205.02000427246094,627.1500244140625,302.6300048828125,177.19712829589844,86.91000366210938,232.89076232910156,337.3885498046875,97.85977172851562
2025-08-04,202.7330780029297,192.61801147460938,338.8500061035156,330.1092834472656,181.71426391601562,176.77999877929688,295.34271240234375,211.64999389648438,177.24826049804688,4.260000228881836,296.2386474609375,222.33999633789062,45.10566711425781,27.41644287109375,82.58000183105469,459.1099853515625,430.62823486328125,951.3383178710938,250.84811401367188,275.1769104003906,112.33614349365234,194.60133361816406,714.8396606445312,373.7395935058594,204.76925659179688,19.5,167.83023071289062,290.0370178222656,67.4937515258789,764.9127807617188,415.2732238769531,567.2304077148438,299.0375671386719,774.5509643554688,77.83221435546875,138.98739624023438,458.4497375488281,532.54638671875,107.61384582519531,117.0989990234375,73.47331237792969,184.60000610351562,179.9700927734375,250.55282592773438,22.74188995361328,67.64832305908203,144.99867248535156,155.55641174316406,278.94097900390625,240.66537475585938,87.98435974121094,125.20999908447266,212.28684997558594,208.47999572753906,658.5900268554688,309.260009765625,179.0292510986328,88.43000030517578,236.03488159179688,340.1723327636719,98.95272827148438
2025-08-05,202.3043670654297,193.9464874267578,338.739990234375,332.0212707519531,178.0664520263672,174.30999755859375,293.5233459472656,213.75,175.83328247070312,4.139999866485596,294.30401611328125,224.86000061035156,44.820377349853516,27.64578628540039,83.73999786376953,464.19000244140625,431.15447998046875,939.6478881835938,246.04627990722656,271.0825500488281,110.32505798339844,194.232177734375,709.7985229492188,378.2442626953125,205.01968383789062,20.190000534057617,167.53587341308594,287.1884765625,67.58184051513672,761.8790283203125,419.7229309082031,563.4775390625,293.6707458496094,761.6712036132812,78.73859405517578,138.10252380371094,456.4135437011719,524.7019653320312,108.9019775390625,114.78700256347656,73.04122924804688,181.0240020751953,178.23037719726562,253.66822814941406,23.92102813720703,67.46928405761719,144.21231079101562,154.5185546875,280.3170471191406,242.53366088867188,88.39595794677734,127.0,214.24522399902344,205.77000427246094,647.0,308.7200012207031,181.64517211914062,89.38999938964844,245.84925842285156,335.4796447753906,98.67453002929688
2025-08-06,212.60302734375,191.74864196777344,345.6199951171875,336.89691162109375,177.0625762939453,163.1199951171875,278.4500732421875,222.30999755859375,183.42623901367188,4.190000057220459,293.2126770019531,225.0399932861328,44.682647705078125,24.903642654418945,84.73999786376953,468.9100036621094,424.6905822753906,964.47265625,247.7164764404297,271.2419128417969,108.18644714355469,195.6489715576172,713.5695190429688,379.6083984375,203.3224639892578,20.40999984741211,167.388671875,287.16876220703125,68.03205871582031,742.4030151367188,426.20147705078125,566.5535278320312,302.4090270996094,770.18115234375,77.42288208007812,138.9284210205078,449.063232421875,521.908203125,108.62238311767578,117.8479995727539,74.1214370727539,182.46200561523438,179.3901824951172,254.42227172851562,23.12849235534668,69.05081939697266,143.35711669921875,153.94528198242188,286.79443359375,244.69696044921875,87.21015930175781,154.89999389648438,214.44105529785156,210.5399932861328,666.8099975585938,319.9100036621094,182.1448516845703,89.22000122070312,240.73638916015625,337.77630615234375,102.6986083984375
2025-08-07,219.36245727539062,194.24929809570312,338.2699890136719,350.759033203125,182.04225158691406,172.39999389648438,278.4794006347656,223.1300048828125,188.4483184814453,4.150000095367432,292.4090881347656,227.3300018310547,44.190765380859375,25.297515869140625,86.36000061035156,461.4700012207031,414.1656494140625,973.3251342773438,239.47483825683594,270.98291015625,108.18644714355469,196.07801818847656,708.6465454101562,378.9901428222656,200.86474609375,19.770000457763672,168.31103515625,282.8220520019531,68.9324951171875,637.453857421875,422.1829833984375,558.6793823242188,302.6547546386719,760.0450439453125,78.32926177978516,138.5547637939453,449.063232421875,517.8319091796875,111.70791625976562,118.03700256347656,73.01176452636719,174.82400512695312,180.73995971679688,247.43739318847656,23.41844367980957,67.85720825195312,143.41607666015625,153.95516967773438,290.41156005859375,250.4984893798828,89.1995620727539,151.07000732421875,222.3724365234375,206.39999389648438,686.739990234375,322.2699890136719,182.1448516845703,92.66999816894531,239.649169921875,330.1705017089844,102.46015167236328
2025-08-08,228.65419006347656,193.45806884765625,341.04998779296875,348.942626953125,183.75186157226562,172.75999450683594,281.9322814941406,222.69000244140625,191.67681884765625,4.130000114440918,295.0877990722656,229.1199951171875,45.26306915283203,25.641529083251953,87.44000244140625,465.3999938964844,413.56988525390625,976.8402099609375,239.10699462890625,273.9615173339844,117.14311981201172,200.9669952392578,710.1530151367188,380.63885498046875,200.6143341064453,19.950000762939453,170.0772705078125,284.6159362792969,68.84439849853516,622.32470703125,417.1648254394531,571.7200317382812,300.23675537109375,767.4974975585938,78.64114379882812,140.77684020996094,443.451171875,519.02490234375,118.71773529052734,121.16400146484375,72.85466003417969,174.5019989013672,182.6696319580078,248.09225463867188,23.75672149658203,67.29023742675781,145.04783630371094,153.0655975341797,287.1286315917969,245.9261016845703,90.2775650024414,149.61000061035156,227.56210327148438,191.72999572753906,705.8900146484375,329.6499938964844,183.42831420898438,89.55999755859375,245.74154663085938,334.8333740234375,103.06625366210938
2025-08-11,226.74781799316406,194.03439331054688,333.6499938964844,347.8910217285156,183.2648162841797,172.27999877929688,278.86083984375,221.3000030517578,196.18685913085938,3.9600000381469727,293.89727783203125,225.9600067138672,45.41063690185547,25.63654136657715,86.58000183105469,464.7300109863281,405.64642333984375,984.5674438476562,231.3226776123047,274.15081787109375,118.18299865722656,200.54794311523438,708.154296875,380.3248291015625,200.74420166015625,20.649999618530273,170.55807495117188,285.4044494628906,69.24568939208984,631.84375,417.7823181152344,570.993408203125,299.16534423828125,764.0755615234375,77.99788665771484,141.46510314941406,449.6095275878906,518.7564697265625,123.54074096679688,121.83100128173828,72.68770599365234,171.2740020751953,182.0297393798828,250.70164489746094,23.75672149658203,66.7232666015625,145.45086669921875,153.00628662109375,282.3320007324219,245.18861389160156,89.9051513671875,147.5,223.3026580810547,191.8000030517578,689.22998046875,339.0299987792969,179.98941040039062,90.58000183105469,247.191162109375,333.9584655761719,103.26496887207031
2025-08-12,229.21310424804688,194.03439331054688,338.42999267578125,347.79541015625,187.31021118164062,174.9499969482422,278.7532958984375,221.47000122070312,196.10704040527344,4.130000114440918,300.822265625,232.61000061035156,46.728885650634766,25.885828018188477,87.5,470.3900146484375,409.7868957519531,987.0668334960938,230.30862426757812,278.5639343261719,117.74153137207031,202.88267517089844,731.9222412109375,388.6373291015625,201.2635498046875,21.809999465942383,169.53758239746094,288.6472473144531,69.20654296875,636.0314331054688,422.9768981933594,571.5806274414062,296.4917907714844,788.1489868164062,78.26103973388672,144.81784057617188,447.7719421386719,526.183349609375,127.56490325927734,122.52799987792969,73.55187225341797,170.68600463867188,183.1295623779297,251.87240600585938,23.824377059936523,67.60853576660156,151.11279296875,153.6883087158203,271.17596435546875,228.12815856933594,91.5025634765625,149.3000030517578,226.28916931152344,193.05999755859375,689.3499755859375,340.8399963378906,189.06185913085938,91.7300033569336,256.2023620605469,335.3827209472656,102.95694732666016
2025-08-13,232.88612365722656,196.79876708984375,351.07000732421875,352.4798583984375,188.88064575195312,184.4199981689453,283.0082092285156,224.55999755859375,197.56382751464844,4.050000190734863,304.4534606933594,233.3699951171875,46.473106384277344,26.723426818847656,88.68000030517578,477.30999755859375,410.7698974609375,974.71923828125,235.6472930908203,267.8349609375,117.8592529296875,201.50579833984375,733.2120361328125,399.6094970703125,203.7954559326172,22.219999313354492,171.1468048095703,286.36053466796875,68.96186065673828,656.9794921875,433.7679443359375,575.2838745117188,299.8632507324219,778.2523193359375,80.60984802246094,145.2799835205078,447.7222900390625,517.5734252929688,124.08993530273438,120.44400024414062,75.81047058105469,172.66000366210938,181.559814453125,242.26820373535156,24.31729507446289,70.25438690185547,153.92408752441406,153.90574645996094,274.055908203125,235.01133728027344,92.29635620117188,150.08999633789062,225.4568634033203,196.8699951171875,695.0,339.3800048828125,189.37538146972656,90.83000183105469,266.23223876953125,341.1693115234375,100.3437728881836
2025-08-14,232.33717346191406,199.93434143066406,348.5799865722656,352.4798583984375,187.1014862060547,180.9499969482422,283.947265625,230.97999572753906,198.66140747070312,4.010000228881836,305.30670166015625,233.19000244140625,46.93547058105469,26.723426818847656,88.68000030517578,479.2200012207031,414.54296875,971.2738647460938,232.00865173339844,268.6717834472656,116.76051330566406,202.48358154296875,735.683349609375,392.8770446777344,202.36721801757812,23.860000610351562,171.44117736816406,289.93841552734375,68.07121276855469,680.792236328125,428.6223449707031,581.1173706054688,303.677001953125,780.2974243164062,80.65858459472656,146.01739501953125,447.7222900390625,519.46240234375,125.10846710205078,123.05599975585938,75.01505279541016,170.1719970703125,181.98974609375,243.04209899902344,24.268970489501953,69.01103210449219,155.3985595703125,153.28305053710938,274.14434814453125,235.01133728027344,91.1987533569336,144.27000427246094,228.3944091796875,194.89999389648438,698.5,335.5799865722656,189.78689575195312,91.4000015258789,265.9187927246094,344.0974426269531,100.20466613769531
2025-08-15,231.1494140625,201.8977508544922,354.8500061035156,360.8927001953125,160.78164672851562,177.50999450683594,289.99224853515625,231.02999877929688,196.8054962158203,3.880000114440918,303.064453125,235.25999450683594,46.17797088623047,26.967727661132812,90.13999938964844,477.20001220703125,404.9017639160156,967.9379272460938,241.0257568359375,266.8288269042969,116.12286376953125,203.44140625,719.4573364257812,391.9544982910156,202.0875244140625,24.559999465942383,173.3251495361328,286.32110595703125,68.43333435058594,699.0349731445312,428.8575744628906,579.066650390625,303.6573486328125,783.3901977539062,82.0717544555664,142.2025146484375,443.55047607421875,517.1657104492188,120.69486999511719,123.8949966430664,75.5846176147461,173.447998046875,180.42001342773438,246.33609008789062,24.29796600341797,68.86183166503906,155.16265869140625,152.97528076171875,273.10247802734375,233.0447235107422,89.3738021850586,141.47000122070312,229.37359619140625,199.0800018310547,732.8099975585938,330.55999755859375,190.62945556640625,92.5999984741211,297.771484375,343.0815734863281,99.59217834472656
2025-08-18,230.45074462890625,201.78054809570312,357.239990234375,357.0686950683594,162.5409393310547,176.13999938964844,286.2263488769531,231.49000549316406,197.3842315673828,4.050000190734863,304.63201904296875,232.41000366210938,47.14206314086914,27.5909423828125,89.31999969482422,478.5199890136719,409.7174072265625,975.2171020507812,242.5467987060547,267.4265441894531,115.75006866455078,203.04232788085938,719.6936645507812,387.3615417480469,201.74258422851562,23.65999984741211,172.9424591064453,287.3461608886719,67.6601333618164,695.8648681640625,431.8763122558594,581.4955444335938,303.4313049316406,765.572021484375,82.08150482177734,142.35000610351562,439.6270446777344,514.1134643554688,123.37098693847656,124.50900268554688,76.03633117675781,178.41000366210938,181.97975158691406,247.1199188232422,24.230308532714844,69.16024017333984,156.19476318359375,154.37509155273438,271.99176025390625,232.7005615234375,91.28754425048828,143.11000061035156,228.68817138671875,198.24000549316406,728.0700073242188,335.1600036621094,190.3943328857422,93.9800033569336,302.1595458984375,341.3585205078125,100.28932189941406
2025-08-19,230.1213836669922,201.4093475341797,361.0299987792969,357.9290771484375,161.23886108398438,166.5500030517578,289.0923156738281,228.00999450683594,197.84320068359375,3.9700000286102295,303.68951416015625,225.0,47.29946517944336,28.009742736816406,91.41999816894531,485.30999755859375,413.1429443359375,976.7107543945312,244.56497192382812,264.9161376953125,115.74027252197266,201.11666870117188,710.2613525390625,399.6291198730469,202.05955505371094,25.309999465942383,174.46337890625,286.4886779785156,68.63887023925781,701.0088500976562,432.3271789550781,582.8594360351562,305.6231994628906,749.7192993164062,82.77346801757812,141.6519012451172,434.3626403808594,506.8257751464844,121.87316131591797,121.41500091552734,75.49623107910156,177.3560028076172,175.61080932617188,232.7830352783203,24.47193717956543,68.68279266357422,153.5898895263672,152.54840087890625,269.5443420410156,232.94638061523438,89.69932556152344,139.25,233.2903289794922,192.6300048828125,719.3499755859375,329.30999755859375,191.97171020507812,95.31999969482422,297.9967346191406,341.0697326660156,100.87691497802734
2025-08-20,225.5800323486328,204.3007049560547,353.42999267578125,358.9806823730469,159.98648071289062,165.1999969482422,289.97265625,223.80999755859375,194.29104614257812,3.9700000286102295,305.9714050292969,225.6199951171875,47.56507873535156,27.8751277923584,90.80000305175781,488.67999267578125,417.611083984375,990.3729248046875,245.01234436035156,265.4241943359375,116.47603607177734,198.87171936035156,709.5721435546875,394.2706298828125,202.3019561767578,23.540000915527344,175.48387145996094,288.04595947265625,69.1967544555664,703.2318115234375,437.12969970703125,589.9968872070312,307.73651123046875,745.968017578125,82.51033020019531,141.7010498046875,431.7801208496094,502.7991943359375,117.04017639160156,121.38600158691406,74.88739013671875,178.0500030517578,175.370849609375,233.2196044921875,24.529924392700195,67.71794891357422,152.79367065429688,155.4571990966797,267.87335205078125,229.8489532470703,88.29854583740234,137.2899932861328,228.6392059326172,194.8000030517578,703.7899780273438,323.8999938964844,196.7039031982422,93.7300033569336,293.6870422363281,342.5437316894531,102.15170288085938
2025-08-21,224.47213745117188,204.64259338378906,353.42999267578125,358.4070739746094,159.32858276367188,163.7100067138672,289.2977600097656,221.9499969482422,193.73228454589844,4.389999866485596,305.74322509765625,224.4600067138672,47.476539611816406,28.04962730407715,90.41999816894531,488.5899963378906,414.9302062988281,965.5879516601562,244.39596557617188,267.685546875,113.93519592285156,199.3007354736328,704.9150390625,390.3057556152344,202.69351196289062,23.5,175.57217407226562,287.2870178222656,69.15760803222656,707.5980834960938,438.3058776855469,589.2404174804688,307.8741455078125,737.3682250976562,83.89427185058594,141.62240600585938,434.646240234375,502.15185546875,115.62223815917969,120.62100219726562,74.80883026123047,175.3939971923828,174.95091247558594,231.33448791503906,24.87786865234375,67.1907730102539,151.5059814453125,155.1891632080078,264.6100769042969,228.27565002441406,87.36141204833984,136.67999267578125,228.78607177734375,194.67999267578125,689.469970703125,320.1099853515625,196.64512634277344,94.2300033569336,297.125,342.3047180175781,97.56050109863281
2025-08-22,227.3267059326172,205.71710205078125,362.0899963378906,356.5906677246094,161.97010803222656,167.75999450683594,289.63299560546875,228.83999633789062,194.35092163085938,4.570000171661377,316.6466979980469,230.1199951171875,48.676734924316406,28.47341537475586,91.41999816894531,489.0,432.58428955078125,954.494873046875,246.8415985107422,265.51385498046875,112.59120178222656,205.62649536132812,730.4552612304688,405.11517333984375,207.737060546875,24.799999237060547,175.9254150390625,291.9885559082031,68.63887023925781,709.4522094726562,437.32574462890625,596.24853515625,308.70965576171875,753.021484375,85.15151977539062,145.53562927246094,432.0090026855469,505.1295166015625,117.5094985961914,120.46499633789062,76.96923828125,177.35000610351562,177.96043395996094,234.51934814453125,25.013179779052734,69.52827453613281,155.31991577148438,155.1097412109375,266.47760009765625,228.71815490722656,87.18384552001953,142.11000061035156,231.9684295654297,196.80999755859375,692.989990234375,340.010009765625,201.8867645263672,96.79000091552734,301.1114807128906,348.6291198730469,96.43510437011719
2025-08-25,226.7278594970703,202.73780822753906,363.2099914550781,354.3918762207031,161.47171020507812,163.36000061035156,284.4560546875,227.94000244140625,195.30880737304688,4.739999771118164,313.3131103515625,226.8699951171875,48.676734924316406,28.024700164794922,90.94000244140625,486.17999267578125,429.2381286621094,937.6065063476562,246.42405700683594,265.5935363769531,111.98297882080078,208.02108764648438,727.4028930664062,401.2975158691406,205.6674346923828,24.549999237060547,175.0619354248047,290.6678161621094,67.46439361572266,693.1535034179688,438.81549072265625,590.5245361328125,308.09039306640625,751.5349731445312,83.1438217163086,145.1718292236328,432.4070739746094,502.17181396484375,116.25131225585938,121.80699920654297,77.74501037597656,175.98800659179688,179.78012084960938,233.56686401367188,24.29796600341797,69.11051177978516,153.75698852539062,155.1395263671875,265.64215087890625,229.11148071289062,84.64862823486328,140.52999877929688,230.5975799560547,194.67999267578125,694.7899780273438,346.6000061035156,201.798583984375,95.16000366210938,298.60400390625,347.4140319824219,95.67820739746094
2025-08-26,228.87376403808594,203.52902221679688,354.9100036621094,348.4646301269531,163.983642578125,166.6199951171875,285.5505676269531,228.7100067138672,194.37088012695312,4.829999923706055,318.0753479003906,234.8300018310547,49.434234619140625,28.50831413269043,90.4800033569336,492.2099914550781,428.2055358886719,937.3675537109375,242.31817626953125,272.8955993652344,112.57157897949219,206.6741180419922,737.4063720703125,399.9627990722656,207.4853515625,24.350000381469727,174.44911193847656,294.2851257324219,67.26864624023438,733.72607421875,446.40155029296875,588.9317016601562,307.5989074707031,752.3331298828125,82.83195495605469,146.46966552734375,429.0234375,499.96099853515625,116.3311996459961,122.60900115966797,77.23438262939453,172.9320068359375,181.7397918701172,232.37628173828125,24.08533477783203,69.80677795410156,156.4601593017578,158.4156494140625,265.24896240234375,227.9806671142578,85.45752716064453,140.85000610351562,230.0100555419922,194.35000610351562,696.469970703125,351.6700134277344,201.80838012695312,96.52999877929688,294.26495361328125,349.7644958496094,95.65828704833984
2025-08-27,230.05152893066406,203.23597717285156,356.3500061035156,347.9866027832031,163.86402893066406,167.1300048828125,283.9630126953125,229.1199951171875,197.36427307128906,4.570000171661377,319.9206848144531,235.6199951171875,49.56212615966797,28.33381462097168,89.4800033569336,495.7200012207031,429.60552978515625,945.5130615234375,248.70071411132812,272.307861328125,111.75733947753906,207.01336669921875,738.115234375,400.6497497558594,206.2640838623047,24.850000381469727,174.74563598632812,294.9849548339844,67.36652374267578,731.871826171875,445.4312438964844,587.986083984375,306.1147155761719,745.62890625,81.93531799316406,146.87278747558594,432.2080078125,504.64154052734375,117.57939147949219,122.3499984741211,76.65499114990234,177.5959930419922,181.56982421875,233.96372985839844,24.230308532714844,69.27960205078125,157.0499725341797,158.68368530273438,270.4092712402344,232.45472717285156,86.47359466552734,139.88999938964844,228.1496124267578,200.38999938964844,692.989990234375,349.6000061035156,201.3087158203125,95.33000183105469,297.6441345214844,348.9378662109375,95.68816375732422
2025-08-28,232.11758422851562,203.0992431640625,353.9599914550781,345.69219970703125,164.74122619628906,168.5800018310547,281.6358337402344,231.60000610351562,197.88311767578125,4.650000095367432,324.4150085449219,236.16000366210938,49.670345306396484,27.845212936401367,90.18000030517578,499.8599853515625,431.82965087890625,940.9722290039062,253.0452117919922,274.94775390625,110.42315673828125,211.16400146484375,739.6412963867188,399.87445068359375,206.35733032226562,24.93000030517578,173.42112731933594,296.749267578125,66.90650939941406,729.6688232421875,447.10723876953125,587.806884765625,306.8912048339844,749.3501586914062,81.09715270996094,147.6593475341797,433.10369873046875,507.529541015625,121.82322692871094,123.1449966430664,76.51750946044922,185.72000122070312,180.1400604248047,238.43841552734375,23.776052474975586,69.68742370605469,158.0624237060547,159.4977569580078,270.6943359375,232.40557861328125,86.8287124633789,141.5399932861328,231.9194793701172,241.0,687.7999877929688,345.9800109863281,199.9566650390625,95.95999908447266,296.0867614746094,348.4498291015625,95.7180404663086
2025-08-29,231.69837951660156,205.52171325683594,356.70001220703125,345.309814453125,160.24563598632812,162.6300048828125,283.70660400390625,229.0,198.0028533935547,4.579999923706055,328.67120361328125,234.67999267578125,49.916282653808594,27.979827880859375,89.45999908447266,502.9800109863281,416.0720520019531,939.3391723632812,254.75518798828125,274.15081787109375,110.82537078857422,212.43115234375,737.6913452148438,399.2071228027344,204.6326141357422,24.350000381469727,175.12124633789062,297.0942687988281,67.52310943603516,730.286865234375,446.56817626953125,592.5950927734375,308.1886901855469,736.96923828125,81.98403930664062,147.95431518554688,431.6109619140625,504.59173583984375,118.83757019042969,120.82499694824219,75.9774169921875,183.49200439453125,174.1510467529297,224.35952758789062,23.930692672729492,69.81672668457031,157.99362182617188,157.45266723632812,267.50970458984375,227.8331756591797,86.99641418457031,141.27999877929688,231.6746826171875,238.66000366210938,681.8800048828125,333.8699951171875,198.3792724609375,93.75,303.5111999511719,350.36212158203125,96.5844955444336
2025-09-01,,,,344.0669860839844,,,,,197.4041748046875,,,,,27.7804012298584,90.5199966430664,,,,,,,,,,,,,,,,,,,,,,429.4215087890625,,,,,,,,,,,,,229.99644470214844,,,234.22055053710938,,,,,,,,
2025-09-02,229.28298950195312,207.00648498535156,345.6300048828125,338.6177673339844,157.06585693359375,162.32000732421875,282.9276428222656,225.33999633789062,194.49061584472656,4.590000152587891,328.572021484375,237.3800048828125,49.60147476196289,27.356613159179688,88.5999984741211,501.1400146484375,413.10321044921875,934.858154296875,251.3849639892578,274.340087890625,110.57030487060547,210.8746795654297,723.4373779296875,398.7556457519531,202.86131286621094,24.209999084472656,176.00094604492188,295.39892578125,67.59162139892578,732.8886108398438,446.73602294921875,589.1906127929688,312.1328430175781,733.3875732421875,83.30950927734375,146.3516845703125,427.6799621582031,503.0282287597656,118.30833435058594,121.41100311279297,73.33197784423828,182.28399658203125,170.75161743164062,223.53602600097656,24.14332389831543,68.88172912597656,156.0768280029297,156.86691284179688,261.65155029296875,223.4574432373047,88.56489562988281,139.0399932861328,223.9391326904297,233.60000610351562,689.6199951171875,329.3599853515625,195.76333618164062,92.80999755859375,302.4631652832031,348.65899658203125,97.45094299316406
2025-09-03,238.01634216308594,206.9478759765625,348.5,337.4705505371094,155.7500762939453,162.1300048828125,279.90032958984375,225.99000549316406,201.75457763671875,4.519999980926514,321.16082763671875,232.3800048828125,49.247318267822266,27.954898834228516,88.27999877929688,501.489990234375,412.1798400878906,945.77197265625,254.9540252685547,274.8780212402344,110.8449935913086,230.1412353515625,723.1503295898438,400.129638671875,199.50515747070312,24.0,175.94163513183594,295.211669921875,67.52310943603516,735.5203857421875,443.33984375,590.5941772460938,312.755615234375,735.3230590820312,82.04251861572266,146.0370635986328,430.5162353515625,503.2572937011719,118.54798889160156,122.61799621582031,73.77616882324219,183.87600708007812,170.59165954589844,221.70050048828125,23.95969009399414,69.26966094970703,154.6023406982422,156.96621704101562,266.310546875,227.489013671875,86.06913757324219,140.22000122070312,224.6735076904297,229.3300018310547,697.3300170898438,334.0899963378906,191.77578735351562,92.94000244140625,301.5620422363281,349.4557800292969,99.03446197509766
2025-09-04,239.3238525390625,208.06143188476562,344.30999755859375,338.52215576171875,157.7337188720703,161.7899932861328,276.2025146484375,235.67999267578125,203.30116271972656,4.559999942779541,328.0461730957031,230.75,49.7982292175293,28.493358612060547,88.5999984741211,506.9100036621094,417.24371337890625,951.8660888671875,242.58657836914062,281.1938171386719,110.62916564941406,231.7775421142578,741.3043212890625,406.32781982421875,200.58657836914062,24.610000610351562,176.69285583496094,299.4598083496094,66.79884338378906,740.58447265625,451.0306091308594,592.9435424804688,313.34869384765625,746.8959350585938,81.91582489013672,148.0034637451172,433.4022521972656,505.866455078125,124.030029296875,125.74800109863281,74.37830352783203,179.71200561523438,171.63148498535156,221.2540283203125,23.718061447143555,68.0959243774414,157.8843994140625,157.53207397460938,267.34259033203125,229.30813598632812,85.83238983154297,145.14999389648438,225.2610321044922,221.89999389648438,703.8499755859375,338.5299987792969,183.4969024658203,91.9800033569336,304.0107421875,349.5752868652344,100.51838684082031
2025-09-05,239.2340087890625,207.63165283203125,348.9700012207031,335.94091796875,162.22927856445312,151.13999938964844,279.6932678222656,232.3300018310547,203.94972229003906,4.570000171661377,323.6510925292969,229.61000061035156,49.23436737060547,28.07455825805664,88.44000244140625,499.7699890136719,420.0834045410156,959.4140625,249.2971954345703,278.16546630859375,112.86589050292969,234.4714813232422,730.7227783203125,413.4932861328125,199.73822021484375,24.489999771118164,176.36666870117188,290.1552734375,66.5150146484375,724.9336547851562,457.99078369140625,581.5751953125,310.7687072753906,750.68701171875,82.55906677246094,145.60443115234375,421.260986328125,492.9501647949219,131.17965698242188,124.38200378417969,72.95687866210938,182.75999450683594,166.9922637939453,230.97731018066406,24.046672821044922,67.8969955444336,158.01290893554688,156.38047790527344,264.4036865234375,224.4407501220703,84.27376556396484,146.82000732421875,221.2953338623047,225.5800018310547,707.1900024414062,350.8399963378906,184.12393188476562,90.98999786376953,308.9179382324219,341.83660888671875,100.10009765625
2025-09-08,237.42745971679688,204.9258575439453,358.6600036621094,337.1837463378906,161.53150939941406,151.41000366210938,276.2912902832031,235.83999633789062,202.65260314941406,4.519999980926514,322.8474426269531,230.9499969482422,48.92770004272461,28.16928482055664,87.91999816894531,493.7799987792969,419.7855529785156,967.748779296875,250.79840087890625,274.99755859375,113.68013000488281,233.72247314453125,734.3258056640625,414.47039794921875,200.20436096191406,24.479999542236328,176.0701446533203,288.70635986328125,65.99627685546875,736.327880859375,453.2618103027344,583.9443969726562,309.20684814453125,750.5372924804688,81.95479583740234,146.2926788330078,424.1470642089844,496.13690185546875,131.26953125,124.47599792480469,73.19378662109375,187.86599731445312,168.2820281982422,236.61282348632812,23.727725982666016,68.03624725341797,158.40834045410156,153.10433959960938,265.7109375,226.60403442382812,83.03082275390625,146.22000122070312,225.84852600097656,226.52000427246094,718.280029296875,346.3999938964844,182.0566864013672,94.36000061035156,313.6781921386719,340.9203186035156,101.86287689208984
2025-09-09,233.9041748046875,205.541259765625,354.05999755859375,337.75732421875,162.9768829345703,155.82000732421875,276.0743408203125,238.24000549316406,201.0062255859375,4.889999866485596,321.7858581542969,229.52000427246094,49.7487678527832,28.154329299926758,84.26000213623047,492.7200012207031,415.1287841796875,975.1175537109375,250.58961486816406,275.18682861328125,113.56240844726562,239.30490112304688,756.1719970703125,409.9302978515625,199.69158935546875,24.440000534057617,174.91368103027344,293.57550048828125,66.4171371459961,748.2603759765625,451.2379455566406,581.356201171875,308.9300537109375,763.9058837890625,82.46160125732422,149.6651153564453,423.89825439453125,496.34600830078125,135.04405212402344,126.32499694824219,72.65087127685547,186.73399353027344,170.7316131591797,239.61911010742188,23.882368087768555,67.32007598876953,156.84640502929688,150.65220642089844,266.84130859375,226.45654296875,82.67568969726562,143.44000244140625,223.7432861328125,225.55999755859375,719.1599731445312,346.9700012207031,181.28268432617188,95.44999694824219,340.7804260253906,342.6034851074219,101.87284088134766
2025-09-10,226.35855102539062,206.7329864501953,350.1600036621094,336.2277526855469,162.8971405029297,159.5399932861328,274.6346435546875,230.3300018310547,192.91407775878906,4.71999979019165,320.8036804199219,227.52000427246094,49.590492248535156,27.949914932250977,84.04000091552734,490.0799865722656,419.9146423339844,952.25439453125,241.1549835205078,282.32952880859375,113.06208801269531,238.84552001953125,761.7745971679688,407.8477783203125,197.36093139648438,24.770000457763672,173.75718688964844,296.22686767578125,66.37799072265625,752.2578125,457.9612121582031,576.7571411132812,302.4256591796875,750.2180786132812,81.89632415771484,151.53321838378906,424.8436584472656,498.29791259765625,139.79714965820312,124.77100372314453,73.29249572753906,184.71400451660156,177.300537109375,325.75933837890625,23.74705696105957,65.29093170166016,157.13308715820312,153.87869262695312,256.0587463378906,219.9666748046875,81.7582778930664,142.1999969482422,223.64537048339844,225.85000610351562,704.0900268554688,347.7900085449219,180.2833251953125,94.20999908447266,339.66375732421875,336.75714111328125,100.0005111694336
2025-09-11,229.59239196777344,215.11404418945312,350.54998779296875,336.89691162109375,169.6055908203125,155.6699981689453,278.7959289550781,229.9499969482422,194.33096313476562,4.599999904632568,326.7266845703125,219.99000549316406,50.203819274902344,28.747629165649414,84.33999633789062,496.9100036621094,428.32464599609375,960.2506103515625,244.8433380126953,280.486572265625,115.62254333496094,240.0438995361328,776.7709350585938,417.90509033203125,200.72642517089844,24.610000610351562,176.4358673095703,301.1748046875,66.18224334716797,753.9127197265625,464.73382568359375,586.0647583007812,304.88702392578125,749.1406860351562,82.9878921508789,153.85360717773438,426.4857177734375,498.9352722167969,150.35183715820312,120.3499984741211,73.3714599609375,187.656005859375,177.1505584716797,305.4495849609375,24.02734375,66.9122543334961,159.663818359375,156.509521484375,253.7783966064453,216.13177490234375,81.24531555175781,145.02999877929688,224.28184509277344,224.52999877929688,690.3099975585938,368.80999755859375,180.616455078125,94.68000030517578,346.3536071777344,342.10552978515625,102.23136901855469
2025-09-12,233.62472534179688,213.2776336669922,349.3599853515625,338.904541015625,167.26312255859375,158.57000732421875,272.5441589355469,228.14999389648438,199.20021057128906,4.630000114440918,322.74822998046875,215.94000244140625,50.035648345947266,27.98979949951172,83.81999969482422,493.739990234375,428.46368408203125,963.8154907226562,241.3438720703125,280.6160888671875,112.37538146972656,240.4733123779297,772.1483154296875,417.1845703125,197.13719177246094,24.079999923706055,176.00094604492188,302.5054626464844,65.58521270751953,753.0254516601562,465.3064270019531,577.782470703125,301.891845703125,753.8196411132812,80.7072982788086,153.76513671875,434.3974304199219,507.7884521484375,157.00218200683594,118.84400177001953,72.05860900878906,185.79200744628906,177.80047607421875,289.89239501953125,23.07050323486328,66.5342788696289,159.98016357421875,154.72256469726562,252.7659912109375,217.21340942382812,80.79154968261719,143.3800048828125,223.79225158691406,221.14999389648438,696.4000244140625,395.94000244140625,178.90188598632812,95.88999938964844,345.2762145996094,338.0618896484375,103.06793975830078
2025-09-15,236.24969482421875,212.56455993652344,347.1000061035156,339.8605651855469,170.3831024169922,161.16000366210938,270.5818176269531,231.42999267578125,200.8565673828125,4.650000095367432,324.6828918457031,215.75,50.0455436706543,27.421428680419922,83.55999755859375,491.5400085449219,432.8523864746094,956.04833984375,241.10528564453125,285.6866455078125,111.17022705078125,251.26864624023438,778.7803344726562,417.20428466796875,197.3982391357422,24.770000457763672,175.34857177734375,304.46685791015625,65.29920196533203,745.8480224609375,467.2217102050781,580.3209228515625,298.60009765625,762.9082641601562,79.74275207519531,154.01092529296875,434.3476867675781,513.225830078125,157.54141235351562,120.22599792480469,72.08822631835938,189.48399353027344,177.73048400878906,299.7744445800781,23.167152404785156,66.75310516357422,159.37713623046875,157.2243194580078,248.1069793701172,211.06771850585938,81.56098175048828,147.88999938964844,225.40789794921875,225.7899932861328,703.0999755859375,410.0400085449219,174.59100341796875,98.8499984741211,342.9007873535156,337.6833801269531,103.26713562011719
2025-09-16,237.6969451904297,211.245849609375,352.7300109863281,331.3520812988281,172.9847412109375,160.4600067138672,269.2801818847656,234.0500030517578,201.5550079345703,4.650000095367432,324.4646301269531,215.02000427246094,50.11478805541992,26.86302947998047,83.12000274658203,490.989990234375,437.54888916015625,948.0523071289062,237.91400146484375,291.8530578613281,109.51068115234375,250.8192596435547,777.5628051757812,415.9607238769531,196.6617431640625,25.270000457763672,174.41946411132812,304.75274658203125,65.32878875732422,762.3162841796875,468.278076171875,583.7651977539062,299.80609130859375,777.1747436523438,79.8116455078125,153.1948699951172,431.11334228515625,506.9320068359375,158.5898895263672,120.0510025024414,71.81183624267578,186.40199279785156,174.86080932617188,304.24908447265625,23.099496841430664,66.49449157714844,162.2637481689453,157.4328155517578,249.26681518554688,207.42945861816406,83.22811889648438,147.2100067138672,221.34429931640625,215.9499969482422,704.0599975585938,421.6199951171875,174.0325469970703,97.83000183105469,334.9070739746094,338.65948486328125,102.99822998046875
2025-09-17,238.5353546142578,215.69036865234375,362.07000732421875,329.344482421875,177.56007385253906,159.16000366210938,270.88751220703125,231.6199951171875,201.9042510986328,4.610000133514404,333.35406494140625,214.6300048828125,50.846824645996094,27.30177116394043,82.9800033569336,492.3299865722656,447.4681091308594,958.9660034179688,241.2163848876953,288.39630126953125,110.89363861083984,249.19146728515625,786.1646728515625,411.5686950683594,197.34230041503906,24.899999618530273,175.15089416503906,307.2759704589844,66.11778259277344,757.7506103515625,467.0933532714844,595.9199829101562,301.4667663574219,773.9024658203125,79.8608627319336,154.76800537109375,426.3364562988281,507.9079284667969,159.75819396972656,122.8499984741211,71.37751007080078,190.07400512695312,170.27130126953125,299.0501403808594,23.244474411010742,68.25508117675781,163.37094116210938,157.1647491455078,256.9532165527344,214.0668182373047,82.09368133544922,147.8699951171875,220.56094360351562,217.9600067138672,707.1900024414062,425.8599853515625,176.64846801757812,92.94999694824219,336.7108154296875,344.8045959472656,103.84475708007812
2025-09-18,237.42745971679688,216.84300231933594,367.4599914550781,331.92572021484375,189.15286254882812,157.9199981689453,271.9919128417969,231.22999572753906,201.9042510986328,4.71999979019165,338.97943115234375,215.66000366210938,51.5689697265625,27.471284866333008,83.41999816894531,490.5,463.6526184082031,948.3410034179688,243.2779083251953,295.95733642578125,112.2370834350586,251.68807983398438,796.15234375,412.04241943359375,195.96253967285156,30.56999969482422,172.14605712890625,308.73480224609375,65.54576110839844,760.5418090820312,467.58697509765625,583.39697265625,297.6808166503906,778.421875,80.24471282958984,156.56729125976562,431.2626037597656,506.3444519042969,168.64529418945312,120.77799987792969,71.17021179199219,189.54800415039062,176.2206573486328,294.297607421875,23.341123580932617,68.15560913085938,166.20816040039062,157.04562377929688,265.13104248046875,225.66989135742188,82.29096984863281,152.11000061035156,223.2537078857422,222.11000061035156,734.1199951171875,416.8500061035156,177.94174194335938,94.69999694824219,330.0182189941406,336.8169250488281,103.17749786376953
2025-09-19,245.032958984375,217.3118896484375,365.8999938964844,332.2124938964844,189.4917755126953,157.38999938964844,281.4386291503906,231.47999572753906,206.24464416503906,4.949999809265137,338.4337463378906,215.64999389648438,51.68767547607422,27.421428680419922,83.26000213623047,492.8500061035156,463.2356262207031,947.1460571289062,246.0763702392578,299.9919128417969,112.70136260986328,254.3744354248047,796.8353271484375,410.2757568359375,195.18875122070312,29.579999923706055,174.152587890625,310.26251220703125,65.51617431640625,749.6361083984375,466.9156494140625,581.5155029296875,298.90655517578125,776.5562133789062,80.22502899169922,157.22604370117188,434.0491027832031,515.7852172851562,162.4942169189453,122.6969985961914,69.97582244873047,192.22999572753906,176.6505889892578,306.2433776855469,23.225143432617188,67.85720825195312,164.9427947998047,157.0952606201172,262.3493957519531,223.75244140625,83.41554260253906,153.3000030517578,223.64537048339844,230.47999572753906,734.9199829101562,426.07000732421875,175.7373046875,98.51000213623047,331.86138916015625,340.2330627441406,101.91268157958984
2025-09-22,255.5928192138672,217.4290771484375,364.0799865722656,332.2124938964844,199.87843322753906,159.7899932861328,282.0204162597656,227.6300048828125,206.24464416503906,4.880000114440918,338.29486083984375,212.08999633789062,51.36122512817383,27.421428680419922,83.26000213623047,493.7099914550781,468.7562561035156,939.2794189453125,248.6656951904297,299.8723449707031,111.12083435058594,252.18740844726562,797.3896484375,406.6338195800781,194.84381103515625,28.760000228881836,172.1954803466797,307.9560852050781,65.29920196533203,752.5868530273438,474.2707824707031,581.843994140625,299.509521484375,763.8824462890625,79.13253021240234,158.0126190185547,435.0443115234375,512.3196411132812,164.38148498535156,122.73699951171875,70.36079406738281,189.55599975585938,183.58984375,325.58074951171875,23.23480987548828,67.32007598876953,167.77996826171875,158.27664184570312,260.8455505371094,223.75244140625,84.13566589355469,157.1199951171875,223.64537048339844,229.5399932861328,738.530029296875,434.2099914550781,175.9822235107422,99.38999938964844,336.4052734375,342.97198486328125,102.40068054199219
2025-09-23,253.9459686279297,217.44863891601562,361.7799987792969,332.8817138671875,200.227294921875,160.89999389648438,282.81915283203125,220.7100067138672,216.47207641601562,5.610000133514404,338.7809753417969,216.33999633789062,51.14359664916992,27.431400299072266,83.62000274658203,494.1000061035156,467.9222106933594,939.6179809570312,243.55674743652344,304.46478271484375,113.0075912475586,251.31858825683594,798.1419677734375,405.5580139160156,195.13282775878906,29.34000015258789,174.53805541992188,308.2517395019531,65.79232025146484,744.6417846679688,480.47076416015625,567.3897094726562,299.7072448730469,754.1387939453125,78.699462890625,158.06178283691406,431.51141357421875,507.1212463378906,166.16888427734375,121.84700012207031,70.01530456542969,185.53399658203125,178.410400390625,311.37286376953125,23.321794509887695,66.95204162597656,167.59214782714844,159.3786163330078,260.7373962402344,222.42495727539062,84.53025817871094,149.94000244140625,224.23287963867188,223.5399932861328,718.9400024414062,425.8500061035156,178.3532257080078,97.80000305175781,342.7036437988281,337.3348388671875,102.10189819335938
2025-09-24,251.8300018310547,214.88937377929688,353.2699890136719,330.7784729003906,200.7954864501953,160.8800048828125,275.33477783203125,220.2100067138672,214.07737731933594,5.489999771118164,337.7987976074219,215.10000610351562,51.14359664916992,27.53111457824707,84.81999969482422,497.0899963378906,466.4626159667969,941.2809448242188,244.8813018798828,299.1550598144531,112.2864761352539,246.80471801757812,784.3928833007812,404.4328308105469,194.47091674804688,31.219999313354492,174.64678955078125,308.92205810546875,65.53589630126953,739.52783203125,480.0561218261719,566.2349853515625,300.8341064453125,759.3899536132812,78.41403198242188,155.23011779785156,432.2578125,508.0373840332031,161.4757080078125,120.3949966430664,70.30156707763672,186.6739959716797,176.9505615234375,306.044921875,23.28313446044922,67.4991226196289,171.56619262695312,160.21255493164062,264.2562561035156,224.19491577148438,83.12947082519531,148.8300018310547,221.6380615234375,222.57000732421875,708.6500244140625,442.7900085449219,180.70462036132812,97.77999877929688,346.7645568847656,337.31488037109375,102.31105041503906
2025-09-25,256.3813171386719,213.47299194335938,354.1600036621094,333.93328857421875,198.9613800048828,161.27000427246094,267.4066162109375,218.14999389648438,216.72152709960938,5.170000076293945,337.50115966796875,213.52999877929688,51.29197692871094,27.167158126831055,84.81999969482422,494.9599914550781,460.43560791015625,939.3292236328125,239.9615478515625,296.0469970703125,109.63909149169922,245.45652770996094,786.69921875,402.14306640625,193.63186645507812,33.9900016784668,175.6747589111328,308.95159912109375,65.07237243652344,712.3532104492188,478.1704406738281,564.7318115234375,298.82745361328125,747.6595458984375,76.37666320800781,156.2821502685547,433.8998718261719,504.9303283691406,156.60276794433594,120.8239974975586,68.34709167480469,183.7220001220703,177.67050170898438,289.04901123046875,22.809547424316406,66.38507080078125,167.7404327392578,159.34884643554688,258.02459716796875,221.441650390625,82.69542694091797,143.4499969482422,219.14112854003906,221.60000610351562,712.6199951171875,423.3900146484375,178.3532257080078,97.5999984741211,340.60418701171875,333.58001708984375,102.62974548339844
2025-09-26,254.97401428222656,215.49501037597656,360.3699951171875,342.34619140625,203.26754760742188,159.4600067138672,269.1816101074219,219.77999877929688,218.0685577392578,5.269999980926514,338.98931884765625,221.25999450683594,51.64810562133789,27.172142028808594,85.73999786376953,500.0299987792969,462.461181640625,912.084716796875,242.43138122558594,293.85540771484375,110.73558044433594,246.2055206298828,794.37060546875,404.7486877441406,194.08868408203125,35.5,177.6318817138672,311.52410888671875,64.7666244506836,722.27197265625,481.23095703125,562.5716552734375,301.73370361328125,742.5081787109375,77.321533203125,157.4226837158203,432.2080078125,509.3419494628906,157.04212951660156,121.06099700927734,68.41619110107422,187.1999969482422,178.17044067382812,281.2406311035156,22.964187622070312,66.94210052490234,167.2659149169922,162.16830444335938,259.5677490234375,221.39247131347656,82.2613754272461,140.25,223.9880828857422,224.63999938964844,716.530029296875,440.3999938964844,180.81240844726562,98.44999694824219,339.1453857421875,336.01019287109375,102.73929595947266
2025-09-29,253.9459686279297,217.9858856201172,359.4200134277344,340.720947265625,204.29425048828125,161.36000061035156,270.1578063964844,222.1699981689453,215.673828125,5.449999809265137,339.6143798828125,217.0800018310547,51.8558464050293,27.635814666748047,85.55999755859375,499.25,468.2696838378906,913.000732421875,244.09454345703125,292.8679504394531,111.24925994873047,243.71890258789062,795.9642944335938,401.50152587890625,195.1048583984375,34.47999954223633,179.519775390625,311.159423828125,65.13153839111328,724.23583984375,485.713134765625,565.5679931640625,299.509521484375,742.1588134765625,77.34122467041016,158.455078125,435.7906799316406,512.4689331054688,163.6625213623047,120.64099884033203,68.65310668945312,188.1699981689453,181.83004760742188,280.546142578125,23.051172256469727,69.30944061279297,163.41050720214844,162.44627380371094,259.31219482421875,221.7858123779297,84.48092651367188,149.0,221.4911651611328,225.25,728.469970703125,443.2099914550781,179.5191192626953,99.56999969482422,340.2296447753906,338.7889404296875,102.65962219238281
2025-09-30,254.14559936523438,226.17156982421875,352.75,340.720947265625,204.08493041992188,161.7899932861328,278.2733154296875,219.57000732421875,215.673828125,5.289999961853027,329.5443115234375,215.8300018310547,51.03478240966797,27.635814666748047,85.55999755859375,502.739990234375,473.7704772949219,921.7238159179688,236.02777099609375,300.039306640625,109.64897155761719,242.77020263671875,788.2730102539062,399.9125061035156,196.24220275878906,33.54999923706055,183.27584838867188,310.9031677246094,65.40768432617188,760.611572265625,492.85101318359375,566.2349853515625,300.3992004394531,733.15380859375,82.60688018798828,156.2919921875,435.7906799316406,515.8051147460938,167.07757568359375,119.89199829101562,68.8307876586914,184.05599975585938,186.55950927734375,279.03802490234375,24.626577377319336,66.703369140625,164.45838928222656,166.1195068359375,262.6442565917969,221.7858123779297,83.45500183105469,148.61000061035156,221.4911651611328,225.5500030517578,698.0,444.7200012207031,180.00901794433594,97.97000122070312,340.347900390625,340.0040283203125,102.63969421386719
2025-10-01,254.9640350341797,238.71388244628906,343.7200012207031,347.3173828125,217.0433349609375,164.00999450683594,294.34649658203125,220.6300048828125,217.6195526123047,5.199999809265137,325.97265625,215.1999969482422,50.13457489013672,29.555313110351562,85.80000305175781,498.20001220703125,477.41448974609375,913.4688720703125,234.72314453125,300.0991516113281,109.79714965820312,244.5677490234375,777.5430297851562,391.8489074707031,195.94387817382812,35.939998626708984,183.89854431152344,306.25091552734375,65.86135864257812,822.836181640625,492.6437072753906,571.1725463867188,297.0679016113281,716.142333984375,88.70913696289062,154.25672912597656,437.283447265625,517.5578002929688,181.8860626220703,117.08999633789062,73.24313354492188,182.48599243164062,187.21945190429688,286.7471923828125,26.298633575439453,66.30550384521484,164.5869140625,165.9904327392578,265.37677001953125,223.99826049804688,83.25770568847656,149.57000732421875,226.6318817138672,230.5500030517578,700.6799926757812,459.4599914550781,176.73663330078125,96.61000061035156,343.3049011230469,346.4280090332031,101.54418182373047
2025-10-02,256.6408386230469,231.0751953125,351.4800109863281,346.36138916015625,222.87460327148438,169.72999572753906,293.2618103027344,222.41000366210938,219.66502380371094,5.139999866485596,327.8775329589844,217.42999267578125,49.93672561645508,29.036800384521484,87.13999938964844,495.9200134277344,487.0954284667969,912.9012451171875,237.90005493164062,298.6728515625,109.21432495117188,245.356689453125,771.4752197265625,389.8650817871094,196.71768188476562,37.29999923706055,183.82936096191406,303.13623046875,65.19071197509766,817.2836303710938,492.9991149902344,574.7164306640625,296.4352722167969,725.8360595703125,88.09891510009766,152.6934356689453,435.5419006347656,513.6041870117188,183.4837646484375,116.25299835205078,73.60836791992188,182.02000427246094,188.8692626953125,286.5190124511719,26.17298698425293,68.56343078613281,166.919921875,165.42457580566406,267.26397705078125,228.22650146484375,85.54631042480469,151.3000030517578,236.1789093017578,240.5399932861328,707.2999877929688,436.0,178.6275634765625,96.61000061035156,348.6471862792969,344.55560302734375,101.28524780273438
2025-10-03,257.5291442871094,228.48663330078125,346.739990234375,345.5965881347656,216.83399963378906,164.6699981689453,293.7449951171875,219.50999450683594,219.71490478515625,5.230000019073486,327.639404296875,216.3000030517578,50.095001220703125,28.7675724029541,86.41999816894531,498.75,494.3238525390625,911.51708984375,239.3739776611328,296.2292175292969,111.31840515136719,245.0171356201172,781.9677124023438,389.9144287109375,194.8904266357422,36.83000183105469,186.45860290527344,305.5806579589844,65.73314666748047,837.2410278320312,498.0637512207031,577.8223266601562,297.5226135253906,709.3735961914062,87.7839584350586,154.9449920654297,440.5675964355469,515.20751953125,187.67530822753906,115.33200073242188,71.00241088867188,182.4720001220703,187.59939575195312,283.8996887207031,26.45327377319336,68.88172912597656,167.2461395263672,165.37493896484375,265.90753173828125,226.3090362548828,85.2503662109375,161.13999938964844,236.1789093017578,235.08999633789062,680.5,429.8299865722656,176.66807556152344,96.5999984741211,355.03424072265625,348.4299011230469,101.65373992919922
2025-10-06,256.2016906738281,224.85289001464844,350.1400146484375,347.0306091308594,223.19358825683594,203.7100067138672,290.0274353027344,220.89999389648438,219.3157958984375,5.46999979019165,329.3756408691406,219.72999572753906,49.847694396972656,28.269001007080078,89.27999877929688,500.0199890136719,491.8713684082031,907.0957641601562,244.77174377441406,297.446044921875,112.19757843017578,250.09024047851562,788.69873046875,384.2590637207031,194.84381103515625,36.59000015258789,185.98416137695312,306.22442626953125,65.19071197509766,842.4047241210938,507.6895751953125,576.189697265625,292.6393737792969,714.465087890625,87.40010833740234,155.43658447265625,445.59326171875,526.3811645507812,190.802734375,116.33100128173828,70.25221252441406,182.5679931640625,185.51962280273438,289.3070373535156,25.544757843017578,70.91088104248047,166.6925506591797,167.57887268066406,269.5934753417969,227.73484802246094,80.99870300292969,164.5,238.1862335205078,242.52000427246094,680.280029296875,453.25,178.1278839111328,100.0999984741211,353.6247253417969,347.8721923828125,102.28116607666016
2025-10-07,255.99208068847656,227.4316864013672,348.30999755859375,348.2734069824219,210.88311767578125,211.50999450683594,291.42767333984375,221.77999877929688,219.2659149169922,5.539999961853027,325.3872985839844,221.82000732421875,49.7487678527832,27.70062828063965,87.4800033569336,502.29998779296875,483.26275634765625,910.939453125,238.75653076171875,300.9569091796875,115.3586196899414,245.42657470703125,781.6410522460938,381.77191162109375,194.82518005371094,37.16999816894531,186.70570373535156,304.74871826171875,65.87122344970703,840.9891967773438,504.5599670410156,577.215087890625,292.9161682128906,711.889404296875,86.22886657714844,153.35218811035156,447.2850646972656,521.8101196289062,185.53707885742188,119.10600280761719,68.0213623046875,180.84800720214844,185.01968383789062,282.0145263671875,25.390117645263672,74.21322631835938,163.5686798095703,168.04547119140625,269.1413269042969,231.07809448242188,80.18980407714844,161.27999877929688,237.25601196289062,234.80999755859375,680.4400024414062,433.0899963378906,173.46429443359375,97.80000305175781,358.4446105957031,350.9995422363281,102.81896209716797
2025-10-08,257.5690612792969,225.87852478027344,348.7699890136719,354.7742614746094,216.81407165527344,235.55999755859375,290.5204772949219,225.22000122070312,221.4111785888672,5.579999923706055,321.2699890136719,225.32000732421875,49.303611755371094,27.341657638549805,80.26000213623047,499.8399963378906,498.56365966796875,910.939453125,239.4436798095703,301.7747802734375,116.81072998046875,244.2881317138672,768.6343383789062,378.7912292480469,195.63624572753906,37.43000030517578,187.4964599609375,301.1236572265625,65.21044158935547,843.0726318359375,507.4723815917969,573.8304443359375,291.0181884765625,716.6414794921875,85.0379409790039,153.0375518798828,449.573974609375,522.676513671875,196.3781280517578,121.42500305175781,68.19902801513672,182.86399841308594,189.0892333984375,286.3702087402344,24.81987762451172,75.72514343261719,165.85226440429688,167.3505401611328,272.4144287109375,233.2413787841797,78.95671844482422,166.42999267578125,240.1446075439453,250.2100067138672,674.75,438.69000244140625,177.92213439941406,99.27999877929688,364.6148376464844,349.94378662109375,102.48035430908203
2025-10-09,253.55670166015625,225.34129333496094,347.4700012207031,352.76666259765625,219.5951385498047,232.88999938964844,291.3192138671875,227.74000549316406,219.66502380371094,5.449999809265137,321.8851013183594,216.0,49.254150390625,28.119428634643555,80.30000305175781,496.739990234375,496.8160705566406,938.9109497070312,244.32359313964844,298.5731201171875,115.31910705566406,241.2023162841797,772.04931640625,372.7706604003906,190.39691162109375,37.79999923706055,188.87039184570312,302.6093444824219,65.4570083618164,852.6724853515625,501.2921447753906,562.7362060546875,290.43499755859375,732.2852783203125,86.12060546875,153.6471405029297,446.63818359375,520.2366943359375,192.17160034179688,123.10700225830078,67.18231964111328,183.58999633789062,192.54885864257812,295.1462707519531,24.394615173339844,75.34716033935547,163.76638793945312,161.0067596435547,271.0776672363281,233.8313751220703,78.70024108886719,163.8699951171875,241.3196258544922,250.6699981689453,673.6599731445312,435.5400085449219,175.3356170654297,96.0,362.41680908203125,345.6412353515625,101.3549575805664
2025-10-10,244.80340576171875,225.1556854248047,337.510009765625,351.2370300292969,209.27825927734375,214.89999389648438,286.09295654296875,216.3699951171875,214.0274658203125,5.099999904632568,314.5645446777344,210.72999572753906,48.12642288208008,27.900056838989258,78.4800033569336,489.1300048828125,487.82025146484375,926.0853271484375,240.6885528564453,290.7334899902344,115.75375366210938,236.24905395507812,756.6074829101562,370.85595703125,187.30178833007812,36.369998931884766,188.51455688476562,298.0137023925781,66.11778259277344,830.8809814453125,498.61663818359375,555.6889038085938,293.5982360839844,704.1223754882812,84.6343994140625,149.3111572265625,441.7120361328125,508.84405517578125,181.450439453125,122.00800323486328,64.37894439697266,177.74200439453125,183.139892578125,291.1706848144531,23.950023651123047,69.46858978271484,151.8343505859375,156.5591583251953,260.99298095703125,226.70236206054688,77.39810180664062,151.02000427246094,237.25601196289062,242.1699981689453,685.2899780273438,413.489990234375,168.22262573242188,93.4000015258789,349.4159851074219,342.2648620605469,101.42466735839844
2025-10-13,247.18885803222656,224.9603271484375,339.32000732421875,352.3842468261719,218.7777557373047,216.4199981689453,288.33135986328125,220.07000732421875,214.57627868652344,5.400000095367432,321.38775634765625,215.55999755859375,48.33415985107422,27.67569923400879,79.13999938964844,491.92999267578125,501.1849365234375,931.6119384765625,247.7295684814453,296.7578430175781,116.7712173461914,243.8187713623047,778.8001708984375,374.4288024902344,189.1663055419922,37.220001220703125,188.69247436523438,305.0260314941406,65.88108825683594,816.8351440429688,497.41217041015625,557.4432373046875,296.66259765625,714.5050048828125,84.3489761352539,152.5262908935547,441.9110412597656,511.9212646484375,192.6112518310547,121.90299987792969,66.5110855102539,184.74000549316406,188.29933166503906,306.1287536621094,23.901697158813477,68.4937973022461,159.9307403564453,157.7008514404297,265.2096862792969,227.53817749023438,78.94685363769531,153.66000366210938,240.97691345214844,247.27000427246094,692.0399780273438,435.8999938964844,171.56358337402344,94.08000183105469,353.51629638671875,341.916259765625,101.70353698730469
2025-10-14,247.29864501953125,223.8174591064453,335.94000244140625,353.43585205078125,217.4918975830078,218.08999633789062,289.7611999511719,216.38999938964844,212.3312225341797,6.0,331.06561279296875,214.3000030517578,49.550926208496094,27.251914978027344,78.5999984741211,495.9700012207031,523.7340698242188,942.5157470703125,238.78640747070312,299.30120849609375,117.03793334960938,245.11700439453125,762.942626953125,382.6700439453125,194.480224609375,35.630001068115234,188.64305114746094,299.19232177734375,66.5813217163086,809.80712890625,498.7449951171875,566.0953369140625,301.0614929199219,707.4668579101562,83.36473846435547,152.73275756835938,438.7264709472656,511.4432067871094,186.90594482421875,121.53500366210938,66.76773071289062,182.2519989013672,180.01022338867188,297.1737976074219,23.698732376098633,68.78226470947266,159.89120483398438,158.2468719482422,265.897705078125,228.8164825439453,80.05169677734375,152.8800048828125,233.38824462890625,240.8300018310547,683.510009765625,429.239990234375,170.4172821044922,94.25,354.7680969238281,346.975830078125,106.77277374267578
2025-10-15,248.8656463623047,222.56796264648438,330.6300048828125,349.9942321777344,226.8518524169922,238.60000610351562,293.1828918457031,215.57000732421875,213.9775848388672,5.960000038146973,328.8873596191406,214.0,51.71735382080078,27.177127838134766,78.87999725341797,496.3900146484375,530.2675170898438,950.9598999023438,235.60948181152344,299.3410949707031,116.86012268066406,250.68943786621094,760.1412963867188,383.2424621582031,188.78408813476562,37.150001525878906,188.9593505859375,302.767822265625,66.15723419189453,823.982666015625,493.0484924316406,561.0018310546875,301.74359130859375,716.3519287109375,82.78404235839844,159.92005920410156,440.81640625,511.3038330078125,191.78192138671875,120.3290023803711,67.57715606689453,180.61000061035156,179.8102569580078,301.76556396484375,23.57308578491211,67.61848449707031,161.1071319580078,155.86422729492188,266.99859619140625,230.29144287109375,81.7385482788086,156.2100067138672,235.64036560058594,240.86000061035156,671.2999877929688,435.1499938964844,171.72035217285156,94.5199966430664,355.9706115722656,344.2966613769531,108.5853500366211
2025-10-16,246.979248046875,223.20745849609375,329.2300109863281,347.9866027832031,226.9914093017578,234.55999755859375,291.6939392089844,214.47000122070312,212.3312225341797,5.480000019073486,321.38775634765625,211.88999938964844,49.897151947021484,27.01259994506836,79.58000183105469,488.80999755859375,537.1285400390625,921.7138061523438,244.9908447265625,299.06182861328125,116.41559600830078,251.1188507080078,750.401123046875,382.3443603515625,189.40870666503906,36.84000015258789,189.8983612060547,295.6861572265625,66.66021728515625,816.8151245117188,486.9669494628906,548.1133422851562,301.8226318359375,710.881103515625,82.59703063964844,157.33419799804688,438.8260192871094,509.4913330078125,202.36318969726562,118.35900115966797,65.97804260253906,178.8979949951172,181.7900390625,311.0882873535156,23.41844367980957,65.6987533569336,162.20443725585938,155.91387939453125,265.13104248046875,229.30813598632812,83.19851684570312,156.57000732421875,239.16542053222656,240.05999755859375,664.4600219726562,428.75,171.92608642578125,92.5199966430664,351.55487060546875,334.0481262207031,106.03579711914062
2025-10-17,251.81002807617188,225.8638916015625,333.260009765625,332.4992980957031,224.2701416015625,233.0800018310547,294.6521911621094,213.0399932861328,212.73033142089844,6.449999809265137,344.76177978515625,212.94000244140625,50.72811508178711,26.738386154174805,80.22000122070312,492.4200134277344,523.3468627929688,932.378662109375,242.08282470703125,299.361083984375,121.31523132324219,252.95635986328125,743.1553955078125,386.79559326171875,189.21292114257812,37.0099983215332,190.98565673828125,294.7155456542969,67.49852752685547,800.3169555664062,488.8427429199219,559.167724609375,304.5509338378906,715.7229614257812,83.45332336425781,156.00685119628906,434.9447937011719,511.4532165527344,202.2133331298828,119.93599700927734,66.50121307373047,180.72000122070312,183.19989013671875,289.53076171875,23.68906593322754,67.05152130126953,161.58163452148438,156.80735778808594,268.2370300292969,227.09568786621094,84.20471954345703,157.75999450683594,232.94760131835938,240.74000549316406,671.52001953125,439.30999755859375,173.00381469726562,92.30000305175781,351.4858703613281,340.511962890625,107.29065704345703
2025-10-20,261.7411193847656,228.3136749267578,343.3999938964844,335.65411376953125,227.4001007080078,240.55999755859375,299.1092834472656,216.47999572753906,225.0531463623047,6.420000076293945,347.6064758300781,216.82000732421875,51.47993850708008,27.35162925720215,81.16000366210938,494.0799865722656,528.9330444335938,932.1595458984375,253.23687744140625,301.89447021484375,121.61157989501953,256.2019348144531,755.5780639648438,383.8248291015625,192.07498168945312,38.099998474121094,191.4798583984375,299.4696350097656,67.49852752685547,806.4277954101562,499.455810546875,564.5404052734375,304.234619140625,730.947509765625,84.95919799804688,159.25148010253906,441.9608459472656,514.6498413085938,206.59971618652344,123.85600280761719,66.74799346923828,183.50999450683594,182.6199493408203,275.487060546875,23.863037109375,68.83199310302734,165.13059997558594,159.54739379882812,273.16143798828125,234.61802673339844,83.38594818115234,164.7100067138672,238.1372833251953,245.6699981689453,675.530029296875,447.42999267578125,175.95285034179688,93.69999694824219,359.25286865234375,343.0218200683594,106.6134262084961
2025-10-21,262.2701110839844,227.6544952392578,357.54998779296875,337.1837463378906,225.2769012451172,238.02999877929688,296.94976806640625,222.02999877929688,226.7493896484375,5.869999885559082,353.315673828125,217.25999450683594,50.96553421020508,27.27684211730957,81.44000244140625,491.2900085449219,522.4307250976562,933.543701171875,262.32940673828125,305.834228515625,122.56977081298828,250.12020874023438,751.2821044921875,385.8086242675781,194.91839599609375,38.119998931884766,189.66114807128906,294.25,70.24028015136719,797.067138671875,483.26470947265625,570.1921997070312,303.9479675292969,732.0457153320312,86.23870849609375,156.5574493408203,442.35888671875,515.5162963867188,202.12339782714844,124.13500213623047,67.47844696044922,188.3000030517578,181.14010620117188,273.4694519042969,24.017677307128906,69.67748260498047,166.900146484375,171.78817749023438,275.6678466796875,236.38796997070312,84.73741149902344,162.63999938964844,236.8643341064453,247.52000427246094,689.2100219726562,442.6000061035156,177.1775360107422,93.02999877929688,360.13006591796875,345.8105163574219,105.78681182861328
2025-10-22,257.9583435058594,224.9882354736328,354.0899963378906,336.2277526855469,219.85430908203125,230.22999572753906,291.8615417480469,217.9499969482422,221.91006469726562,5.639999866485596,350.1129455566406,216.58999633789062,50.550052642822266,27.44137191772461,80.4800033569336,491.80999755859375,511.73614501953125,940.6934204101562,255.58721923828125,297.1169128417969,119.9816665649414,251.34854125976562,737.0479125976562,383.9037780761719,192.61569213867188,36.91999816894531,190.70889282226562,291.29852294921875,69.8359146118164,809.8869018554688,480.9347839355469,569.5243530273438,306.5477294921875,732.1854248046875,86.22886657714844,155.46609497070312,448.0812072753906,518.3843383789062,198.30654907226562,111.63700103759766,68.18917083740234,187.1300048828125,180.2602081298828,270.99468994140625,23.892030715942383,67.70800018310547,167.33511352539062,176.6924591064453,271.50030517578125,232.89723205566406,84.34281921386719,162.00999450683594,236.96226501464844,241.6699981689453,675.6199951171875,438.9700012207031,167.252685546875,92.20999908447266,356.30572509765625,343.96795654296875,106.70305633544922
2025-10-23,259.0861511230469,224.565185546875,354.1199951171875,334.7937316894531,227.739013671875,234.99000549316406,288.8145446777344,221.08999633789062,223.40676879882812,5.550000190734863,353.0272216796875,217.77000427246094,51.202945709228516,27.50119972229004,80.37999725341797,490.1600036621094,518.2982788085938,938.074462890625,254.00372314453125,305.5948486328125,119.27042388916016,252.7366485595703,743.165283203125,380.01507568359375,205.72337341308594,38.15999984741211,190.24432373046875,291.72442626953125,68.97789001464844,818.4699096679688,481.8331604003906,571.9266357421875,303.4438171386719,732.7744750976562,85.8056411743164,156.63612365722656,448.8773193359375,518.404296875,206.53976440429688,111.35900115966797,68.78143310546875,187.83399963378906,182.13999938964844,278.35943603515625,23.843706130981445,69.28955078125,168.08642578125,178.14190673828125,273.7708435058594,237.96127319335938,84.28363800048828,167.02999877929688,234.6611785888672,252.99000549316406,673.8599853515625,448.9800109863281,168.7027130126953,94.61000061035156,355.2806701660156,344.5655517578125,106.42420196533203
2025-10-24,262.32000732421875,224.30938720703125,353.5199890136719,337.2793273925781,228.0181121826172,252.9199981689453,287.7002868652344,224.2100067138672,226.05093383789062,5.769999980926514,355.64312744140625,221.35000610351562,52.004234313964844,27.695642471313477,81.16000366210938,492.1000061035156,520.5188598632812,928.2063598632812,253.7846221923828,303.08135986328125,119.4679946899414,259.5674133300781,775.9295654296875,381.6435852050781,201.50018310546875,38.279998779296875,188.1982421875,297.5679931640625,68.75105285644531,822.8660888671875,479.226806640625,571.826904296875,302.2773742675781,737.1271362304688,86.11075592041016,161.10975646972656,447.8323974609375,521.441650390625,218.83963012695312,109.46900177001953,68.21878051757812,186.03399658203125,186.23953247070312,281.5994873046875,23.930692672729492,69.39895629882812,167.00889587402344,177.35760498046875,264.94427490234375,229.4556427001953,84.92483520507812,172.9499969482422,238.52896118164062,257.94000244140625,645.780029296875,433.7200012207031,165.70469665527344,94.06999969482422,357.3012390136719,345.9798583984375,105.73701477050781
2025-10-27,268.2986145019531,224.34872436523438,357.79998779296875,340.6253356933594,230.58985900878906,259.6700134277344,287.108642578125,226.97000122070312,227.9966278076172,6.21999979019165,359.7311096191406,223.0,52.44939041137695,27.53111457824707,81.5199966430664,488.07000732421875,524.8405151367188,925.9259643554688,254.4219970703125,312.0281066894531,119.00371551513672,268.9046630859375,781.9776000976562,380.251953125,200.502685546875,39.540000915527344,188.0994110107422,301.2425231933594,69.09623718261719,823.8230590820312,480.70770263671875,570.5210571289062,306.4389953613281,749.56640625,86.61271667480469,163.23350524902344,454.6991882324219,529.3189697265625,219.9187469482422,109.45600128173828,67.70548248291016,189.25799560546875,191.46897888183594,279.6812744140625,23.940357208251953,69.87641143798828,185.53468322753906,177.94334411621094,267.50970458984375,231.61892700195312,86.03954315185547,175.05999755859375,241.66233825683594,265.9700012207031,657.7999877929688,452.4200134277344,165.97901916503906,96.41999816894531,360.7313537597656,346.4180603027344,104.04395294189453
2025-10-28,268.4882507324219,223.8666534423828,359.9100036621094,341.6769714355469,226.91165161132812,258.010009765625,288.0256652832031,229.25,230.24168395996094,5.960000038146973,359.09454345703125,223.3300018310547,52.301002502441406,27.36658477783203,81.23999786376953,481.44000244140625,522.25146484375,920.260009765625,253.21694946289062,308.98602294921875,116.44522857666016,267.1071472167969,784.0563354492188,380.7256774902344,199.88739013671875,41.529998779296875,184.7683868408203,302.44097900390625,69.19486999511719,817.5328369140625,479.58221435546875,564.1117553710938,302.88037109375,750.1853637695312,85.65801239013672,162.43710327148438,462.959228515625,539.8251953125,221.7272491455078,110.25,66.56044006347656,187.58200073242188,201.0079345703125,279.11474609375,23.679401397705078,72.63167572021484,178.960693359375,177.37747192382812,265.445556640625,230.19313049316406,84.27376556396484,178.9600067138672,241.12379455566406,267.04998779296875,653.4299926757812,460.54998779296875,163.52964782714844,95.43000030517578,362.5646667480469,345.50177001953125,102.74925231933594
2025-10-29,269.1869201660156,221.50538635253906,337.8599853515625,338.71331787109375,234.99571228027344,264.3299865722656,287.7101135253906,230.3000030517578,229.9922332763672,5.860000133514404,356.2995910644531,213.5800018310547,52.01412582397461,27.48125648498535,82.0999984741211,475.760009765625,583.0133666992188,908.5695190429688,250.42845153808594,313.46435546875,117.05768585205078,274.197509765625,775.1178588867188,373.1161193847656,198.4703369140625,41.34000015258789,184.44219970703125,302.5895690917969,67.40975952148438,810.9834594726562,479.1478271484375,552.7982788085938,298.87689208984375,750.4149780273438,85.2151107788086,161.2769012451172,459.724853515625,539.3073120117188,226.443359375,110.04100036621094,64.50726318359375,182.33999633789062,207.01727294921875,273.6185302734375,23.476436614990234,69.30944061279297,176.62767028808594,175.0841827392578,255.20362854003906,220.55667114257812,83.03082275390625,179.00999450683594,240.6342010498047,269.70001220703125,665.6699829101562,461.510009765625,157.01431274414062,95.76000213623047,350.16510009765625,339.9044189453125,102.04214477539062
2025-10-30,270.8836669921875,224.51600646972656,339.239990234375,340.4341735839844,231.8059539794922,254.83999633789062,287.93695068359375,222.86000061035156,234.3326416015625,5.78000020980835,356.9560546875,200.0800018310547,52.45927810668945,26.793230056762695,81.37999725341797,478.5199890136719,580.6832885742188,916.2968139648438,255.59713745117188,309.9435119628906,116.99842071533203,281.09814453125,782.1458129882812,374.6064453125,197.93588256835938,40.15999984741211,186.86387634277344,306.4819641113281,68.03109741210938,841.8565063476562,483.4819030761719,551.901123046875,298.9559631347656,665.357177734375,84.91983032226562,162.4862518310547,452.7585754394531,523.582763671875,223.82550048828125,108.9000015258789,64.06306457519531,186.93600463867188,202.8677215576172,255.32101440429688,23.476436614990234,67.5687484741211,175.23377990722656,176.13650512695312,254.7613067626953,222.080810546875,82.0246353149414,173.61000061035156,241.85816955566406,271.17999267578125,656.6799926757812,440.1000061035156,157.25926208496094,96.48999786376953,339.8058166503906,343.6393127441406,101.8130874633789
2025-10-31,269.85565185546875,214.52000427246094,340.30999755859375,332.8817138671875,232.3542022705078,256.1199951171875,294.2774658203125,244.22000122070312,235.8792266845703,5.840000152587891,358.796142578125,201.02000427246094,52.87476348876953,26.873001098632812,80.72000122070312,477.5400085449219,574.8181762695312,908.8876953125,259.34173583984375,308.148193359375,118.33199310302734,280.80853271484375,781.3638916015625,374.64593505859375,199.1426239013672,39.9900016784668,186.68594360351562,308.1459045410156,67.95220184326172,860.1589965820312,485.6144104003906,550.216552734375,295.0019226074219,647.2674560546875,84.62456512451172,162.2290496826172,446.9864807128906,515.6656494140625,223.58570861816406,111.88600158691406,63.75706100463867,183.8560028076172,202.4677734375,261.00604248046875,23.824377059936523,68.90161895751953,178.83218383789062,177.2086944580078,255.5673065185547,220.70416259765625,79.7754898071289,173.86000061035156,240.43836975097656,274.8800048828125,655.3200073242188,456.55999755859375,159.6020050048828,96.5,336.66156005859375,339.3666076660156,100.76736450195312
2025-11-03,268.53814697265625,208.53817749023438,337.4700012207031,337.4705505371094,236.94944763183594,259.6499938964844,292.1770935058594,254.0,231.43902587890625,5.349999904632568,359.6813659667969,204.5500030517578,52.98358154296875,26.394371032714844,81.54000091552734,475.67999267578125,568.1763916015625,925.4310302734375,260.2679138183594,307.8190612792969,120.56448364257812,283.3350830078125,777.5529174804688,373.4220886230469,195.62130737304688,39.5,184.1061248779297,306.3928527832031,67.03498840332031,893.7236938476562,481.724609375,542.322021484375,292.965576171875,636.645263671875,81.18958282470703,161.88282775878906,448.3797607421875,514.888916015625,234.50669860839844,110.00900268554688,61.84208297729492,182.76800537109375,206.85728454589844,256.275146484375,23.834043502807617,67.9765625,178.6542510986328,175.75926208496094,259.4497985839844,225.03074645996094,79.86426544189453,172.94000244140625,242.05401611328125,277.1400146484375,644.0900268554688,468.3699951171875,159.6020050048828,99.72000122070312,329.00299072265625,335.5420837402344,101.17568969726562
2025-11-04,269.5262756347656,212.40472412109375,335.3500061035156,338.2353210449219,229.45350646972656,250.0500030517578,292.571533203125,249.32000732421875,235.08099365234375,5.28000020980835,358.55743408203125,198.0500030517578,52.96379470825195,26.678556442260742,80.30000305175781,487.6600036621094,545.2637329101562,938.0953979492188,253.39622497558594,303.4105529785156,121.50291442871094,277.1634826660156,782.80908203125,378.0904541015625,194.32554626464844,37.029998779296875,184.69918823242188,306.2937927246094,67.71549987792969,904.0213012695312,478.8022766113281,550.97412109375,295.77294921875,626.2725830078125,82.5379867553711,162.23895263671875,444.54833984375,512.2001342773438,217.85043334960938,109.2959976196289,60.440391540527344,177.51400756835938,198.66818237304688,246.6542510986328,23.486099243164062,65.72859191894531,170.8643035888672,174.33961486816406,255.20362854003906,222.2774658203125,78.52267456054688,160.94000244140625,239.116455078125,265.4200134277344,629.5999755859375,444.260009765625,157.5261688232422,94.66999816894531,326.0854187011719,338.9283447265625,101.85292053222656
2025-11-05,269.6260986328125,213.27052307128906,335.5299987792969,340.6253356933594,240.1192626953125,256.3299865722656,315.4092712402344,250.1999969482422,235.08099365234375,4.480000019073486,363.83892822265625,197.6199951171875,51.88552474975586,26.349498748779297,85.80000305175781,488.7699890136719,566.7424926757812,932.4014282226562,251.6434326171875,304.3181457519531,121.08802795410156,283.9242858886719,785.046142578125,368.9708251953125,194.9091339111328,38.380001068115234,183.84913635253906,308.7005615234375,67.56756591796875,922.9119873046875,467.1131286621094,551.5323486328125,302.15875244140625,634.88818359375,83.05962371826172,163.39630126953125,441.9608459472656,505.0597839355469,237.3043975830078,109.84600067138672,61.30904769897461,175.92599487304688,195.18858337402344,248.78118896484375,23.78571891784668,67.69805145263672,177.66567993164062,172.7412567138672,256.5993347167969,224.145751953125,81.7582778930664,162.9199981689453,239.89981079101562,264.7900085449219,620.0,462.07000732421875,161.68772888183594,92.75,323.03973388671875,338.66943359375,101.05618286132812
2025-11-06,269.25677490234375,215.5038604736328,327.3500061035156,337.75732421875,232.78282165527344,237.6999969482422,311.1986999511719,243.0399932861328,234.9313201904297,4.340000152587891,363.76934814453125,196.5,52.71648406982422,26.43425750732422,84.30000305175781,493.1499938964844,567.369873046875,920.983642578125,238.2884521484375,304.4777526855469,121.8980484008789,284.36370849609375,779.592041015625,364.2629699707031,193.78150939941406,37.2400016784668,184.80792236328125,310.4239501953125,68.10999298095703,934.5055541992188,462.9468994140625,551.50244140625,294.9821472167969,617.9065551757812,84.4277114868164,161.6553192138672,429.1727294921875,495.04144287109375,238.1337127685547,109.7020034790039,61.09188461303711,171.75399780273438,188.05935668945312,242.3109588623047,24.017677307128906,65.90763092041016,171.22019958496094,173.83331298828125,249.5420379638672,214.31263732910156,81.10721588134766,156.0500030517578,236.57058715820312,264.7200012207031,618.2000122070312,445.9100036621094,159.52291870117188,92.12000274658203,316.9483947753906,335.6018371582031,101.26532745361328
2025-11-07,267.9592590332031,215.62193298339844,326.95001220703125,337.75732421875,229.33389282226562,233.5399932861328,315.74456787109375,244.41000366210938,234.9313201904297,4.360000133514404,366.56427001953125,194.61000061035156,52.6274528503418,26.43425750732422,84.30000305175781,499.05999755859375,560.7180786132812,920.1459350585938,238.8959503173828,306.4725341796875,117.39354705810547,278.4516906738281,778.3646240234375,366.2763671875,191.96151733398438,38.130001068115234,184.4125518798828,311.20635986328125,69.57949829101562,921.4765014648438,452.51153564453125,550.1966552734375,296.2177734375,620.6719360351562,84.91983032226562,160.60678100585938,429.1727294921875,494.7626037597656,237.72406005859375,110.36599731445312,60.30220031738281,172.37399291992188,188.1293487548828,237.7986602783203,24.02751350402832,65.86784362792969,168.93661499023438,175.6897735595703,247.65484619140625,214.31263732910156,84.41188049316406,152.41000366210938,236.57058715820312,262.8599853515625,616.9099731445312,429.5199890136719,158.7024688720703,91.98999786376953,319.56036376953125,334.6656188964844,102.1716079711914
2025-11-10,269.1781311035156,215.17921447753906,328.8500061035156,341.1033630371094,234.32785034179688,243.97999572753906,319.1564025878906,248.39999389648438,232.4940185546875,4.349999904632568,365.9078369140625,194.80999755859375,52.84508514404297,26.424285888671875,86.91999816894531,496.9800109863281,568.4352416992188,912.9861450195312,240.71844482421875,311.1304626464844,116.71194458007812,289.7064208984375,789.1144409179688,365.605224609375,193.9397735595703,38.45000076293945,186.2312774658203,313.86077880859375,69.54991149902344,963.6141967773438,446.34112548828125,551.1834716796875,295.66424560546875,630.7051391601562,85.3824234008789,163.26773071289062,429.1727294921875,503.90460205078125,253.0913848876953,112.00700378417969,60.01594161987305,173.25999450683594,199.0281524658203,239.3590850830078,23.98817253112793,65.8976821899414,169.6088409423828,177.73486328125,247.458251953125,212.64102172851562,83.45500183105469,158.8800048828125,240.58523559570312,268.510009765625,622.9299926757812,445.2300109863281,158.73211669921875,94.0999984741211,316.96807861328125,333.5003356933594,102.00231170654297
2025-11-11,274.99267578125,221.53489685058594,333.2200012207031,343.2065734863281,227.93836975097656,237.52000427246094,333.7406311035156,249.10000610351562,234.6416473388672,4.429999828338623,368.17559814453125,195.2100067138672,53.052825927734375,27.35162925720215,87.31999969482422,497.07000732421875,565.5276489257812,911.2909545898438,243.49700927734375,309.9136047363281,121.06827545166016,290.9147644042969,802.0914916992188,369.3656005859375,198.2326202392578,37.880001068115234,191.58859252929688,312.6029052734375,70.62491607666016,985.525390625,451.2478332519531,556.5560913085938,303.305419921875,626.0330200195312,89.51620483398438,164.70205688476562,432.4568176269531,506.573486328125,240.91143798828125,113.64399719238281,62.33563995361328,172.13400268554688,193.1387939453125,234.70767211914062,25.0897216796875,67.04157257080078,171.99127197265625,177.92349243164062,250.0334930419922,213.42767333984375,85.2503662109375,158.94000244140625,242.24984741210938,271.260009765625,639.5800170898438,439.6199951171875,157.89190673828125,93.5999984741211,322.7539367675781,337.553955078125,103.01815795898438
2025-11-12,273.21435546875,229.46478271484375,337.04998779296875,345.11859130859375,229.9917755126953,258.8900146484375,331.60076904296875,244.1999969482422,236.43966674804688,4.329999923706055,370.7716064453125,195.5,53.52765655517578,28.976970672607422,89.05999755859375,502.3999938964844,570.5961303710938,911.4304809570312,245.01077270507812,308.218017578125,121.8980484008789,286.3210144042969,830.4608154296875,366.296142578125,199.39979553222656,37.88999938964844,192.14210510253906,317.34710693359375,70.52629852294922,1014.5941162109375,451.21820068359375,559.4268188476562,303.4141540527344,607.9931640625,90.0083236694336,168.0851287841797,430.914306640625,509.0233154296875,244.6982879638672,115.75,63.37208938598633,172.80799865722656,193.7787322998047,225.60362243652344,25.443790435791016,66.8426284790039,174.65052795410156,176.40457153320312,249.01126098632812,214.755126953125,86.07901000976562,156.58999633789062,245.18739318847656,269.82000732421875,647.8699951171875,430.6000061035156,161.21324157714844,93.56999969482422,334.1974182128906,338.1826477050781,103.01815795898438
2025-11-13,272.6948547363281,228.5399627685547,333.6000061035156,345.11859130859375,222.51576232910156,247.9600067138672,331.3246765136719,237.5800018310547,236.43966674804688,4.130000114440918,362.77471923828125,194.5800018310547,52.301002502441406,28.976970672607422,89.05999755859375,513.1099853515625,551.20849609375,922.4793701171875,239.4436798095703,303.380615234375,123.67613983154297,278.19207763671875,797.3302612304688,363.2760009765625,197.698486328125,35.90999984741211,192.99217224121094,306.5216064453125,70.09234619140625,1019.6681518554688,450.0433654785156,553.7850341796875,304.0467834472656,608.8717041015625,91.46499633789062,163.82167053222656,435.691162109375,501.205810546875,236.75485229492188,115.4229965209961,65.17849731445312,169.93800354003906,186.8394775390625,216.2411651611328,25.365108489990234,64.98257446289062,172.50534057617188,172.70155334472656,247.55654907226562,214.755126953125,85.27010345458984,146.33999633789062,222.27452087402344,256.9200134277344,645.3300170898438,401.989990234375,160.36312866210938,91.77999877929688,327.7511901855469,335.3883972167969,102.121826171875
2025-11-14,272.15533447265625,228.6088409423828,331.1099853515625,351.4282531738281,225.286865234375,246.80999755859375,332.0544128417969,234.69000244140625,235.3908233642578,4.0,355.2651672363281,194.52000427246094,52.043800354003906,28.323843002319336,88.73999786376953,508.94000244140625,551.6865234375,920.38525390625,242.6604461669922,304.0289306640625,123.49832916259766,276.0350036621094,782.8882446289062,357.6403503417969,198.0566864013672,35.52000045776367,193.664306640625,300.70770263671875,70.18111419677734,1023.5716552734375,459.8370056152344,543.9766845703125,303.5031433105469,608.4424438476562,91.45515441894531,162.090576171875,435.5419006347656,508.0672912597656,246.626708984375,111.21700286865234,63.34247970581055,170.08599853515625,190.1491241455078,221.48890686035156,24.64713478088379,62.475975036621094,171.99127197265625,174.29991149902344,240.84324645996094,207.57696533203125,84.23676300048828,146.0399932861328,225.55479431152344,257.0199890136719,635.75,404.3500061035156,157.49652099609375,91.62000274658203,317.24407958984375,329.3408508300781,102.06207275390625
2025-11-17,267.2099609375,230.2223663330078,325.07000732421875,346.26580810546875,227.97824096679688,240.52000427246094,336.9552307128906,232.8699951171875,230.89576721191406,3.9600000381469727,339.42059326171875,191.80999755859375,50.92596435546875,27.865156173706055,87.0,503.260009765625,549.7147827148438,910.0245361328125,236.05763244628906,299.3511047363281,122.57965087890625,284.63330078125,767.6939697265625,353.36676025390625,195.111328125,34.709999084472656,197.27210998535156,297.4986572265625,69.70771026611328,1019.9976196289062,464.7831726074219,535.1251831054688,301.3975830078125,601.0048217773438,91.39610290527344,157.7281951904297,435.7906799316406,505.388427734375,241.75074768066406,110.29000091552734,62.08885955810547,167.1580047607422,186.5795135498047,218.5171661376953,24.666805267333984,61.56087112426758,164.84393310546875,174.35946655273438,234.81797790527344,203.54539489746094,83.15374755859375,139.92999267578125,218.3577880859375,252.7899932861328,640.6199951171875,408.9200134277344,153.20645141601562,92.11000061035156,315.92327880859375,325.07965087890625,102.53014373779297
2025-11-18,267.19000244140625,230.09446716308594,324.4700012207031,343.7801818847656,224.39971923828125,230.2899932861328,339.2034912109375,222.5500030517578,230.79588317871094,3.930000066757202,338.8337707519531,189.6300048828125,51.0842399597168,27.29180145263672,84.66000366210938,504.3699951171875,544.5667114257812,892.563720703125,232.5421142578125,295.2417907714844,125.63204193115234,283.8943176269531,768.4263916015625,332.09747314453125,190.5041961669922,34.33000183105469,197.68724060058594,296.5478515625,70.24028015136719,1028.333740234375,468.6730041503906,525.885009765625,301.0911560058594,596.6920776367188,94.90982055664062,158.10409545898438,422.7040100097656,491.74517822265625,228.3118133544922,114.08999633789062,61.684146881103516,163.593994140625,181.340087890625,219.14332580566406,25.030710220336914,60.377197265625,163.17324829101562,173.45603942871094,233.9235382080078,201.9229278564453,82.79605865478516,140.4499969482422,213.60874938964844,254.50999450683594,636.4500122070312,401.25,155.50965881347656,90.86000061035156,309.08282470703125,320.51904296875,100.97650909423828
2025-11-19,268.3089294433594,229.14996337890625,318.1099853515625,343.4933776855469,234.37770080566406,223.5500030517578,337.6356201171875,222.69000244140625,233.5928192138672,3.819999933242798,342.79241943359375,185.6999969482422,51.46015167236328,26.942800521850586,85.19999694824219,501.260009765625,550.7703247070312,888.0963134765625,226.9451904296875,300.039306640625,126.51121520996094,292.4127502441406,778.0181274414062,330.1432189941406,189.62855529785156,35.11000061035156,200.168212890625,300.3709411621094,70.13179779052734,1047.85107421875,463.92425537109375,528.6560668945312,299.26239013671875,589.3343505859375,93.55157470703125,160.5375213623047,421.6590881347656,485.102783203125,225.73394775390625,110.0,61.83221435546875,163.2899932861328,186.49951171875,224.15252685546875,24.4700984954834,59.92855453491211,164.21124267578125,172.51292419433594,233.9038848876953,202.07041931152344,83.14381408691406,146.0,214.0493927001953,252.97999572753906,618.530029296875,403.989990234375,155.28228759765625,89.52999877929688,304.6572265625,323.4530029296875,100.19969177246094
2025-11-20,266.0010986328125,225.74581909179688,312.3999938964844,346.7438049316406,219.95567321777344,206.02000427246094,331.39373779296875,217.13999938964844,234.79148864746094,3.6600000858306885,341.9568786621094,179.3800048828125,50.45112609863281,26.907899856567383,84.41999816894531,501.1199951171875,543.8198852539062,890.7787475585938,224.44546508789062,289.8657531738281,123.46869659423828,289.05731201171875,765.852783203125,328.05084228515625,187.21054077148438,33.619998931884766,200.72174072265625,295.5277099609375,70.23041534423828,1041.5516357421875,462.2952880859375,526.18408203125,300.6661071777344,588.1663818359375,93.47283935546875,156.98629760742188,420.7714538574219,477.3404846191406,201.2041473388672,105.66999816894531,60.6378173828125,160.0919952392578,180.6201629638672,209.40316772460938,23.99800682067871,57.92960739135742,157.76576232910156,171.48043823242188,229.9427490234375,203.15206909179688,82.09060668945312,144.55999755859375,216.49734497070312,244.66000366210938,589.22998046875,395.2300109863281,151.5655517578125,83.36000061035156,307.07208251953125,323.1037292480469,106.67317962646484
2025-11-21,271.2361755371094,232.46554565429688,324.19000244140625,347.126220703125,223.73095703125,203.77999877929688,335.21722412109375,220.69000244140625,234.74154663085938,3.799999952316284,350.9981994628906,179.6999969482422,51.005104064941406,27.50618553161621,85.08000183105469,504.0400085449219,548.1016845703125,896.482666015625,226.17832946777344,286.6940002441406,125.09861755371094,299.2534484863281,766.1795043945312,338.8483581542969,189.08126831054688,34.5,201.54214477539062,295.1711120605469,71.94647979736328,1057.9342041015625,454.9105529785156,538.663818359375,305.7964782714844,593.2578125,96.21885681152344,156.46200561523438,408.6041259765625,471.04486083984375,207.19920349121094,104.30999755859375,61.990150451660156,162.68600463867188,178.86036682128906,197.54603576660156,24.627464294433594,60.38716506958008,161.43336486816406,169.11827087402344,232.65557861328125,201.57876586914062,84.80310821533203,147.8000030517578,214.58792114257812,234.02999877929688,583.6099853515625,391.0899963378906,157.56568908691406,83.87000274658203,315.3811950683594,327.3050842285156,104.8904800415039
2025-11-24,275.6620788574219,225.80484008789062,318.7300109863281,346.93499755859375,230.62237548828125,215.0500030517578,331.99951171875,226.27999877929688,238.53736877441406,3.8399999141693115,354.0218811035156,179.1199951171875,51.37112045288086,30.507585525512695,87.04000091552734,507.80999755859375,557.23291015625,883.62890625,225.88954162597656,293.2868347167969,123.74528503417969,318.14776611328125,782.6903076171875,332.1961364746094,187.7279815673828,35.790000915527344,203.6672821044922,295.1513366699219,71.5914306640625,1068.3768310546875,445.31439208984375,536.1219482421875,301.3975830078125,612.0264282226562,98.81724548339844,161.0717010498047,411.5960998535156,472.92059326171875,223.74557495117188,106.97000122070312,61.13136672973633,163.16799926757812,182.52996826171875,199.05674743652344,24.80449867248535,60.377197265625,163.17324829101562,172.63661193847656,234.21841430664062,204.03704833984375,82.80598449707031,155.30999755859375,218.3577880859375,241.99000549316406,584.97998046875,417.7799987792969,159.404296875,83.69000244140625,314.474365234375,328.6223449707031,103.63561248779297
2025-11-25,276.7110900878906,228.05787658691406,319.54998779296875,350.8546447753906,242.15798950195312,206.1300048828125,338.76263427734375,229.6699981689453,240.0357208251953,3.759999990463257,360.6959228515625,182.44000244140625,51.915199279785156,30.741914749145508,87.63999938964844,508.57000732421875,564.2131958007812,891.8157958984375,233.15957641601562,292.6784362792969,125.5727767944336,323.0011901855469,794.1824951171875,346.4974060058594,190.07632446289062,35.83000183105469,205.57713317871094,300.103515625,71.61116027832031,1108.0904541015625,446.64715576171875,544.7142333984375,306.88385009765625,635.15771484375,103.99432373046875,163.64361572265625,408.2051696777344,475.90374755859375,224.34507751464844,104.4000015258789,62.85879898071289,165.06199645996094,177.80047607421875,195.82659912109375,25.296260833740234,61.03520584106445,161.43336486816406,171.58010864257812,233.79576110839844,201.4312744140625,85.35952758789062,157.3699951171875,222.27452087402344,250.32000732421875,585.469970703125,419.3999938964844,159.90843200683594,83.69000244140625,321.6007080078125,333.8415832519531,106.56362915039062
2025-11-26,277.29052734375,223.98471069335938,317.5199890136719,356.97308349609375,249.65863037109375,214.24000549316406,342.1988525390625,229.16000366210938,240.2854461669922,3.75,362.0187683105469,186.9199981689453,52.41971206665039,30.273258209228516,87.4000015258789,511.2300109863281,571.3031005859375,905.7066650390625,227.21405029296875,295.8501892089844,125.95802307128906,319.5159606933594,807.7337036132812,350.840087890625,189.05142211914062,36.810001373291016,206.46241760253906,304.6991882324219,71.87744903564453,1102.4998779296875,448.3748779296875,543.17919921875,308.8114318847656,632.5521240234375,102.98055267333984,166.12652587890625,418.7768249511719,484.3943786621094,230.0703582763672,106.13999938964844,63.50041961669922,160.54400634765625,180.24020385742188,203.7081756591797,25.28642463684082,61.64336395263672,163.2523193359375,172.61666870117188,235.91885375976562,203.25039672851562,86.14445495605469,159.33999633789062,223.35162353515625,248.66000366210938,592.6900024414062,426.5799865722656,163.44723510742188,85.66000366210938,324.9814758300781,333.1031188964844,108.65506744384766
2025-11-27,,,,355.4434509277344,,,,,239.93582153320312,,,,,30.532514572143555,87.9000015258789,,,,,,,,,,,,,,,,,,,,,,419.2754821777344,,,,,,,,,,,,,203.54539489746094,,,222.8130645751953,,,,,,,,
2025-11-28,278.5893249511719,224.02406311035156,320.1300048828125,355.92144775390625,251.935791015625,217.52999877929688,343.08270263671875,233.22000122070312,238.0379180908203,3.890000104904175,363.3117980957031,189.0,53.07261276245117,30.397899627685547,88.04000091552734,513.8099975585938,573.3245849609375,911.021728515625,229.59425354003906,297.67547607421875,124.308349609375,319.74560546875,817.6619262695312,352.2712097167969,191.24053955078125,40.560001373291016,205.8258056640625,310.0871887207031,72.11415100097656,1073.677978515625,452.0277404785156,548.7612915039062,308.23809814453125,646.8681640625,103.17740631103516,167.82794189453125,423.01544189453125,490.88958740234375,236.2852325439453,107.58000183105469,63.79655075073242,162.48199462890625,176.98056030273438,200.71653747558594,25.31593132019043,62.50076675415039,166.16859436035156,174.3309783935547,237.61929321289062,205.06951904296875,86.55183410644531,158.63999938964844,223.54745483398438,251.24000549316406,598.8699951171875,430.1700134277344,166.33363342285156,87.54000091552734,325.0406188964844,333.75177001953125,110.05931854248047
2025-12-01,282.8353576660156,221.4758758544922,322.8500061035156,353.43585205078125,254.43267822265625,219.75999450683594,335.1675720214844,233.8800048828125,239.0368194580078,3.8399999141693115,358.3783874511719,186.4600067138672,52.667022705078125,30.38294219970703,89.37999725341797,508.54998779296875,565.6571044921875,909.3963012695312,231.8748779296875,287.701416015625,122.81672668457031,314.4627990722656,802.6359252929688,352.67584228515625,189.2802734375,40.0099983215332,204.254150390625,305.96697998046875,71.45864868164062,1056.1273193359375,436.8875427246094,542.2222900390625,301.88360595703125,639.7999877929688,100.22469329833984,166.65078735351562,419.6245422363281,485.6315612792969,240.26197814941406,109.12999725341797,64.95883178710938,164.41400146484375,179.90025329589844,199.7127227783203,24.853675842285156,62.3911018371582,166.11917114257812,167.4637908935547,237.94366455078125,205.41368103027344,84.36593627929688,149.27999877929688,221.4911651611328,252.0,578.8900146484375,430.1400146484375,166.2248992919922,86.56999969482422,318.5747375488281,329.7101135253906,111.07515716552734
2025-12-02,285.9224548339844,220.74781799316406,322.80999755859375,355.4434509277344,264.9994812011719,215.24000549316406,336.03155517578125,234.4199981689453,245.57962036132812,3.869999885559082,358.7663269042969,205.3800048828125,52.617557525634766,34.05242919921875,89.55999755859375,506.6499938964844,580.006103515625,919.43798828125,233.74717712402344,288.56915283203125,122.40184020996094,315.38153076171875,810.9422607421875,349.4188537597656,192.19578552246094,43.470001220703125,204.333740234375,304.9368896484375,70.18739318847656,1044.376953125,439.5037536621094,544.1560668945312,299.0494384765625,646.01953125,99.43730926513672,167.2640838623047,420.9210510253906,488.8841552734375,239.2927703857422,109.3499984741211,64.50186920166016,164.87600708007812,181.44007873535156,199.8717498779297,24.73565101623535,62.71013259887695,168.748779296875,168.24119567871094,237.58981323242188,204.38121032714844,84.65406799316406,156.8300018310547,222.5682830810547,259.67999267578125,576.7899780273438,429.239990234375,173.24319458007812,87.56999969482422,319.8856506347656,328.9416809082031,111.95156860351562
2025-12-03,283.8843688964844,226.52305603027344,326.7799987792969,349.1338195800781,268.2953796386719,217.60000610351562,343.0429992675781,232.3800048828125,245.4297637939453,4.059999942779541,366.156494140625,202.5399932861328,53.507877349853516,34.15214157104492,89.18000030517578,503.6000061035156,588.9879760742188,919.6672973632812,237.74070739746094,287.74127197265625,123.47857666015625,319.1963806152344,832.1904296875,353.2483215332031,192.51422119140625,43.7599983215332,204.2442169189453,309.1462707519531,70.32643127441406,1031.837890625,444.4576416015625,551.950927734375,306.0006103515625,638.5321044921875,100.65775299072266,171.84410095214844,411.54620361328125,476.64208984375,233.9671630859375,103.95999908447266,65.21711730957031,166.5800018310547,179.57028198242188,206.46124267578125,25.148731231689453,61.055145263671875,173.06883239746094,167.89234924316406,239.6539306640625,203.05372619628906,86.55183410644531,160.0,223.9880828857422,265.0,557.1699829101562,446.739990234375,180.4987335205078,90.68000030517578,334.8381042480469,328.93170166015625,113.94342041015625
2025-12-04,280.4375915527344,225.0177764892578,328.7300109863281,350.6634216308594,269.1043701171875,215.97999572753906,337.8192138671875,229.11000061035156,240.48521423339844,4.400000095367432,369.1602783203125,201.8699951171875,53.57712173461914,33.47907257080078,93.18000030517578,503.2300109863281,596.6156005859375,893.3414916992188,246.44485473632812,291.1025390625,121.12754821777344,317.1890869140625,833.4437866210938,348.83782958984375,191.28033447265625,40.5,201.40928649902344,313.07830810546875,69.9688949584961,1012.7996215820312,445.99951171875,540.5676879882812,306.82598876953125,660.4254760742188,99.29950714111328,173.00146484375,409.2024841308594,479.7449951171875,226.4633331298828,103.22000122070312,65.2568588256836,167.7740020751953,183.37008666992188,213.0209503173828,25.27659034729004,61.543663024902344,173.2377471923828,170.74288940429688,241.27572631835938,206.64280700683594,84.45535278320312,162.30999755859375,225.40789794921875,234.77000427246094,560.969970703125,454.5299987792969,178.04727172851562,90.98999786376953,328.707275390625,326.4268798828125,114.37165069580078
2025-12-05,278.5193786621094,222.4302215576172,346.260009765625,350.5678405761719,267.6661682128906,217.97000122070312,327.619873046875,229.52999877929688,239.63613891601562,4.320000171661377,368.3645935058594,201.88999938964844,53.646728515625,33.209842681884766,96.45999908447266,504.3399963378906,600.6185302734375,892.1648559570312,259.5010681152344,283.2030944824219,119.74458312988281,320.8341064453125,850.086181640625,352.25494384765625,190.38479614257812,41.40999984741211,200.8621826171875,312.0284729003906,69.52196502685547,1008.6265869140625,449.829345703125,543.7673950195312,309.5010681152344,672.2955932617188,98.14795684814453,174.60397338867188,411.14727783203125,482.0597229003906,237.02464294433594,100.23999786376953,65.42573547363281,170.8719940185547,182.40013122558594,216.25108337402344,25.601154327392578,62.092002868652344,173.69479370117188,170.53358459472656,243.03514099121094,209.6910858154297,84.5745849609375,161.0800018310547,228.59024047851562,228.7899932861328,564.9299926757812,455.0,180.4394073486328,91.31999969482422,326.1642761230469,330.558349609375,114.64055633544922
2025-12-08,277.6302185058594,219.51800537109375,339.1199951171875,353.34027099609375,267.82598876953125,221.11000061035156,319.01947021484375,226.88999938964844,238.187744140625,4.449999809265137,360.33782958984375,206.27000427246094,53.597007751464844,34.77037048339844,97.13999938964844,497.2300109863281,593.976806640625,885.0249633789062,258.46533203125,286.4446716308594,119.71495056152344,313.49932861328125,862.1527099609375,347.586181640625,191.04153442382812,40.29999923706055,200.5538330078125,312.1968078613281,69.770263671875,995.9277954101562,462.94024658203125,538.7036743164062,308.0690612792969,665.6866455078125,97.37040710449219,174.9205322265625,421.4696044921875,489.9018249511719,246.71664428710938,96.79000091552734,63.12103271484375,170.70399475097656,185.5399627685547,219.1929931640625,25.34543800354004,60.93550491333008,174.1916046142578,170.9521942138672,238.82827758789062,206.59365844726562,82.87554168701172,158.41000366210938,229.4715118408203,225.30999755859375,572.3499755859375,439.5799865722656,178.8578338623047,92.56999969482422,321.12347412109375,326.16741943359375,113.09687042236328
2025-12-09,276.9208679199219,219.39010620117188,344.32000732421875,363.9519348144531,266.8072509765625,221.6199951171875,311.69024658203125,227.9199981689453,238.3875274658203,4.389999866485596,361.9591064453125,200.3699951171875,53.23903274536133,36.20625686645508,97.41999816894531,491.42999267578125,591.8458251953125,885.9423828125,259.94921875,284.5695495605469,117.9072265625,316.85693359375,871.990966796875,342.97698974609375,189.2305145263672,40.5,198.90261840820312,297.6373596191406,69.6113510131836,980.5833740234375,464.44232177734375,535.8229370117188,309.0635070800781,655.8630981445312,95.36256408691406,176.89892578125,421.0706787109375,490.8995361328125,252.21212768554688,96.70999908447266,62.912418365478516,170.98199462890625,184.95999145507812,220.1769561767578,24.91268539428711,60.59653091430664,174.87721252441406,171.36082458496094,239.95863342285156,206.4953155517578,81.75277709960938,159.88999938964844,229.17776489257812,222.60000610351562,589.6699829101562,445.1700134277344,177.45416259765625,89.06999969482422,321.1036376953125,325.828125,114.59075927734375
2025-12-10,278.5193786621094,221.54473876953125,343.1300048828125,362.4223327636719,274.8072509765625,221.4199981689453,313.209716796875,231.77999877929688,238.78709411621094,4.329999923706055,373.5566101074219,198.72000122070312,53.775997161865234,36.5103874206543,95.66000366210938,490.42999267578125,612.7470092773438,871.9517822265625,263.1161804199219,282.8639831542969,119.86312103271484,319.9847412109375,884.5846557617188,348.7980651855469,191.11117553710938,40.779998779296875,205.44781494140625,307.1455383300781,69.73052978515625,991.984375,465.48681640625,537.1287231445312,308.804931640625,649.0444946289062,96.08106994628906,177.76942443847656,411.69580078125,477.4701843261719,263.4927978515625,92.70999908447266,65.35619354248047,170.71200561523438,183.77005004882812,221.64791870117188,25.35527229309082,60.97538375854492,181.047607421875,174.1416015625,241.67872619628906,207.42945861816406,83.3127212524414,168.4199981689453,226.7787628173828,216.5500030517578,609.4099731445312,451.45001220703125,179.5794219970703,84.16000366210938,325.83685302734375,325.0596923828125,112.71842956542969
2025-12-11,277.77008056640625,220.36412048339844,350.42999267578125,367.10675048828125,269.7735290527344,221.42999267578125,315.1959533691406,230.27999877929688,235.34088134765625,4.420000076293945,382.8266296386719,200.7100067138672,54.253299713134766,36.226200103759766,95.5,495.8500061035156,622.963623046875,881.9934692382812,261.2737731933594,287.6715087890625,121.71036529541016,312.210205078125,906.2606201171875,355.0860290527344,192.89234924316406,39.5099983215332,208.8994598388672,314.3460693359375,68.63804626464844,1007.6981201171875,472.39044189453125,561.5599975585938,307.9894714355469,651.6202392578125,97.44915771484375,178.3431396484375,407.5569152832031,482.3690185546875,258.24713134765625,94.08999633789062,67.2933349609375,173.4980010986328,180.92019653320312,197.635498046875,25.374942779541016,61.5037841796875,180.1136016845703,176.83265686035156,243.1629180908203,205.8070068359375,84.19701385498047,164.75,233.87783813476562,220.50999450683594,598.8699951171875,446.8900146484375,179.5794219970703,85.44000244140625,334.1323547363281,344.91876220703125,115.04888153076172
2025-12-12,278.0198669433594,219.71478271484375,356.42999267578125,363.6651306152344,258.8871154785156,210.77999877929688,315.553466796875,226.19000244140625,235.34088134765625,4.289999961853027,380.5091247558594,204.3800048828125,54.83003616333008,36.395713806152344,96.13999938964844,499.5199890136719,595.3609008789062,881.9834594726562,261.154296875,299.03192138671875,118.93456268310547,309.07244873046875,883.3114013671875,357.261474609375,192.70327758789062,37.810001373291016,210.46116638183594,315.47515869140625,70.03841400146484,1025.7979736328125,477.7322692871094,570.092529296875,314.9605407714844,643.1543579101562,98.71881866455078,176.48345947265625,406.0110778808594,477.4402770996094,240.94140625,95.19000244140625,67.0251235961914,173.01199340820312,175.01052856445312,188.80972290039062,25.42411994934082,61.473876953125,177.152587890625,178.0685577392578,240.64666748046875,204.72535705566406,84.80310821533203,164.19000244140625,233.87783813476562,217.92999267578125,597.7999877929688,458.9599914550781,177.35533142089844,85.11000061035156,339.20294189453125,347.11419677734375,116.46098327636719
2025-12-15,273.8537292480469,223.77810668945312,351.1499938964844,363.6651306152344,260.9445495605469,207.5800018310547,323.0713806152344,222.5399932861328,235.34088134765625,4.139999866485596,380.5190734863281,205.5,55.01897048950195,35.89714431762695,96.13999938964844,506.3800048828125,587.2653198242188,858.1407470703125,253.53564453125,300.1988830566406,119.10359954833984,308.003173828125,884.932861328125,354.619140625,196.47454833984375,37.5099983215332,213.03746032714844,316.9608459472656,70.48534393310547,1060.4200439453125,481.88043212890625,567.301513671875,316.95941162109375,646.9561157226562,99.52285766601562,175.87014770507812,402.7697448730469,473.73870849609375,237.3043975830078,93.7699966430664,67.33307647705078,153.0399932861328,176.28045654296875,183.79055786132812,25.994564056396484,60.55665588378906,178.1164093017578,181.50714111328125,240.31248474121094,204.72535705566406,84.85279083251953,159.85000610351562,233.87783813476562,215.27999877929688,577.1500244140625,475.30999755859375,175.92201232910156,81.86000061035156,338.4686584472656,346.1761779785156,116.5508041381836
2025-12-16,274.353271484375,220.0591278076172,347.8900146484375,366.4375305175781,258.517578125,209.1699981689453,324.4915466308594,222.55999755859375,231.94461059570312,4.230000019073486,378.7088317871094,206.7100067138672,54.50189208984375,34.95484161376953,94.26000213623047,499.8399963378906,586.4388427734375,857.9712524414062,253.86428833007812,297.9547119140625,118.10924530029297,306.3543395996094,874.5474853515625,350.3377685546875,197.28054809570312,37.310001373291016,208.19322204589844,312.5335388183594,69.88944244384766,1052.5333251953125,474.5589904785156,564.2015380859375,312.7528991699219,656.587890625,97.5474853515625,174.60397338867188,401.5231018066406,475.3051452636719,232.31849670410156,94.56999969482422,66.67742919921875,156.2239990234375,177.71038818359375,187.49777221679688,25.109392166137695,61.144874572753906,174.99644470214844,179.3343505859375,239.4966583251953,203.2012176513672,84.53484344482422,163.13999938964844,232.55593872070312,220.60000610351562,579.0700073242188,489.8800048828125,175.5167236328125,80.91999816894531,331.62188720703125,344.3998107910156,115.18360900878906
2025-12-17,271.58587646484375,220.68878173828125,354.6600036621094,366.4375305175781,247.96075439453125,198.11000061035156,323.7665710449219,221.27000427246094,231.94461059570312,4.059999942779541,373.5963439941406,206.3300018310547,54.24335479736328,34.95484161376953,94.26000213623047,504.2699890136719,559.5132446289062,860.2249145507812,257.0810546875,291.4217224121094,120.6746826171875,296.5112609863281,867.76318359375,354.3807373046875,198.90249633789062,36.04999923706055,209.2177734375,311.9690246582031,70.18739318847656,1040.05419921875,472.3009033203125,563.6531982421875,316.91961669921875,648.9443969726562,98.45079803466797,172.91244506835938,404.51507568359375,475.0357360839844,225.3342742919922,94.79000091552734,65.2568588256836,156.47799682617188,170.93075561523438,177.37002563476562,24.627464294433594,59.99834442138672,171.2405548095703,176.61338806152344,237.29493713378906,203.2012176513672,84.66400909423828,161.72999572753906,232.55593872070312,216.2899932861328,566.22998046875,467.260009765625,172.4820556640625,79.13999938964844,329.07171630859375,343.7012634277344,115.42312622070312
2025-12-18,271.935546875,219.2228546142578,355.80999755859375,366.4375305175781,253.18423461914062,201.05999755859375,322.1875305175781,226.75999450683594,231.94461059570312,3.9100000858306885,373.5068664550781,208.27000427246094,53.95498275756836,34.95484161376953,94.26000213623047,503.3900146484375,563.4365234375,855.1790771484375,257.20672607421875,300.90704345703125,120.7840576171875,302.2472229003906,871.71240234375,352.6324157714844,197.1014404296875,36.279998779296875,207.2084503173828,310.0079345703125,69.87950897216797,1055.1190185546875,467.67529296875,564.390869140625,317.874267578125,663.881591796875,99.94969940185547,171.09231567382812,404.51507568359375,482.87786865234375,248.34530639648438,94.0,65.19725036621094,153.3800048828125,174.1305694580078,178.930419921875,24.627464294433594,59.26057434082031,173.07876586914062,177.69976806640625,240.1355438232422,203.2012176513672,88.84703063964844,166.8000030517578,232.55593872070312,221.30999755859375,563.8200073242188,483.3699951171875,174.16249084472656,79.69000244140625,325.608642578125,345.2979736328125,114.59481811523438
2025-12-19,273.4141845703125,223.1582794189453,355.8599853515625,372.36480712890625,256.0906066894531,213.42999267578125,325.12713623046875,227.35000610351562,231.4951171875,3.9600000381469727,374.4915466308594,214.0800018310547,54.95930862426758,35.77748489379883,93.62000274658203,494.5299987792969,573.7825927734375,853.214599609375,259.2615966796875,306.4126892089844,123.588134765625,306.9439392089844,888.8024291992188,342.7087707519531,198.12635803222656,36.81999969482422,205.27871704101562,314.17767333984375,69.58155822753906,1069.6546630859375,471.6443786621094,570.3915405273438,314.08544921875,658.2064819335938,100.34675598144531,175.0688934326172,413.1419372558594,484.8134460449219,265.7010192871094,94.38999938964844,58.322879791259766,155.30999755859375,180.98020935058594,190.79751586914062,24.774993896484375,59.62946319580078,174.13198852539062,181.40745544433594,240.15521240234375,205.3153533935547,87.7640151977539,169.57000732421875,231.087158203125,222.4600067138672,582.1599731445312,481.20001220703125,174.26133728027344,79.30999755859375,324.8941955566406,348.5312805175781,114.12578582763672
2025-12-22,270.7166748046875,224.23068237304688,357.5299987792969,373.2251892089844,258.6873779296875,214.9499969482422,329.10955810546875,228.42999267578125,231.3452911376953,4.300000190734863,378.80828857421875,216.83999633789062,55.565879821777344,35.353702545166016,92.86000061035156,499.95001220703125,579.9463500976562,847.6104736328125,263.9698181152344,313.9132080078125,123.45886993408203,309.56207275390625,894.2935791015625,344.0895690917969,194.99192810058594,36.369998931884766,206.22369384765625,320.00146484375,69.73052978515625,1074.686279296875,481.0348815917969,573.8504028320312,314.46331787109375,660.9341430664062,103.95006561279297,177.81887817382812,412.3440856933594,483.81573486328125,276.3622131347656,93.2300033569336,56.84270477294922,156.67999267578125,183.6800537109375,197.16836547851562,24.794662475585938,59.6793098449707,173.1085662841797,185.0653076171875,241.108642578125,205.06951904296875,85.61785125732422,169.6699981689453,231.7236328125,226.83999633789062,578.7999877929688,488.7300109863281,176.76222229003906,81.26000213623047,322.651611328125,351.3654479980469,112.369384765625
2025-12-23,272.1053771972656,225.09646606445312,352.4200134277344,373.7987976074219,259.9058532714844,214.89999389648438,329.2088623046875,232.13999938964844,230.79588317871094,4.329999923706055,380.14111328125,216.85000610351562,55.655372619628906,35.83731460571289,92.66000366210938,500.510009765625,579.9563598632812,852.386962890625,262.7727966308594,314.71112060546875,124.4830551147461,314.1288757324219,896.9893798828125,342.6789855957031,194.53419494628906,36.349998474121094,204.69183349609375,322.8143310546875,69.39286041259766,1069.8543701171875,480.02020263671875,574.498291015625,309.11322021484375,664.3711547851562,104.26771545410156,177.56167602539062,412.9923400878906,485.7413330078125,276.04248046875,93.5,56.9619140625,154.36000061035156,189.19976806640625,194.14691162109375,24.4700984954834,59.23066711425781,173.6351776123047,185.14505004882812,240.7744598388672,204.23370361328125,83.3226547241211,169.52999877929688,232.84970092773438,225.10000610351562,579.3900146484375,485.55999755859375,175.04225158691406,80.97000122070312,322.29437255859375,352.6528015136719,110.67286682128906
2025-12-24,273.55401611328125,226.17872619628906,352.9800109863281,,260.4551696777344,215.0399932861328,331.661865234375,232.3800048828125,,4.190000057220459,381.05615234375,218.16000366210938,55.93379592895508,,,501.3399963378906,581.2907104492188,869.4089965820312,264.5982666015625,315.9279479980469,124.96034240722656,313.8690490722656,906.0119018554688,345.0332336425781,195.95712280273438,36.15999984741211,206.68125915527344,326.02337646484375,69.63121795654297,1075.1854248046875,483.20343017578125,577.5883178710938,311.5893859863281,666.9789428710938,105.66734313964844,179.68846130371094,,486.90863037109375,286.4438781738281,93.63999938964844,59.604373931884766,152.58999633789062,188.59979248046875,196.28379821777344,24.617630004882812,59.858768463134766,173.65505981445312,185.76300048828125,241.4035186767578,,84.02810668945312,169.4499969482422,,221.92999267578125,586.5700073242188,485.3999938964844,175.0916748046875,81.1500015258789,325.05291748046875,354.4091796875,111.38141632080078
2025-12-26,273.1444091796875,226.26724243164062,353.79998779296875,,261.5737609863281,214.99000549316406,330.6389465332031,232.52000427246094,,4.070000171661377,379.0072021484375,216.44000244140625,55.854244232177734,,,498.29998779296875,580.533935546875,870.894775390625,265.4161682128906,314.3221435546875,123.99581909179688,313.2894592285156,902.2914428710938,347.45703125,196.3949432373047,36.20000076293945,206.5320587158203,324.7754211425781,69.39286041259766,1075.9542236328125,480.4977111816406,577.7378540039062,308.9541015625,662.7225952148438,105.99491882324219,179.90609741210938,,486.599365234375,284.5554504394531,94.47000122070312,60.52824401855469,153.88999938964844,190.51968383789062,196.78074645996094,24.676639556884766,59.788978576660156,173.69479370117188,184.5570068359375,242.34710693359375,,84.53484344482422,170.8300018310547,,223.8800048828125,584.3499755859375,475.19000244140625,174.8445587158203,81.26000213623047,329.2701416015625,354.26947021484375,111.51114654541016
2025-12-29,273.50408935546875,227.11337280273438,353.1600036621094,371.6955871582031,262.7223205566406,215.61000061035156,327.3616638183594,232.07000732421875,231.99456787109375,4.0,373.30792236328125,217.25,55.038856506347656,36.31095886230469,93.54000091552734,501.04998779296875,576.1624755859375,865.4003295898438,265.5658264160156,311.12677001953125,124.20463562011719,313.33941650390625,887.50927734375,345.14251708984375,196.1163330078125,36.68000030517578,206.46241760253906,320.6551818847656,69.68087768554688,1076.9324951171875,486.30706787109375,576.0433349609375,306.8160400390625,658.1265258789062,105.83609771728516,177.99693298339844,411.7955322265625,485.9907531738281,294.24639892578125,94.1500015258789,60.806396484375,154.5800018310547,188.20980834960938,194.18667602539062,24.588123321533203,59.310428619384766,172.32359313964844,183.8094940185547,241.8359832763672,204.97119140625,85.02169799804688,167.8800048828125,232.1153106689453,222.89999389648438,581.1900024414062,459.6400146484375,173.66824340820312,81.5,326.4024353027344,353.8802490234375,112.29953002929688
2025-12-30,272.82470703125,226.03114318847656,352.510009765625,373.32080078125,259.64617919921875,215.33999633789062,326.4281311035156,232.52999877929688,232.1943359375,3.9800000190734863,371.3883056640625,218.5,54.9692497253418,36.90425491333008,93.13999938964844,503.7099914550781,574.9476318359375,863.2164916992188,265.2566223144531,311.33648681640625,122.48440551757812,313.6292419433594,879.7898559570312,344.0498352050781,195.3899383544922,37.29999923706055,205.81585693359375,320.3283386230469,69.59149169921875,1077.950927734375,485.441650390625,575.5648193359375,306.3188171386719,665.3803100585938,105.28021240234375,177.14622497558594,412.1944580078125,486.3699035644531,292.5071105957031,93.77999877929688,60.78652572631836,154.22999572753906,187.52984619140625,196.00550842285156,24.57828712463379,58.921600341796875,172.5421905517578,183.4008331298828,240.4107666015625,204.87286376953125,84.70375061035156,163.74000549316406,234.1715850830078,222.0500030517578,576.6799926757812,454.42999267578125,173.40135192871094,82.12000274658203,329.5976257324219,352.8923034667969,111.69078063964844
2025-12-31,271.6058349609375,224.8013153076172,349.989990234375,,256.6698913574219,214.16000366210938,325.0576171875,230.82000732421875,,4.090000152587891,367.96673583984375,217.1199951171875,54.69082260131836,,,502.6499938964844,570.44677734375,859.915771484375,264.2491149902344,307.5819396972656,122.04688262939453,312.7798156738281,874.3982543945312,341.81475830078125,194.12620544433594,36.900001525878906,205.85565185546875,319.1398010253906,69.43258666992188,1072.889404296875,481.1343688964844,569.0458984375,303.9321594238281,659.5253295898438,104.48609924316406,175.6129608154297,,482.5186767578125,285.2901611328125,93.76000213623047,63.28990936279297,153.19000244140625,186.4899139404297,193.71954345703125,24.489770889282227,58.20377731323242,169.9587860107422,182.79286193847656,238.7594757080078,,83.67041015625,160.97000122070312,,219.36000061035156,580.7100219726562,449.7200012207031,171.49356079101562,81.70999908447266,327.56341552734375,349.98828125,111.18183135986328
2026-01-02,270.75665283203125,225.6080780029297,333.29998779296875,370.64398193359375,268.53509521484375,223.47000122070312,325.3853759765625,226.5,230.2964324951172,3.869999885559082,371.5553894042969,227.77000427246094,55.6354866027832,37.89142990112305,96.31999969482422,496.8500061035156,595.878662109375,852.0977783203125,252.98727416992188,320.283447265625,120.91332244873047,314.9283142089844,909.5532836914062,343.5233459472656,194.91232299804688,39.380001068115234,206.2535400390625,322.36865234375,68.64797973632812,1078.559814453125,494.464111328125,561.32080078125,301.5753479003906,649.8535766601562,105.66734313964844,179.93576049804688,401.9220275878906,471.8630065917969,315.2875671386719,90.98999786376953,62.86274719238281,147.4499969482422,188.83978271484375,194.51467895507812,24.76515769958496,57.964500427246094,171.87646484375,186.630126953125,232.871826171875,198.5796661376953,83.43195343017578,157.1999969482422,236.0810089111328,216.7100067138672,575.0,438.07000732421875,175.47718811035156,82.86000061035156,333.8049011230469,345.7669982910156,112.52906036376953
2026-01-05,267.0101623535156,216.62547302246094,331.55999755859375,375.4240417480469,283.9658508300781,221.0800018310547,318.5129699707031,233.05999755859375,228.99786376953125,3.869999885559082,378.60308837890625,228.1300048828125,56.57019805908203,38.090858459472656,93.62000274658203,498.5199890136719,613.493896484375,873.278076171875,255.62069702148438,323.8482666015625,117.63196563720703,316.3173522949219,943.4747314453125,341.8048095703125,200.09657287597656,39.369998931884766,203.22959899902344,330.8468322753906,67.47603607177734,1039.7745361328125,508.8880920410156,566.7432861328125,298.1942138671875,658.2264404296875,106.65007019042969,184.52566528320312,404.41534423828125,471.773193359375,312.0189208984375,91.45999908447266,64.10449981689453,147.60000610351562,188.1098175048828,191.41371154785156,24.755321502685547,59.11103057861328,175.1852264404297,187.6367645263672,236.33168029785156,202.7587432861328,86.00535583496094,166.2100067138672,239.50814819335938,224.36000061035156,593.3900146484375,451.6700134277344,175.13121032714844,80.73999786376953,339.38153076171875,353.0719299316406,112.47916412353516
2026-01-06,262.1147155761719,220.31492614746094,335.989990234375,374.0856018066406,295.64129638671875,214.35000610351562,327.89794921875,240.92999267578125,224.6027069091797,4.0,382.3512268066406,229.83999633789062,56.92817687988281,37.93131637573242,93.04000091552734,499.04998779296875,620.454345703125,886.6004638671875,262.2441101074219,327.0635681152344,120.6746826171875,314.1188659667969,950.4678955078125,346.9703063964844,203.92755126953125,40.040000915527344,203.70706176757812,332.90625,67.37671661376953,1062.26708984375,519.3031616210938,578.4755249023438,301.0880432128906,660.0548706054688,108.0695571899414,185.72259521484375,403.0190734863281,477.4203186035156,343.2857666015625,90.6500015258789,64.91909790039062,148.80999755859375,187.22987365722656,192.56663513183594,25.01103973388672,59.62946319580078,181.2860565185547,189.76968383789062,233.91371154785156,198.67800903320312,88.88677215576172,168.4499969482422,242.396728515625,234.52999877929688,571.4299926757812,432.9599914550781,189.88941955566406,85.54000091552734,346.2779235839844,356.8241882324219,114.10581970214844
2026-01-07,260.08660888671875,229.65171813964844,338.1000061035156,367.8715515136719,291.8360290527344,210.02000427246094,339.2890319824219,241.55999755859375,223.9534149169922,4.0,377.028076171875,228.1199951171875,55.32722473144531,38.2304573059082,93.05999755859375,496.1199951171875,593.9967651367188,880.098876953125,265.4560852050781,323.16925048828125,123.64779663085938,321.7535095214844,936.0935668945312,346.7418212890625,198.5243682861328,42.630001068115234,206.39279174804688,325.3250732421875,67.07876586914062,1106.24365234375,494.26513671875,578.0568237304688,302.4703369140625,648.1350708007812,107.8015365600586,182.7945556640625,415.63525390625,482.3690185546875,339.40740966796875,90.7300033569336,62.80314254760742,150.89999389648438,189.09976196289062,191.6621856689453,24.863510131835938,58.33338165283203,179.0404815673828,185.11514282226562,239.2705841064453,204.92201232910156,86.13452911376953,166.74000549316406,250.91561889648438,233.5,569.6199951171875,431.4100036621094,183.5729522705078,86.19000244140625,339.06402587890625,355.14764404296875,112.48914337158203
2026-01-08,258.7978515625,220.51170349121094,339.0400085449219,373.0340270996094,281.2891845703125,204.67999267578125,327.8383483886719,246.2899932861328,219.90786743164062,3.9700000286102295,381.7730712890625,227.3800048828125,55.864192962646484,39.42204284667969,92.5999984741211,499.7699890136719,605.5576171875,912.73681640625,259.8800354003906,313.9826354980469,119.98857116699219,325.2110595703125,929.9359741210938,357.1720886230469,204.22607421875,41.11000061035156,204.6619873046875,328.11083984375,68.89627075195312,1083.3817138671875,515.7220458984375,578.2063598632812,307.16412353515625,645.50732421875,110.17396545410156,182.6857452392578,408.4046325683594,477.0212097167969,326.8826599121094,90.52999877929688,64.82969665527344,146.19000244140625,185.0299835205078,188.49166870117188,24.87334632873535,58.09410858154297,180.7097625732422,186.55038452148438,236.91159057617188,203.05372619628906,87.61497497558594,168.27999877929688,246.55825805664062,223.7899932861328,553.6799926757812,435.79998779296875,186.28140258789062,87.58999633789062,344.1742858886719,351.50518798828125,112.83842468261719
2026-01-09,259.1275329589844,216.52708435058594,333.95001220703125,365.4815368652344,300.8048400878906,203.1699981689453,323.85595703125,247.3800048828125,221.0066680908203,3.75,374.42626953125,234.52999877929688,55.53604507446289,38.76891326904297,92.0199966430664,499.1000061035156,615.0075073242188,922.2799682617188,259.29150390625,321.1222229003906,120.41614532470703,328.3388671875,934.064208984375,372.1519470214844,206.35549926757812,45.54999923706055,203.30918884277344,327.5138854980469,70.02848815917969,1061.7879638671875,540.07373046875,574.5526123046875,305.61279296875,652.5013427734375,109.71734619140625,184.30804443359375,408.4544982910156,478.1885681152344,344.9450988769531,89.45999908447266,65.48533630371094,141.8000030517578,184.84999084472656,197.82907104492188,25.06021499633789,57.4859504699707,176.64585876464844,187.8759765625,242.88771057128906,208.8061065673828,88.31048583984375,164.47999572753906,248.90829467773438,219.08999633789062,539.3699951171875,445.010009765625,188.12001037597656,85.44000244140625,341.3264465332031,349.0502014160156,114.2954330444336
2026-01-12,260.0067138671875,216.4877166748047,327.6499938964844,363.28271484375,306.8572998046875,207.69000244140625,323.2998046875,246.47000122070312,222.65484619140625,3.759999990463257,358.456787109375,239.80999755859375,54.879756927490234,39.59654235839844,90.4800033569336,498.6700134277344,627.1060791015625,940.4287719726562,258.75286865234375,323.698486328125,121.90767669677734,331.62652587890625,944.5789184570312,372.449951171875,207.56947326660156,44.060001373291016,208.6110076904297,322.8377990722656,70.0185546875,1079.19873046875,548.35009765625,565.3085327148438,305.0459289550781,641.4207763671875,108.38720703125,184.5553436279297,409.1526184082031,476.09332275390625,345.7247619628906,89.41000366210938,65.20718383789062,142.63999938964844,184.92999267578125,203.96762084960938,24.853675842285156,57.117069244384766,168.19015502929688,193.20828247070312,244.58815002441406,209.54359436035156,89.3835678100586,167.92999267578125,252.97190856933594,220.27999877929688,530.0,448.9599914550781,186.89427185058594,84.66999816894531,337.8832092285156,342.4937438964844,117.7283935546875
2026-01-13,260.8059387207031,217.186279296875,309.92999267578125,363.0915222167969,304.490234375,220.97000122070312,322.0683288574219,242.60000610351562,223.45396423339844,3.6700000762939453,356.8717956542969,244.5500030517578,54.2334098815918,38.8337287902832,88.45999908447266,495.239990234375,633.8374633789062,939.281982421875,240.4586181640625,326.7540283203125,121.07242584228516,335.7336730957031,933.2386474609375,377.2180480957031,209.2411651611328,47.290000915527344,212.5202178955078,309.3169860839844,70.75350189208984,1075.39501953125,555.3731079101562,544.0550537109375,307.72100830078125,630.5501708984375,107.46404266357422,180.78648376464844,402.3209533691406,469.5981750488281,337.9880065917969,90.31999969482422,65.86283874511719,138.19000244140625,185.79994201660156,201.5859375,24.73565101623535,56.3892707824707,164.23553466796875,193.43751525878906,242.8778839111328,209.8877410888672,89.97972106933594,167.44000244140625,256.3011169433594,209.38999938964844,534.6400146484375,447.20001220703125,186.36048889160156,85.41000366210938,331.35394287109375,327.2052917480469,120.11349487304688
2026-01-14,259.71697998046875,218.307861328125,304.44000244140625,362.2311096191406,301.51397705078125,223.60000610351562,326.7062072753906,236.64999389648438,221.30633544921875,3.7200000286102295,357.1309814453125,242.61000061035156,52.18498992919922,41.550941467285156,90.86000061035156,493.1499938964844,636.048095703125,948.3065185546875,238.9723358154297,318.4161682128906,123.36937713623047,335.603759765625,927.7872924804688,373.4532470703125,211.98753356933594,48.720001220703125,217.39430236816406,306.30242919921875,70.95214080810547,1071.501708984375,569.6976318359375,545.8818969726562,306.41827392578125,614.9934692382812,110.1938247680664,178.82785034179688,396.2372741699219,458.3338928222656,333.21002197265625,88.55000305175781,65.13764953613281,134.61000061035156,183.1300811767578,192.9361572265625,25.158567428588867,57.4859504699707,163.4903106689453,198.18174743652344,234.79833984375,202.66041564941406,90.56594848632812,157.50999450683594,253.65731811523438,206.16000366210938,528.9199829101562,439.20001220703125,191.22386169433594,84.6500015258789,332.3760070800781,328.4926452636719,119.79415130615234
2026-01-15,257.9685974121094,213.25083923339844,304.0899963378906,365.29034423828125,318.6825256347656,227.9199981689453,327.7589111328125,238.17999267578125,224.20314025878906,3.7100000381469727,356.2437744140625,247.74000549316406,52.29437255859375,41.9747314453125,90.08000183105469,492.6199951171875,644.4423828125,954.060302734375,232.94740295410156,319.474609375,120.57524871826172,332.5458984375,970.7511596679688,376.6419372558594,213.957763671875,48.31999969482422,218.40892028808594,307.68536376953125,69.99869537353516,1031.248779296875,574.8604125976562,541.7191162109375,306.9055480957031,620.2689208984375,110.15411376953125,189.16502380371094,395.2898254394531,455.6200866699219,336.4886474609375,88.05000305175781,64.16410827636719,131.1699981689453,187.03988647460938,189.18923950195312,25.463459014892578,56.568729400634766,160.36041259765625,199.16847229003906,231.81027221679688,202.16876220703125,92.68229675292969,157.99000549316406,255.41986083984375,207.74000549316406,508.0400085449219,438.57000732421875,186.94369506835938,84.37999725341797,336.34515380859375,327.0755310058594,118.95586395263672
2026-01-16,255.29112243652344,212.58636474609375,296.1199951171875,363.8563537597656,326.6026916503906,231.8300018310547,328.13629150390625,239.1199951171875,220.806884765625,3.640000104904175,363.6404113769531,247.67999267578125,52.672237396240234,41.396385192871094,88.72000122070312,493.2900085449219,644.1536865234375,960.9010620117188,226.5434112548828,324.6470642089844,124.20463562011719,329.7678527832031,956.9637451171875,377.6452331542969,218.30616760253906,46.959999084472656,217.50372314453125,310.8789978027344,69.95896911621094,1036.6697998046875,579.3765869140625,538.564453125,305.72216796875,619.7194213867188,108.02985382080078,187.04812622070312,396.0876770019531,458.8127746582031,362.5976867675781,88.0,63.95549011230469,127.30999755859375,186.21990966796875,190.4249267578125,25.227413177490234,56.7182731628418,158.40298461914062,201.25155639648438,229.59872436523438,198.7763214111328,92.39414978027344,155.80999755859375,254.8323516845703,210.3800048828125,504.5,437.5,189.37539672851562,84.8499984741211,328.4664001464844,327.6243896484375,119.45484161376953
2026-01-19,,,,362.613525390625,,,,,216.1619873046875,,,,,44.27314376831055,85.68000030517578,,,,,,,,,,,,,,,,,,,,,,388.956787109375,,,,,,,,,,,,,192.68963623046875,,,250.6708221435547,,,,,,,,
2026-01-20,246.46937561035156,212.27890014648438,290.3699951171875,357.2598876953125,317.8336181640625,231.9199981689453,328.72222900390625,231.0,214.21414184570312,3.8499999046325684,351.0801086425781,249.0,51.807125091552734,42.79238510131836,86.08000183105469,485.3900146484375,627.8047485351562,961.5492553710938,219.52098083496094,311.88568115234375,123.43898010253906,321.77349853515625,938.4312744140625,372.6188049316406,214.0075225830078,48.560001373291016,217.0561065673828,301.19854736328125,71.26001739501953,1039.554931640625,573.0399780273438,530.8277587890625,301.15765380859375,603.6032104492188,108.6452865600586,180.1336212158203,387.95947265625,453.48492431640625,364.84674072265625,87.26000213623047,63.21044158935547,125.4000015258789,178.06036376953125,179.29379272460938,25.09955596923828,54.91373825073242,153.0871124267578,195.7099609375,223.04269409179688,190.76234436035156,93.05986785888672,144.5,248.418701171875,206.2100067138672,511.3299865722656,419.25,187.4082794189453,83.72000122070312,335.8192443847656,325.1495056152344,118.46687316894531
2026-01-21,247.41848754882812,214.3715362548828,294.2300109863281,351.90625,324.8348693847656,249.8000030517578,341.23553466796875,231.30999755859375,210.71798706054688,3.9000000953674316,358.4767150878906,250.07000732421875,51.77729415893555,42.563045501708984,86.73999786376953,483.8299865722656,644.1536865234375,980.096923828125,221.0272216796875,318.0367126464844,128.38092041015625,328.1490173339844,948.0208129882812,382.0855407714844,218.08724975585938,54.25,216.85716247558594,300.50213623046875,71.51824188232422,1076.722900390625,583.1566772460938,526.6649169921875,303.9918212890625,612.4356689453125,110.2930908203125,181.34043884277344,381.5267028808594,443.0986328125,388.94659423828125,85.36000061035156,64.97870635986328,125.30000305175781,183.31008911132812,173.2748260498047,25.463459014892578,55.721290588378906,155.3724365234375,196.84619140625,221.25379943847656,187.8517303466797,95.8121109008789,138.5399932861328,247.83119201660156,206.5,502.19000244140625,431.44000244140625,192.17282104492188,84.26000213623047,345.0673522949219,324.6106262207031,119.11553955078125
2026-01-22,248.1178436279297,216.31541442871094,299.7300109863281,353.72265625,318.3929138183594,253.72999572753906,344.681640625,234.33999633789062,212.21633911132812,3.9700000286102295,366.8601989746094,251.41000366210938,52.15515899658203,44.038814544677734,87.91999816894531,484.489990234375,647.1778564453125,973.4257202148438,227.52096557617188,294.5708923339844,130.39944458007812,330.3074951171875,949.6522216796875,378.49951171875,221.4405975341797,54.31999969482422,217.33462524414062,302.0840148925781,71.37920379638672,1085.568115234375,590.79638671875,531.9458618164062,304.3299255371094,647.0759887695312,108.37727355957031,181.0733642578125,381.3272705078125,450.1126403808594,397.41302490234375,83.54000091552734,65.02837371826172,128.55999755859375,184.82998657226562,177.55984497070312,25.670000076293945,56.97748947143555,156.79331970214844,195.6900177001953,222.48243713378906,186.67176818847656,95.21595764160156,137.63999938964844,252.62918090820312,211.1300048828125,498.6400146484375,449.3599853515625,192.74615478515625,82.55999755859375,351.7355041503906,325.6883850097656,117.58867645263672
2026-01-23,247.80812072753906,217.45594787597656,301.07000732421875,347.8910217285156,321.97845458984375,259.67999267578125,342.37762451171875,239.16000366210938,210.7679443359375,4.150000095367432,360.5501708984375,252.14999389648438,51.429264068603516,44.42770004272461,87.62000274658203,478.9700012207031,625.4293212890625,980.48583984375,227.4810791015625,293.4425354003906,135.1623992919922,327.6993103027344,914.0695190429688,381.2212829589844,220.36595153808594,45.06999969482422,218.97589111328125,296.2041015625,72.3823013305664,1062.5167236328125,587.7225952148438,523.8397827148438,307.53204345703125,658.1964721679688,107.38462829589844,177.0670928955078,394.9906005859375,464.888916015625,399.482177734375,86.12000274658203,64.61114501953125,133.11000061035156,187.6598358154297,176.5434112548828,25.649999618530273,56.44908905029297,154.82595825195312,195.2813720703125,227.1217803955078,194.61692810058594,96.99449157714844,137.88999938964844,249.1041259765625,209.69000244140625,513.2100219726562,449.05999755859375,191.08547973632812,82.30999755859375,353.5116882324219,325.5087585449219,117.48888397216797
2026-01-26,255.17123413085938,218.9535369873047,304.7200012207031,349.32501220703125,319.06207275390625,251.30999755859375,347.28363037109375,238.4199981689453,214.36398315429688,3.9000000953674316,362.1052551269531,248.42999267578125,51.727577209472656,46.23252868652344,87.4800033569336,483.4700012207031,634.7116088867188,974.9215087890625,228.82769775390625,294.63079833984375,137.001953125,333.02557373046875,926.9815063476562,383.9629821777344,220.0674285888672,42.4900016784668,220.3187713623047,299.5072021484375,72.06448364257812,1060.979248046875,578.610595703125,526.4552612304688,311.2115173339844,671.7847900390625,106.61036682128906,179.91598510742188,396.1375427246094,469.20904541015625,388.9266052246094,85.69999694824219,64.56147003173828,136.33999633789062,186.4599151611328,181.80503845214844,25.8799991607666,56.42914962768555,153.53424072265625,193.4873504638672,235.820556640625,197.5963592529297,95.71275329589844,136.30999755859375,249.25100708007812,211.27000427246094,512.5999755859375,435.20001220703125,194.32772827148438,81.9800033569336,348.9273376464844,327.8139953613281,117.39906311035156
2026-01-27,258.0285339355469,222.0875244140625,297.4200134277344,349.2294006347656,332.2955627441406,252.02999877929688,348.90240478515625,244.67999267578125,217.2607879638672,3.9000000953674316,358.3172302246094,244.55999755859375,51.876731872558594,46.601470947265625,86.80000305175781,474.6700134277344,637.6959228515625,967.5523071289062,227.95986938476562,297.03729248046875,140.1739501953125,334.31463623046875,924.8527221679688,377.83392333984375,219.81866455078125,43.93000030517578,223.25315856933594,298.7809143066406,73.0477294921875,1037.7779541015625,591.8309936523438,519.5172119140625,312.38494873046875,672.394287109375,107.12654113769531,180.68756103515625,399.17938232421875,479.485595703125,410.0677185058594,85.58000183105469,62.67399978637695,131.8000030517578,188.50979614257812,174.291259765625,26.5,55.342437744140625,152.0636749267578,200.61367797851562,229.9427490234375,192.27664184570312,95.1066665649414,137.5,248.12493896484375,212.75,511.70001220703125,430.8999938964844,194.36727905273438,81.23999786376953,280.5191650390625,324.5906677246094,116.70050048828125
2026-01-28,256.2002868652344,216.8708038330078,299.5799865722656,351.71502685546875,336.3305358886719,252.74000549316406,339.8650207519531,243.00999450683594,213.71469116210938,3.869999885559082,355.8649597167969,241.58999633789062,51.51875686645508,45.060882568359375,87.0,473.489990234375,642.0576782226562,958.0790405273438,227.39129638671875,292.0545654296875,138.93099975585938,335.7736511230469,931.9056396484375,372.80755615234375,215.5697479248047,48.779998779296875,226.5158233642578,299.2385559082031,72.56106567382812,1022.0940551757812,594.1387939453125,520.4755859375,311.06231689453125,668.1578979492188,106.11404418945312,180.3710174560547,400.1268615722656,480.533203125,435.09722900390625,84.63999938964844,61.82960510253906,129.6199951171875,191.5096435546875,172.19857788085938,25.860000610351562,53.9167594909668,151.72584533691406,198.79971313476562,232.07566833496094,192.8666229248047,94.55025482177734,138.9199981689453,245.67698669433594,216.0,508.70001220703125,431.4599914550781,213.6824188232422,79.77999877929688,291.7518310546875,326.30712890625,116.33125305175781
2026-01-29,258.0385437011719,218.61631774902344,291.6499938964844,353.0534362792969,340.9148254394531,252.17999267578125,340.580078125,241.72999572753906,213.81459045410156,3.8399999141693115,357.3702087402344,234.0399932861328,52.781620025634766,43.88924026489258,87.12000274658203,476.7900085449219,663.9758911132812,950.211181640625,213.54592895507812,298.4252624511719,138.761962890625,338.0120544433594,935.1983032226562,369.3407287597656,226.1173858642578,48.65999984741211,226.0880889892578,304.8598327636719,72.92854309082031,1022.4335327148438,619.2464599609375,542.7971801757812,313.7572937011719,737.6784057617188,107.54344940185547,180.43035888671875,354.4493408203125,432.5128173828125,435.6070251464844,83.16000366210938,62.18722915649414,116.7300033569336,192.49957275390625,168.42176818847656,26.100000381469727,52.949684143066406,151.24891662597656,199.2183074951172,196.78907775878906,161.87266540527344,93.27845001220703,143.63999938964844,250.62185668945312,199.3699951171875,503.9200134277344,416.55999755859375,216.4501953125,81.69999694824219,290.0351867675781,331.1171875,117.16954040527344
2026-01-30,259.2374267578125,221.1750946044922,293.25,355.4434509277344,321.91851806640625,236.72999572753906,339.5273742675781,239.3000030517578,216.21194458007812,3.759999990463257,351.0601806640625,233.72000122070312,52.900943756103516,44.43268585205078,87.41999816894531,480.5299987792969,656.1109008789062,938.8876342773438,211.7603759765625,306.34375,141.14840698242188,337.7622375488281,930.512939453125,372.1022644042969,226.39601135253906,46.470001220703125,226.0482940673828,304.33251953125,74.29911804199219,1035.421875,630.8950805664062,537.8656616210938,313.2501220703125,715.8870849609375,109.45925903320312,181.82289123535156,362.1287536621094,429.31011962890625,414.7057800292969,83.48999786376953,61.40243911743164,117.01000213623047,191.11965942382812,164.00718688964844,26.440000534057617,52.53095245361328,150.6229248046875,200.26483154296875,197.60488891601562,167.71353149414062,91.3608169555664,131.22999572753906,250.96456909179688,192.6999969482422,500.3500061035156,430.4100036621094,214.46031188964844,80.05000305175781,284.7165222167969,321.1676940917969,118.89598846435547
2026-02-02,269.7575988769531,223.78346252441406,293.3800048828125,362.5179443359375,327.9909362792969,246.27000427246094,342.3080749511719,242.9600067138672,223.85353088378906,3.8399999141693115,351.71807861328125,233.02000427246094,53.72627639770508,44.87641525268555,88.0,487.2900085449219,689.5971069335938,966.9569091796875,210.28407287597656,308.2609558105469,142.08309936523438,343.4482421875,941.3757934570312,375.60882568359375,226.43580627441406,48.810001373291016,229.52980041503906,306.5710754394531,74.8155746459961,1042.3902587890625,632.665771484375,554.417236328125,316.760498046875,705.8056640625,112.5364761352539,184.110595703125,360.084228515625,422.4058837890625,437.61614990234375,82.76000213623047,61.77000045776367,118.0,185.59996032714844,159.50291442871094,26.65999984741211,52.17203903198242,151.6463623046875,200.42430114746094,203.68911743164062,172.17776489257812,91.10248565673828,132.1999969482422,254.93026733398438,190.67999267578125,508.5799865722656,421.80999755859375,223.8724822998047,80.83999633789062,283.3868713378906,333.15301513671875,123.80591583251953
2026-02-03,269.22808837890625,223.8032989501953,271.92999267578125,365.5771484375,318.2730712890625,242.11000061035156,336.260009765625,238.6199951171875,228.04891967773438,3.869999885559082,348.5281677246094,233.14999389648438,54.143917083740234,45.140655517578125,87.63999938964844,493.739990234375,701.5543823242188,976.5030517578125,195.8900909423828,309.4791564941406,142.4709014892578,339.47100830078125,934.07421875,378.56903076171875,229.76925659179688,49.25,231.86737060546875,313.24688720703125,76.36491394042969,1001.7880249023438,624.9663696289062,549.7752075195312,317.7052307128906,691.1082763671875,114.9883041381836,181.9322967529297,349.0139465332031,410.2735595703125,419.2638854980469,79.94000244140625,60.52824401855469,109.7699966430664,180.33023071289062,154.13168334960938,25.770000457763672,41.574127197265625,146.24105834960938,202.82632446289062,193.91896057128906,164.21295166015625,92.44383239746094,119.29000091552734,255.2729949951172,173.24000549316406,473.989990234375,421.9599914550781,224.0714874267578,77.93000030517578,281.98773193359375,328.25311279296875,127.44844055175781
2026-02-04,276.23150634765625,215.32363891601562,279.7099914550781,370.357177734375,297.22930908203125,200.19000244140625,363.6800231933594,232.99000549316406,234.2920379638672,3.609999895095825,352.5554504394531,235.9499969482422,55.06869125366211,45.020999908447266,91.04000091552734,503.8299865722656,690.5054321289062,976.9324340820312,198.94244384765625,307.8914794921875,145.40423583984375,332.80572509765625,908.5186767578125,384.6285400390625,234.1873321533203,48.599998474121094,233.23011779785156,315.654541015625,76.82176971435547,1105.2752685546875,599.6000366210938,552.5704345703125,321.891845703125,668.417724609375,117.46000671386719,179.11741638183594,351.6069641113281,413.2467956542969,379.2406921386719,80.16000366210938,63.79655075073242,111.06999969482422,174.18057250976562,146.15951538085938,26.780000686645508,40.90614700317383,147.94015502929688,196.08871459960938,196.26812744140625,164.40960693359375,96.3486557006836,114.0199966430664,236.96226501464844,165.2899932861328,440.5299987792969,406.010009765625,221.79306030273438,73.91999816894531,273.7914733886719,329.2710266113281,127.73784637451172
2026-02-05,275.6520690917969,217.21792602539062,269.3900146484375,367.10675048828125,303.611328125,192.5,365.26898193359375,222.69000244140625,233.0434112548828,3.4100000858306885,353.50244140625,236.9499969482422,54.631160736083984,44.686954498291016,88.94000244140625,503.8900146484375,677.0210571289062,987.8565673828125,189.49607849121094,305.9243469238281,148.52650451660156,331.0169677734375,885.7484741210938,379.8305969238281,232.69473266601562,48.2400016784668,236.53256225585938,308.5807800292969,77.9738540649414,1019.1390380859375,605.986328125,550.9432373046875,321.6830139160156,669.63671875,118.86956024169922,174.90008544921875,341.9827880859375,392.7735290527344,382.729248046875,80.87000274658203,62.28657150268555,102.62999725341797,171.87069702148438,136.00498962402344,26.489999771118164,39.77956008911133,135.43048095703125,195.32125854492188,194.03692626953125,167.63487243652344,95.45442199707031,111.23999786376953,239.41021728515625,156.7100067138672,412.75,397.2099914550781,222.8477020263672,75.20999908447266,266.4783020019531,328.45269775390625,126.68002319335938
2026-02-06,277.8599853515625,221.5916290283203,268.3800048828125,370.1659851074219,322.1082763671875,208.44000244140625,381.6753234863281,210.32000732421875,236.13999938964844,3.7699999809265137,358.0181579589844,243.02999877929688,56.212223052978516,45.66914367675781,88.44000244140625,508.0899963378906,724.820068359375,999.7093505859375,190.8726348876953,320.5330810546875,151.63882446289062,322.63287353515625,923.8878173828125,382.5921325683594,237.20236206054688,50.59000015258789,238.72093200683594,320.7584533691406,78.49030303955078,1056.4168701171875,620.3108520507812,547.798583984375,325.3425598144531,660.8941650390625,121.03353881835938,178.99806213378906,336.1484069824219,400.22650146484375,394.5242614746094,82.19999694824219,63.4985237121582,100.73999786376953,185.39996337890625,142.32293701171875,27.219999313354492,40.29798889160156,136.46383666992188,198.00234985351562,199.86558532714844,168.36251831054688,98.81275939941406,112.05000305175781,245.28530883789062,168.42999267578125,422.6099853515625,411.1099853515625,220.32054138183594,74.7699966430664,274.5158386230469,330.89764404296875,130.9113311767578
2026-02-09,274.6199951171875,221.42303466796875,266.8999938964844,370.357177734375,330.1582336425781,216.0,373.23382568359375,208.72000122070312,230.10000610351562,3.934999942779541,358.52655029296875,244.7100067138672,56.092899322509766,46.147769927978516,88.23999786376953,498.0799865722656,740.7098388671875,996.1445922851562,193.5459442138672,316.2792663574219,150.82345581054688,324.09185791015625,938.679931640625,378.4696960449219,238.65513610839844,50.2400016784668,237.37806701660156,320.4599914550781,77.43754577636719,1042.9293212890625,634.9437255859375,534.41162109375,323.7912292480469,676.640625,116.78500366210938,181.3752899169922,345.4235534667969,412.65814208984375,383.3389587402344,81.47000122070312,61.99848175048828,103.87000274658203,190.0297088623047,156.0449981689453,27.049999237060547,41.025787353515625,138.04368591308594,195.54052734375,206.81478881835938,172.00076293945312,98.34577941894531,118.4000015258789,250.62185668945312,175.9499969482422,414.8399963378906,417.32000732421875,217.66404724121094,73.91000366210938,273.57318115234375,324.9100036621094,128.75576782226562
2026-02-10,273.67999267578125,220.6097869873047,264.6700134277344,360.797119140625,328.6601257324219,213.57000732421875,362.1406555175781,206.9600067138672,229.8000030517578,3.8499999046325684,362.055419921875,242.58999633789062,55.07863235473633,46.038082122802734,89.27999877929688,500.29998779296875,740.9593505859375,969.82275390625,192.96739196777344,315.8698425292969,146.39859008789062,318.3558654785156,944.0218505859375,387.092041015625,242.13784790039062,47.130001068115234,237.08961486816406,316.659423828125,76.28546142578125,1023.2921142578125,626.259521484375,539.4629516601562,324.1591796875,670.1461791992188,116.28868103027344,176.9391326904297,352.50457763671875,412.328857421875,373.09326171875,82.20999908447266,62.62432861328125,106.4800033569336,188.52978515625,159.33351135253906,27.610000610351562,41.36476135253906,139.1962890625,194.54383850097656,208.58404541015625,175.3046875,96.90506744384766,127.23999786376953,252.72711181640625,182.5800018310547,476.0199890136719,425.2099914550781,219.80316162109375,73.5,271.1123046875,328.1700134277344,126.44050598144531
2026-02-11,275.5,219.07254028320312,257.1600036621094,350.6634216308594,339.4566345214844,213.5800018310547,364.057373046875,204.0800018310547,234.8000030517578,3.9700000286102295,352.8943786621094,236.25999450683594,53.54728698730469,45.99321365356445,89.45999908447266,500.0199890136719,773.52734375,976.7227783203125,184.53846740722656,313.2736511230469,154.92019653320312,310.7412414550781,939.6448974609375,388.0854187011719,241.50100708007812,48.290000915527344,239.58633422851562,309.2374267578125,78.06324005126953,1013.5184326171875,625.404052734375,536.5379638671875,321.41448974609375,668.1179809570312,118.43279266357422,175.73558044433594,338.0932312011719,403.4491271972656,410.1676940917969,79.62000274658203,61.93887710571289,100.58000183105469,190.0397186279297,156.61302185058594,27.729999542236328,40.337867736816406,140.14022827148438,195.85946655273438,199.1873779296875,166.1795654296875,98.48487854003906,118.70999908447266,250.91561889648438,178.8300018310547,487.1700134277344,428.2699890136719,225.41465759277344,71.01000213623047,276.7583923339844,329.239990234375,128.5062713623047
2026-02-12,261.7300109863281,225.62815856933594,262.5,350.8546447753906,327.98095703125,205.94000244140625,363.6800231933594,199.60000610351562,224.39999389648438,3.5799999237060547,341.7994384765625,239.35000610351562,52.22476577758789,45.55945587158203,87.72000122070312,500.010009765625,756.8490600585938,997.4127197265625,184.96739196777344,312.43487548828125,150.95272827148438,308.7826232910156,899.8145141601562,387.62847900390625,238.6451873779297,46.47999954223633,243.25682067871094,301.09906005859375,78.46051025390625,1036.5400390625,634.0882568359375,526.5551147460938,330.2351989746094,649.254150390625,118.36331176757812,167.1616668701172,336.39776611328125,400.9248962402344,413.7961730957031,75.86000061035156,60.697120666503906,103.29000091552734,186.9298858642578,155.9353790283203,27.469999313354492,38.9620361328125,137.58663940429688,200.47413635253906,200.25875854492188,166.86788940429688,96.13999938964844,110.66000366210938,251.65000915527344,172.91000366210938,445.7900085449219,417.07000732421875,221.87265014648438,71.22000122070312,282.17626953125,324.17999267578125,133.3662872314453
2026-02-13,255.77999877929688,229.59524536132812,263.9700012207031,350.759033203125,354.4679260253906,207.32000732421875,369.19000244140625,198.7899932861328,218.3000030517578,3.569999933242798,336.4364013671875,242.9600067138672,52.25459671020508,45.853614807128906,88.9000015258789,497.54998779296875,772.7288818359375,1017.0042724609375,189.2467041015625,314.9512023925781,154.10482788085938,305.50494384765625,900.4014282226562,388.45294189453125,240.18753051757812,46.790000915527344,242.16262817382812,301.0094909667969,78.14269256591797,1040.0,649.1588745117188,517.470703125,325.7602233886719,639.2227172851562,120.51736450195312,170.2351531982422,336.09857177734375,400.4060974121094,411.4871520996094,76.87000274658203,62.71373748779297,107.08000183105469,182.80010986328125,159.5826416015625,27.579999923706055,40.16838455200195,139.80239868164062,199.397705078125,201.03526306152344,168.8541717529297,93.79000091552734,112.69999694824219,251.0500030517578,182.2899932861328,458.3399963378906,417.44000244140625,225.0166778564453,69.98999786376953,290.92822265625,314.0799865722656,133.61578369140625
2026-02-16,,,,352.9578552246094,,,,,216.4499969482422,,,,,45.80874252319336,89.4800033569336,,,,,,,,,,,,,,,,,,,,,,338.2926940917969,,,,,,,,,,,,,165.5502471923828,,,234.9499969482422,,,,,,,,
2026-02-17,263.8800048828125,230.94406127929688,260.45001220703125,356.0170593261719,358.68267822265625,203.0800018310547,373.3599853515625,201.14999389648438,219.64999389648438,3.799999952316284,343.4442443847656,244.0399932861328,52.44353103637695,49.17409896850586,90.55999755859375,503.4100036621094,763.3068237304688,1010.5836181640625,183.83023071289062,326.6042175292969,154.3931884765625,301.8075256347656,911.2443237304688,380.49615478515625,241.4512481689453,46.18000030517578,242.04327392578125,305.5661926269531,79.01667785644531,1036.050048828125,646.174560546875,521.0346069335938,325.79998779296875,638.7431030273438,120.67617797851562,170.62306213378906,336.54736328125,395.95623779296875,399.61212158203125,77.0,64.39259338378906,105.91000366210938,184.95999145507812,153.43411254882812,27.3700008392334,40.68681335449219,141.7200927734375,202.82632446289062,198.0275421142578,166.8088836669922,95.38999938964844,113.54000091552734,235.75,177.10000610351562,462.82000732421875,410.6300048828125,224.54905700683594,70.52999877929688,286.85986328125,319.5,128.5861053466797
2026-02-18,264.3500061035156,226.83811950683594,263.1700134277344,356.1126708984375,368.8399963378906,200.1199951171875,379.7300109863281,204.7899932861328,225.39999389648438,3.950000047683716,345.1488342285156,238.92999267578125,53.06004333496094,45.679115295410156,91.80000305175781,499.07000732421875,750.5410766601562,994.6367797851562,187.32150268554688,329.1005859375,151.8774871826172,303.1166076660156,928.8417358398438,380.97296142578125,239.94871520996094,45.459999084472656,243.6945037841797,307.2077941894531,78.94715881347656,1020.5599975585938,646.4033813476562,527.07421875,326.0685119628906,642.6697387695312,120.7655258178711,175.6460723876953,339.2900085449219,398.69000244140625,420.77325439453125,77.98999786376953,65.11778259277344,107.80999755859375,187.96981811523438,155.62646484375,27.3700008392334,41.32488250732422,142.32620239257812,204.13198852539062,201.6938018798828,170.48648071289062,95.76000213623047,121.63999938964844,244.8000030517578,176.0800018310547,477.5799865722656,411.32000732421875,222.1910400390625,72.7699966430664,285.97674560546875,320.29998779296875,126.36067199707031
2026-02-19,260.5799865722656,222.5040740966797,259.2099914550781,356.97308349609375,369.8299865722656,203.3699951171875,375.5,204.86000061035156,224.35000610351562,3.819999933242798,341.5701599121094,233.7100067138672,52.47336196899414,45.444786071777344,90.08000183105469,496.94000244140625,759.0848999023438,986.3887329101562,184.82774353027344,334.2530822753906,150.26661682128906,302.636962890625,911.8511962890625,376.0657653808594,239.58055114746094,44.619998931884766,245.60433959960938,306.48150634765625,78.37112426757812,1023.219970703125,663.0158081054688,519.3674926757812,325.2928161621094,644.2284545898438,120.96405029296875,173.4379425048828,339.8999938964844,398.4599914550781,417.17474365234375,77.0,65.17738342285156,107.37000274658203,187.88983154296875,155.9951629638672,26.860000610351562,41.604034423828125,140.3687744140625,204.73001098632812,196.8382110595703,167.89053344726562,95.80000305175781,123.80000305175781,240.5500030517578,179.1999969482422,485.2900085449219,411.7099914550781,216.9476776123047,72.94000244140625,287.6933898925781,318.92999267578125,124.6142578125
2026-02-20,264.5799865722656,222.9602813720703,258.6099853515625,362.5179443359375,375.3800048828125,200.14999389648438,374.75,210.11000061035156,222.5500030517578,3.880000114440918,345.08905029296875,232.02999877929688,52.7617301940918,43.555198669433594,90.31999969482422,498.20001220703125,758.2963256835938,983.8424072265625,184.6980743408203,342.72076416015625,150.5450439453125,314.7584228515625,917.411865234375,379.7113952636719,242.76473999023438,44.11000061035156,241.2077178955078,309.20758056640625,79.29476928710938,1009.52001953125,654.80908203125,525.5068969726562,327.40106201171875,655.09912109375,121.36111450195312,174.47238159179688,338.1000061035156,397.2300109863281,427.9902038574219,78.66999816894531,64.9687728881836,104.2699966430664,189.8097381591797,147.5646209716797,26.649999618530273,41.52427673339844,141.968505859375,204.9199981689453,199.12840270996094,170.8994598388672,97.48999786376953,126.19999694824219,245.14999389648438,172.5,490.6000061035156,411.82000732421875,218.6191864013672,73.86000061035156,287.7628479003906,320.95001220703125,122.73810577392578
2026-02-23,266.17999267578125,227.59185791015625,246.67999267578125,362.135498046875,373.54998779296875,196.60000610351562,379.4200134277344,205.27000427246094,225.64999389648438,3.9700000286102295,320.2276306152344,230.44000244140625,50.78291702270508,42.677711486816406,87.69999694824219,494.0899963378906,755.0325317382812,984.5913696289062,177.71554565429688,338.49688720703125,148.98391723632812,311.2708740234375,887.6386108398438,374.486328125,241.85922241210938,43.630001068115234,244.5399932861328,296.1543884277344,80.00984954833984,1058.56005859375,657.1566772460938,495.1790466308594,332.7014465332031,636.7048950195312,122.90963745117188,165.90841674804688,327.6000061035156,384.4700012207031,420.7932434082031,76.0199966430664,62.67399978637695,100.80000305175781,191.53964233398438,140.81817626953125,27.059999465942383,43.917030334472656,139.51426696777344,201.9199981689453,193.34889221191406,165.05859375,94.77999877929688,117.27999877929688,240.64999389648438,157.60000610351562,467.8299865722656,399.8299865722656,218.74851989746094,70.72000122070312,280.16192626953125,306.5199890136719,125.55233001708984
2026-02-24,272.1400146484375,226.5604248046875,255.1699981689453,361.8487243652344,377.92999267578125,213.83999633789062,382.8699951171875,208.55999755859375,231.5,4.369999885559082,319.47003173828125,233.38999938964844,50.126625061035156,42.21902847290039,88.4800033569336,494.510009765625,766.7702026367188,996.9833374023438,184.95742797851562,345.1372375488281,146.8062744140625,310.6813049316406,897.5464477539062,381.9266052246094,242.40650939941406,46.119998931884766,246.27999877929688,295.7862243652344,80.16876220703125,1042.1500244140625,660.9467163085938,497.1456604003906,331.1998291015625,638.7531127929688,123.01882934570312,167.88775634765625,327.70001220703125,389.0,417.83447265625,78.04000091552734,63.66740036010742,102.48999786376953,192.83956909179688,145.63136291503906,27.139999389648438,46.87806701660156,143.85638427734375,198.4600067138672,193.1031494140625,163.07229614257812,96.51000213623047,116.93000030517578,239.5,161.05999755859375,465.6600036621094,409.3800048828125,212.2714385986328,71.37999725341797,271.836669921875,307.2200012207031,126.49040985107422
2026-02-25,274.2300109863281,225.0529327392578,257.80999755859375,364.71673583984375,394.95001220703125,210.86000061035156,384.3299865722656,210.63999938964844,231.6999969482422,4.340000152587891,326.0592041015625,230.36000061035156,51.39942932128906,42.46332931518555,88.12000274658203,493.989990234375,765.1532592773438,993.3186645507812,191.27163696289062,342.3912353515625,146.28921508789062,312.67987060546875,916.556396484375,373.0757751464844,241.00347900390625,46.880001068115234,245.1699981689453,301.75567626953125,79.92047119140625,1028.8299560546875,644.10546875,508.5161437988281,331.1600646972656,653.1307983398438,121.55963897705078,172.80136108398438,336.79998779296875,400.6000061035156,428.8198547363281,82.69999694824219,62.981956481933594,104.2300033569336,195.54940795898438,147.37527465820312,27.09000015258789,47.177162170410156,144.88975524902344,195.97999572753906,194.86256408691406,163.99661254882812,97.93000030517578,120.30999755859375,244.10000610351562,169.2100067138672,463.2799987792969,417.3999938964844,212.8186492919922,72.83000183105469,282.0075988769531,312.989990234375,125.4924545288086
2026-02-26,272.95001220703125,222.84127807617188,259.0400085449219,367.7759704589844,375.7200012207031,203.67999267578125,379.3299865722656,207.9199981689453,231.0,3.7300000190734863,334.2632751464844,229.41000366210938,52.00600051879883,41.72544479370117,88.83999633789062,502.6700134277344,751.499267578125,985.310302734375,198.9723663330078,340.3442077636719,142.9581298828125,307.1637878417969,924.136474609375,372.59893798828125,239.69000244140625,45.459999084472656,243.47000122070312,304.5712890625,79.95026397705078,1022.02001953125,638.2662353515625,513.8869018554688,332.6716003417969,656.447998046875,118.4228744506836,176.54127502441406,339.6499938964844,401.7200012207031,415.385498046875,84.58999633789062,63.52832794189453,109.30000305175781,184.87998962402344,149.78684997558594,27.100000381469727,45.39256286621094,144.6612091064453,197.6300048828125,201.1826934814453,169.3458251953125,98.08000183105469,125.94000244140625,248.64999389648438,173.05999755859375,495.6499938964844,408.5799865722656,211.55508422851562,74.80000305175781,284.4486083984375,316.70001220703125,124.16517639160156
2026-02-27,264.17999267578125,230.17047119140625,262.4100036621094,365.3859558105469,372.29998779296875,200.2100067138672,388.1600036621094,210.0,227.9499969482422,3.630000114440918,307.926513671875,227.52999877929688,49.549888610839844,41.88996887207031,89.45999908447266,504.95001220703125,741.4185180664062,1009.325439453125,194.30404663085938,341.76214599609375,148.10887145996094,311.54071044921875,855.0700073242188,378.1915588378906,243.58999633789062,45.61000061035156,248.42999267578125,298.7709655761719,81.00302124023438,1051.989990234375,654.6300048828125,516.32275390625,339.16534423828125,647.62548828125,122.90963745117188,165.6199493408203,333.79998779296875,392.739990234375,412.19683837890625,96.23999786376953,61.77000045776367,108.01000213623047,177.180419921875,144.89393615722656,27.649999618530273,46.07051086425781,141.45181274414062,202.6199951171875,198.08651733398438,168.1068572998047,98.0199966430664,120.7300033569336,247.39999389648438,168.41000366210938,514.9400024414062,402.510009765625,211.03770446777344,75.41999816894531,291.0075988769531,320.1400146484375,127.68794250488281
2026-03-02,264.7200012207031,232.33253479003906,260.8800048828125,354.10504150390625,372.17999267578125,198.6199951171875,385.70001220703125,208.38999938964844,226.60000610351562,3.680000066757202,306.4611511230469,229.74000549316406,49.53000259399414,40.49397277832031,85.0,480.1700134277344,750.8904418945312,1001.3170776367188,192.4686279296875,345.2370910644531,149.1827850341797,306.3043518066406,861.7000122070312,368.3473815917969,248.0399932861328,45.5,248.55999755859375,296.044921875,79.67218017578125,1017.969970703125,676.7000122070312,520.106201171875,332.96002197265625,653.0009155273438,120.51736450195312,166.10733032226562,339.79998779296875,398.54998779296875,412.4967346191406,97.08999633789062,61.0099983215332,109.41999816894531,182.47012329101562,148.7305450439453,27.260000228881836,45.49226379394531,140.1302947998047,212.16000366210938,192.66082763671875,164.311279296875,96.76000213623047,119.37999725341797,238.1999969482422,170.3300018310547,507.2799987792969,403.32000732421875,208.75929260253906,75.94999694824219,292.6548156738281,320.510009765625,126.83969116210938
2026-03-03,263.75,231.93582153320312,270.989990234375,339.76495361328125,351.32000732421875,190.9499969482422,377.0,208.72999572753906,227.0,3.690000057220459,306.8499450683594,224.1199951171875,49.68910217285156,38.20054244995117,82.5199966430664,481.3599853515625,720.8077392578125,1006.309814453125,195.5609130859375,333.65399169921875,146.99520874023438,303.3664245605469,862.5800170898438,364.48321533203125,243.85000610351562,43.099998474121094,246.75,298.7311706542969,78.79817962646484,1007.72998046875,667.8200073242188,523.4205322265625,332.1700134277344,654.5196533203125,118.948974609375,165.0629425048828,345.29998779296875,403.92999267578125,379.52056884765625,97.69999694824219,59.38999938964844,113.19000244140625,180.04025268554688,148.4913787841797,26.579999923706055,46.2400016784668,137.24880981445312,206.52000427246094,192.97537231445312,162.7183074951172,96.68000030517578,121.87000274658203,226.4499969482422,165.7899932861328,519.9600219726562,392.42999267578125,201.6454315185547,76.36000061035156,286.97894287109375,320.8299865722656,127.64803314208984
2026-03-04,262.5199890136719,234.2466583251953,273.1199951171875,343.2065734863281,357.760009765625,202.07000732421875,379.2699890136719,216.82000732421875,227.4499969482422,3.690000057220459,310.229248046875,227.30999755859375,50.017242431640625,37.29314422607422,82.63999938964844,487.4800109863281,730.5791015625,1005.2813110351562,192.5983123779297,339.3157043457031,147.38299560546875,302.9167785644531,867.25,366.6586608886719,245.97000122070312,45.58000183105469,245.3000030517578,297.8656311035156,77.566650390625,1003.5700073242188,664.47998046875,522.0228881835938,331.739990234375,667.1587524414062,119.39566802978516,166.68423461914062,349.1000061035156,405.20001220703125,400.6016845703125,98.66000366210938,58.63999938964844,113.86000061035156,183.03009033203125,151.8396759033203,26.6200008392334,46.75,138.6199951171875,208.82000732421875,192.23818969726562,164.58660888671875,97.1500015258789,129.64999389648438,232.89999389648438,168.25999450683594,534.0900268554688,405.94000244140625,201.36683654785156,76.6500015258789,289.70770263671875,320.4700012207031,127.54823303222656
2026-03-05,260.2900085449219,230.43826293945312,281.739990234375,337.6617431640625,346.5299987792969,199.4499969482422,367.6000061035156,218.94000244140625,225.35000610351562,3.5399999618530273,306.2418518066406,222.05999755859375,49.53000259399414,37.66707229614258,81.41999816894531,500.3999938964844,704.7383422851562,981.1463623046875,200.88758850097656,326.51434326171875,144.3203887939453,300.6683349609375,835.4600219726562,359.27801513671875,238.3800048828125,45.95000076293945,239.6300048828125,292.0553283691406,76.50395965576172,983.260009765625,655.0,523.7598876953125,327.45001220703125,660.0049438476562,115.21662139892578,161.68112182617188,352.5,410.67999267578125,396.8832702636719,99.16999816894531,58.02000045776367,120.37999725341797,183.330078125,154.25125122070312,26.610000610351562,47.63999938964844,137.0,203.86000061035156,196.07154846191406,168.12652587890625,98.69000244140625,134.7899932861328,224.8000030517578,177.4499969482422,552.1199951171875,405.54998779296875,196.97914123535156,75.44000244140625,286.5423278808594,319.79998779296875,123.05744934082031
2026-03-06,257.4599914550781,228.2166748046875,283.6199951171875,332.30810546875,324.739990234375,192.42999267578125,369.5299987792969,213.2100067138672,221.3000030517578,3.390000104904175,300.0514221191406,231.11000061035156,48.63999938964844,36.28602600097656,79.80000305175781,498.9800109863281,679.606201171875,996.65380859375,201.6057891845703,322.6399841308594,143.11721801757812,298.30999755859375,821.4199829101562,355.5429992675781,235.2899932861328,43.41999816894531,240.39999389648438,288.0060729980469,76.5138931274414,990.3300170898438,671.77001953125,521.4439086914062,328.05999755859375,644.308349609375,114.93868255615234,159.41331481933594,355.29998779296875,408.9599914550781,370.1445007324219,99.0199966430664,57.0099983215332,124.33999633789062,177.8103790283203,152.42764282226562,27.049999237060547,46.970001220703125,135.69000244140625,209.75999450683594,198.79421997070312,169.85716247558594,98.98999786376953,130.1999969482422,224.8000030517578,180.47999572753906,565.1900024414062,396.7300109863281,192.25314331054688,75.12999725341797,284.27001953125,317.3599853515625,123.54644775390625
2026-03-09,259.8800048828125,225.5785675048828,282.44000244140625,329.05767822265625,338.94000244140625,202.67999267578125,376.9700012207031,213.49000549316406,222.39999389648438,3.890000104904175,304.4176330566406,225.0,47.900001525878906,37.482601165771484,78.76000213623047,497.20001220703125,703.480712890625,1003.8433837890625,198.2940673828125,321.92999267578125,145.80198669433594,306.3599853515625,832.030029296875,351.2119445800781,237.58999633789062,45.58000183105469,242.58999633789062,288.44384765625,77.26870727539062,1008.3900146484375,664.1500244140625,516.831787109375,330.79998779296875,646.836181640625,116.24897003173828,159.59234619140625,351.1499938964844,409.4100036621094,389.1565246582031,98.31999969482422,56.529998779296875,121.93000030517578,182.64010620117188,151.03250122070312,26.809999465942383,46.15999984741211,138.11000061035156,208.22999572753906,196.6809539794922,169.01150512695312,99.7699966430664,133.5,221.10000610351562,182.83999633789062,544.8800048828125,398.67999267578125,195.2081298828125,73.83999633789062,285.1700134277344,315.9700012207031,124.08534240722656
2026-03-10,260.8299865722656,225.14218139648438,275.1300048828125,338.8089294433594,345.8800048828125,203.22999572753906,375.42999267578125,214.3300018310547,224.5,4.139999866485596,302.19464111328125,217.75999450683594,48.560001373291016,39.511783599853516,80.4000015258789,494.1400146484375,715.3181762695312,995.9148559570312,194.4237518310547,326.5199890136719,147.72108459472656,307.0400085449219,833.8099975585938,354.778076171875,240.61000061035156,46.779998779296875,243.7100067138672,287.2598876953125,77.34815216064453,1001.3499755859375,651.219970703125,513.8369750976562,327.94000244140625,653.510498046875,116.22911834716797,159.8907470703125,350.0,405.760009765625,402.9407043457031,96.94000244140625,56.08000183105469,116.61000061035156,184.760009765625,148.88002014160156,27.15999984741211,45.02000045776367,135.1999969482422,207.0,192.48391723632812,166.76956176757812,100.7699966430664,129.36000061035156,232.14999389648438,175.32000732421875,530.260009765625,399.239990234375,196.46177673339844,72.36000061035156,282.3399963378906,314.42999267578125,124.8637466430664
2026-03-11,260.80999755859375,225.80667114257812,273.7099914550781,336.4189147949219,351.07000732421875,204.8300018310547,377.6400146484375,212.64999389648438,225.5500030517578,4.059999942779541,305.02569580078125,214.10000610351562,48.52000045776367,39.90066909790039,80.81999969482422,493.57000732421875,706.2454833984375,990.7922973632812,193.6457061767578,325.1499938964844,145.175537109375,308.70001220703125,823.760009765625,348.510009765625,239.44000244140625,47.97999954223633,242.99000549316406,286.0560302734375,77.09986114501953,999.8400268554688,649.469970703125,503.1353759765625,325.2099914550781,654.2998046875,115.3555908203125,160.02999877929688,348.8999938964844,404.8800048828125,418.5141906738281,94.88999938964844,55.70000076293945,115.62999725341797,186.02999877929688,162.55226135253906,27.299999237060547,45.56999969482422,134.1199951171875,207.25999450683594,187.9526824951172,162.67898559570312,101.44000244140625,129.52000427246094,228.1999969482422,179.42999267578125,514.3699951171875,407.82000732421875,197.6656494140625,74.97000122070312,285.25,308.9599914550781,123.2370834350586
2026-03-12,255.75999450683594,223.5156707763672,269.7799987792969,335.08050537109375,337.2699890136719,197.74000549316406,367.7900085449219,209.52999877929688,222.14999389648438,3.819999933242798,300.9386291503906,204.75999450683594,47.130001068115234,39.0181999206543,81.68000030517578,491.8900146484375,699.3585815429688,1001.8662719726562,198.7828369140625,306.70001220703125,144.38999938964844,303.54998779296875,787.52001953125,338.92999267578125,233.39999389648438,45.25,242.0399932861328,281.44964599609375,77.08000183105469,977.25,652.8300170898438,496.45684814453125,323.9100036621094,637.6340942382812,115.05780029296875,153.5448455810547,351.75,401.8599853515625,405.1797790527344,94.30999755859375,54.130001068115234,112.97000122070312,183.13999938964844,158.60606384277344,26.860000610351562,44.36000061035156,131.14999389648438,203.0399932861328,187.24497985839844,164.2326202392578,100.18000030517578,126.16999816894531,224.6999969482422,177.25,509.5899963378906,395.010009765625,189.0892333984375,72.97000122070312,277.04998779296875,306.5,125.07331848144531
2026-03-13,250.1199951171875,217.87249755859375,249.32000732421875,338.52215576171875,341.5299987792969,193.38999938964844,366.2099914550781,207.6699981689453,220.6999969482422,3.690000057220459,299.0146789550781,209.88999938964844,46.720001220703125,38.52461242675781,81.30000305175781,490.0299987792969,692.6712646484375,1006.9688720703125,192.34893798828125,299.69000244140625,144.99000549316406,302.2799987792969,782.2100219726562,339.0299987792969,234.5,45.77000045776367,241.52000427246094,281.996826171875,77.33999633789062,985.0800170898438,646.0,497.13568115234375,326.4599914550781,613.1849975585938,114.76000213623047,154.04217529296875,346.3999938964844,395.54998779296875,425.9510803222656,95.30999755859375,53.97999954223633,113.62000274658203,180.25,154.5701446533203,26.579999923706055,44.900001525878906,129.82000732421875,204.52000427246094,186.69456481933594,163.66229248046875,99.1500015258789,122.95999908447266,220.35000610351562,178.66000366210938,516.0599975585938,391.20001220703125,189.81553649902344,73.33000183105469,282.0899963378906,307.1400146484375,126.26087188720703
2026-03-16,252.82000732421875,219.6279296875,251.86000061035156,343.6845703125,346.17999267578125,196.5800018310547,366.25,211.74000549316406,219.8000030517578,3.6500000953674316,297.26025390625,213.47000122070312,47.060001373291016,39.97545623779297,79.08000183105469,492.2099914550781,698.4503173828125,1000.2885131835938,197.84518432617188,304.0,145.2100067138672,305.55999755859375,794.77001953125,342.5799865722656,234.50999450683594,45.7599983215332,243.19000244140625,284.7029724121094,77.81999969482422,989.1199951171875,645.2000122070312,507.6276550292969,326.6499938964844,627.4500122070312,115.43000030517578,154.86773681640625,347.1000061035156,399.95001220703125,441.6144714355469,95.19999694824219,54.790000915527344,114.87999725341797,183.22000122070312,155.42715454101562,26.610000610351562,45.41999816894531,129.38999938964844,206.05999755859375,188.35568237304688,162.6986541748047,97.81999969482422,126.58000183105469,220.3000030517578,174.39999389648438,524.0,395.55999755859375,193.1486053466797,74.66000366210938,285.489990234375,310.1099853515625,125.73196411132812
2026-03-17,254.22999572753906,217.9518280029297,254.1999969482422,346.1701965332031,352.4599914550781,196.30999755859375,361.1300048828125,215.1999969482422,221.10000610351562,3.6500000953674316,299.3236999511719,210.82000732421875,47.279998779296875,40.09511184692383,79.36000061035156,492.5799865722656,700.6660766601562,994.7166137695312,194.82275390625,302.0899963378906,144.39999389648438,310.9200134277344,807.0399780273438,341.42999267578125,231.4199981689453,44.060001373291016,238.11000061035156,285.42926025390625,77.58000183105469,930.3499755859375,636.3300170898438,505.7109375,326.29998779296875,622.6599731445312,115.87000274658203,156.98635864257812,346.25,399.4100036621094,461.4961242675781,94.36000061035156,55.119998931884766,116.72000122070312,181.92999267578125,154.151611328125,27.450000762939453,46.130001068115234,131.58999633789062,203.3300018310547,186.87147521972656,163.46563720703125,97.56999969482422,127.80000305175781,219.14999389648438,174.60000610351562,525.22998046875,399.2699890136719,193.46697998046875,77.79000091552734,287.57000732421875,308.4599914550781,124.8238296508789
2026-03-18,249.94000244140625,206.62579345703125,246.0,342.8241882324219,349.4700012207031,199.4600067138672,351.4800109863281,209.8699951171875,217.9499969482422,3.559999942779541,293.4622802734375,205.99000549316406,46.83000183105469,39.417057037353516,79.0199966430664,484.4700012207031,692.302001953125,978.5001220703125,193.85516357421875,300.9599914550781,141.2899932861328,307.69000244140625,805.47998046875,330.92999267578125,229.9199981689453,45.029998779296875,237.27999877929688,286.27490234375,75.97000122070312,918.0499877929688,642.280029296875,487.63201904296875,315.7300109863281,615.6799926757812,114.5,158.08045959472656,341.54998779296875,391.7900085449219,461.5361328125,94.69999694824219,53.470001220703125,113.70999908447266,180.39999389648438,152.36782836914062,27.31999969482422,44.59000015258789,130.47000122070312,204.55999755859375,180.60049438476562,158.74574279785156,92.66000366210938,123.75,218.10000610351562,173.25,516.719970703125,392.7799987792969,189.81553649902344,76.66000366210938,284.3299865722656,299.0199890136719,121.73017883300781
2026-03-19,248.9600067138672,204.5331573486328,245.99000549316406,337.6617431640625,357.2099914550781,205.27000427246094,349.9200134277344,208.75999450683594,215.8000030517578,3.569999933242798,294.00054931640625,201.17999267578125,47.0099983215332,38.355098724365234,76.33999633789062,481.4800109863281,687.3414306640625,973.3676147460938,194.50355529785156,291.6099853515625,141.11000061035156,307.1300048828125,809.5,328.2099914550781,229.02999877929688,46.18000030517578,237.60000610351562,286.5037536621094,75.55000305175781,917.5,637.510009765625,490.2974548339844,309.5799865722656,606.7000122070312,114.19999694824219,157.7025146484375,337.04998779296875,389.0199890136719,444.08343505859375,91.73999786376953,53.439998626708984,113.2699966430664,178.55999755859375,154.97872924804688,27.40999984741211,44.189998626708984,131.27999877929688,200.72999572753906,181.84878540039062,157.32977294921875,95.83000183105469,122.37000274658203,210.3000030517578,175.39999389648438,482.5199890136719,380.29998779296875,187.33811950683594,75.33999633789062,280.44000244140625,299.7099914550781,120.84199523925781
2026-03-20,247.99000549316406,203.38272094726562,248.14999389648438,332.30810546875,357.05999755859375,201.3300018310547,347.79998779296875,205.3699951171875,214.8000030517578,3.490000009536743,294.5687561035156,195.1199951171875,47.15999984741211,38.275325775146484,75.76000213623047,480.94000244140625,679.586181640625,970.9212036132812,194.892578125,286.7900085449219,137.2100067138672,301.0,813.530029296875,320.75,221.5,43.869998931884766,235.3699951171875,285.1009216308594,74.75,906.7000122070312,627.4299926757812,495.4685363769531,308.8500061035156,593.6599731445312,114.18000030517578,160.60690307617188,332.54998779296875,381.8699951171875,422.722412109375,91.81999969482422,52.369998931884766,110.37999725341797,172.6999969482422,149.15904235839844,26.969999313354492,44.0099983215332,129.89999389648438,198.16000366210938,172.79615783691406,151.25291442871094,92.55000305175781,116.77999877929688,203.75,168.02000427246094,474.5400085449219,367.9599914550781,186.24368286132812,73.88999938964844,275.5899963378906,301.6199951171875,119.0199966430664
2026-03-23,251.49000549316406,203.2438507080078,247.63999938964844,334.31573486328125,361.7900085449219,202.67999267578125,349.7699890136719,210.13999938964844,216.75,3.390000104904175,300.95855712890625,198.41000366210938,47.52000045776367,38.355098724365234,77.83999633789062,479.9800109863281,700.3666381835938,964.3306884765625,194.6930694580078,291.5400085449219,137.33999633789062,302.05999755859375,831.27001953125,330.8999938964844,223.00999450683594,44.0099983215332,235.4199981689453,288.4338684082031,75.11000061035156,910.5499877929688,616.25,499.5215759277344,308.4700012207031,604.0599975585938,115.68000030517578,163.44166564941406,330.45001220703125,383.0,404.1802062988281,93.37999725341797,52.709999084472656,110.94999694824219,175.63999938964844,153.80282592773438,26.770000457763672,45.4900016784668,128.35000610351562,194.82000732421875,175.1158447265625,151.292236328125,93.83000183105469,121.0999984741211,211.3000030517578,174.1999969482422,492.3900146484375,380.8500061035156,187.67640686035156,75.12000274658203,269.5400085449219,304.44000244140625,120.72000122070312
2026-03-24,251.63999938964844,203.5116424560547,238.8699951171875,334.12451171875,373.989990234375,205.3699951171875,348.42999267578125,207.24000549316406,219.14999389648438,3.380000114440918,301.04827880859375,196.4199981689453,48.13999938964844,37.632171630859375,77.83999633789062,479.3299865722656,715.2682495117188,972.4089965820312,182.56341552734375,290.6300048828125,138.11000061035156,290.44000244140625,835.719970703125,330.9100036621094,221.57000732421875,44.060001373291016,235.27000427246094,290.91119384765625,74.66999816894531,903.02001953125,610.1699829101562,498.0740661621094,307.8399963378906,592.9199829101562,116.37000274658203,164.98336791992188,322.20001220703125,372.739990234375,395.3639221191406,90.91999816894531,53.4900016784668,104.6500015258789,175.1999969482422,146.57806396484375,26.959999084472656,44.209999084472656,128.6699981689453,194.0,168.0781707763672,145.1563720703125,91.9800033569336,116.1500015258789,209.1999969482422,161.33999633789062,484.8500061035156,383.0299987792969,193.6460723876953,72.33999633789062,272.2799987792969,303.760009765625,122.05000305175781
2026-03-25,252.6199951171875,205.475341796875,237.25,338.2353210449219,369.3399963378906,220.27000427246094,353.92999267578125,211.7100067138672,219.9499969482422,3.5399999618530273,299.2938232421875,199.61000061035156,48.75,38.02105712890625,78.87999725341797,476.19000244140625,717.6736450195312,973.447509765625,181.5060577392578,296.55999755859375,138.25999450683594,290.92999267578125,841.8400268554688,332.510009765625,225.7899932861328,47.18000030517578,239.92999267578125,293.91583251953125,75.25,916.3099975585938,624.2000122070312,501.8974914550781,311.70001220703125,594.8900146484375,119.37000274658203,164.76454162597656,321.04998779296875,371.0400085449219,381.9295654296875,92.27999877929688,52.97999954223633,103.05999755859375,178.67999267578125,145.5117950439453,27.280000686645508,44.849998474121094,130.35000610351562,195.0,166.06320190429688,144.44839477539062,92.69999694824219,118.41999816894531,211.8000030517578,160.61000061035156,473.2099914550781,385.95001220703125,195.77525329589844,73.08000183105469,270.54998779296875,304.9100036621094,123.05999755859375
2026-03-26,252.88999938964844,209.38291931152344,240.8800048828125,335.4629211425781,338.54998779296875,203.77000427246094,353.1600036621094,207.5399932861328,221.85000610351562,3.5399999618530273,298.4465026855469,194.36000061035156,48.2400016784668,38.165645599365234,78.18000030517578,475.2699890136719,701.8538208007812,978.2305908203125,185.1768798828125,285.239990234375,136.8800048828125,280.9200134277344,822.6400146484375,328.42999267578125,225.1699981689453,44.099998474121094,239.24000549316406,290.1749572753906,74.69000244140625,897.0,627.3300170898438,499.89093017578125,308.92999267578125,547.5399780273438,118.93000030517578,162.35748291015625,318.8500061035156,365.9700012207031,355.31072998046875,93.31999969482422,52.06999969482422,103.63999938964844,171.24000549316406,142.31295776367188,27.56999969482422,45.20000076293945,130.5399932861328,192.85000610351562,164.22515869140625,142.22610473632812,91.22000122070312,115.43000030517578,209.75,162.3300018310547,478.17999267578125,372.1099853515625,192.4322509765625,70.55000305175781,268.04998779296875,305.5299987792969,122.18000030517578
2026-03-27,248.8000030517578,207.6770782470703,234.83999633789062,335.4629211425781,337.1700134277344,201.99000549316406,348.7699890136719,199.33999633789062,218.75,3.3499999046325684,291.34893798828125,190.52000427246094,46.970001220703125,38.15068435668945,77.77999877929688,468.489990234375,694.07861328125,982.4344482421875,178.8626708984375,282.80999755859375,134.25,274.3399963378906,802.8900146484375,321.6499938964844,223.1199951171875,43.130001068115234,240.4499969482422,281.3998718261719,75.70999908447266,878.239990234375,615.8400268554688,483.4092712402344,305.8999938964844,525.719970703125,119.62999725341797,157.54336547851562,312.54998779296875,356.7699890136719,357.07000732421875,93.43000030517578,51.369998931884766,99.41000366210938,167.52000427246094,139.17391967773438,27.040000915527344,43.59000015258789,127.11000061035156,189.7100067138672,161.2174530029297,140.18081665039062,86.80999755859375,111.8499984741211,204.89999389648438,152.8000030517578,472.4800109863281,361.8299865722656,189.36781311035156,69.18000030517578,259.0199890136719,295.5199890136719,122.88999938964844
2026-03-30,246.6300048828125,211.36647033691406,241.1300048828125,341.58135986328125,323.1199951171875,196.0399932861328,349.0,200.9499969482422,215.5500030517578,3.4000000953674316,296.552490234375,189.2100067138672,47.22999954223633,38.95338439941406,78.05999755859375,474.6600036621094,666.1617431640625,995.1360473632812,184.56838989257812,273.25,136.33999633789062,273.5,807.5999755859375,323.5,223.47999572753906,41.189998626708984,242.49000549316406,282.32513427734375,76.2699966430664,886.6300048828125,598.5700073242188,493.15252685546875,308.5299987792969,536.3800048828125,118.0999984741211,157.52346801757812,317.6000061035156,358.9599914550781,321.79998779296875,92.97000122070312,51.2400016784668,104.97000122070312,165.1699981689453,138.31692504882812,27.770000457763672,44.66999816894531,127.06999969482422,187.14999389648438,165.4144744873047,144.56639099121094,86.72000122070312,111.7699966430664,205.39999389648438,153.6699981689453,475.0,355.2799987792969,185.47756958007812,69.91000366210938,261.7900085449219,299.5400085449219,123.5
2026-03-31,253.7899932861328,215.7005157470703,243.0800018310547,343.4933776855469,341.7900085449219,203.42999267578125,351.8500061035156,208.27000427246094,215.5,3.5399999618530273,301.5267639160156,199.02999877929688,48.75,39.27246856689453,78.0,479.20001220703125,707.1138305664062,994.9862060546875,186.2042999267578,283.7699890136719,139.3699951171875,287.55999755859375,845.989990234375,328.8900146484375,226.02999877929688,44.130001068115234,244.44000244140625,292.6622314453125,76.05000305175781,919.77001953125,604.3900146484375,498.8028259277344,310.7900085449219,572.1300048828125,120.29000091552734,163.69033813476562,317.45001220703125,370.1700134277344,337.8399963378906,96.1500015258789,52.81999969482422,104.55000305175781,174.39999389648438,146.59799194335938,28.079999923706055,45.22999954223633,128.77999877929688,192.89999389648438,168.2845916748047,144.44839477539062,89.58999633789062,118.62000274658203,205.6999969482422,150.82000732421875,484.9100036621094,371.75,193.15855407714844,71.93000030517578,270.5899963378906,302.239990234375,124.27999877929688
2026-04-01,255.6300048828125,213.21116638183594,241.3699951171875,351.52386474609375,353.79998779296875,210.2100067138672,353.2799987792969,210.57000732421875,219.0500030517578,3.700000047683716,300.5000305175781,207.32000732421875,49.27000045776367,40.00537109375,79.0199966430664,478.5,728.9322509765625,995.1160278320312,185.77537536621094,292.67999267578125,140.3000030517578,297.3900146484375,860.2100219726562,329.55999755859375,228.1999969482422,48.029998779296875,244.1199951171875,293.87603759765625,76.08000183105469,954.52001953125,617.6400146484375,490.8065490722656,307.2900085449219,579.22998046875,120.83999633789062,165.28176879882812,320.25,369.3699951171875,367.8500061035156,95.55000305175781,44.630001068115234,104.04000091552734,175.75,144.7245330810547,28.549999237060547,44.630001068115234,127.27999877929688,194.72000122070312,168.43202209472656,146.3756866455078,90.43000030517578,118.5199966430664,215.35000610351562,153.1199951171875,470.010009765625,381.260009765625,195.30763244628906,71.70999908447266,273.9800109863281,298.510009765625,124.73999786376953
2026-04-02,255.9199981689453,207.12168884277344,242.9199981689453,351.71502685546875,348.4700012207031,217.5,347.94000244140625,209.77000427246094,220.6999969482422,3.7899999618530273,300.17999267578125,208.22000122070312,49.380001068115234,39.58158493041992,79.23999786376953,477.3500061035156,715.8571166992188,1013.4894409179688,186.71302795410156,281.1600036621094,139.7100067138672,295.7699890136719,863.0399780273438,321.6300048828125,229.4499969482422,50.380001068115234,243.0399932861328,293.1000061035156,76.72000122070312,935.5800170898438,622.7899780273438,492.5934753417969,307.1400146484375,574.4600219726562,120.87000274658203,164.92369079589844,321.20001220703125,373.4599914550781,366.239990234375,98.66000366210938,44.189998626708984,102.0,177.38999938964844,145.87054443359375,28.31999969482422,45.34000015258789,126.80000305175781,196.2100067138672,168.83502197265625,146.41500854492188,90.37000274658203,118.25,213.35000610351562,151.85000610351562,488.9700012207031,360.5899963378906,193.88485717773438,71.83999633789062,277.260009765625,300.79998779296875,125.79000091552734
2026-04-06,258.8599853515625,204.9893798828125,244.36000061035156,,352.6199951171875,220.17999267578125,342.57000732421875,212.7899932861328,,3.8499999046325684,305.7300109863281,212.3000030517578,50.060001373291016,,,476.3800048828125,719.8695068359375,1017.0741577148438,184.56838989257812,288.69000244140625,140.1300048828125,299.989990234375,866.0499877929688,326.6499938964844,228.2100067138672,50.779998779296875,240.97000122070312,295.45001220703125,77.22000122070312,927.0599975585938,637.9000244140625,500.6396484375,309.760009765625,573.02001953125,120.8499984741211,165.6597442626953,,372.8800048828125,377.760009765625,98.93000030517578,44.029998779296875,102.41999816894531,177.63999938964844,145.033447265625,27.829999923706055,45.47999954223633,125.7300033569336,198.41000366210938,168.1961212158203,,94.77999877929688,118.80000305175781,,149.3800048828125,484.4800109863281,352.82000732421875,198.41184997558594,72.16999816894531,281.3599853515625,303.3299865722656,126.79000091552734
2026-04-07,253.5,204.67201232910156,240.13999938964844,351.04583740234375,354.30999755859375,221.52999877929688,340.0,213.77000427246094,214.0500030517578,3.7899999618530273,307.0299987792969,210.0,50.279998779296875,39.157798767089844,78.23999786376953,478.0799865722656,723.0634155273438,1011.741943359375,182.50357055664062,288.6000061035156,138.8000030517578,305.4599914550781,864.1500244140625,318.7699890136719,223.83999633789062,52.90999984741211,238.41000366210938,297.3999938964844,75.91000366210938,931.0900268554688,627.7000122070312,497.4251708984375,304.8500061035156,575.0499877929688,119.27999877929688,167.52969360351562,318.45001220703125,372.2900085449219,377.5799865722656,98.81999969482422,42.689998626708984,100.55000305175781,178.10000610351562,142.6717071533203,27.100000381469727,44.869998931884766,124.06999969482422,197.9199981689453,166.58413696289062,142.7964324951172,95.20999908447266,117.05999755859375,210.0,149.24000549316406,483.17999267578125,346.6499938964844,198.73023986816406,71.7300033569336,307.7300109863281,302.54998779296875,122.48999786376953
2026-04-08,258.8999938964844,209.84906005859375,239.30999755859375,361.46630859375,385.7200012207031,231.82000732421875,349.80999755859375,221.25,220.5500030517578,3.759999990463257,316.3399963378906,217.8000030517578,51.880001068115234,40.364341735839844,82.41999816894531,479.75,770.1138916015625,1028.7772216796875,175.92999267578125,308.05999755859375,141.5399932861328,317.32000732421875,905.75,336.1600036621094,232.47000122070312,58.95000076293945,241.3000030517578,307.9700012207031,77.29000091552734,953.2999877929688,628.5,506.25,307.010009765625,612.4199829101562,123.18000030517578,175.07913208007812,323.54998779296875,374.3299865722656,406.7300109863281,99.38999938964844,43.130001068115234,97.47000122070312,182.0800018310547,143.16000366210938,27.469999313354492,45.849998474121094,127.51000213623047,203.47999572753906,166.2892608642578,147.20166015625,97.20999908447266,120.0999984741211,231.5,149.99000549316406,483.1700134277344,343.25,207.84393310546875,72.37999725341797,305.9800109863281,308.9599914550781,127.26000213623047
2026-04-09,260.489990234375,210.6523895263672,229.94000244140625,361.6575012207031,397.80999755859375,236.63999938964844,355.6000061035156,233.64999389648438,220.5,3.700000047683716,317.7699890136719,220.05999755859375,52.709999084472656,40.33443069458008,82.37999725341797,485.20001220703125,785.5744018554688,1030.53466796875,170.85000610351562,313.0199890136719,142.08999633789062,318.489990234375,903.719970703125,339.5799865722656,236.05999755859375,61.720001220703125,241.30999755859375,310.3299865722656,78.18000030517578,955.1900024414062,623.8699951171875,503.57000732421875,309.54998779296875,628.3900146484375,122.68000030517578,177.2076873779297,315.70001220703125,373.07000732421875,421.510009765625,102.05000305175781,44.0,89.80999755859375,183.91000366210938,137.86000061035156,27.219999313354492,45.97999954223633,127.75,203.19000244140625,161.68923950195312,137.17189025878906,96.91999816894531,112.37999725341797,226.75,132.24000549316406,486.6199951171875,345.6199951171875,213.8931884765625,71.80999755859375,306.9100036621094,308.2900085449219,129.1300048828125
2026-04-10,260.4800109863281,206.22909545898438,225.35000610351562,360.7015075683594,399.489990234375,245.0399932861328,351.0199890136719,238.3800048828125,222.85000610351562,3.640000104904175,313.5,217.6300048828125,52.540000915527344,40.00537109375,83.83999633789062,479.8999938964844,789.1575927734375,997.0232543945312,164.9600067138672,308.3500061035156,138.99000549316406,317.239990234375,907.7999877929688,337.3399963378906,235.0399932861328,62.380001068115234,238.4600067138672,309.8699951171875,77.47000122070312,939.469970703125,613.719970703125,498.6600036621094,305.67999267578125,629.8599853515625,121.41999816894531,176.69046020507812,316.70001220703125,370.8699951171875,420.5899963378906,103.01000213623047,42.619998931884766,83.0,188.6300048828125,138.08999633789062,26.920000076293945,45.2400016784668,128.05999755859375,201.55999755859375,160.31317138671875,137.05389404296875,96.5999984741211,110.79000091552734,229.4499969482422,121.11000061035156,475.989990234375,348.95001220703125,213.6444549560547,70.4800033569336,304.3299865722656,304.3599853515625,126.7699966430664
2026-04-13,259.20001220703125,204.7711944580078,240.11000061035156,362.2311096191406,395.7300109863281,246.8300018310547,349.82000732421875,239.88999938964844,220.0500030517578,3.7899999618530273,323.82000732421875,222.13999938964844,53.349998474121094,40.673458099365234,83.87999725341797,480.19000244140625,790.2255249023438,979.4287719726562,172.82000732421875,311.8999938964844,139.02999877929688,321.30999755859375,890.7899780273438,341.1600036621094,233.63999938964844,65.18000030517578,237.9600067138672,313.67999267578125,76.41000366210938,929.5499877929688,619.6900024414062,508.5799865722656,304.510009765625,634.530029296875,120.1500015258789,180.1717529296875,324.8500061035156,384.3699951171875,426.55999755859375,103.16000366210938,42.90999984741211,89.05999755859375,189.30999755859375,155.6199951171875,27.34000015258789,47.5099983215332,131.24000549316406,201.41000366210938,166.67262268066406,140.121826171875,97.4800033569336,114.97000122070312,228.6999969482422,134.24000549316406,504.1000061035156,352.4200134277344,215.6144561767578,72.33999633789062,313.0,309.3900146484375,124.56999969482422
2026-04-14,258.8299865722656,208.52999877929688,235.72000122070312,367.10675048828125,395.6400146484375,255.07000732421875,350.95001220703125,249.02000427246094,218.75,3.8499999046325684,326.9599914550781,223.77000427246094,53.349998474121094,40.49397277832031,82.5,477.5400085449219,792.7407836914062,973.3875732421875,171.30999755859375,318.0,140.4499969482422,332.9100036621094,909.6300048828125,342.7099914550781,233.24000549316406,63.810001373291016,240.10000610351562,311.1199951171875,75.9000015258789,922.5,611.5800170898438,513.1599731445312,303.2200012207031,662.489990234375,119.95999908447266,182.3599853515625,332.75,393.1099853515625,465.6600036621094,106.27999877929688,44.20000076293945,87.79000091552734,196.50999450683594,163.0,27.110000610351562,47.970001220703125,132.83999633789062,202.80999755859375,164.94268798828125,141.06581115722656,98.47000122070312,117.63999938964844,237.25,135.47000122070312,511.3599853515625,364.20001220703125,217.76351928710938,72.91000366210938,314.19000244140625,311.3699951171875,125.05000305175781
2026-04-15,266.42999267578125,208.4199981689453,244.66000366210938,369.1143798828125,394.260009765625,258.1199951171875,348.2200012207031,248.5,223.35000610351562,4.0,329.05999755859375,223.92999267578125,54.31999969482422,40.623600006103516,82.23999786376953,474.0899963378906,768.7064819335938,983.3231811523438,177.60000610351562,313.92999267578125,139.77000427246094,337.1199951171875,899.489990234375,338.9100036621094,232.19000244140625,64.94000244140625,238.6699981689453,305.92999267578125,75.30999755859375,905.030029296875,611.0999755859375,519.9600219726562,306.260009765625,671.5800170898438,117.9000015258789,190.59573364257812,345.20001220703125,411.2200012207031,456.2300109863281,107.70999908447266,45.439998626708984,94.19000244140625,198.8699951171875,169.80999755859375,27.190000534057617,49.56999969482422,133.0500030517578,198.38999938964844,169.94570922851562,144.09439086914062,98.33999633789062,127.41000366210938,237.39999389648438,144.47999572753906,531.1699829101562,391.95001220703125,215.19656372070312,77.27999877929688,314.04998779296875,315.9100036621094,124.76000213623047
2026-04-16,263.3999938964844,208.99000549316406,248.16000366210938,368.92315673828125,389.8999938964844,278.260009765625,349.3900146484375,249.6999969482422,223.14999389648438,4.090000152587891,325.760009765625,218.8800048828125,53.5099983215332,40.5737419128418,81.0,475.1199951171875,771.1917724609375,985.7796020507812,181.22000122070312,298.2900085449219,138.5500030517578,336.0199890136719,900.0,337.1499938964844,229.3800048828125,68.5,234.5399932861328,309.95001220703125,75.18000030517578,903.989990234375,607.489990234375,518.5399780273438,306.9599914550781,676.8699951171875,115.45999908447266,186.3187255859375,354.95001220703125,420.260009765625,457.2300109863281,107.79000091552734,45.70000076293945,96.44000244140625,198.35000610351562,178.33999633789062,27.219999313354492,49.810001373291016,134.47000122070312,195.85000610351562,174.378662109375,149.1289520263672,98.36000061035156,126.94000244140625,239.60000610351562,143.5500030517578,531.4500122070312,388.8999938964844,221.97215270996094,76.4800033569336,316.3999938964844,315.1000061035156,124.81999969482422
2026-04-17,270.2300109863281,208.3800048828125,244.4499969482422,372.8428039550781,396.94000244140625,278.3900146484375,355.29998779296875,250.55999755859375,230.5500030517578,4.03000020980835,331.69000244140625,223.3800048828125,53.90999984741211,40.98257064819336,84.22000122070312,474.5799865722656,793.1400146484375,998.4412231445312,182.13999938964844,304.1300048828125,137.63999938964844,341.67999267578125,925.9500122070312,349.3999938964844,233.5500030517578,68.5,234.17999267578125,310.2900085449219,75.73999786376953,927.030029296875,592.1900024414062,521.2999877929688,311.3599853515625,688.5499877929688,119.06999969482422,187.8107147216797,364.3500061035156,422.7900085449219,455.07000732421875,97.30999755859375,46.029998779296875,96.66000366210938,201.67999267578125,175.05999755859375,27.559999465942383,50.810001373291016,136.1999969482422,196.4199981689453,178.12355041503906,153.6325225830078,100.0,131.14999389648438,247.64999389648438,143.97999572753906,536.6099853515625,400.6199951171875,228.65818786621094,77.12000274658203,324.6300048828125,317.0199890136719,127.5
2026-04-20,273.04998779296875,203.7100067138672,248.6300048828125,372.173583984375,391.6199951171875,274.95001220703125,350.1600036621094,248.27999877929688,231.0500030517578,4.900000095367432,329.8699951171875,225.0800018310547,53.95000076293945,41.24182891845703,83.5,472.0799865722656,798.4000244140625,996.3942260742188,186.27000427246094,303.6000061035156,135.8699951171875,337.4200134277344,941.739990234375,350.989990234375,229.74000549316406,65.69999694824219,230.69000244140625,316.989990234375,75.4800033569336,919.9000244140625,581.280029296875,516.6500244140625,306.94000244140625,670.9099731445312,117.0999984741211,189.68064880371094,353.79998779296875,418.07000732421875,448.4200134277344,94.83000183105469,46.47999954223633,99.72000122070312,202.05999755859375,177.5800018310547,27.520000457763672,51.459999084472656,137.52000427246094,195.7899932861328,175.88250732421875,147.6933135986328,98.94999694824219,135.13999938964844,242.5500030517578,150.44000244140625,536.760009765625,392.5,232.5185546875,77.48999786376953,323.4800109863281,313.94000244140625,127.91999816894531
2026-04-21,266.1700134277344,205.1199951171875,247.17999267578125,377.4316101074219,394.3299865722656,284.489990234375,344.8599853515625,249.91000366210938,228.14999389648438,4.869999885559082,329.7900085449219,219.16000366210938,53.47999954223633,39.85580062866211,83.4800033569336,468.5,800.4500122070312,1004.3526611328125,187.11000061035156,286.7300109863281,133.2899932861328,332.2900085449219,926.5499877929688,343.9200134277344,222.22000122070312,66.26000213623047,226.16000366210938,313.0,74.69999694824219,903.02001953125,571.9500122070312,511.3500061035156,301.8399963378906,668.8400268554688,112.55999755859375,188.29808044433594,361.6000061035156,424.1600036621094,449.3800048828125,92.58000183105469,46.38999938964844,100.13999938964844,199.8800048828125,181.1699981689453,27.309999465942383,50.880001068115234,135.55999755859375,187.1699981689453,173.42523193359375,148.63729858398438,97.80000305175781,131.1300048828125,241.60000610351562,150.83999633789062,522.4400024414062,386.4200134277344,231.97132873535156,77.26000213623047,346.010009765625,309.94000244140625,129.60000610351562
2026-04-22,273.1700134277344,200.5,255.94000244140625,372.6515808105469,403.4800109863281,303.4599914550781,345.9200134277344,255.36000061035156,232.4499969482422,4.710000038146973,332.8999938964844,231.27999877929688,53.119998931884766,40.125030517578125,81.87999725341797,465.3999938964844,808.8699951171875,1002.2457275390625,189.8000030517578,276.2900085449219,132.89999389648438,339.32000732421875,934.8400268554688,339.5,219.97000122070312,65.2699966430664,226.10000610351562,313.0199890136719,74.62999725341797,921.47998046875,555.4299926757812,510.1600036621094,300.07000732421875,674.719970703125,112.88999938964844,190.02879333496094,368.45001220703125,432.9200134277344,487.4800109863281,93.23999786376953,45.68000030517578,103.06999969482422,202.5,187.5,26.799999237060547,51.220001220703125,136.07000732421875,180.91000366210938,171.0465850830078,147.31967163085938,99.5199966430664,131.9600067138672,241.64999389648438,155.57000732421875,522.8800048828125,387.510009765625,235.1153564453125,75.58000183105469,353.5199890136719,311.2900085449219,129.97999572753906
2026-04-23,273.42999267578125,200.9499969482422,238.97999572753906,372.93841552734375,403.9100036621094,305.3299865722656,348.6199951171875,255.0800018310547,234.1999969482422,4.769999980926514,318.54998779296875,234.14999389648438,52.470001220703125,39.925601959228516,81.08000183105469,470.54998779296875,835.239990234375,1012.9102172851562,173.3000030517578,282.3399963378906,133.63999938964844,338.8900146484375,931.2999877929688,340.1600036621094,214.33999633789062,66.77999877929688,230.64999389648438,311.69000244140625,76.27999877929688,917.6500244140625,529.7899780273438,502.3800048828125,302.5299987792969,659.1500244140625,114.62000274658203,187.6416015625,360.45001220703125,415.75,481.7200012207031,92.81999969482422,44.779998779296875,84.77999877929688,199.63999938964844,176.27999877929688,26.670000076293945,49.75,133.9499969482422,179.3000030517578,160.46060180664062,138.35186767578125,99.54000091552734,124.2300033569336,243.39999389648438,146.39999389648438,515.9400024414062,373.7200012207031,280.80322265625,74.69999694824219,354.55999755859375,308.8800048828125,132.02999877929688
2026-04-24,271.05999755859375,198.7100067138672,245.44000244140625,370.9307861328125,417.0400085449219,347.80999755859375,344.54998779296875,263.989990234375,231.14999389648438,4.630000114440918,314.0799865722656,232.44000244140625,52.04999923706055,38.38999938964844,79.33999633789062,469.32000732421875,830.7899780273438,1009.6849365234375,178.16000366210938,284.6000061035156,130.39999389648438,344.3999938964844,926.9099731445312,335.8900146484375,213.1699981689453,82.54000091552734,227.5,308.2799987792969,76.62999725341797,883.9600219726562,513.4500122070312,504.1700134277344,299.3599853515625,675.030029296875,111.9000015258789,187.06471252441406,359.1499938964844,424.6199951171875,496.7200012207031,92.44000244140625,44.689998626708984,90.16999816894531,208.27000427246094,173.27999877929688,27.0,50.47999954223633,148.85000610351562,174.25999450683594,172.265380859375,144.82205200195312,98.66999816894531,125.83000183105469,243.10000610351562,140.32000732421875,518.0,376.29998779296875,275.7389831542969,74.63999938964844,354.9200134277344,309.4200134277344,129.9199981689453
2026-04-27,267.6099853515625,197.3800048828125,239.30999755859375,371.12200927734375,404.8599853515625,334.6300048828125,340.17999267578125,261.1199951171875,227.75,4.340000152587891,318.8399963378906,231.3300018310547,52.630001068115234,38.380001068115234,79.30000305175781,472.80999755859375,828.7899780273438,996.56396484375,180.17999267578125,284.55999755859375,127.75,350.3399963378906,937.8099975585938,332.29998779296875,212.0500030517578,84.98999786376953,225.33999633789062,311.6300048828125,75.44000244140625,868.27001953125,513.3499755859375,506.42999267578125,290.2099914550781,678.6199951171875,110.2300033569336,189.16342163085938,360.04998779296875,424.82000732421875,524.5599975585938,91.37000274658203,45.13999938964844,90.44999694824219,216.61000061035156,172.9600067138672,26.790000915527344,49.77000045776367,150.25999450683594,173.3800048828125,170.4764862060547,146.47401428222656,97.88999938964844,124.2300033569336,251.85000610351562,144.25,495.82000732421875,378.6700134277344,268.1375732421875,76.2699966430664,354.69000244140625,309.6499938964844,127.58999633789062
2026-04-28,270.7099914550781,197.69000244140625,243.1999969482422,374.6592102050781,381.1099853515625,323.2099914550781,339.57000732421875,259.70001220703125,230.8000030517578,4.329999923706055,315.8999938964844,230.72000122070312,52.65999984741211,36.619998931884766,79.36000061035156,478.1600036621094,817.8699951171875,992.5597534179688,181.32000732421875,289.20001220703125,129.25999450683594,349.7799987792969,926.5499877929688,329.05999755859375,212.92999267578125,84.5199966430664,227.7899932861328,311.45001220703125,78.3499984741211,874.0,512.2899780273438,507.6199951171875,292.3900146484375,671.3400268554688,110.02999877929688,189.34246826171875,363.8999938964844,429.25,504.2900085449219,92.2699966430664,45.029998779296875,90.48999786376953,213.1699981689453,165.9600067138672,26.479999542236328,49.63999938964844,150.0,175.67999267578125,170.525634765625,146.39535522460938,97.27999877929688,122.05000305175781,251.14999389648438,142.55999755859375,434.20001220703125,376.0199890136719,263.66033935546875,74.11000061035156,366.7699890136719,309.29998779296875,127.58999633789062
2026-04-29,270.1700134277344,203.88999938964844,243.57000732421875,367.9671630859375,382.5899963378906,337.1099853515625,338.0199890136719,263.0400085449219,230.14999389648438,4.119999885559082,315.6499938964844,224.11000061035156,52.880001068115234,36.45000076293945,77.55999755859375,475.3800048828125,810.0499877929688,997.2229614257812,181.22000122070312,283.57000732421875,128.83999633789062,349.94000244140625,905.5999755859375,322.80999755859375,210.3000030517578,94.75,227.35000610351562,309.25,78.87000274658203,851.2100219726562,509.80999755859375,525.22998046875,290.0799865722656,669.1199951171875,110.94999694824219,186.0800018310547,363.3500061035156,424.4599914550781,518.4600219726562,92.12000274658203,44.38999938964844,88.88999938964844,209.25,163.8300018310547,26.260000228881836,50.939998626708984,156.0,172.7899932861328,167.1935577392578,143.44541931152344,105.5,121.26000213623047,246.75,141.22000122070312,443.57000732421875,372.79998779296875,267.8590087890625,74.47000122070312,370.739990234375,334.8599853515625,128.00999450683594
2026-04-30,271.3500061035156,211.32000732421875,246.10000610351562,371.88677978515625,394.489990234375,354.489990234375,346.25,265.05999755859375,231.60000610351562,4.159999847412109,323.04998779296875,229.02999877929688,53.459999084472656,38.04999923706055,77.91999816894531,473.6000061035156,890.1099853515625,1013.06005859375,176.52999877929688,289.92999267578125,130.83999633789062,384.79998779296875,923.77001953125,328.79998779296875,214.3300018310547,94.4800033569336,229.85000610351562,313.2300109863281,78.76000213623047,934.5999755859375,517.969970703125,502.9200134277344,293.5899963378906,611.9099731445312,109.18000030517578,190.58999633789062,343.3999938964844,407.7799987792969,517.1599731445312,93.61000061035156,44.36000061035156,88.30999755859375,199.57000732421875,161.38999938964844,26.700000762939453,50.13999938964844,179.5800018310547,176.07000732421875,166.59397888183594,143.07176208496094,105.33000183105469,121.12999725341797,252.5500030517578,136.47000122070312,446.54998779296875,381.6300048828125,279.6590270996094,74.61000061035156,370.4800109863281,329.8399963378906,131.92999267578125
2026-05-01,280.1400146484375,206.60000610351562,250.7100067138672,,389.0799865722656,360.5400085449219,329.82000732421875,268.260009765625,,4.139999866485596,319.67999267578125,227.3800048828125,53.2400016784668,,,473.010009765625,889.6699829101562,1011.7000122070312,183.82000732421875,286.510009765625,131.64999389648438,385.69000244140625,923.7100219726562,323.8800048828125,212.5,99.62000274658203,227.19000244140625,312.4700012207031,78.58000183105469,963.3300170898438,512.77001953125,495.4599914550781,286.6400146484375,608.75,112.16000366210938,190.1699981689453,,414.44000244140625,542.2100219726562,92.05999755859375,44.400001525878906,91.16000366210938,198.4499969482422,171.8300018310547,26.329999923706055,50.439998626708984,177.00999450683594,173.99000549316406,167.84226989746094,,105.9000015258789,127.66999816894531,,141.0,441.510009765625,390.82000732421875,279.5993347167969,75.12000274658203,368.7799987792969,328.0299987792969,131.60000610351562
2026-05-04,276.8299865722656,208.16000366210938,253.9600067138672,360.7015075683594,391.3800048828125,341.5400085449219,323.8500061035156,272.04998779296875,236.75,4.199999809265137,319.2099914550781,221.3000030517578,52.189998626708984,37.400001525878906,76.0199966430664,468.5199890136719,874.780029296875,1012.7899780273438,185.47999572753906,280.5199890136719,132.69000244140625,383.25,903.27001953125,312.4200134277344,209.58999633789062,95.77999877929688,224.1999969482422,307.6499938964844,78.19000244140625,967.9299926757812,518.1500244140625,504.739990234375,284.1000061035156,610.4099731445312,113.11000061035156,188.00999450683594,354.29998779296875,413.6199951171875,576.4500122070312,91.0199966430664,43.09000015258789,91.97000122070312,198.47999572753906,180.2899932861328,26.299999237060547,50.38999938964844,168.3800048828125,172.89999389648438,168.49099731445312,145.5890350341797,104.97000122070312,127.55000305175781,249.5500030517578,144.2100067138672,438.260009765625,392.510009765625,279.4700012207031,73.93000030517578,370.75,326.8500061035156,130.3300018310547
2026-05-05,284.17999267578125,206.11000061035156,255.6199951171875,366.0551452636719,410.82000732421875,355.260009765625,329.5899963378906,273.54998779296875,239.3000030517578,4.0,315.95001220703125,224.3800048828125,53.119998931884766,37.900001525878906,77.22000122070312,465.5199890136719,904.5900268554688,1016.4199829101562,186.99000549316406,286.67999267578125,133.47999572753906,388.42999267578125,918.8900146484375,315.4200134277344,209.05999755859375,108.1500015258789,225.5500030517578,309.3999938964844,78.4800033569336,988.8699951171875,508.92999267578125,497.0799865722656,285.1700134277344,604.9600219726562,113.1500015258789,189.25,351.04998779296875,411.3800048828125,640.2000122070312,87.88999938964844,43.060001373291016,92.01000213623047,196.5,185.35000610351562,26.450000762939453,46.4900016784668,186.5500030517578,172.8699951171875,172.38999938964844,147.3000030517578,104.94000244140625,107.62999725341797,260.5,141.7100067138672,419.5299987792969,389.3699951171875,281.0,72.94999694824219,363.8699951171875,322.0299987792969,130.7899932861328
2026-05-06,287.510009765625,205.02999877929688,250.1699981689453,375.2328186035156,428.6199951171875,421.3900146484375,331.1099853515625,274.989990234375,242.5500030517578,4.170000076293945,321.8999938964844,229.92999267578125,53.599998474121094,38.5099983215332,81.4000015258789,469.8299865722656,926.9299926757812,995.75,181.19000244140625,305.8299865722656,136.3000030517578,398.0400085449219,937.3499755859375,323.04998779296875,216.86000061035156,113.01000213623047,224.6199951171875,314.8999938964844,79.2300033569336,987.0499877929688,514.260009765625,491.8900146484375,284.1000061035156,612.8800048828125,113.55999755859375,193.35000610351562,352.04998779296875,413.9599914550781,666.5900268554688,88.2699966430664,43.880001068115234,89.05000305175781,207.8300018310547,194.02999877929688,26.530000686645508,46.27000045776367,192.57000732421875,176.74000549316406,173.1300048828125,149.32000732421875,106.44000244140625,105.44000244140625,268.29998779296875,139.74000549316406,425.25,398.7300109863281,289.44000244140625,79.16999816894531,367.2799987792969,318.79998779296875,130.0800018310547
2026-05-07,287.44000244140625,202.7100067138672,256.510009765625,371.6000061035156,410.6400146484375,408.4599914550781,329.0899963378906,271.1700134277344,246.9499969482422,4.010000228881836,318.69000244140625,231.02999877929688,52.75,37.43000030517578,82.36000061035156,475.0799865722656,895.6900024414062,1012.0599975585938,186.33999633789062,302.6300048828125,134.05999755859375,397.989990234375,925.8699951171875,322.6400146484375,216.07000732421875,109.62000274658203,222.50999450683594,306.2699890136719,78.43000030517578,974.9600219726562,512.4099731445312,500.94000244140625,283.70001220703125,616.8099975585938,112.30000305175781,190.1699981689453,361.54998779296875,420.7699890136719,646.6300048828125,88.25,44.40999984741211,93.58999633789062,211.5,194.58999633789062,26.479999542236328,46.220001220703125,202.5500030517578,176.77999877929688,174.7100067138672,151.3800048828125,104.26000213623047,111.73999786376953,266.20001220703125,153.72000122070312,427.42999267578125,411.7900085449219,285.239990234375,76.7300033569336,369.739990234375,321.2799987792969,130.1999969482422
