Date,APC.DE,MSF.DE,AMZ.DE,NVD.DE,ABEA.DE,FB2A.DE,TL0.DE,ADB.DE,NFC.DE,AMD.DE,QCI.DE,AP2.DE,TII.DE,ORC.DE,KLAC,SNW.DE,UT8.DE,639.DE,FIG,SAP.DE,ALV.DE,SIE.DE,BAYN.DE,BMW.DE,DTE.DE,BAS.DE,MBG.DE,ADS.DE,MUV2.DE,DBK.DE,ENR.DE,IFX.DE,VOW3.DE,RWE.DE,CON.DE,FRE.DE,VNA.DE,HEN3.DE,BEI.DE,ZAL.DE,MTX.DE,NDX1.DE,ARGX.BR,UCB.BR,SHL.DE,COK.DE,AIR.DE,AZN.L,SHELL.AS,TTE.PA,BP.L,ASML.AS,NOV.DE,S92.DE,3V64.DE,CMC.DE,NCB.DE,GOS.DE,DWD.DE,BRYN.DE,KO,MCD,WMT,HD,COST,NKE,SBUX,DIS,LOW,UNH,JNJ,PFE,LLY,ABBV,MRK,AMGN,GILD,TMO,BNTX,VRTX,AXSM,NVS,ATAI,XOM,CVX,NEE,FSLR,GEV,CCJ,CEG,SMR,OKLO,REP.DE,BEP,RIO,ERO,FCX,ALB,MIN,U6Z.DE,BA,CAT,LMT,RTX,GE,HON,UPS,DE,RHM.DE,EUNL.DE,VUSA.DE,VWCE.DE,EXS1.DE,EXXT.DE,SPPW.DE,IS3N.DE,IUSN.DE,XDWD.DE,ZPRV.DE,DBXD.DE,PPFD.SG
2025-07-31,181.53492736816406,465.800048828125,204.1999969482422,157.24966430664062,167.85726928710938,681.537841796875,273.75,314.54998779296875,102.5999984741211,156.55999755859375,128.4016571044922,156.53733825683594,159.1383514404297,224.82797241210938,873.4008178710938,75.00553894042969,77.04000091552734,552.9000244140625,115.5,246.61441040039062,331.92572021484375,220.21823120117188,27.27185821533203,79.30661010742188,30.49130630493164,41.3859748840332,46.81321334838867,164.954345703125,549.3667602539062,28.985000610351562,101.56687927246094,34.370521545410156,92.12000274658203,35.214744567871094,72.03639221191406,41.97999954223633,27.280000686645508,65.39557647705078,107.52901458740234,25.719999313354492,373.910400390625,21.600000381469727,594.4000244140625,189.2555694580078,46.18967056274414,25.75,172.86471557617188,11322.052734375,30.453493118286133,49.86543273925781,404.52056884765625,609.8510131835938,29.06758689880371,20.239999771118164,303.23199462890625,255.4136199951172,40.815670013427734,622.7383422851562,122.2828369140625,415.1499938964844,66.44650268554688,294.9485778808594,97.1676025390625,360.67706298828125,934.3801879882812,73.34564971923828,86.86761474609375,118.30953216552734,220.4234161376953,244.43882751464844,161.64846801757812,22.144399642944336,734.8715209960938,184.63743591308594,76.13639831542969,286.48876953125,110.15828704833984,466.44830322265625,107.5,456.8699951171875,101.37999725341797,110.38037872314453,4.099999904632568,108.19126892089844,145.54421997070312,69.56609344482422,174.72999572753906,659.1306762695312,74.78439331054688,346.0209045410156,50.209999084472656,76.58999633789062,12.8881254196167,27.216676712036133,56.76763153076172,13.520000457763672,39.90864562988281,67.11451721191406,2.4979066848754883,7.5229997634887695,221.83999633789062,434.9176025390625,412.6073303222656,155.74420166015625,270.0464782714844,205.08895874023438,80.61597442626953,519.2251586914062,1718.32421875,104.98999786376953,105.10279846191406,135.89999389648438,199.4199981689453,198.9039306640625,38.35200119018555,34.80799865722656,7.197000026702881,114.8499984741211,60.75,225.64999389648438,34.53139877319336
2025-08-01,175.2242889404297,449.90753173828125,186.72000122070312,151.45077514648438,162.91030883789062,652.3176879882812,264.70001220703125,303.75,100.87999725341797,148.36000061035156,125.48119354248047,153.8168487548828,151.5036163330078,210.80718994140625,880.962158203125,75.76325988769531,74.73999786376953,549.7999877929688,122.0,240.56704711914062,319.4020080566406,208.51699829101562,28.039657592773438,77.62366485595703,30.152297973632812,40.0531120300293,45.87881851196289,164.16908264160156,538.1046142578125,28.094999313354492,97.50420379638672,33.541900634765625,89.16000366210938,35.10687255859375,70.17800903320312,41.09000015258789,27.06999969482422,65.00850677490234,106.73980712890625,24.959999084472656,363.8260803222656,21.68000030517578,584.2000122070312,183.69070434570312,45.34009552001953,22.75,166.08995056152344,11102.08984375,30.16824722290039,48.954776763916016,398.47406005859375,591.846923828125,28.58038330078125,19.18000030517578,291.34246826171875,245.973876953125,38.63261795043945,600.837890625,117.65580749511719,410.0,67.39588165283203,297.720458984375,97.67337036132812,366.7127380371094,948.5004272460938,73.27690887451172,84.62674713134766,115.80646514892578,223.2135772705078,232.89076232910156,164.1898651123047,22.334558486938477,756.9751586914062,190.69369506835938,77.27668762207031,288.2168273925781,111.0313949584961,461.820556640625,107.33999633789062,462.1300048828125,103.0199966430664,111.89430236816406,4.170000076293945,106.25305938720703,145.3138427734375,68.91996765136719,183.97000122070312,655.3473510742188,72.78827667236328,338.9878845214844,44.43000030517578,71.48999786376953,12.572953224182129,25.517488479614258,56.65365982055664,13.40999984741211,39.700374603271484,67.16398620605469,2.488621234893799,7.196000099182129,221.89999389648438,425.6536865234375,412.63671875,154.9929962158203,268.3529968261719,200.80914306640625,79.06278228759766,496.06463623046875,1690.601318359375,101.82499694824219,101.60368347167969,132.0399932861328,194.1199951171875,191.62892150878906,37.18600082397461,34.073001861572266,7.0,111.3949966430664,58.5,219.60000610351562,34.78860092163086
2025-08-04,177.0557861328125,458.4497375488281,183.63999938964844,153.81031799316406,166.46095275878906,665.880615234375,265.20001220703125,297.95001220703125,100.80000305175781,152.5399932861328,125.36360168457031,155.60401916503906,154.0420379638672,213.18527221679688,909.7565307617188,77.38290405273438,76.01000213623047,579.0,88.5999984741211,240.66537475585938,330.1092834472656,212.28684997558594,27.41644287109375,78.07749938964844,30.53005027770996,39.9668083190918,45.57046890258789,163.7273712158203,550.7030029296875,29.030000686645508,98.6592788696289,33.49724578857422,88.68000030517578,35.52854919433594,69.89063262939453,41.4900016784668,27.350000381469727,65.14398193359375,106.9371109008789,25.59000015258789,375.8877258300781,22.219999313354492,587.5999755859375,183.491943359375,45.15455627441406,22.450000762939453,169.17295837402344,11134.0849609375,29.9506893157959,49.44365692138672,405.8198547363281,599.207763671875,29.005828857421875,19.290000915527344,293.67083740234375,248.5796356201172,38.823944091796875,613.60498046875,119.91049194335938,397.75,67.4937515258789,299.0375671386719,98.76424407958984,373.73956298828125,951.3383178710938,73.47331237792969,87.4716796875,118.54791259765625,230.519287109375,236.03488159179688,167.83021545410156,22.372591018676758,763.5982666015625,192.61801147460938,77.83221435546875,293.129150390625,112.33614349365234,465.3412780761719,110.02999877929688,472.2699890136719,106.54000091552734,114.34957122802734,4.260000228881836,104.05318450927734,144.96832275390625,69.04723358154297,183.4199981689453,661.6063842773438,75.1137466430664,353.03411865234375,43.380001068115234,76.41000366210938,12.437186241149902,25.952165603637695,56.98607635498047,13.789999961853027,40.087162017822266,67.81682586669922,2.507192611694336,7.61299991607666,222.33999633789062,430.62823486328125,415.2732238769531,155.556396484375,275.1768798828125,203.65005493164062,79.54932403564453,505.5506286621094,1747.5322265625,103.0199966430664,102.67079162597656,133.44000244140625,196.8800048828125,193.9673309326172,37.624000549316406,34.3390007019043,7.105999946594238,112.6449966430664,59.38999938964844,222.8000030517578,35.417198181152344
2025-08-05,175.64234924316406,456.41351318359375,185.22000122070312,152.49058532714844,168.1165771484375,659.298583984375,264.95001220703125,293.8999938964844,100.12000274658203,150.1999969482422,124.2267837524414,152.7842559814453,155.7407989501953,215.3651885986328,877.7527465820312,77.74282836914062,77.22000122070312,554.2000122070312,79.08000183105469,242.53366088867188,332.0212707519531,214.24522399902344,27.64578628540039,79.17424774169922,30.45256233215332,40.75310516357422,46.168479919433594,163.1875,554.329833984375,29.020000457763672,97.22538757324219,35.03044509887695,90.30000305175781,35.78351593017578,70.1971664428711,41.439998626708984,27.360000610351562,65.49234008789062,105.06275177001953,25.280000686645508,371.53759765625,21.920000076293945,599.0,185.67816162109375,44.695587158203125,22.5,171.98104858398438,11218.0703125,30.08122444152832,49.750404357910156,417.2134094238281,593.935791015625,28.25786590576172,19.190000534057617,288.5187683105469,244.64642333984375,38.196006774902344,606.6322631835938,118.3224105834961,401.25,67.58184051513672,293.6707763671875,98.48656463623047,378.2442321777344,939.6478271484375,73.04122924804688,87.88086700439453,117.52484130859375,234.11793518066406,245.84927368164062,167.53587341308594,23.532583236694336,760.5697021484375,193.94647216796875,78.73860168457031,291.32342529296875,110.32505798339844,465.1916198730469,111.06999969482422,374.9800109863281,103.58999633789062,114.25252532958984,4.139999866485596,103.92720031738281,146.88792419433594,69.6835708618164,186.83999633789062,648.5792236328125,74.4450454711914,341.7732849121094,45.130001068115234,84.08999633789062,12.70387077331543,25.675552368164062,56.70114517211914,13.90999984741211,39.700374603271484,67.51019287109375,2.4979066848754883,8.081000328063965,224.86000061035156,431.15447998046875,419.7229309082031,154.5185546875,271.08251953125,203.8990936279297,81.19608306884766,503.59002685546875,1751.49267578125,102.73999786376953,102.27869415283203,133.22000122070312,197.52000427246094,193.08792114257812,37.5260009765625,34.46500015258789,7.0970001220703125,112.3550033569336,59.290000915527344,223.4499969482422,35.60770034790039
2025-08-06,183.22705078125,449.063232421875,187.0800018310547,153.05047607421875,167.2388916015625,660.69482421875,273.8999938964844,293.0,100.26000213623047,138.3000030517578,122.65876007080078,150.73892211914062,155.8774871826172,216.00926208496094,882.5916748046875,75.69696044921875,75.4000015258789,560.9000244140625,90.31999969482422,244.69696044921875,336.89691162109375,214.44105529785156,24.903642654418945,80.1197280883789,30.326644897460938,40.98324203491211,46.64501953125,159.89920043945312,563.3014526367188,29.780000686645508,98.2410659790039,34.0529670715332,91.05999755859375,35.91099548339844,69.16259765625,41.63999938964844,28.309999465942383,64.75690460205078,96.2828598022461,23.0,375.5910949707031,22.600000381469727,582.5999755859375,181.65354919433594,44.539344787597656,22.100000381469727,174.6909637451172,11052.0986328125,30.438987731933594,50.3255500793457,430.1061096191406,589.7581787109375,26.964370727539062,19.239999771118164,288.9150695800781,247.05552673339844,38.612998962402344,613.899658203125,119.32231903076172,400.95001220703125,68.03205871582031,302.4090576171875,102.50299072265625,379.6083984375,964.47265625,74.1214370727539,86.70197296142578,114.39600372314453,234.93624877929688,240.7364044189453,167.388671875,22.75291633605957,741.1273193359375,191.7486572265625,77.42288208007812,276.36309814453125,108.18644714355469,447.7576904296875,111.30000305175781,385.6499938964844,103.26000213623047,110.14746856689453,4.190000057220459,103.2197494506836,146.6383819580078,69.05702209472656,185.00999450683594,663.3831787109375,76.4012451171875,336.6899719238281,45.93000030517578,83.0999984741211,12.902671813964844,25.418697357177734,57.071556091308594,13.550000190734863,39.531776428222656,66.57048797607422,2.488621234893799,8.125,225.0399932861328,424.6905822753906,426.2014465332031,153.9452667236328,271.2419128417969,202.21115112304688,80.70018005371094,504.6396484375,1765.84912109375,103.04000091552734,102.53181457519531,133.4600067138672,198.24000549316406,193.80743408203125,37.63100051879883,34.32400131225586,7.111999988555908,112.69499969482422,59.47999954223633,224.1999969482422,36.012699127197266
2025-08-07,188.24368286132812,449.063232421875,191.8800048828125,156.02989196777344,168.51553344726562,659.9967041015625,273.70001220703125,291.20001220703125,101.37999725341797,149.13999938964844,122.44316101074219,155.8224639892578,156.1898956298828,215.6129150390625,906.2192993164062,76.843017578125,78.4800033569336,590.0,78.23999786376953,250.4984893798828,350.759033203125,222.3724365234375,25.297515869140625,81.65139770507812,28.81563949584961,42.92020797729492,47.69154739379883,163.4819793701172,580.0992431640625,29.780000686645508,95.89108276367188,34.23159408569336,93.26000213623047,35.44028854370117,69.16259765625,42.279998779296875,28.3700008392334,67.2535171508789,96.2828598022461,23.09000015258789,377.3706970214844,22.579999923706055,575.7999877929688,183.3428955078125,45.08619689941406,22.700000762939453,174.6909637451172,10948.8759765625,29.762136459350586,50.21052169799805,425.5086975097656,607.4637451171875,28.484312057495117,20.700000762939453,284.6546325683594,244.15476989746094,38.014495849609375,607.8107299804688,119.06744384765625,400.95001220703125,68.93250274658203,302.6547546386719,102.26498413085938,378.9901428222656,973.3251342773438,73.01177215576172,88.6797866821289,112.12139892578125,235.20242309570312,239.649169921875,168.31103515625,23.038158416748047,636.3583374023438,194.24929809570312,78.32926940917969,276.3922424316406,108.18644714355469,453.5423889160156,111.3499984741211,375.6300048828125,104.31999969482422,112.49598693847656,4.150000095367432,102.67704772949219,147.00311279296875,71.05413818359375,185.60000610351562,644.7259521484375,76.22159576416016,334.6507263183594,44.68000030517578,79.31999969482422,12.912368774414062,25.142086029052734,57.71739959716797,13.770000457763672,40.46403121948242,69.30056762695312,2.488621234893799,8.381999969482422,227.3300018310547,414.1656494140625,422.1830139160156,153.95516967773438,270.98291015625,199.76687622070312,80.92473602294922,501.6690673828125,1624.7593994140625,103.2300033569336,102.51195526123047,133.89999389648438,200.5,195.34637451171875,37.68000030517578,34.683998107910156,7.099999904632568,112.90499877929688,58.93000030517578,226.8000030517578,36.58449935913086
2025-08-08,191.4686737060547,443.451171875,190.82000732421875,156.52980041503906,172.86407470703125,653.7138671875,285.3999938964844,289.45001220703125,102.55999755859375,147.77999877929688,123.83478546142578,156.47776794433594,156.4827880859375,211.5008087158203,908.9417724609375,76.890380859375,77.54000091552734,602.2000122070312,78.11000061035156,245.9261016845703,348.942626953125,227.56210327148438,25.641529083251953,82.67251586914062,28.5734920501709,43.61061477661133,48.70069122314453,164.4144744873047,538.2954711914062,31.049999237060547,95.59235382080078,35.18922424316406,95.37999725341797,35.20493698120117,70.42707061767578,43.7400016784668,28.360000610351562,67.5438232421875,99.29170227050781,23.40999984741211,380.336669921875,22.979999542236328,568.4000244140625,183.3428955078125,45.34009552001953,23.600000381469727,173.02182006835938,10920.87890625,29.82498550415039,50.52685546875,422.96014404296875,613.6309814453125,29.79496192932129,22.799999237060547,284.0601806640625,243.5647735595703,38.5982780456543,608.2035522460938,119.79285430908203,397.3999938964844,68.84440612792969,300.23675537109375,102.86992645263672,380.6388854980469,976.8402709960938,72.85465240478516,89.75151062011719,111.67442321777344,237.7559814453125,245.7415313720703,170.0772705078125,23.37094497680664,621.2553100585938,193.4580841064453,78.64114379882812,279.8192138671875,117.14311981201172,459.5066833496094,111.66000366210938,366.5400085449219,104.80000305175781,113.38880920410156,4.130000114440918,103.50079345703125,148.77871704101562,70.88771057128906,184.64999389648438,647.9503173828125,76.77052307128906,334.00909423828125,39.349998474121094,75.31999969482422,12.912368774414062,24.5888614654541,58.752647399902344,13.949999809265137,41.52522277832031,74.66181182861328,2.5257647037506104,8.682999610900879,229.1199951171875,413.56988525390625,417.16485595703125,153.0655975341797,273.9615173339844,199.517822265625,81.09315490722656,505.36248779296875,1604.4622802734375,103.55000305175781,102.82464599609375,134.1999969482422,200.25,195.98594665527344,37.805999755859375,34.553001403808594,7.117000102996826,113.25,59.209999084472656,226.5500030517578,36.503299713134766
2025-08-11,195.9738311767578,449.6095275878906,190.94000244140625,158.02952575683594,172.64463806152344,660.69482421875,296.6499938964844,291.5,104.80000305175781,153.27999877929688,125.83399963378906,160.0124053955078,156.26800537109375,216.1578826904297,904.3513793945312,77.04192352294922,78.68000030517578,600.7000122070312,82.5,245.18861389160156,347.8910217285156,223.3026580810547,25.63654136657715,81.85940551757812,29.01904296875,42.910621643066406,48.326934814453125,161.17526245117188,541.1587524414062,31.149999618530273,99.09740447998047,35.015560150146484,96.76000213623047,34.86171340942383,69.66072845458984,43.79999923706055,28.469999313354492,67.62123107910156,97.70343017578125,22.920000076293945,374.2070007324219,22.920000076293945,553.2000122070312,185.42971801757812,44.81277084350586,23.399999618530273,172.66835021972656,11034.8671875,29.747631072998047,50.344722747802734,423.25994873046875,623.6774291992188,29.781238555908203,21.100000381469727,285.9922180175781,246.21969604492188,39.12809753417969,608.694580078125,121.22411346435547,399.54998779296875,69.24568939208984,299.1653137207031,103.06826782226562,380.3248291015625,984.5674438476562,72.68770599365234,89.38127899169922,111.79361724853516,236.4742889404297,247.19114685058594,170.55807495117188,23.37094497680664,630.7579956054688,194.03439331054688,77.99789428710938,276.77081298828125,118.18299102783203,461.1722717285156,109.26000213623047,374.4599914550781,103.95999908447266,115.04830169677734,3.9600000381469727,102.56075286865234,147.2814483642578,70.92686462402344,182.1300048828125,649.617431640625,77.5190658569336,329.7564392089844,38.25,71.86000061035156,12.791149139404297,24.430795669555664,59.018577575683594,13.569999694824219,41.11859893798828,79.88458251953125,2.488621234893799,8.366999626159668,225.9600067138672,405.64642333984375,417.7823181152344,153.0063018798828,274.15081787109375,199.64698791503906,80.75631713867188,502.0057678222656,1530.20458984375,104.18499755859375,103.61878204345703,135.0399932861328,199.47999572753906,197.8846435546875,38.034000396728516,34.737998962402344,7.132999897003174,113.92500305175781,59.29999923706055,225.6999969482422,35.99259948730469
2025-08-12,195.8940887451172,447.7719421386719,189.24000549316406,156.18988037109375,172.5249481201172,660.69482421875,296.6499938964844,287.54998779296875,104.5199966430664,148.82000732421875,128.4408416748047,160.52870178222656,161.34481811523438,213.38345336914062,929.5390625,77.31659698486328,78.68000030517578,585.7999877929688,87.36000061035156,228.12815856933594,347.79541015625,226.28916931152344,25.885828018188477,82.72924041748047,29.36773681640625,42.977745056152344,48.81282043457031,163.5310516357422,527.0332641601562,30.9950008392334,99.09740447998047,36.49418640136719,97.86000061035156,34.83229446411133,70.88687896728516,44.15999984741211,28.469999313354492,69.22757720947266,97.70343017578125,22.920000076293945,383.89581298828125,23.139999389648438,552.4000244140625,185.8769073486328,44.81277084350586,22.399999618530273,172.66835021972656,11084.8623046875,30.105398178100586,50.96780014038086,423.80963134765625,630.5408325195312,29.424413681030273,21.100000381469727,286.5779724121094,246.3180389404297,39.84433364868164,625.979248046875,123.36116027832031,404.0,69.20654296875,296.4918212890625,102.7608413696289,388.6373596191406,987.06689453125,73.5518798828125,90.96936798095703,112.95575714111328,241.4236297607422,256.202392578125,169.53758239746094,23.4375,634.9383544921875,194.03439331054688,78.26104736328125,276.6640930175781,117.74153137207031,476.1527099609375,111.0,387.7699890136719,105.2300033569336,115.78585052490234,4.130000114440918,102.85147857666016,148.23162841796875,70.34927368164062,184.72999572753906,656.28564453125,78.277587890625,336.7994384765625,38.16999816894531,78.47000122070312,13.028740882873535,24.41103744506836,59.930355072021484,13.720000267028809,41.802921295166016,77.13471221923828,2.507192611694336,8.630999565124512,232.61000061035156,409.786865234375,422.9769287109375,153.6883087158203,278.5639343261719,200.16351318359375,81.80425262451172,500.8868408203125,1547.5313720703125,104.15499877929688,103.52448272705078,135.02000427246094,199.1199951171875,197.42494201660156,38.02799987792969,34.81700134277344,7.177000045776367,113.91500091552734,60.290000915527344,225.35000610351562,35.93050003051758
2025-08-13,197.34930419921875,447.7223205566406,190.89999389648438,153.85032653808594,173.12338256835938,668.6730346679688,291.5,296.29998779296875,104.08000183105469,155.36000061035156,130.42047119140625,160.52870178222656,159.66555786132812,209.91542053222656,943.3997192382812,78.77522277832031,77.26000213623047,588.5999755859375,81.91000366210938,235.01133728027344,352.4798583984375,225.4568634033203,26.723426818847656,83.84490966796875,29.416168212890625,43.81198501586914,49.261329650878906,164.90525817871094,533.1415405273438,30.915000915527344,98.06182861328125,36.33540725708008,98.66000366210938,34.78326416015625,70.84856414794922,45.56999969482422,28.149999618530273,69.55657958984375,99.73562622070312,23.549999237060547,377.46954345703125,22.31999969482422,550.7999877929688,189.1065216064453,45.388919830322266,22.450000762939453,176.32083129882812,11442.8251953125,30.013538360595703,50.33513641357422,418.1128845214844,637.2052612304688,29.901325225830078,21.639999389648438,289.9535827636719,244.84307861328125,39.86396026611328,623.2293701171875,123.34156036376953,407.3500061035156,68.96185302734375,299.8632507324219,100.15263366699219,399.6094665527344,974.7191772460938,75.81047058105469,91.75853729248047,115.85613250732422,252.7223358154297,266.23223876953125,171.1468048095703,23.922412872314453,655.8505859375,196.7987823486328,80.60984802246094,280.8871154785156,117.85926055908203,483.51324462890625,112.77999877929688,395.9200134277344,109.38999938964844,117.62002563476562,4.050000190734863,104.27606964111328,149.60414123535156,70.780029296875,184.83999633789062,633.1962280273438,75.45308685302734,325.9166259765625,37.29999923706055,77.41999816894531,12.985101699829102,24.509828567504883,60.376747131347656,14.0,42.3880615234375,80.78471374511719,2.488621234893799,8.748000144958496,233.3699951171875,410.7698974609375,433.7679138183594,153.90576171875,267.8349609375,202.68157958984375,82.50598907470703,508.5013427734375,1581.19482421875,104.30999755859375,103.62870788574219,135.3000030517578,200.3000030517578,197.42494201660156,38.090999603271484,35.12699890136719,7.230000019073486,114.05000305175781,61.22999954223633,226.64999389648438,36.8025016784668
2025-08-14,198.4456787109375,447.7223205566406,196.33999633789062,153.85032653808594,173.12338256835938,671.46533203125,284.95001220703125,300.54998779296875,105.9000015258789,155.36000061035156,133.0861358642578,160.52870178222656,161.16908264160156,209.91542053222656,949.2916870117188,78.77522277832031,78.55999755859375,602.5999755859375,76.30999755859375,235.01133728027344,352.4798583984375,228.3944091796875,26.723426818847656,83.84490966796875,29.687374114990234,43.81198501586914,49.261329650878906,164.90525817871094,533.1415405273438,30.915000915527344,98.06182861328125,36.33540725708008,98.86000061035156,33.91049575805664,70.84856414794922,45.56999969482422,28.729999542236328,69.30499267578125,99.73562622070312,23.469999313354492,377.46954345703125,22.31999969482422,556.5999755859375,193.08143615722656,45.68187713623047,22.450000762939453,176.32083129882812,11584.810546875,30.031147003173828,50.39265441894531,413.8765869140625,639.4931640625,29.849857330322266,21.020000457763672,292.832763671875,247.1538543701172,39.9522590637207,624.7025146484375,123.9101333618164,409.0,68.07120513916016,303.6770324707031,100.01380157470703,392.8770446777344,971.2738647460938,75.01505279541016,90.66734313964844,115.5283432006836,249.488525390625,265.9188232421875,171.44117736816406,23.874876022338867,679.622314453125,199.93434143066406,80.65857696533203,281.81915283203125,116.76051330566406,483.7626037597656,112.69999694824219,390.29998779296875,108.75,118.48373413085938,4.010000228881836,104.0628662109375,148.92269897460938,70.72127532958984,180.0500030517578,624.1721801757812,75.40319061279297,324.5040588378906,35.93000030517578,73.66000366210938,12.897823333740234,24.0257568359375,59.379493713378906,13.890000343322754,41.931846618652344,80.54731750488281,2.5164783000946045,8.82800006866455,233.19000244140625,414.54296875,428.6223449707031,153.2830352783203,268.67181396484375,201.26112365722656,82.85218811035156,474.141845703125,1624.7593994140625,104.86000061035156,104.27889251708984,135.9199981689453,202.0500030517578,198.5242156982422,38.29600143432617,34.891998291015625,7.242000102996826,114.69999694824219,61.40999984741211,228.60000610351562,36.525901794433594
2025-08-15,196.591796875,443.55047607421875,197.4199981689453,153.13046264648438,174.4199676513672,672.662109375,284.6499938964844,302.8999938964844,105.66000366210938,151.5399932861328,132.1649169921875,139.06265258789062,162.69212341308594,211.74850463867188,869.3370361328125,80.39486694335938,79.44000244140625,632.0999755859375,79.41999816894531,233.0447235107422,360.8927001953125,229.37359619140625,26.967727661132812,85.22530364990234,29.87140655517578,44.262664794921875,49.9995002746582,163.13841247558594,531.2327270507812,31.2450008392334,94.4372787475586,36.375099182128906,99.41999816894531,34.15565490722656,71.76817321777344,46.0099983215332,28.5,69.22757720947266,100.42618560791016,23.110000610351562,383.89581298828125,21.540000915527344,553.7999877929688,191.29270935058594,45.96507263183594,22.649999618530273,183.4687042236328,11590.810546875,30.006690979003906,51.255374908447266,421.2235107421875,633.3259887695312,32.84986114501953,21.780000686645508,293.03131103515625,244.69558715820312,39.58433151245117,616.0602416992188,122.49849700927734,408.0,68.43334197998047,303.6573486328125,99.40248107910156,391.95452880859375,967.9379272460938,75.5846176147461,88.85301208496094,114.61453247070312,248.51243591308594,297.7714538574219,173.3251495361328,23.903396606445312,697.8336791992188,201.8977508544922,82.0717544555664,287.8187561035156,116.12286376953125,487.72216796875,113.5199966430664,392.7900085449219,109.21499633789062,120.5411148071289,3.880000114440918,104.16068267822266,150.25682067871094,73.82465362548828,199.9499969482422,620.8180541992188,75.45308685302734,320.54486083984375,35.470001220703125,71.05999755859375,12.985101699829102,24.292490005493164,59.57405090332031,13.869999885559082,42.011192321777344,81.29908752441406,2.479335069656372,8.95199966430664,235.25999450683594,404.9017333984375,428.8575744628906,152.97528076171875,266.828857421875,200.98297119140625,82.78668212890625,484.0041198730469,1604.9573974609375,104.55000305175781,103.75277709960938,135.47999572753906,201.75,196.7054443359375,38.17599868774414,34.810001373291016,7.215000152587891,114.31999969482422,61.0099983215332,228.39999389648438,35.96799850463867
2025-08-18,197.16989135742188,439.6270446777344,197.32000732421875,155.27003479003906,173.48243713378906,653.514404296875,285.25,305.5,106.31999969482422,150.05999755859375,133.59573364257812,139.20166015625,162.63356018066406,208.3795623779297,879.6431884765625,81.03893280029297,79.70999908447266,627.2999877929688,76.16000366210938,232.7005615234375,357.0686950683594,228.68817138671875,27.5909423828125,84.45001220703125,30.10386848449707,44.444854736328125,49.336082458496094,163.8255157470703,531.9962768554688,31.415000915527344,96.40887451171875,36.380062103271484,98.87999725341797,34.50868225097656,70.96351623535156,46.61000061035156,28.149999618530273,69.26628112792969,101.31403350830078,23.34000015258789,380.8310241699219,22.059999465942383,573.4000244140625,194.22421264648438,46.121315002441406,22.649999618530273,180.79806518554688,11736.794921875,29.97245216369629,50.824012756347656,419.27435302734375,635.3153686523438,35.06888961791992,23.520000457763672,291.8399353027344,245.38388061523438,39.986602783203125,613.2122192382812,121.7142562866211,409.25,67.6601333618164,303.4312744140625,100.0982894897461,387.36151123046875,975.217041015625,76.03633117675781,90.75560760498047,115.76673889160156,247.35890197753906,302.1595153808594,172.9424591064453,23.836841583251953,694.6690673828125,201.78054809570312,82.08150482177734,284.08111572265625,115.75006866455078,486.2560119628906,112.55000305175781,389.8800048828125,111.12999725341797,120.34703063964844,4.050000190734863,104.38565826416016,149.07627868652344,74.12812042236328,219.3300018310547,623.9225463867188,76.67071533203125,321.4691467285156,34.97999954223633,68.98999786376953,12.844486236572266,24.569103240966797,58.71799087524414,13.779999732971191,41.406211853027344,82.18932342529297,2.4979066848754883,9.022000312805176,232.41000366210938,409.7174072265625,431.8763427734375,154.37509155273438,267.4265441894531,200.63990783691406,82.47209167480469,486.3112487792969,1631.690185546875,104.7300033569336,103.90664672851562,135.8000030517578,201.4499969482422,196.8253631591797,38.2400016784668,35.0890007019043,7.24399995803833,114.45500183105469,61.20000076293945,227.85000610351562,36.30580139160156
2025-08-19,197.6283721923828,434.36260986328125,196.0399932861328,152.79052734375,171.6073760986328,644.7384033203125,285.25,308.45001220703125,103.31999969482422,145.13999938964844,132.0473175048828,138.72508239746094,164.91810607910156,203.57386779785156,872.3641357421875,81.9008560180664,82.73999786376953,623.5,69.41000366210938,232.94638061523438,357.9290771484375,233.2903289794922,28.009742736816406,86.43550872802734,30.268529891967773,45.61471176147461,50.62554931640625,166.1813201904297,530.8510131835938,31.530000686645508,94.07881164550781,36.717464447021484,100.9000015258789,34.577327728271484,72.80274200439453,46.63999938964844,27.950000762939453,70.27266693115234,101.51133728027344,24.200000762939453,381.91851806640625,21.479999542236328,559.0,191.29270935058594,46.560752868652344,22.899999618530273,180.44461059570312,11780.791015625,30.119186401367188,51.47584915161133,420.32391357421875,638.896240234375,35.005062103271484,23.84000015258789,292.2867126464844,245.7772216796875,40.31037902832031,610.6587524414062,121.420166015625,414.5,68.63887023925781,305.6231994628906,100.68477630615234,399.6291198730469,976.7108154296875,75.49623107910156,89.17664337158203,115.48860931396484,252.75189208984375,297.9967346191406,174.46337890625,24.074542999267578,699.8041381835938,201.4093475341797,82.77347564697266,286.92559814453125,115.74026489257812,496.97772216796875,111.4000015258789,390.760009765625,111.29000091552734,121.2592544555664,3.9700000286102295,105.07034301757812,147.51377868652344,74.90151977539062,210.9600067138672,602.071044921875,73.67654418945312,315.9564208984375,32.650001525878906,65.41000366210938,12.917218208312988,24.608619689941406,58.941734313964844,13.5600004196167,41.11859893798828,79.6768569946289,2.50632381439209,8.267000198364258,225.0,413.1429443359375,432.3271789550781,152.54840087890625,264.9161071777344,200.9551544189453,83.7018814086914,484.6378173828125,1552.48193359375,104.7300033569336,103.76768493652344,135.82000732421875,202.3000030517578,195.66615295410156,38.23699951171875,34.95899963378906,7.255000114440918,114.48500061035156,61.619998931884766,228.89999389648438,36.29130172729492
2025-08-20,194.08006286621094,431.7801208496094,191.97999572753906,148.21141052246094,169.9517364501953,634.8652954101562,274.79998779296875,304.70001220703125,103.30000305175781,140.32000732421875,130.44009399414062,135.38900756835938,165.93345642089844,197.69801330566406,874.7141723632812,82.40284729003906,79.3499984741211,602.0,74.04000091552734,229.8489532470703,358.9806823730469,228.6392059326172,27.8751277923584,85.84931945800781,30.549423217773438,46.15169143676758,50.522762298583984,167.06472778320312,537.531982421875,31.274999618530273,91.370361328125,36.122047424316406,101.19999694824219,34.68519592285156,72.26630401611328,47.150001525878906,27.989999771118164,71.3951644897461,101.56066131591797,24.31999969482422,375.2945251464844,21.420000076293945,563.2000122070312,193.9757843017578,47.029483795166016,22.5,175.81027221679688,11974.7705078125,30.212114334106445,51.773006439208984,418.7245788574219,634.8180541992188,34.85862731933594,23.65999984741211,294.81842041015625,246.12136840820312,40.6341552734375,606.04296875,121.0084457397461,419.8999938964844,69.1967544555664,307.73651123046875,101.95712280273438,394.2706298828125,990.3729248046875,74.88739013671875,87.78402709960938,116.2534408569336,253.5209503173828,293.6870422363281,175.48387145996094,24.131591796875,702.0233154296875,204.3007049560547,82.51033782958984,287.79937744140625,116.47602844238281,493.5068359375,111.30000305175781,394.3599853515625,116.98999786376953,123.49132537841797,3.9700000286102295,106.15605926513672,148.69778442382812,74.57845306396484,206.44000244140625,603.5285034179688,70.33306121826172,312.9436340332031,33.790000915527344,66.56999969482422,13.242088317871094,24.430795669555664,58.970916748046875,13.579999923706055,40.9698371887207,77.27320098876953,2.50632381439209,8.069999694824219,225.6199951171875,417.611083984375,437.1297302246094,155.4571990966797,265.4241943359375,201.19622802734375,82.88201904296875,487.88568115234375,1542.0858154296875,104.125,103.02814483642578,135.0800018310547,201.14999389648438,192.968017578125,38.0359992980957,34.79399871826172,7.216000080108643,113.875,61.150001525878906,227.60000610351562,35.34260177612305
2025-08-21,193.52191162109375,434.646240234375,190.97999572753906,151.09083557128906,171.86669921875,635.7628784179688,278.0,303.3999938964844,104.13999938964844,141.86000061035156,130.02845764160156,137.5209503173828,169.29196166992188,200.50216674804688,868.6898193359375,82.82906341552734,80.56999969482422,594.2000122070312,72.76000213623047,228.27565002441406,358.4070739746094,228.78607177734375,28.04962730407715,85.49003601074219,30.617223739624023,45.52840805053711,50.634891510009766,165.5432891845703,534.477783203125,31.559999465942383,92.60509490966797,35.873958587646484,101.05000305175781,34.999000549316406,72.17050170898438,47.56999969482422,28.049999237060547,70.9887466430664,99.39035034179688,24.34000015258789,376.57977294921875,21.65999984741211,576.0,197.751953125,46.66817092895508,22.700000762939453,177.87216186523438,12046.763671875,30.397977828979492,52.041412353515625,419.3243408203125,631.1376342773438,35.92496109008789,22.6200008392334,294.0241394042969,247.7930145263672,40.953033447265625,606.5339965820312,121.85149383544922,420.54998779296875,69.15760803222656,307.8741455078125,97.37466430664062,390.3057556152344,965.587890625,74.80883026123047,86.85234832763672,115.42901611328125,252.05191040039062,297.1250305175781,175.57217407226562,24.47388458251953,706.3821411132812,204.64259338378906,83.89427185058594,287.1295166015625,113.93519592285156,482.4859924316406,110.7699966430664,397.4599914550781,117.13999938964844,123.07402038574219,4.389999866485596,106.84075164794922,150.95901489257812,74.48055267333984,192.0,604.9359741210938,71.29119110107422,311.26043701171875,33.4900016784668,67.19000244140625,13.37785530090332,24.470314025878906,59.632415771484375,14.010000228881836,41.376461029052734,78.08430480957031,2.487619638442993,8.168999671936035,224.4600067138672,414.9302062988281,438.30584716796875,155.18914794921875,267.685546875,201.5856475830078,82.12889862060547,481.984130859375,1592.5810546875,104.56999969482422,103.55425262451172,135.5399932861328,201.3000030517578,194.1671905517578,38.178001403808594,35.0,7.247000217437744,114.31500244140625,61.310001373291016,227.8000030517578,35.80950164794922
2025-08-22,194.13987731933594,432.0090026855469,194.22000122070312,152.25062561035156,174.10079956054688,641.9459838867188,286.54998779296875,307.54998779296875,103.16000366210938,143.55999755859375,132.71372985839844,139.4536590576172,173.041015625,200.403076171875,866.5888061523438,82.90483856201172,82.19000244140625,596.9000244140625,77.30000305175781,228.71815490722656,356.5906677246094,231.9684295654297,28.47341537475586,86.43550872802734,30.4428768157959,46.084571838378906,51.52256774902344,168.2917022705078,529.7056884765625,31.700000762939453,92.50552368164062,36.56861114501953,102.4000015258789,35.02842330932617,73.01348876953125,47.689998626708984,28.6200008392334,71.5306396484375,98.2164077758789,25.030000686645508,377.1729736328125,21.920000076293945,565.5999755859375,196.0626220703125,46.85371017456055,22.799999237060547,177.4401397705078,11966.771484375,30.544708251953125,52.36732864379883,423.2726745605469,642.775634765625,36.52946853637695,23.520000457763672,296.6551208496094,248.1371612548828,41.29642868041992,622.247314453125,124.22383117675781,416.45001220703125,68.63887023925781,308.70965576171875,96.25141906738281,405.1152038574219,954.494873046875,76.96923828125,86.67581939697266,118.06121063232422,260.0181884765625,301.11151123046875,175.9254150390625,24.606996536254883,708.2330932617188,205.71710205078125,85.15151977539062,287.4622497558594,112.59120178222656,498.6732482910156,110.87999725341797,395.1199951171875,118.51000213623047,123.22930145263672,4.570000171661377,108.84590148925781,153.51138305664062,74.71549987792969,202.27999877929688,606.0040893554688,74.76443481445312,308.9099426269531,35.040000915527344,70.37999725341797,13.533016204833984,25.092689514160156,60.98460388183594,14.40999984741211,42.92361068725586,80.45829010009766,2.487619638442993,8.937999725341797,230.1199951171875,432.58428955078125,437.32574462890625,155.1097412109375,265.51385498046875,206.60162353515625,84.67427062988281,491.12353515625,1606.4425048828125,105.12999725341797,104.10517883300781,136.39999389648438,201.89999389648438,195.34637451171875,38.40700149536133,35.266998291015625,7.389999866485596,114.99500274658203,63.209999084472656,228.5,36.22880172729492
2025-08-25,195.0967254638672,432.4070739746094,196.3800048828125,155.3300323486328,178.30970764160156,643.7411499023438,295.0,310.8500061035156,105.0,140.94000244140625,131.1064910888672,138.3976593017578,171.16648864746094,202.48390197753906,875.8193969726562,81.52198791503906,82.68000030517578,601.2000122070312,70.4000015258789,229.11148071289062,354.3918762207031,230.5975799560547,28.024700164794922,85.981689453125,30.471933364868164,45.37498474121094,51.01799392700195,165.83775329589844,527.4150390625,31.809999465942383,91.29070281982422,36.375099182128906,101.6500015258789,34.665584564208984,73.05180358886719,47.31999969482422,28.549999237060547,71.08551025390625,97.84153747558594,24.709999084472656,377.56842041015625,21.559999465942383,590.0,199.73941040039062,46.42403793334961,23.0,177.32232666015625,11966.771484375,30.857736587524414,51.85927963256836,423.2726745605469,643.2730102539062,36.687164306640625,23.139999389648438,296.55584716796875,248.3829803466797,41.51227951049805,626.2738647460938,124.3414535522461,412.70001220703125,67.46439361572266,308.09039306640625,95.49596405029297,401.2974853515625,937.6065063476562,77.74501037597656,84.1553726196289,116.91893768310547,255.22657775878906,298.6040344238281,175.0619354248047,23.903396606445312,691.9623413085938,202.73779296875,83.14382934570312,282.3240966796875,111.98297882080078,489.45758056640625,105.06999969482422,388.94000244140625,116.30999755859375,121.34660339355469,4.739999771118164,109.29583740234375,153.53079223632812,73.73653411865234,199.44000244140625,601.25244140625,74.82431030273438,309.4278564453125,35.900001525878906,71.19000244140625,13.586353302001953,24.786441802978516,60.6343994140625,14.289999961853027,43.33023452758789,80.4088363647461,2.487619638442993,8.989999771118164,226.8699951171875,429.2381286621094,438.81549072265625,155.13951110839844,265.5935363769531,204.54330444335938,83.6446762084961,483.1129455566406,1633.67041015625,105.04000091552734,104.16473388671875,136.24000549316406,200.9499969482422,195.6261749267578,38.36199951171875,35.382999420166016,7.367000102996826,114.8550033569336,63.2400016784668,227.4499969482422,36.22880172729492
2025-08-26,194.15982055664062,429.0234375,195.5399932861328,155.19007873535156,176.67401123046875,643.5416259765625,296.1499938964844,304.1499938964844,105.0,142.0,134.0857391357422,140.15103149414062,172.5137939453125,199.95718383789062,884.3331298828125,81.82508087158203,82.06999969482422,596.7000122070312,70.12999725341797,227.9806671142578,348.4646301269531,230.0100555419922,28.50831413269043,85.54676818847656,30.6075382232666,45.42293167114258,50.476043701171875,164.61077880859375,520.543212890625,31.405000686645508,93.42161560058594,36.01288604736328,101.44999694824219,34.32236099243164,73.58824157714844,47.02000045776367,28.639999389648438,71.24034118652344,97.3482894897461,24.809999465942383,380.2378234863281,21.579999923706055,598.5999755859375,198.49725341796875,46.131080627441406,22.450000762939453,176.63502502441406,11870.78125,30.715896606445312,50.718570709228516,424.1722717285156,647.1522216796875,35.339229583740234,23.360000610351562,296.4565734863281,248.67796325683594,41.78700256347656,623.5240478515625,123.98856353759766,418.3999938964844,67.26864624023438,307.59893798828125,95.47608184814453,399.96282958984375,937.3675537109375,77.23438262939453,84.95955657958984,116.85934448242188,254.69418334960938,294.2649230957031,174.44911193847656,23.694217681884766,732.4651489257812,203.52903747558594,82.83194732666016,283.4104309082031,112.57157897949219,487.19354248046875,104.79000091552734,387.17999267578125,121.1500015258789,122.89933776855469,4.829999923706055,109.05130767822266,152.715576171875,73.26661682128906,196.72000122070312,624.81103515625,76.36132049560547,315.3040771484375,36.02000045776367,74.30999755859375,13.494226455688477,25.15196418762207,60.26473617553711,14.579999923706055,43.98480224609375,80.646240234375,2.5156757831573486,9.260000228881836,234.8300018310547,428.20550537109375,446.40155029296875,158.4156494140625,272.8955993652344,206.35128784179688,83.37774658203125,482.9743347167969,1619.3138427734375,104.80500030517578,104.04562377929688,135.97999572753906,200.25,195.3863525390625,38.277000427246094,35.22800064086914,7.38100004196167,114.61499786376953,63.45000076293945,226.60000610351562,36.623600006103516
2025-08-27,197.14996337890625,432.2080078125,197.16000366210938,156.5498046875,178.86822509765625,642.6441040039062,303.8500061035156,307.5,105.31999969482422,143.22000122070312,134.24253845214844,140.41006469726562,171.8889617919922,201.3444061279297,885.1198120117188,81.82508087158203,82.76000213623047,597.0999755859375,69.87999725341797,232.45472717285156,347.9866027832031,228.1496124267578,28.33381462097168,84.60128784179688,30.704397201538086,44.262664794921875,49.77524948120117,165.5432891845703,522.4520874023438,30.350000381469727,90.89239501953125,35.6258659362793,100.3499984741211,34.2439079284668,71.86396789550781,46.599998474121094,28.59000015258789,70.25331115722656,97.58504486083984,24.479999542236328,376.9752197265625,21.280000686645508,607.5999755859375,199.9381561279297,46.082252502441406,22.299999237060547,175.08370971679688,11874.78125,30.96533966064453,51.006141662597656,428.87030029296875,656.701416015625,35.8348503112793,23.059999465942383,300.8746032714844,254.5778045654297,42.70928192138672,636.88037109375,126.45891571044922,425.5,67.36651611328125,306.11468505859375,95.50589752197266,400.6497497558594,945.5130615234375,76.65499114990234,85.9697036743164,117.29637908935547,255.02943420410156,297.6441650390625,174.74562072753906,23.836841583251953,730.6141967773438,203.23597717285156,81.93531036376953,281.8347473144531,111.75733184814453,486.8345031738281,103.01000213623047,389.0799865722656,121.86000061035156,123.14195251464844,4.570000171661377,110.28376007080078,154.5401153564453,72.33659362792969,191.22999572753906,621.2971801757812,75.13370513916016,314.6666564941406,35.15999984741211,73.19999694824219,13.368157386779785,25.1322078704834,60.42038345336914,14.510000228881836,43.50875473022461,86.72956848144531,2.5156757831573486,9.140000343322754,235.6199951171875,429.60552978515625,445.4312438964844,158.68368530273438,272.307861328125,205.13670349121094,83.75907897949219,488.2420959472656,1619.3138427734375,105.67500305175781,105.0730209350586,136.82000732421875,199.27999877929688,197.0252227783203,38.57699966430664,35.07400131225586,7.431000232696533,115.51000213623047,63.97999954223633,225.5500030517578,36.42789840698242
2025-08-28,197.66824340820312,433.10369873046875,199.10000610351562,153.79034423828125,180.86294555664062,642.0457763671875,293.6499938964844,302.75,105.16000366210938,143.3000030517578,134.45814514160156,140.39013671875,172.74810791015625,203.67294311523438,890.2081298828125,81.03893280029297,81.0199966430664,589.2000122070312,71.26000213623047,232.40557861328125,345.69219970703125,231.9194793701172,27.845212936401367,85.26312255859375,30.394445419311523,44.00376510620117,50.19572830200195,166.57394409179688,520.352294921875,30.225000381469727,92.02755737304688,36.03769302368164,100.25,33.8908805847168,72.68778991699219,46.36000061035156,27.93000030517578,69.8855972290039,97.97965240478516,24.270000457763672,377.76617431640625,21.520000457763672,602.5999755859375,199.14315795898438,46.25802993774414,23.100000381469727,175.43716430664062,11808.7880859375,30.882190704345703,50.900699615478516,428.9203186035156,650.8327026367188,35.94749069213867,22.940000534057617,297.6479187011719,252.807861328125,42.41984176635742,628.1397705078125,125.63545989990234,426.5,66.90650939941406,306.8912048339844,95.53572082519531,399.8744812011719,940.9722900390625,76.51750946044922,86.32275390625,116.84941101074219,253.91531372070312,296.08673095703125,173.421142578125,23.38996124267578,728.4149169921875,203.09922790527344,81.0971450805664,279.5250244140625,110.42316436767578,488.4501953125,101.93000030517578,392.04998779296875,121.75,122.73435974121094,4.650000095367432,110.87063598632812,154.6177520751953,71.12017822265625,197.02000427246094,632.577392578125,78.4771957397461,318.2621154785156,36.47999954223633,77.88999938964844,13.484528541564941,25.57676124572754,61.169437408447266,14.029999732971191,44.004634857177734,83.9994888305664,2.5156757831573486,8.958000183105469,236.16000366210938,431.82965087890625,447.1072082519531,159.49777221679688,274.94775390625,205.22943115234375,83.19660949707031,486.61822509765625,1621.2940673828125,105.34500122070312,104.66106414794922,136.5399932861328,199.1199951171875,196.92529296875,38.47600173950195,35.04600143432617,7.400000095367432,115.2249984741211,63.459999084472656,225.25,37.11410140991211
2025-08-29,197.787841796875,431.6109619140625,195.66000366210938,149.27120971679688,180.6036376953125,642.0457763671875,293.6499938964844,303.8500061035156,102.95999908447266,139.83999633789062,134.45814514160156,136.52471923828125,172.74810791015625,190.1079559326172,868.3013916015625,80.00653839111328,81.0199966430664,577.7000122070312,70.27999877929688,227.8331756591797,345.309814453125,231.6746826171875,27.979827880859375,84.5823745727539,30.394445419311523,43.495548248291016,49.849998474121094,163.28565979003906,519.7796020507812,30.030000686645508,90.33477783203125,34.69304275512695,100.25,33.57707977294922,71.84481048583984,46.40999984741211,27.93000030517578,69.8855972290039,96.91422271728516,24.270000457763672,376.6786193847656,20.899999618530273,604.0,198.5966339111328,46.25802993774414,22.950000762939453,175.88880920410156,11788.7900390625,30.901756286621094,51.28413391113281,431.9190673828125,633.2265014648438,35.94749069213867,22.940000534057617,298.3429260253906,252.807861328125,42.55720520019531,628.041015625,125.65505981445312,432.25,67.52310943603516,308.1886901855469,96.40052795410156,399.20709228515625,939.339111328125,75.9774169921875,86.4894790649414,117.58443450927734,254.42799377441406,303.5111999511719,175.12123107910156,23.542089462280273,729.0318603515625,205.521728515625,81.98403930664062,281.5802917480469,110.82537078857422,491.4223937988281,100.0,391.0199890136719,121.27999877929688,122.81200408935547,4.579999923706055,111.7900619506836,155.85997009277344,71.08072662353516,195.19000244140625,611.8937377929688,77.23960876464844,306.7387390136719,34.650001525878906,73.63999938964844,13.484528541564941,25.07293128967285,61.013790130615234,14.34000015258789,44.03438949584961,83.9994888305664,2.5156757831573486,8.958000183105469,234.67999267578125,416.0720520019531,446.5682067871094,157.45266723632812,274.15081787109375,203.51414489746094,83.35868835449219,473.9438171386719,1621.2940673828125,104.58499908447266,103.91161346435547,135.47999572753906,198.1199951171875,194.34706115722656,38.194000244140625,34.797000885009766,7.355000019073486,114.36499786376953,63.38999938964844,224.1999969482422,36.985198974609375
2025-09-01,197.1898193359375,429.4215087890625,195.0,148.6513214111328,180.7432861328125,629.180908203125,286.3500061035156,308.3500061035156,105.0,139.6999969482422,134.3601531982422,134.4923858642578,167.9446563720703,190.5439453125,868.3013916015625,80.23385620117188,80.19999694824219,584.7999877929688,70.27999877929688,229.99644470214844,344.0669860839844,234.22055053710938,27.7804012298584,85.58457946777344,30.500991821289062,43.457191467285156,50.21441650390625,162.94210815429688,517.489013671875,30.209999084472656,89.23944854736328,34.40029525756836,99.9800033569336,33.675140380859375,72.72610473632812,46.709999084472656,27.579999923706055,69.90494537353516,96.42096710205078,23.829999923706055,382.8083190917969,20.8799991607666,605.7999877929688,197.95069885253906,46.580284118652344,23.549999237060547,178.73617553710938,11848.7841796875,30.87240982055664,51.236202239990234,430.8694763183594,632.7291259765625,36.73597717285156,22.5,298.9882507324219,251.8737030029297,42.53758239746094,629.0292358398438,125.53742980957031,433.54998779296875,67.52310943603516,308.1886901855469,96.40052795410156,399.20709228515625,939.339111328125,75.9774169921875,86.4894790649414,117.58443450927734,254.42799377441406,303.5111999511719,175.12123107910156,23.542089462280273,729.0318603515625,205.521728515625,81.98403930664062,281.5802917480469,110.82537078857422,491.4223937988281,100.0,391.0199890136719,121.27999877929688,122.81200408935547,4.579999923706055,111.7900619506836,155.85997009277344,71.08072662353516,195.19000244140625,611.8937377929688,77.23960876464844,306.7387390136719,34.650001525878906,73.63999938964844,13.683329582214355,25.07293128967285,61.013790130615234,14.34000015258789,44.03438949584961,83.9994888305664,2.5156757831573486,8.982000350952148,234.67999267578125,416.0720520019531,446.5682067871094,157.45266723632812,274.15081787109375,203.51414489746094,83.35868835449219,473.9438171386719,1731.195556640625,104.8499984741211,104.1746597290039,135.8800048828125,199.17999267578125,194.74679565429688,38.2859992980957,34.86399841308594,7.388999938964844,114.69000244140625,63.58000183105469,225.39999389648438,38.676998138427734
2025-09-02,194.2794189453125,427.6799621582031,191.10000610351562,144.5521240234375,177.1328125,622.8980102539062,281.25,293.1499938964844,103.44000244140625,137.89999389648438,131.1064910888672,133.79502868652344,165.2110137939453,190.8015594482422,842.7601928710938,80.06336212158203,79.58000183105469,588.5,65.56999969482422,223.4574432373047,338.6177673339844,223.9391326904297,27.356613159179688,83.7692642211914,30.413818359375,43.06404495239258,49.541648864746094,161.07711791992188,508.5174255371094,29.69499969482422,84.04161071777344,32.86213302612305,98.5,33.27307891845703,71.94060516357422,46.5,25.90999984741211,69.55657958984375,96.26313018798828,22.979999542236328,370.4501037597656,20.280000686645508,606.0,196.50979614257812,45.1740837097168,22.950000762939453,175.92808532714844,11902.7783203125,30.843063354492188,51.31289291381836,434.0181579589844,613.9293212890625,36.030094146728516,15.899999618530273,296.0097961425781,250.98873901367188,42.24814224243164,617.1701049804688,124.61595153808594,429.75,67.59162139892578,312.1328430175781,97.26531982421875,398.75567626953125,934.858154296875,73.33197784423828,88.04882049560547,117.47517395019531,255.09841918945312,302.4631652832031,176.00094604492188,23.75126838684082,731.6292114257812,207.00648498535156,83.30951690673828,280.80712890625,110.5703125,486.24603271484375,100.62000274658203,401.0,123.47000122070312,122.89933776855469,4.590000152587891,112.18132019042969,157.0536651611328,71.67265319824219,195.77999877929688,578.6621704101562,75.2734375,305.9519348144531,37.2400016784668,73.58999633789062,13.654236793518066,24.707408905029297,60.20636749267578,14.8100004196167,44.5699462890625,78.67781066894531,2.5156757831573486,9.064000129699707,237.3800048828125,413.1032409667969,446.73602294921875,156.86691284179688,274.340087890625,201.7525177001953,81.25183868408203,472.10205078125,1731.6905517578125,103.63500213623047,102.91399383544922,134.39999389648438,194.5399932861328,191.8887481689453,37.85599899291992,34.76499938964844,7.290999889373779,113.36499786376953,62.939998626708984,220.1999969482422,38.624298095703125
2025-09-03,201.53549194335938,430.5162353515625,193.13999938964844,146.11181640625,195.86338806152344,627.6849975585938,291.6499938964844,295.3999938964844,104.26000213623047,138.0399932861328,131.36129760742188,132.4002685546875,162.51638793945312,190.0485076904297,840.3206787109375,81.58828735351562,80.58999633789062,598.5,68.12999725341797,227.489013671875,337.4705505371094,224.6735076904297,27.954898834228516,83.46671295166016,30.13292694091797,42.795555114746094,49.66312026977539,168.83157348632812,504.890625,29.799999237060547,85.5750732421875,31.274349212646484,99.04000091552734,33.32210922241211,70.12052917480469,46.52000045776367,26.110000610351562,70.13719177246094,96.6774673461914,23.93000030517578,374.7013244628906,20.68000030517578,610.4000244140625,200.73313903808594,45.564697265625,22.549999237060547,181.3675537109375,12208.7470703125,30.515361785888672,50.59395217895508,427.1710205078125,621.9863891601562,36.66463851928711,16.1200008392334,296.8040466308594,251.4312286376953,42.179466247558594,618.1583251953125,125.00806427001953,427.8500061035156,67.52310943603516,312.7556457519531,98.8458251953125,400.129638671875,945.7719116210938,73.77616882324219,85.5676040649414,116.59115600585938,257.0111083984375,301.56207275390625,175.94163513183594,23.570615768432617,734.2564697265625,206.94786071777344,82.04251861572266,277.80255126953125,110.8449935913086,483.27386474609375,100.41999816894531,396.6199951171875,122.0,124.44237518310547,4.519999980926514,109.46212768554688,153.39492797851562,70.66636657714844,201.49000549316406,576.02685546875,77.02003479003906,307.23675537109375,40.41999816894531,72.2300033569336,13.741515159606934,24.361642837524414,60.78031921386719,14.859999656677246,45.82948303222656,79.24163055419922,2.5156757831573486,9.612000465393066,232.3800048828125,412.1798095703125,443.33984375,156.96621704101562,274.87799072265625,198.4147186279297,81.30902862548828,464.91326904296875,1736.64111328125,104.38999938964844,103.82723999023438,135.3000030517578,195.3800048828125,194.48695373535156,38.13100051879883,34.99300003051758,7.320000171661377,114.16000366210938,63.029998779296875,221.10000610351562,38.94820022583008
2025-09-04,203.0803985595703,433.4022521972656,200.1999969482422,146.55172729492188,195.2051239013672,644.9378051757812,287.6499938964844,293.6000061035156,107.4800033569336,137.47999572753906,133.30482482910156,135.3292236328125,156.87330627441406,189.1963653564453,869.5859375,74.95817565917969,78.88999938964844,600.2999877929688,54.560001373291016,229.30813598632812,338.52215576171875,225.2610321044922,28.493358612060547,83.7692642211914,30.84000015258789,42.19144821166992,49.6257438659668,169.96038818359375,514.816650390625,30.260000228881836,88.74156951904297,31.036182403564453,99.0999984741211,33.98894500732422,69.83316040039062,47.18000030517578,26.1200008392334,71.49193572998047,97.56532287597656,24.440000534057617,364.5181579589844,21.0,631.4000244140625,203.31683349609375,46.03342819213867,22.450000762939453,183.48834228515625,12186.7490234375,30.51047134399414,50.57477951049805,426.7212219238281,644.1681518554688,36.157752990722656,17.139999389648438,299.8321533203125,255.70860290527344,42.351165771484375,628.53515625,126.06680297851562,434.1499938964844,66.7988510131836,313.34869384765625,100.32691192626953,406.3278503417969,951.8660888671875,74.37830352783203,85.33223724365234,118.01154327392578,260.84637451171875,304.0107727050781,176.69285583496094,23.332914352416992,739.3118286132812,208.0614471435547,81.91582489013672,274.1324462890625,110.62916564941406,488.20086669921875,103.5,396.92999267578125,124.41000366210938,124.62676239013672,4.559999942779541,109.94140625,153.03585815429688,69.91659545898438,201.8699951171875,597.7586059570312,76.16170501708984,307.81439208984375,36.029998779296875,69.61000061035156,13.896677017211914,24.667892456054688,60.760860443115234,14.680000305175781,45.69063949584961,78.41072845458984,2.525027275085449,9.595999717712402,230.75,417.24371337890625,451.0306091308594,157.53207397460938,281.1938171386719,199.49021911621094,80.5368423461914,470.2405090332031,1707.9281005859375,105.25,104.69581604003906,136.27999877929688,196.89999389648438,196.06588745117188,38.433998107910156,34.891998291015625,7.376999855041504,115.12000274658203,63.88999938964844,222.8000030517578,39.048099517822266
2025-09-05,203.72825622558594,421.260986328125,198.24000549316406,141.47271728515625,198.27703857421875,639.3530883789062,296.54998779296875,295.6000061035156,105.94000244140625,129.5399932861328,134.58737182617188,135.42886352539062,155.27215576171875,192.14913940429688,901.2510986328125,75.29915618896484,77.19999694824219,595.7999877929688,54.86000061035156,224.4407501220703,335.94091796875,221.2953338623047,28.07455825805664,83.61799621582031,30.65596580505371,42.00926208496094,49.44820785522461,172.4634246826172,507.56298828125,29.8700008392334,87.20811462402344,31.333890914916992,99.91999816894531,34.341976165771484,69.75652313232422,46.81999969482422,26.770000457763672,71.68547058105469,96.00663757324219,24.690000534057617,357.6963806152344,21.399999618530273,639.7999877929688,205.60240173339844,46.131080627441406,22.549999237060547,180.44461059570312,12088.7587890625,29.79637336730957,49.67371368408203,415.4759216308594,656.701416015625,35.32421112060547,18.940000534057617,290.7974853515625,248.28465270996094,41.6203727722168,618.1583251953125,123.49840545654297,425.04998779296875,66.5150146484375,310.7686767578125,99.90943145751953,413.4932861328125,959.4140625,72.9568862915039,83.78269958496094,117.11759948730469,266.1703796386719,308.91796875,176.3666534423828,23.656185150146484,723.6878662109375,207.6316375732422,82.5590591430664,277.59698486328125,112.86588287353516,491.3027038574219,112.45999908447266,396.1199951171875,125.16999816894531,125.89806365966797,4.570000171661377,106.84075164794922,149.12478637695312,69.94619750976562,205.13999938964844,581.0579833984375,75.70259857177734,300.3645324707031,34.529998779296875,69.79000091552734,13.707573890686035,24.578981399536133,62.22978591918945,14.970000267028809,45.95841979980469,80.6561279296875,2.525027275085449,9.37399959564209,229.61000061035156,420.08343505859375,457.9908142089844,156.38047790527344,278.16546630859375,198.64649963378906,81.07070922851562,468.6166076660156,1727.235107421875,104.55000305175781,103.83219909667969,135.55999755859375,195.55999755859375,195.26641845703125,38.189998626708984,35.05500030517578,7.377999782562256,114.3550033569336,63.900001525878906,221.1999969482422,38.83810043334961
2025-09-08,202.4325408935547,424.1470642089844,202.0,144.75209045410156,199.9843292236328,639.3530883789062,296.54998779296875,301.75,105.69999694824219,129.5,134.13356018066406,139.0153045654297,152.96807861328125,203.72250366210938,905.1245727539062,74.97712707519531,77.19999694824219,608.4000244140625,52.470001220703125,226.60403442382812,337.1837463378906,225.84852600097656,28.16928482055664,83.1263427734375,29.493656158447266,42.364051818847656,49.055763244628906,178.6964569091797,507.56298828125,30.030000686645508,87.20811462402344,31.830074310302734,102.5999984741211,35.126487731933594,71.02098846435547,46.81999969482422,26.90999984741211,72.94345092773438,96.61827850341797,24.690000534057617,357.6963806152344,21.399999618530273,648.4000244140625,209.0804443359375,46.131080627441406,23.0,184.4505615234375,11968.771484375,29.977344512939453,49.750404357910156,417.3750915527344,673.0145263671875,35.06888961791992,18.940000534057617,290.25146484375,245.53140258789062,41.808006286621094,620.33251953125,123.57682037353516,423.29998779296875,65.99628448486328,309.2068176269531,101.66885375976562,414.4703674316406,967.748779296875,73.19377899169922,82.5469970703125,118.04134368896484,269.1773986816406,313.67822265625,176.0701446533203,23.342418670654297,735.0625,204.9258575439453,81.95480346679688,274.22052001953125,113.68012237548828,486.3657531738281,102.66000366210938,395.25,129.2899932861328,124.908203125,4.519999980926514,107.44718170166016,149.4547576904297,68.83139038085938,203.2100067138672,599.1761474609375,77.08989715576172,297.61566162109375,33.95000076293945,70.72000122070312,13.974257469177246,24.717288970947266,61.98658752441406,15.34000015258789,46.275779724121094,81.11113739013672,2.543731451034546,9.798999786376953,230.9499969482422,419.7855529785156,453.2618103027344,153.10433959960938,274.99755859375,199.11009216308594,80.38431549072266,476.78564453125,1773.27490234375,105.19499969482422,104.36326599121094,136.44000244140625,197.22000122070312,197.20510864257812,38.426998138427734,35.34600067138672,7.433000087738037,115.04000091552734,63.959999084472656,223.14999389648438,39.26169967651367
2025-09-09,200.7879638671875,423.89825439453125,201.39999389648438,142.93243408203125,200.93284606933594,646.134521484375,295.75,304.3999938964844,107.27999877929688,131.0,134.58737182617188,139.2942657470703,154.3739776611328,200.70034790039062,913.8374633789062,76.48310089111328,80.02999877929688,609.0999755859375,53.31999969482422,226.45654296875,337.75732421875,223.7432861328125,28.154329299926758,79.66590118408203,29.648630142211914,41.721588134765625,48.35496520996094,174.8192138671875,506.03594970703125,30.53499984741211,90.59367370605469,31.839996337890625,102.55000305175781,35.01861572265625,71.25089263916016,47.25,26.649999618530273,72.45960998535156,96.2828598022461,25.360000610351562,355.91680908203125,20.860000610351562,652.7999877929688,207.7886199951172,46.131080627441406,22.700000762939453,184.156005859375,11974.7705078125,30.251243591308594,50.55561065673828,422.722900390625,679.57958984375,34.09267044067383,18.1200008392334,292.832763671875,250.2021026611328,41.605560302734375,642.5684814453125,127.28235626220703,422.1000061035156,66.41714477539062,308.9300537109375,101.67879486083984,409.9302978515625,975.1175537109375,72.65087890625,82.19393157958984,116.58123016357422,265.24359130859375,340.7804260253906,174.91368103027344,23.494548797607422,746.9745483398438,205.54127502441406,82.46160125732422,274.00518798828125,113.56241607666016,481.1395263671875,102.08999633789062,396.4800109863281,125.68000030517578,124.26769256591797,4.889999866485596,108.22969055175781,150.27967834472656,69.12735748291016,203.05999755859375,604.6365356445312,77.23960876464844,299.60760498046875,35.34000015258789,73.97000122070312,14.163360595703125,24.895111083984375,60.186912536621094,15.75,43.52859115600586,71.79325103759766,2.543731451034546,10.100000381469727,229.52000427246094,415.1287536621094,451.2379455566406,150.65220642089844,275.18682861328125,198.60012817382812,80.4605712890625,470.93365478515625,1761.3936767578125,105.2300033569336,104.39305114746094,136.5800018310547,196.44000244140625,196.7054443359375,38.433998107910156,35.641998291015625,7.4079999923706055,115.11000061035156,63.77000045776367,222.1999969482422,39.313899993896484
2025-09-10,192.70458984375,424.8436584472656,198.0800018310547,152.19064331054688,204.87660217285156,646.134521484375,295.75,298.54998779296875,106.87999725341797,137.60000610351562,134.58737182617188,139.09500122070312,153.1047821044922,288.3426513671875,928.6742553710938,76.07582092285156,80.02999877929688,601.7999877929688,51.060001373291016,219.9666748046875,336.2277526855469,223.64537048339844,27.949914932250977,79.45789337158203,29.648630142211914,41.88460159301758,48.485782623291016,175.06460571289062,498.5914306640625,30.80500030517578,94.73600769042969,31.586944580078125,102.55000305175781,35.16571044921875,53.029483795166016,47.2599983215332,26.649999618530273,72.45960998535156,94.15201568603516,25.360000610351562,357.3998107910156,21.31999969482422,655.7999877929688,207.09298706054688,46.131080627441406,24.5,185.15750122070312,11912.77734375,30.19744300842285,50.57477951049805,423.5725402832031,676.595458984375,34.09267044067383,18.1200008392334,286.4290466308594,250.2021026611328,42.15858840942383,645.3355712890625,127.9881820678711,416.5,66.37799072265625,302.4256591796875,99.81002807617188,407.8477783203125,952.2543334960938,73.29249572753906,81.28186798095703,115.0118408203125,262.7984924316406,339.6637878417969,173.7572021484375,23.361434936523438,750.9651489257812,206.7329864501953,81.89633178710938,272.5762939453125,113.06208801269531,475.28497314453125,101.0,388.54998779296875,124.12000274658203,122.81200408935547,4.71999979019165,110.03923034667969,153.1328887939453,70.08430480957031,203.7899932861328,642.4300537109375,79.31556701660156,318.7102966308594,34.310001373291016,73.75,14.163360595703125,24.83583641052246,60.41065216064453,16.260000228881836,44.510440826416016,72.52523040771484,2.534379243850708,10.100000381469727,227.52000427246094,419.9146423339844,457.961181640625,153.8787078857422,282.3294982910156,196.28221130371094,79.93624877929688,466.725341796875,1761.3936767578125,105.80000305175781,105.02835083007812,137.3800048828125,195.8000030517578,198.1244659423828,38.630001068115234,36.00600051879883,7.408999919891357,115.69999694824219,63.5,221.60000610351562,39.2755012512207
2025-09-11,194.1199493408203,426.4857177734375,197.10000610351562,151.84068298339844,203.72842407226562,638.056640625,308.04998779296875,298.8999938964844,103.5199966430664,132.66000366210938,135.57394409179688,144.55441284179688,153.1047821044922,269.5656433105469,955.2112426757812,76.53046417236328,82.08000183105469,581.9000244140625,55.959999084472656,216.13177490234375,336.89691162109375,224.28184509277344,28.747629165649414,79.74153137207031,29.028730392456055,42.14350509643555,48.644630432128906,175.50631713867188,498.20965576171875,31.440000534057617,93.66059112548828,31.67625617980957,102.80000305175781,35.05784225463867,52.84014129638672,47.099998474121094,26.510000228881836,71.72418212890625,93.22470092773438,25.440000534057617,356.7077331542969,20.059999465942383,654.7999877929688,208.48422241210938,46.87324142456055,23.399999618530273,190.45948791503906,11954.7724609375,30.070274353027344,50.02838897705078,424.77203369140625,682.36474609375,34.65587615966797,18.18000030517578,287.6700744628906,254.7744598388672,42.716556549072266,663.6184692382812,130.92909240722656,422.54998779296875,66.18224334716797,304.8870544433594,102.0366439819336,417.90509033203125,960.2505493164062,73.37146759033203,80.77189636230469,116.29317474365234,268.5661315917969,346.3536376953125,176.43585205078125,23.637170791625977,752.6170654296875,215.11404418945312,82.9878921508789,276.7064208984375,115.62254333496094,490.1158142089844,104.30999755859375,397.3699951171875,122.95999908447266,123.92802429199219,4.599999904632568,109.68710327148438,153.57931518554688,70.36054229736328,203.30999755859375,633.0365600585938,79.73474884033203,316.7183837890625,35.18000030517578,79.97000122070312,14.03244400024414,24.756803512573242,60.838687896728516,16.93000030517578,45.54187774658203,74.23648071289062,2.534379243850708,10.62600040435791,219.99000549316406,428.3246765136719,464.73382568359375,156.509521484375,280.4865417480469,199.62930297851562,80.69891357421875,471.7851867675781,1861.88916015625,106.43499755859375,105.71329498291016,138.3000030517578,196.39999389648438,198.80401611328125,38.89400100708008,36.26900100708008,7.497000217437744,116.44000244140625,64.58999633789062,222.1999969482422,39.15140151977539
2025-09-12,198.98390197753906,434.3974304199219,195.3800048828125,151.500732421875,204.5770721435547,638.45556640625,331.95001220703125,299.54998779296875,101.5,134.77999877929688,135.3174285888672,142.2630615234375,152.5580291748047,247.9152069091797,959.93115234375,76.65359497070312,82.16000366210938,589.4000244140625,53.06999969482422,217.21340942382812,338.904541015625,223.79225158691406,27.98979949951172,79.24988555908203,29.067474365234375,42.05720520019531,48.29890060424805,173.73947143554688,507.9447937011719,31.55500030517578,92.76441955566406,31.512516021728516,102.0,35.23435592651367,52.28669357299805,46.540000915527344,26.420000076293945,71.43387603759766,93.12604522705078,25.18000030517578,356.3122863769531,19.40999984741211,644.4000244140625,206.09925842285156,46.502159118652344,23.25,189.6739959716797,11792.7890625,29.99201774597168,49.96128845214844,420.37384033203125,686.1445922851562,35.03885269165039,18.209999084472656,288.1168518066406,255.85610961914062,42.63261032104492,656.0087890625,130.34092712402344,422.5,65.58521270751953,301.891845703125,102.87162017822266,417.1845703125,963.8154907226562,72.05860900878906,80.32077026367188,115.18070220947266,268.004150390625,345.2762145996094,176.00094604492188,22.69586753845215,751.7314453125,213.2776336669922,80.70730590820312,270.50146484375,112.37537384033203,478.1972961425781,96.73999786376953,394.5299987792969,118.41999816894531,120.45378112792969,4.630000114440918,109.70665740966797,152.47296142578125,70.67623138427734,201.6999969482422,624.45166015625,77.95821380615234,322.1763000488281,36.34000015258789,82.70999908447266,14.066385269165039,25.01365852355957,60.74140548706055,16.90999984741211,44.35175704956055,75.56417083740234,2.525027275085449,10.097999572753906,215.94000244140625,428.4636535644531,465.3064270019531,154.72256469726562,280.6160583496094,196.0596923828125,80.41291046142578,465.8935852050781,1877.7308349609375,106.49500274658203,105.89693450927734,138.33999633789062,196.3000030517578,199.6034698486328,38.891998291015625,36.321998596191406,7.468999862670898,116.46499633789062,64.36000061035156,222.14999389648438,40.28070068359375
2025-09-15,200.63845825195312,434.3476867675781,197.6999969482422,150.36087036132812,210.96701049804688,646.9324340820312,358.3999938964844,295.45001220703125,101.4800033569336,136.17999267578125,134.92279052734375,143.49839782714844,146.97354125976562,256.2384948730469,984.7155151367188,75.4507064819336,82.70999908447266,597.7000122070312,54.119998931884766,211.06771850585938,339.8605651855469,225.40789794921875,27.421428680419922,79.00405883789062,28.902812957763672,42.19144821166992,47.962520599365234,175.01553344726562,505.4632568359375,31.915000915527344,95.33345794677734,32.40068435668945,101.4000015258789,35.44028854370117,52.84014129638672,46.86000061035156,26.56999969482422,71.04680633544922,93.3825454711914,25.84000015258789,356.3122863769531,20.239999771118164,638.0,204.211181640625,46.68770217895508,23.350000381469727,192.65882873535156,11412.828125,29.850177764892578,50.40224075317383,418.87451171875,725.5347290039062,35.72972106933594,20.920000076293945,287.421875,257.87188720703125,42.602989196777344,659.7642211914062,130.7134246826172,416.8500061035156,65.29920196533203,298.60009765625,103.07042694091797,417.20428466796875,956.0482788085938,72.08822631835938,81.08572387695312,114.84298706054688,268.2605285644531,342.9007873535156,175.34857177734375,22.79094696044922,744.5662841796875,212.5645751953125,79.74275207519531,268.5538635253906,111.17022705078125,473.6352233886719,97.87999725341797,393.2099914550781,116.7750015258789,119.6677017211914,4.650000095367432,109.89250183105469,152.6670684814453,70.53812408447266,207.0,627.576171875,86.15225219726562,329.0883483886719,39.09000015258789,95.68000030517578,14.299127578735352,25.487850189208984,61.98658752441406,17.100000381469727,45.26417922973633,80.59648132324219,2.534379243850708,10.107999801635742,215.75,432.85235595703125,467.2217102050781,157.2243194580078,285.6866760253906,196.31930541992188,80.09830474853516,464.5072937011719,1930.7012939453125,106.63500213623047,105.93167114257812,138.5800018310547,196.77999877929688,200.2130584716797,38.94300079345703,36.44300079345703,7.4679999351501465,116.61499786376953,64.0999984741211,222.64999389648438,40.222801208496094
2025-09-16,201.33615112304688,431.11334228515625,198.9199981689453,148.80108642578125,211.51612854003906,647.4310302734375,353.3500061035156,296.6499938964844,101.72000122070312,135.24000549316406,137.2905731201172,144.9927520751953,146.71969604492188,255.44580078125,986.3685302734375,74.65508270263672,82.69000244140625,592.4000244140625,53.66999816894531,207.42945861816406,331.3520812988281,221.34429931640625,26.86302947998047,78.58805847167969,28.46694564819336,41.86542510986328,47.934486389160156,172.5124969482422,491.91046142578125,30.815000534057617,93.64067840576172,31.978925704956055,99.9000015258789,34.93035888671875,52.15561294555664,47.119998931884766,26.350000381469727,70.36943054199219,90.89654541015625,25.65999984741211,352.6542663574219,20.020000457763672,630.5999755859375,202.6212158203125,46.51192855834961,23.100000381469727,189.39907836914062,11344.8359375,29.894195556640625,50.25844955444336,421.62335205078125,729.0162353515625,36.33797836303711,21.399999618530273,283.1527404785156,255.65945434570312,42.11908721923828,651.6605224609375,129.16455078125,411.6499938964844,65.32878875732422,299.80609130859375,102.80204010009766,415.9607238769531,948.05224609375,71.81183624267578,82.7431411743164,114.45561218261719,266.7126159667969,334.9070739746094,174.41946411132812,22.72439193725586,761.0062866210938,211.24586486816406,79.8116455078125,267.261962890625,109.51068115234375,479.9043273925781,99.26000213623047,391.3599853515625,114.0999984741211,119.15335845947266,4.650000095367432,112.17153930664062,154.83123779296875,68.89058685302734,205.25,616.8250732421875,80.0740966796875,321.60858154296875,37.2599983215332,95.83000183105469,14.483383178710938,25.319908142089844,61.714202880859375,16.979999542236328,44.926979064941406,80.49703216552734,2.5438008308410645,10.576000213623047,215.02000427246094,437.5488586425781,468.278076171875,157.43280029296875,291.8530578613281,195.5868377685547,81.22322845458984,464.101318359375,1882.186279296875,105.73999786376953,105.1226577758789,137.5399932861328,193.3000030517578,199.06382751464844,38.612998962402344,36.3390007019043,7.38100004196167,115.63999938964844,63.279998779296875,218.6999969482422,40.689701080322266
2025-09-17,201.6850128173828,426.3364562988281,194.67999267578125,143.6417236328125,208.97015380859375,648.7274780273438,352.79998779296875,306.54998779296875,103.0,134.6999969482422,137.4681396484375,149.3164520263672,148.61375427246094,249.6987762451172,985.6715087890625,75.3180923461914,78.4000015258789,585.0,54.779998779296875,214.0668182373047,329.344482421875,220.56094360351562,27.30177116394043,78.4556884765625,28.26354217529297,41.702415466308594,47.66351318359375,175.50631713867188,493.4375305175781,30.735000610351562,91.60934448242188,32.40068435668945,99.04000091552734,35.06764602661133,53.145999908447266,47.5,26.43000030517578,70.0791244506836,91.82386016845703,25.850000381469727,351.5667419433594,20.739999771118164,627.2000122070312,201.72686767578125,46.15060806274414,23.399999618530273,188.16195678710938,11394.830078125,29.54693031311035,49.58744430541992,418.87451171875,733.0944213867188,37.37427520751953,21.540000915527344,288.2657775878906,259.0026550292969,42.97332000732422,661.345458984375,129.57626342773438,416.8999938964844,66.11778259277344,301.4667663574219,103.64696502685547,411.5686950683594,958.966064453125,71.37751007080078,81.61531829833984,115.31975555419922,264.1788024902344,336.7108154296875,175.15089416503906,22.86701202392578,756.448486328125,215.6903533935547,79.8608627319336,268.85723876953125,110.89363861083984,471.81842041015625,98.1500015258789,387.1499938964844,116.62000274658203,118.8525161743164,4.610000133514404,112.76820373535156,155.36500549316406,69.36412811279297,210.7100067138672,613.7105102539062,81.65101623535156,319.9801330566406,36.130001068115234,95.29000091552734,14.444592475891113,25.06305503845215,61.27644729614258,16.709999084472656,44.71870803833008,79.72129821777344,2.5438008308410645,10.37600040435791,214.6300048828125,447.4681091308594,467.0933532714844,157.1647491455078,288.39630126953125,196.263671875,80.25084686279297,464.5172119140625,1869.8099365234375,105.66999816894531,105.01841735839844,137.63999938964844,193.5800018310547,198.24440002441406,38.5989990234375,36.66400146484375,7.434000015258789,115.55999755859375,64.08999633789062,219.0,39.331199645996094
2025-09-18,201.6850128173828,431.2626037597656,197.66000366210938,149.56097412109375,212.21502685546875,664.3847045898438,361.79998779296875,313.29998779296875,104.23999786376953,131.16000366210938,140.54624938964844,161.0919952392578,150.78115844726562,253.61268615722656,1042.25048828125,75.96216583251953,79.93000030517578,624.4000244140625,58.40999984741211,225.66989135742188,331.92572021484375,223.2537078857422,27.471284866333008,78.87169647216797,28.31197166442871,41.19419479370117,48.177433013916016,177.96026611328125,497.2552185058594,30.450000762939453,94.77584075927734,33.42778015136719,97.45999908447266,34.56752014160156,54.544578552246094,47.02000045776367,26.200000762939453,69.59529113769531,90.26518249511719,27.219999313354492,356.3122863769531,20.799999237060547,618.4000244140625,202.22372436523438,46.20920181274414,23.799999237060547,188.29940795898438,11246.845703125,29.649642944335938,49.87501525878906,425.4217529296875,789.7924194335938,39.38679504394531,22.219999313354492,289.60614013671875,259.1010437011719,43.44240951538086,672.117431640625,132.5171661376953,417.3500061035156,65.54576110839844,297.6808166503906,102.98096466064453,412.04241943359375,948.3409423828125,71.17021942138672,81.81145477294922,114.08808898925781,263.80413818359375,330.0182189941406,172.14605712890625,22.962093353271484,759.23486328125,216.84300231933594,80.24471282958984,269.953369140625,112.2370834350586,480.26373291015625,96.30999755859375,387.1099853515625,118.62999725341797,118.6778335571289,4.71999979019165,111.43794250488281,154.1519012451172,69.83767700195312,209.6300048828125,609.9271850585938,82.449462890625,321.40936279296875,38.119998931884766,104.97000122070312,14.265186309814453,25.319908142089844,60.29391860961914,16.790000915527344,44.560028076171875,80.4870834350586,2.534379482269287,9.864999771118164,215.66000366210938,463.6526184082031,467.58697509765625,157.04562377929688,295.95733642578125,194.89146423339844,81.08023834228516,471.44854736328125,1900.503173828125,106.86000061035156,106.31774139404297,138.9600067138672,196.24000549316406,202.46151733398438,39.03900146484375,36.7130012512207,7.507999897003174,116.86499786376953,64.5999984741211,222.14999389648438,39.8932991027832
2025-09-19,206.02069091796875,434.0491027832031,198.60000610351562,149.9009246826172,214.71109008789062,659.5978393554688,360.95001220703125,310.54998779296875,103.87999725341797,132.9600067138672,140.0924072265625,160.27508544921875,148.37942504882812,254.30630493164062,1040.3785400390625,76.41680145263672,83.2300033569336,625.2000122070312,56.810001373291016,223.75244140625,332.2124938964844,223.64537048339844,27.421428680419922,78.72042083740234,28.166683197021484,41.05995178222656,48.10268020629883,176.0461883544922,497.4461364746094,30.920000076293945,94.83557891845703,32.73808670043945,97.27999877929688,34.763648986816406,53.644126892089844,46.880001068115234,26.200000762939453,69.4017562866211,88.6473159790039,26.219999313354492,355.02703857421875,20.920000076293945,625.2000122070312,202.02499389648438,46.04319381713867,23.899999618530273,190.3809356689453,11302.83984375,29.454002380371094,49.4340705871582,420.37384033203125,789.4940185546875,38.98879623413086,21.639999389648438,287.7693786621094,261.11676025390625,43.95099639892578,674.093994140625,132.4387664794922,417.6499938964844,65.51617431640625,298.90655517578125,101.71855163574219,410.2757263183594,947.1460571289062,69.97582244873047,82.92947387695312,112.9954833984375,261.4674987792969,331.86138916015625,174.152587890625,22.847997665405273,748.3478393554688,217.31187438964844,80.22502899169922,279.3293151855469,112.70136260986328,478.746337890625,96.22000122070312,383.1199951171875,115.94999694824219,119.2989273071289,4.949999809265137,110.35221862792969,151.5995330810547,70.12377166748047,212.49000549316406,623.0740966796875,86.01252746582031,329.5663757324219,46.77000045776367,135.22999572753906,14.008199691772461,24.638256072998047,60.683040618896484,16.969999313354492,44.5699462890625,81.39209747314453,2.524958372116089,10.553999900817871,215.64999389648438,463.23565673828125,466.9156494140625,157.0952606201172,299.9919128417969,194.1219024658203,80.13644409179688,465.022216796875,1908.9190673828125,106.96499633789062,106.53665924072266,139.0399932861328,195.82000732421875,202.661376953125,39.08399963378906,36.75299835205078,7.494999885559082,117.0,64.31999969482422,221.5500030517578,40.25529861450195
2025-09-22,206.02069091796875,435.0443115234375,198.60000610351562,149.9009246826172,214.71109008789062,660.121826171875,360.95001220703125,310.54998779296875,103.87999725341797,132.9600067138672,140.0924072265625,160.27508544921875,148.37942504882812,254.30630493164062,1066.706298828125,76.41680145263672,83.2300033569336,621.4000244140625,58.790000915527344,223.75244140625,332.2124938964844,223.64537048339844,27.421428680419922,78.72042083740234,28.166683197021484,41.05995178222656,48.10268020629883,176.0461883544922,497.4461364746094,30.920000076293945,94.83557891845703,32.73808670043945,97.27999877929688,34.763648986816406,53.644126892089844,46.880001068115234,26.200000762939453,69.4017562866211,88.6473159790039,26.219999313354492,355.02703857421875,20.920000076293945,631.2000122070312,205.2049102783203,46.04319381713867,23.899999618530273,190.3809356689453,11498.8193359375,29.483346939086914,49.58744430541992,424.3222351074219,806.5033569335938,38.98879623413086,21.639999389648438,287.7693786621094,261.11676025390625,43.79792404174805,675.2799072265625,133.49746704101562,419.29998779296875,65.29920196533203,299.509521484375,102.20562744140625,406.6337890625,939.2794799804688,70.36079406738281,83.64540100097656,111.80354309082031,256.7252197265625,336.4052734375,172.1954803466797,22.857505798339844,751.2935180664062,217.4290771484375,79.13253021240234,279.90673828125,111.12083435058594,474.164306640625,98.72000122070312,383.1300048828125,117.48999786376953,119.71622467041016,4.880000114440918,109.56971740722656,151.4442596435547,71.37667846679688,219.1999969482422,643.2385864257812,86.14227294921875,345.7209777832031,45.0,140.3000030517578,14.008199691772461,25.07293128967285,61.91849136352539,17.360000610351562,44.78813171386719,79.9400863647461,2.515536308288574,10.553999900817871,212.08999633789062,468.7562561035156,474.2707824707031,158.27664184570312,299.8723449707031,193.77883911132812,80.29851531982422,464.4281005859375,1908.9190673828125,107.18000030517578,106.85009002685547,139.27999877929688,194.86000061035156,203.56076049804688,39.14500045776367,36.72999954223633,7.486000061035156,117.23999786376953,64.16000366210938,220.5500030517578,41.68429946899414
2025-09-23,216.2370147705078,431.51141357421875,189.32000732421875,152.8805389404297,213.71266174316406,649.542236328125,367.54998779296875,309.3999938964844,102.83999633789062,137.5,142.5785675048828,172.1502685546875,150.76162719726562,263.3232116699219,1066.656494140625,75.21391296386719,84.0,619.0,58.130001068115234,222.42495727539062,332.8817138671875,224.23287963867188,27.431400299072266,79.06079864501953,27.508039474487305,41.08871841430664,48.5605354309082,181.83749389648438,494.2010498046875,30.915000915527344,96.05039978027344,33.541900634765625,93.22000122070312,35.92080307006836,54.39131164550781,47.04999923706055,26.270000457763672,66.9825668334961,88.33163452148438,26.700000762939453,359.4759826660156,21.0,627.0,203.11807250976562,45.97483825683594,24.700000762939453,190.81295776367188,11256.8447265625,29.850177764892578,50.22010803222656,431.6191711425781,815.4556274414062,37.75725555419922,20.3799991607666,287.37225341796875,262.00177001953125,43.862117767333984,683.9766235351562,135.22280883789062,421.1499938964844,65.79232788085938,299.70721435546875,101.90740966796875,405.5580139160156,939.6179809570312,70.01530456542969,84.0376968383789,111.49563598632812,256.1533508300781,342.7036437988281,174.53805541992188,22.943077087402344,743.362060546875,217.44863891601562,78.699462890625,280.699462890625,113.0075912475586,468.9334411621094,98.2699966430664,379.7200012207031,118.19000244140625,119.19217681884766,5.610000133514404,111.45750427246094,152.77381896972656,71.34709167480469,215.72999572753906,632.2977905273438,86.72114562988281,335.293212890625,41.63999938964844,142.64999389648438,14.444592475891113,24.914867401123047,61.84066390991211,17.350000381469727,44.98648452758789,79.6815185546875,2.524958372116089,11.618000030517578,216.33999633789062,467.9222412109375,480.47076416015625,159.3786163330078,304.46478271484375,194.0662841796875,80.4701156616211,467.0422058105469,1893.077392578125,107.29499816894531,106.92472839355469,139.52000427246094,195.75999450683594,203.7606201171875,39.19900131225586,36.909000396728516,7.5269999504089355,117.33499908447266,64.69000244140625,221.5,42.24639892578125
2025-09-24,213.84490966796875,432.2578125,188.0399932861328,151.36074829101562,211.81564331054688,644.0528564453125,374.5,298.25,102.22000122070312,137.77999877929688,145.63690185546875,172.5686798095703,152.87045288085938,257.37799072265625,1064.1373291015625,75.128662109375,83.2699966430664,598.2000122070312,55.209999084472656,224.19491577148438,330.7784729003906,221.6380615234375,27.53111457824707,80.19536590576172,27.663013458251953,40.6955680847168,49.102481842041016,181.34671020507812,495.5372619628906,30.735000610351562,98.2410659790039,33.24915313720703,93.12000274658203,36.391510009765625,54.19972610473633,46.77000045776367,26.229999542236328,66.84709167480469,87.18728637695312,27.43000030517578,359.7725830078125,21.5,622.0,203.2174530029297,45.34009552001953,24.549999237060547,190.26312255859375,11208.849609375,30.08005714416504,51.28413391113281,438.1664123535156,803.7182006835938,37.456878662109375,20.940000534057617,287.0247497558594,263.7225341796875,43.60041427612305,675.7740478515625,133.49746704101562,421.3500061035156,65.53589630126953,300.8341369628906,102.11616516113281,404.4328308105469,941.2809448242188,70.30157470703125,82.64507293701172,112.6677017211914,253.708251953125,346.7645568847656,174.6468048095703,22.905046463012695,738.2569580078125,214.88937377929688,78.41403198242188,273.27117919921875,112.2864761352539,467.18646240234375,99.75,376.6199951171875,118.7699966430664,119.36685943603516,5.489999771118164,112.05416107177734,154.48187255859375,72.83677673339844,219.1699981689453,627.8656616210938,82.92852783203125,337.76318359375,39.66999816894531,131.1699981689453,14.827648162841797,25.221118927001953,62.132503509521484,18.719999313354492,37.359806060791016,81.1335220336914,2.515536308288574,12.267999649047852,215.10000610351562,466.4626159667969,480.0561218261719,160.21255493164062,299.15509033203125,193.40798950195312,79.98391723632812,464.3389587402344,1958.9193115234375,107.1050033569336,106.77049255371094,139.33999633789062,196.0800018310547,203.16104125976562,39.132999420166016,36.84700012207031,7.486000061035156,117.1449966430664,64.43000030517578,221.89999389648438,41.817298889160156
2025-09-25,216.48619079589844,433.8998718261719,188.5399932861328,153.2005157470703,210.51771545410156,644.9511108398438,366.6000061035156,303.20001220703125,103.94000244140625,136.6199951171875,144.25572204589844,170.018310546875,152.4799346923828,249.40151977539062,1054.6077880859375,73.414306640625,83.41999816894531,608.7999877929688,54.38999938964844,221.441650390625,333.93328857421875,219.14112854003906,27.167158126831055,80.19536590576172,27.730815887451172,40.35995864868164,48.75675582885742,176.9786834716797,495.91900634765625,30.155000686645508,96.7474365234375,33.060604095458984,92.22000122070312,36.54841232299805,54.27635955810547,46.15999984741211,25.780000686645508,66.75032806396484,86.12186431884766,26.950000762939453,360.46466064453125,21.81999969482422,603.2000122070312,195.2676239013672,43.77765655517578,24.899999618530273,190.40057373046875,10954.875,30.309938430786133,51.169105529785156,439.96563720703125,807.3986206054688,36.31169509887695,20.780000686645508,285.4362487792969,264.6075439453125,44.10406494140625,674.19287109375,133.16416931152344,424.79998779296875,65.07237243652344,298.8274230957031,102.43424987792969,402.1430969238281,939.3292236328125,68.34709930419922,82.21355438232422,112.23065948486328,251.93359375,340.60418701171875,175.6747589111328,22.43914794921875,711.1290283203125,213.4729766845703,76.37666320800781,265.4024353027344,109.63909149169922,458.4217529296875,98.08000183105469,381.8699951171875,116.01000213623047,118.6196060180664,5.170000076293945,113.06163024902344,155.97642517089844,73.64574432373047,223.0500030517578,606.453369140625,85.49353790283203,325.0147705078125,37.70000076293945,119.12999725341797,15.026448249816895,25.211238861083984,63.65006637573242,18.350000381469727,35.04899215698242,84.3657455444336,2.515536308288574,11.411999702453613,213.52999877929688,460.43560791015625,478.1704406738281,159.3488311767578,296.0469970703125,192.57351684570312,78.72553253173828,462.1209716796875,1958.9193115234375,106.95500183105469,106.74561309814453,139.13999938964844,194.97999572753906,203.16104125976562,39.08300018310547,36.78900146484375,7.426000118255615,116.9749984741211,64.0,220.6999969482422,42.83209991455078
2025-09-26,217.83175659179688,432.2080078125,187.74000549316406,150.7208251953125,210.9170684814453,632.3754272460938,367.04998779296875,305.29998779296875,103.22000122070312,134.75999450683594,142.44044494628906,171.55250549316406,153.35862731933594,241.37548828125,1059.77587890625,74.11520385742188,83.66999816894531,605.2999877929688,52.90999984741211,221.39247131347656,342.34619140625,223.9880828857422,27.172142028808594,81.06520080566406,27.750186920166016,40.7435188293457,49.82196807861328,176.9786834716797,515.3892822265625,30.549999237060547,98.3008041381836,32.41556930541992,90.62000274658203,37.176021575927734,54.602054595947266,46.349998474121094,25.920000076293945,66.6922607421875,87.22674560546875,26.280000686645508,369.1648254394531,21.559999465942383,613.2000122070312,195.6651153564453,44.18779373168945,25.25,192.12863159179688,10998.87109375,30.80393409729004,52.00306701660156,445.31341552734375,808.4927368164062,35.38428497314453,20.940000534057617,286.47869873046875,265.3941650390625,44.08431625366211,678.2446899414062,134.732666015625,426.1499938964844,64.7666244506836,301.7336730957031,102.5436019897461,404.7486877441406,912.0846557617188,68.41619110107422,81.78203582763672,112.70743560791016,253.501220703125,339.1453857421875,177.6318817138672,22.591278076171875,721.03076171875,215.4949951171875,77.321533203125,267.1640930175781,110.73558044433594,463.4330139160156,98.08000183105469,385.739990234375,116.76000213623047,119.9976577758789,5.269999980926514,114.65597534179688,155.43295288085938,74.82959747314453,220.02000427246094,604.107421875,85.4136962890625,329.9249267578125,38.0,110.52999877929688,15.181610107421875,25.606399536132812,63.037208557128906,18.639999389648438,35.45561981201172,87.61784362792969,2.515536308288574,11.734000205993652,221.25999450683594,462.4611511230469,481.23095703125,162.16830444335938,293.85540771484375,193.02784729003906,79.81231689453125,459.4375305175781,1941.097412109375,107.06500244140625,106.70581817626953,139.05999755859375,196.66000366210938,202.511474609375,39.119998931884766,36.47800064086914,7.458000183105469,117.08499908447266,64.30000305175781,222.5500030517578,42.88909912109375
2025-09-29,215.43963623046875,435.7906799316406,188.32000732421875,155.28024291992188,211.16668701171875,634.5712280273438,375.6499938964844,307.0,103.37999725341797,138.74000549316406,139.4610137939453,176.47393798828125,154.12014770507812,238.20469665527344,1059.6165771484375,74.0867919921875,85.18000030517578,619.0999755859375,53.150001525878906,221.7858123779297,340.720947265625,221.4911651611328,27.635814666748047,80.89501190185547,27.87610626220703,40.83940505981445,50.35457229614258,177.76394653320312,519.3978881835938,30.030000686645508,98.67919158935547,32.78770446777344,91.76000213623047,37.04853820800781,54.02729797363281,46.470001220703125,26.270000457763672,66.63420104980469,87.28594207763672,26.219999313354492,369.5602722167969,21.639999389648438,611.2000122070312,226.17259216308594,44.52957534790039,25.450000762939453,192.42318725585938,11086.8623046875,30.339282989501953,50.85276794433594,434.4179992675781,821.12548828125,35.48190689086914,20.899999618530273,286.826171875,263.82086181640625,43.9460563659668,673.0069580078125,133.67393493652344,424.8500061035156,65.13153839111328,299.509521484375,102.46407318115234,401.5014953613281,913.0008544921875,68.65310668945312,83.9886474609375,114.00862884521484,249.75469970703125,340.2296447753906,179.519775390625,22.676851272583008,722.9913330078125,217.98587036132812,77.34122467041016,268.13299560546875,111.24925994873047,461.2368469238281,98.0999984741211,395.30999755859375,117.62000274658203,120.43436431884766,5.449999809265137,111.72160339355469,151.49276733398438,75.18475341796875,223.52999877929688,601.3722534179688,84.29586791992188,332.9178161621094,38.15999984741211,116.51000213623047,14.939169883728027,25.89288902282715,64.1267318725586,19.969999313354492,36.814334869384766,86.4045181274414,2.506114959716797,11.84000015258789,217.0800018310547,468.26971435546875,485.713134765625,162.44627380371094,292.8679504394531,194.03846740722656,80.555908203125,460.9228210449219,1968.8203125,107.34500122070312,107.00433349609375,139.60000610351562,196.67999267578125,204.0604248046875,39.222999572753906,36.792999267578125,7.4629998207092285,117.41000366210938,63.91999816894531,222.60000610351562,44.74689865112305
2025-09-30,215.43963623046875,435.7906799316406,188.32000732421875,155.28024291992188,211.16668701171875,634.5712280273438,375.6499938964844,307.0,103.37999725341797,138.74000549316406,139.4610137939453,176.47393798828125,154.12014770507812,238.20469665527344,1074.025146484375,74.0867919921875,85.18000030517578,591.5999755859375,51.869998931884766,221.7858123779297,340.720947265625,221.4911651611328,27.635814666748047,80.89501190185547,27.87610626220703,40.83940505981445,50.35457229614258,177.76394653320312,519.3978881835938,30.030000686645508,98.67919158935547,32.78770446777344,91.76000213623047,37.04853820800781,54.02729797363281,46.470001220703125,26.270000457763672,66.63420104980469,87.28594207763672,26.219999313354492,369.5602722167969,21.639999389648438,617.2000122070312,233.5261688232422,44.52957534790039,25.450000762939453,192.42318725585938,11180.8525390625,29.801265716552734,49.58744430541992,425.5716857910156,823.711669921875,35.48190689086914,20.899999618530273,286.826171875,263.82086181640625,43.22514724731445,666.1878662109375,133.67393493652344,424.8500061035156,65.40768432617188,300.3992004394531,102.44419860839844,399.9125061035156,921.7238159179688,68.83078002929688,82.96870422363281,113.73051452636719,247.7729949951172,340.347900390625,183.2758331298828,24.226673126220703,759.3045654296875,226.17156982421875,82.60688018798828,276.18768310546875,109.64897155761719,484.1768798828125,98.62000274658203,391.6400146484375,121.44999694824219,124.45208740234375,5.289999961853027,110.28376007080078,150.7066650390625,74.47444152832031,220.52999877929688,613.8204345703125,83.69703674316406,327.7437438964844,36.0,111.62999725341797,14.939169883728027,25.47797393798828,64.21429443359375,20.229999542236328,38.89704895019531,80.63626098632812,2.524958372116089,11.84000015258789,215.8300018310547,473.7704772949219,492.85101318359375,166.1195068359375,300.039306640625,195.16958618164062,79.63118743896484,454.3548278808594,1968.8203125,107.19499969482422,106.82522583007812,139.4600067138672,197.55999755859375,203.41085815429688,39.1510009765625,36.827999114990234,7.431000232696533,117.25499725341797,63.630001068115234,223.5,44.007999420166016
2025-10-01,217.38323974609375,437.283447265625,187.32000732421875,159.07977294921875,205.4756622314453,609.9189453125,387.6499938964844,292.45001220703125,99.69999694824219,138.47999572753906,138.6914825439453,179.40289306640625,151.32789611816406,241.8709259033203,1124.08203125,80.45170593261719,82.73999786376953,607.0,50.29999923706055,223.99826049804688,347.3173828125,226.6318817138672,29.555313110351562,81.12193298339844,28.27322769165039,41.05036544799805,50.59751892089844,183.11355590820312,522.6428833007812,30.094999313354492,103.70774841308594,33.29380798339844,92.91999816894531,38.313560485839844,54.6595344543457,47.400001525878906,26.65999984741211,66.7696762084961,87.50296783447266,26.280000686645508,390.61871337890625,22.760000228881836,661.4000244140625,244.1590576171875,45.2131462097168,26.0,195.5258331298828,12434.7236328125,30.27570152282715,50.27940368652344,427.57086181640625,836.9412841796875,37.59955596923828,22.040000915527344,294.6198425292969,261.5592956542969,43.0226936340332,666.8796997070312,131.9486083984375,424.20001220703125,65.86136627197266,297.06787109375,101.35076141357422,391.8489074707031,913.4688110351562,73.24313354492188,82.7725601196289,112.19092559814453,244.49972534179688,343.3049011230469,183.8985595703125,25.8715763092041,821.4221801757812,238.71388244628906,88.70913696289062,292.1404113769531,109.79714965820312,529.807373046875,102.20999908447266,404.2099914550781,118.56999969482422,127.82929229736328,5.199999809265137,109.54037475585938,150.01763916015625,77.61166381835938,224.82000732421875,605.0857543945312,83.32775115966797,349.4857177734375,36.61000061035156,115.93000030517578,14.72097396850586,26.376962661743164,64.4866714477539,20.649999618530273,38.76811218261719,84.00770568847656,2.515536308288574,10.994000434875488,215.1999969482422,477.41448974609375,492.6437072753906,165.9904327392578,300.0991516113281,194.87289428710938,80.44151306152344,448.8599548339844,1931.69140625,108.03500366210938,107.56654357910156,140.5,199.83999633789062,204.70997619628906,39.45800018310547,37.19599914550781,7.513999938964844,118.13500213623047,64.45999908447266,226.14999389648438,45.06039810180664
2025-10-02,219.42649841308594,435.5419006347656,188.8000030517578,161.87939453125,208.17140197753906,614.210693359375,384.1499938964844,296.8500061035156,99.11000061035156,144.32000732421875,141.23683166503906,187.4126434326172,151.5426788330078,243.75355529785156,1134.427734375,80.64112854003906,81.33000183105469,605.0999755859375,51.90999984741211,228.22650146484375,346.36138916015625,236.1789093017578,29.036800384521484,82.38887023925781,28.205427169799805,41.86542510986328,51.40109634399414,182.81907653808594,527.7968139648438,30.045000076293945,107.98948669433594,33.97357940673828,93.4000015258789,38.28414535522461,55.38755798339844,47.0099983215332,26.75,67.56317138671875,89.55490112304688,27.18000030517578,384.686767578125,22.860000610351562,668.7999877929688,244.85467529296875,45.8088264465332,26.100000381469727,198.2848358154297,12452.7216796875,30.06049156188965,49.68490219116211,422.3230895996094,872.9493408203125,37.347991943359375,23.219999313354492,292.0384826660156,258.1668701171875,42.40547180175781,653.8346557617188,128.94886779785156,425.0,65.19071197509766,296.4352722167969,101.09231567382812,389.8651123046875,912.9012451171875,73.60836029052734,85.0478286743164,111.38636779785156,243.8489990234375,348.6471862792969,183.82936096191406,25.747974395751953,815.879150390625,231.07518005371094,88.09891510009766,291.0638427734375,109.21432495117188,524.0474853515625,104.51000213623047,408.8500061035156,119.94000244140625,127.1014404296875,5.139999866485596,108.8556900024414,148.8433380126953,77.12825775146484,232.1300048828125,605.1655883789062,84.03636932373047,356.0193176269531,39.5099983215332,128.8000030517578,14.628847122192383,26.16950225830078,64.45748901367188,20.889999389648438,38.5499267578125,87.13052368164062,2.515536308288574,11.345999717712402,217.42999267578125,487.0954284667969,492.99908447265625,165.424560546875,298.6728515625,195.64247131347656,81.57596588134766,458.8858337402344,1966.3450927734375,108.41999816894531,107.9844741821289,141.05999755859375,202.3000030517578,206.1589813232422,39.604000091552734,37.391998291015625,7.538000106811523,118.55999755859375,64.4800033569336,229.0,45.1697998046875
2025-10-03,219.476318359375,440.5675964355469,189.63999938964844,161.23948669433594,208.27125549316406,611.416015625,366.3999938964844,298.20001220703125,98.63999938964844,143.4600067138672,143.13104248046875,185.320556640625,151.93319702148438,247.07296752929688,1096.8778076171875,82.13764190673828,83.02999877929688,585.5,53.040000915527344,226.3090362548828,345.5965881347656,236.1789093017578,28.7675724029541,81.7081298828125,28.15699577331543,42.45035171508789,51.77485275268555,184.1442108154297,526.8424072265625,30.274999618530273,105.59968566894531,33.879302978515625,93.27999877929688,38.499881744384766,56.01979446411133,47.15999984741211,26.84000015258789,67.38898468017578,89.29840850830078,26.959999084472656,388.0481872558594,22.540000915527344,678.4000244140625,250.4195556640625,46.521690368652344,26.0,199.85580444335938,12648.701171875,30.42243194580078,49.76287078857422,423.5725402832031,875.4360961914062,38.027591705322266,23.81999969482422,296.85369873046875,260.2318115234375,42.59311294555664,664.70556640625,130.9879150390625,425.20001220703125,65.73314666748047,297.52264404296875,101.4601058959961,389.9144592285156,911.51708984375,71.00241088867188,84.75360870361328,111.71415710449219,242.8828125,355.03424072265625,186.45860290527344,26.02370834350586,835.80224609375,228.48663330078125,87.7839584350586,291.5434265136719,111.31840515136719,542.3755493164062,105.48999786376953,403.29998779296875,120.30000305175781,128.4794921875,5.230000019073486,110.78260040283203,149.01803588867188,78.98295593261719,230.1300048828125,593.9453125,84.00643157958984,358.5491027832031,40.119998931884766,127.36000061035156,14.580358505249023,26.199140548706055,64.31156921386719,21.440000534057617,39.34333419799805,87.73719024658203,2.506114959716797,11.317999839782715,216.3000030517578,494.3238830566406,498.0637512207031,165.3749237060547,296.2292175292969,193.82521057128906,82.7294921875,459.9391174316406,1943.07763671875,108.87000274658203,108.26805877685547,141.66000366210938,201.89999389648438,206.20895385742188,39.763999938964844,37.51100158691406,7.605999946594238,119.11000061035156,65.2300033569336,228.5500030517578,45.36970138549805
2025-10-06,219.07765197753906,445.59326171875,187.4199981689453,159.0597686767578,210.567626953125,611.416015625,366.3999938964844,296.0,98.38999938964844,179.4600067138672,142.67721557617188,191.8758087158203,151.95272827148438,248.55926513671875,1134.8759765625,81.37991333007812,83.02999877929688,591.0,56.959999084472656,227.73484802246094,347.0306091308594,238.1862335205078,28.269001007080078,84.41219329833984,28.060136795043945,42.12432861328125,51.76551055908203,184.1442108154297,526.8424072265625,29.864999771118164,105.59968566894531,33.81976318359375,92.86000061035156,39.019622802734375,56.59455490112305,47.15999984741211,26.84000015258789,67.38898468017578,89.29840850830078,26.959999084472656,388.0481872558594,22.540000915527344,679.7999877929688,251.61203002929688,46.521690368652344,26.0,199.85580444335938,12724.693359375,30.8919734954834,50.00651931762695,432.6187438964844,892.544921875,38.70344161987305,23.81999969482422,295.6126708984375,261.96240234375,42.65730285644531,675.2799072265625,132.2034912109375,431.04998779296875,65.19071197509766,292.6393737792969,102.08634185791016,384.2590637207031,907.0958251953125,70.25221252441406,80.52671813964844,111.99227142333984,238.26866149902344,353.6247253417969,185.98416137695312,25.129945755004883,840.9571533203125,224.85287475585938,87.40010833740234,287.85369873046875,112.19757843017578,543.0045166015625,105.16000366210938,402.8999938964844,119.94000244140625,128.3436279296875,5.46999979019165,111.70203399658203,149.4741668701172,81.00538635253906,229.57000732421875,602.1608276367188,85.14421844482422,362.632568359375,41.939998626708984,138.55999755859375,14.64824104309082,27.068492889404297,65.15790557861328,21.639999389648438,39.98798751831055,91.52633666992188,2.506114959716797,11.42199993133545,219.72999572753906,491.87139892578125,507.6895751953125,167.57887268066406,297.446044921875,193.77883911132812,82.57696533203125,454.4045104980469,1943.07763671875,109.23999786376953,108.51683044433594,142.17999267578125,201.9499969482422,207.2582244873047,39.90700149536133,37.72600173950195,7.65500020980835,119.48999786376953,65.66999816894531,228.5500030517578,46.28379821777344
2025-10-07,219.02781677246094,447.2850646972656,189.6199951171875,158.8397979736328,211.36636352539062,607.4237670898438,379.3999938964844,296.70001220703125,102.54000091552734,180.5399932861328,141.53280639648438,185.420166015625,151.1912078857422,233.89442443847656,1080.13916015625,80.22438049316406,83.94999694824219,579.7000122070312,60.84000015258789,231.07809448242188,348.2734069824219,237.25601196289062,27.70062828063965,82.71033477783203,28.137624740600586,42.19144821166992,51.55059814453125,183.55526733398438,541.3496704101562,29.834999084472656,104.4545669555664,33.28388595581055,93.04000091552734,39.15691375732422,55.48334884643555,46.310001373291016,26.81999969482422,67.75670623779297,90.48221588134766,26.579999923706055,386.4663391113281,23.200000762939453,679.0,252.30763244628906,47.39079666137695,25.399999618530273,198.481201171875,12778.6884765625,31.38108253479004,49.577693939208984,431.41925048828125,870.1641845703125,37.93748092651367,23.239999771118164,299.93145751953125,260.0834655761719,42.716556549072266,667.571533203125,130.9879150390625,430.0,65.87122344970703,292.9161682128906,102.62311553955078,381.77191162109375,910.9395141601562,68.0213623046875,79.7225341796875,111.77375030517578,236.5137176513672,358.4446105957031,186.70570373535156,24.977815628051758,839.5440063476562,227.4316864013672,86.22886657714844,289.24346923828125,115.3586196899414,538.2327880859375,106.05999755859375,410.2799987792969,118.63999938964844,127.66431427001953,5.539999961853027,111.76072692871094,150.33790588378906,82.09058380126953,227.88999938964844,605.0557861328125,86.28199768066406,356.71649169921875,39.209999084472656,134.1199951171875,14.628847122192383,27.51304817199707,64.44776153564453,21.84000015258789,40.354942321777344,90.03453826904297,2.506114959716797,11.277999877929688,221.82000732421875,483.2627868652344,504.5599670410156,168.04547119140625,300.9569091796875,193.76031494140625,81.96683502197266,458.57781982421875,1865.849609375,109.0199966430664,108.4571304321289,141.89999389648438,202.0500030517578,206.85850524902344,39.83300018310547,37.676998138427734,7.571000099182129,119.2750015258789,64.70999908447266,228.5500030517578,46.17399978637695
2025-10-08,221.17074584960938,449.573974609375,192.77999877929688,162.0793914794922,210.61753845214844,607.4237670898438,379.3999938964844,299.54998779296875,103.94000244140625,192.6999969482422,142.95346069335938,184.702880859375,152.10894775390625,244.2985382080078,1058.0830078125,80.10124969482422,83.94999694824219,588.7999877929688,71.08000183105469,233.2413787841797,354.7742614746094,240.1446075439453,27.341657638549805,75.88399505615234,28.331342697143555,41.37638854980469,50.04622268676758,183.55526733398438,541.3496704101562,30.489999771118164,104.4545669555664,32.807552337646484,91.31999969482422,39.715877532958984,54.67869186401367,46.310001373291016,26.81999969482422,67.75670623779297,90.48221588134766,26.579999923706055,386.4663391113281,23.200000762939453,687.2000122070312,254.99070739746094,47.39079666137695,25.399999618530273,198.481201171875,12804.685546875,31.293041229248047,49.82134246826172,432.0690002441406,847.2860717773438,38.4781608581543,23.239999771118164,299.93145751953125,261.8634948730469,42.79062271118164,668.2633056640625,131.92898559570312,432.95001220703125,65.21044158935547,291.0181884765625,102.28515625,378.791259765625,910.9395141601562,68.19902801513672,78.49663543701172,111.13805389404297,234.24609375,364.6148376464844,187.49647521972656,24.41683578491211,841.623779296875,225.8785400390625,85.0379409790039,288.3430480957031,116.81072998046875,535.2579345703125,106.27999877929688,421.1499938964844,118.70999908447266,128.40185546875,5.579999923706055,111.52597045898438,149.2024383544922,82.909423828125,231.3699951171875,624.3518676757812,86.04246520996094,369.5047302246094,38.20000076293945,134.77000427246094,14.5076265335083,27.59208106994629,65.85831451416016,23.420000076293945,42.49715042114258,91.18820190429688,2.515536308288574,11.883999824523926,225.32000732421875,498.5636291503906,507.472412109375,167.3505401611328,301.7747802734375,194.5669403076172,82.22422790527344,457.8226318359375,1865.849609375,110.01000213623047,109.57657623291016,143.16000366210938,203.85000610351562,209.50668334960938,40.185001373291016,37.9640007019043,7.650000095367432,120.3499984741211,65.4800033569336,230.60000610351562,46.702598571777344
2025-10-09,219.42649841308594,446.63818359375,193.10000610351562,167.51869201660156,206.67376708984375,607.4237670898438,379.3999938964844,300.6499938964844,106.4000015258789,201.25,142.95346069335938,188.50851440429688,151.0154571533203,255.61740112304688,1049.0018310546875,80.29067993164062,83.94999694824219,584.0999755859375,67.94000244140625,233.8313751220703,352.76666259765625,241.3196258544922,28.119428634643555,75.92181396484375,28.331342697143555,41.20378875732422,49.68180847167969,187.87420654296875,540.3952026367188,30.424999237060547,109.28396606445312,32.9266357421875,91.31999969482422,39.72568130493164,54.41046905517578,48.150001525878906,26.81999969482422,67.75670623779297,89.51543426513672,26.579999923706055,394.1778869628906,23.979999542236328,694.5999755859375,258.5681457519531,47.39079666137695,25.950000762939453,200.9358367919922,12938.671875,31.385971069335938,49.84083557128906,432.4188232421875,845.2966918945312,38.4781608581543,23.239999771118164,300.47747802734375,261.8634948730469,42.5289192199707,664.5078735351562,131.04672241210938,430.5,65.45700073242188,290.43499755859375,101.16189575195312,372.77069091796875,938.9110107421875,67.18231964111328,78.24164581298828,110.24409484863281,231.3671875,362.41680908203125,188.87039184570312,23.998477935791016,851.2072143554688,225.34129333496094,86.12060546875,289.13580322265625,115.31910705566406,533.7506103515625,104.4800033569336,414.8599853515625,122.5199966430664,127.18878173828125,5.449999809265137,110.44026184082031,147.1644287109375,82.58385467529297,234.3000030517578,633.1563720703125,86.56146240234375,381.6854553222656,40.61000061035156,138.1300048828125,14.5076265335083,26.920307159423828,65.17736053466797,22.559999465942383,42.953365325927734,95.97187042236328,2.506114959716797,11.883999824523926,216.0,496.8160705566406,501.2921142578125,161.0067596435547,298.5731201171875,189.3562469482422,81.29949951171875,453.3214416503906,1865.849609375,110.0999984741211,109.78055572509766,143.16000366210938,203.9499969482422,210.25616455078125,40.20399856567383,37.92399978637695,7.651000022888184,120.43499755859375,65.13999938964844,230.85000610351562,47.36949920654297
2025-10-10,213.79505920410156,441.7120361328125,189.05999755859375,161.35948181152344,204.27755737304688,611.3162841796875,360.79998779296875,291.70001220703125,106.08000183105469,184.86000061035156,135.672607421875,184.14498901367188,148.0670166015625,252.78768920898438,978.5817260742188,78.96466064453125,80.94000244140625,579.5,61.060001373291016,226.70236206054688,351.2370300292969,237.25601196289062,27.900056838989258,74.20104217529297,28.709095001220703,40.46543502807617,49.709842681884766,184.04605102539062,539.2499389648438,30.079999923706055,105.54989624023438,31.775493621826172,89.16000366210938,39.63742446899414,54.06561279296875,47.70000076293945,27.1299991607666,68.02765655517578,89.21949005126953,26.219999313354492,380.6332702636719,24.0,685.4000244140625,254.39447021484375,46.101783752441406,25.0,198.23574829101562,12780.6884765625,30.358848571777344,48.72979736328125,420.32391357421875,809.5869750976562,37.17903137207031,23.0,296.0097961425781,259.5395812988281,41.92157745361328,652.5498657226562,129.615478515625,423.29998779296875,66.11778259277344,293.5982360839844,101.23148345947266,370.85595703125,926.0853881835938,64.37894439697266,76.94709777832031,108.4561996459961,228.95167541503906,349.4159851074219,188.51455688476562,23.561105728149414,829.4530639648438,225.15570068359375,84.6343994140625,283.9486999511719,115.75375366210938,523.8876953125,102.05999755859375,407.7900085449219,121.70999908447266,126.189208984375,5.099999904632568,108.30793762207031,144.50527954101562,82.22870635986328,225.91000366210938,603.49853515625,86.48161315917969,367.0048522949219,39.2400016784668,147.16000366210938,14.100326538085938,25.971923828125,63.65979766845703,21.34000015258789,40.54337692260742,89.36820983886719,2.506114959716797,12.883999824523926,210.72999572753906,487.82025146484375,498.61663818359375,156.5591583251953,290.7334899902344,186.27804565429688,79.00199127197266,443.51416015625,1863.374267578125,107.91999816894531,107.467041015625,140.1199951171875,200.8000030517578,205.30955505371094,39.404998779296875,36.75199890136719,7.455999851226807,118.05999755859375,63.08000183105469,227.25,48.37459945678711
2025-10-13,214.34327697753906,441.9110412597656,190.36000061035156,162.57931518554688,208.92022705078125,616.10693359375,367.8999938964844,291.70001220703125,105.68000030517578,189.16000366210938,137.11297607421875,189.0066375732422,147.87176513671875,264.30511474609375,1020.6525268554688,79.532958984375,81.3499984741211,597.5,64.27999877929688,227.53817749023438,352.3842468261719,240.97691345214844,27.67569923400879,74.82505798339844,28.515377044677734,40.92570495605469,49.9340934753418,185.2730255126953,537.7228393554688,30.5,108.03927612304688,32.336177825927734,89.04000091552734,40.20619583129883,54.31467819213867,48.060001373291016,27.479999542236328,67.9308853149414,89.02218627929688,26.540000915527344,385.8731384277344,24.280000686645508,697.5999755859375,258.369384765625,46.20920181274414,25.200000762939453,198.5793914794922,12722.6943359375,30.46645164489746,48.5787353515625,421.8232727050781,839.5274658203125,37.543235778808594,23.219999313354492,295.6126708984375,263.4952392578125,42.14377212524414,675.18115234375,131.7721405029297,424.8999938964844,65.88108825683594,296.66259765625,101.50981140136719,374.42877197265625,931.6119384765625,66.51107788085938,78.48682403564453,109.52893829345703,231.1798553466797,353.51629638671875,188.6924591064453,23.513565063476562,815.431396484375,224.9603271484375,84.3489761352539,286.1703796386719,116.7712173461914,523.6681518554688,102.30000305175781,407.3699951171875,121.1500015258789,125.30608367919922,5.400000095367432,109.78490447998047,147.45555114746094,83.16592407226562,226.14999389648438,647.11181640625,91.9709243774414,379.37481689453125,45.02000045776367,171.00999450683594,14.24094295501709,27.463653564453125,66.30580139160156,22.709999084472656,42.427730560302734,95.812744140625,2.4966938495635986,13.180000305175781,215.55999755859375,501.1849670410156,497.41217041015625,157.70086669921875,296.7578430175781,188.1323699951172,79.29752349853516,436.32012939453125,1860.8990478515625,108.74500274658203,108.37752532958984,141.44000244140625,202.0500030517578,207.508056640625,39.709999084472656,37.582000732421875,7.556000232696533,118.87999725341797,63.970001220703125,228.75,48.831298828125
2025-10-14,212.1006622314453,438.7264709472656,187.13999938964844,157.00003051757812,211.615966796875,613.61181640625,367.45001220703125,289.1499938964844,105.08000183105469,189.97999572753906,138.29685974121094,187.95062255859375,146.7782745361328,256.61029052734375,1021.3594360351562,79.49507141113281,81.62000274658203,599.7000122070312,60.81999969482422,228.8164825439453,353.43585205078125,233.38824462890625,27.251914978027344,74.31449890136719,28.525062561035156,39.88050842285156,48.85954284667969,183.55526733398438,543.4494018554688,30.434999465942383,105.69925689697266,31.87969207763672,90.08000183105469,39.843360900878906,51.977325439453125,48.560001373291016,27.610000610351562,67.3309326171875,89.4365234375,26.920000076293945,381.2264709472656,23.799999237060547,687.2000122070312,256.4812927246094,45.330326080322266,24.899999618530273,199.70852661132812,12736.6923828125,30.27570152282715,48.97344970703125,416.1756286621094,842.1136474609375,36.3492431640625,22.700000762939453,296.25799560546875,257.8089904785156,42.647430419921875,654.8228759765625,130.7330322265625,425.6000061035156,66.5813217163086,301.0614929199219,106.56939697265625,382.6700439453125,942.5157470703125,66.76773834228516,79.5852279663086,110.42288970947266,237.36163330078125,354.7680969238281,188.64305114746094,23.31389617919922,808.41552734375,223.8174591064453,83.36473846435547,287.5894775390625,117.03793334960938,524.916015625,102.61000061035156,412.2200012207031,123.5199966430664,126.41240692138672,6.0,109.83380889892578,147.8922882080078,83.50135040283203,224.42999267578125,643.2785034179688,93.00890350341797,387.98992919921875,45.790000915527344,174.13999938964844,14.124570846557617,26.525148391723633,66.36417388916016,23.559999465942383,41.62440490722656,95.71328735351562,2.525172710418701,13.531999588012695,214.3000030517578,523.7340087890625,498.7449951171875,158.2468719482422,299.30120849609375,193.41725158691406,80.12691497802734,445.1039733886719,1820.3048095703125,108.30999755859375,107.83023071289062,140.83999633789062,200.85000610351562,205.90914916992188,39.569000244140625,37.13100051879883,7.561999797821045,118.43000030517578,64.08999633789062,227.35000610351562,49.097801208496094
2025-10-15,213.74522399902344,440.81640625,185.0,155.56021118164062,214.5613250732422,615.5081787109375,373.79998779296875,287.0,104.58000183105469,202.39999389648438,136.7578125,192.13482666015625,147.14927673339844,259.88677978515625,1082.3994140625,79.91181945800781,81.66999816894531,585.5999755859375,63.81999969482422,230.29144287109375,349.9942321777344,235.64036560058594,27.177127838134766,74.57923126220703,28.46694564819336,40.79146194458008,48.924949645996094,185.81289672851562,538.2954711914062,30.079999923706055,105.4503173828125,32.261749267578125,90.19999694824219,40.19639205932617,51.57499313354492,47.540000915527344,27.649999618530273,67.69864654541016,91.13330078125,26.84000015258789,375.0967712402344,23.639999389648438,701.5999755859375,255.090087890625,46.01389694213867,24.850000381469727,199.31578063964844,12642.7021484375,30.393085479736328,50.78619384765625,415.725830078125,868.373779296875,36.66463851928711,23.399999618530273,296.85369873046875,263.6435546875,44.60771560668945,658.1829833984375,138.35977172851562,425.75,66.15723419189453,301.7435607910156,108.3785171508789,383.24249267578125,950.9598999023438,67.57715606689453,81.26225280761719,110.95925903320312,238.13064575195312,355.9706115722656,188.9593505859375,23.190288543701172,822.5667114257812,222.56796264648438,82.78404235839844,290.98553466796875,116.86012268066406,526.9524536132812,104.33999633789062,407.8999938964844,129.5800018310547,126.1309814453125,5.960000038146973,109.16868591308594,147.62054443359375,84.63587951660156,244.39999389648438,614.8684692382812,93.27838134765625,402.32196044921875,53.43000030517578,171.55999755859375,14.066385269165039,27.671113967895508,66.98676300048828,24.15999984741211,41.51491165161133,97.62278747558594,2.5061864852905273,14.001999855041504,214.0,530.2675170898438,493.0484924316406,155.86422729492188,299.3410949707031,187.7522430419922,80.1650390625,445.6107177734375,1727.7301025390625,108.88999938964844,108.34268951416016,141.67999267578125,200.25,207.20826721191406,39.7599983215332,37.6349983215332,7.627999782562256,119.03500366210938,64.7699966430664,226.5500030517578,50.11249923706055
2025-10-16,212.1006622314453,438.8260192871094,185.83999633789062,156.48008728027344,217.70635986328125,615.4083251953125,373.25,286.3999938964844,102.54000091552734,204.25,139.30316162109375,193.8085174560547,148.00845336914062,261.5746765136719,1094.1395263671875,81.48410034179688,79.5999984741211,576.2000122070312,57.790000915527344,229.30813598632812,347.9866027832031,239.16542053222656,27.01259994506836,75.2410659790039,28.709095001220703,41.41474151611328,49.27067565917969,189.10118103027344,527.0332641601562,30.5,104.85286712646484,33.00602340698242,89.94000244140625,40.804386138916016,52.341339111328125,47.209999084472656,27.90999984741211,68.5695571899414,92.13954162597656,26.639999389648438,370.7466735839844,23.600000381469727,711.2000122070312,254.09634399414062,46.49239730834961,25.149999618530273,201.62313842773438,12552.7119140625,30.270809173583984,51.2345085144043,412.87701416015625,872.75048828125,36.82609176635742,23.940000534057617,289.01043701171875,261.0723876953125,44.049747467041016,660.7525024414062,137.7323760986328,420.6000061035156,66.66021728515625,301.8226318359375,105.83381652832031,382.3443603515625,921.7138061523438,65.9780502319336,82.71371459960938,109.14155578613281,239.67855834960938,351.55487060546875,189.8983612060547,23.038158416748047,815.4114379882812,223.2074737548828,82.59703063964844,289.5076904296875,116.41559600830078,535.8469848632812,105.08000183105469,408.6099853515625,125.0,126.90735626220703,5.480000019073486,108.21990966796875,147.2323455810547,83.90583801269531,237.7899932861328,600.9429931640625,90.9529037475586,394.931884765625,47.63999938964844,162.13999938964844,13.88213062286377,28.372522354125977,66.87975311279297,22.770000457763672,41.50496292114258,94.76849365234375,2.525172710418701,14.345999717712402,211.88999938964844,537.1285400390625,486.9669494628906,155.91387939453125,299.06182861328125,188.37344360351562,81.64269256591797,454.2554626464844,1756.938232421875,108.80000305175781,108.09392547607422,141.74000549316406,201.10000610351562,207.2582244873047,39.731998443603516,37.91999816894531,7.599999904632568,118.96499633789062,64.22000122070312,227.5500030517578,50.526798248291016
2025-10-17,212.49932861328125,434.9447937011719,181.32000732421875,154.70033264160156,214.16195678710938,605.6272583007812,370.8999938964844,282.75,101.81999969482422,196.39999389648438,137.25108337402344,190.8994903564453,146.9149627685547,245.53964233398438,1101.9661865234375,82.00504302978516,78.86000061035156,571.2000122070312,56.84000015258789,227.09568786621094,332.4992980957031,232.94760131835938,26.738386154174805,75.8461685180664,28.883441925048828,41.71200180053711,49.86868667602539,187.87420654296875,517.489013671875,28.649999618530273,100.47154998779297,32.21213150024414,91.19999694824219,40.11793899536133,58.28050994873047,47.63999938964844,27.610000610351562,69.0340347290039,93.65876007080078,26.18000030517578,359.7725830078125,23.139999389648438,711.7999877929688,247.0408935546875,46.65840530395508,24.350000381469727,197.20481872558594,12556.7109375,30.314828872680664,51.37095260620117,410.87786865234375,871.0595092773438,34.64460754394531,23.0,290.0528869628906,251.08438110351562,43.36833953857422,632.9822998046875,133.39944458007812,421.6000061035156,67.49852752685547,304.5509338378906,107.08628845214844,386.79559326171875,932.3787231445312,66.501220703125,83.71405029296875,109.9262466430664,241.2560272216797,351.4858703613281,190.9856414794922,23.30438804626465,798.941650390625,225.8638916015625,83.45332336425781,292.44378662109375,121.31523132324219,537.9832153320312,105.13999938964844,416.80999755859375,127.94000244140625,127.5478515625,6.449999809265137,109.78490447998047,148.56192016601562,83.39282989501953,231.85000610351562,598.946533203125,86.4217300415039,384.9422607421875,44.25,163.38999938964844,13.69302749633789,28.174943923950195,66.16960906982422,22.079999923706055,40.987396240234375,92.2324447631836,2.5061864852905273,12.392000198364258,212.94000244140625,523.3468627929688,488.8427429199219,156.80735778808594,299.361083984375,188.17872619628906,82.37676239013672,455.5869445800781,1645.0565185546875,107.6050033569336,106.78044128417969,140.10000610351562,197.36000061035156,204.26028442382812,39.314998626708984,37.527000427246094,7.4730000495910645,117.63999938964844,63.189998626708984,223.35000610351562,51.55569839477539
2025-10-20,224.8087615966797,441.9608459472656,184.5399932861328,157.49996948242188,219.50352478027344,625.7882080078125,380.54998779296875,292.1499938964844,105.83999633789062,207.0500030517578,140.6646270751953,196.57806396484375,150.2344207763672,238.8376922607422,1148.0,82.00504302978516,80.80000305175781,581.0999755859375,55.709999084472656,234.61802673339844,335.65411376953125,238.1372833251953,27.35162925720215,76.73492431640625,29.067474365234375,41.980491638183594,50.29851150512695,191.3097381591797,518.4434814453125,29.020000457763672,101.51708984375,33.83960723876953,91.62000274658203,40.215999603271484,59.62161636352539,48.20000076293945,27.540000915527344,69.4598159790039,94.84256744384766,26.639999389648438,360.958984375,23.020000457763672,730.0,251.71141052246094,47.234554290771484,24.899999618530273,200.15036010742188,12562.7099609375,30.593618392944336,51.166290283203125,410.2781066894531,894.2359619140625,36.17277145385742,22.920000076293945,291.1449890136719,255.5344696044922,44.15837860107422,645.1378784179688,137.0069580078125,421.29998779296875,67.49852752685547,304.234619140625,106.41035461425781,383.8248291015625,932.1596069335938,66.74799346923828,82.90005493164062,111.20758056640625,238.8602294921875,359.25286865234375,191.4798583984375,23.475534439086914,805.0419921875,228.3136749267578,84.95919799804688,296.86749267578125,121.61157989501953,542.8946533203125,107.94999694824219,419.1000061035156,131.60000610351562,127.897216796875,6.420000076293945,110.2348403930664,149.92059326171875,83.62960052490234,229.0,593.274169921875,85.73307037353516,368.5087890625,44.209999084472656,159.0500030517578,13.886979103088379,28.659013748168945,67.3564224243164,22.690000534057617,41.99266815185547,95.61383819580078,2.5061864852905273,12.795999526977539,216.82000732421875,528.93310546875,499.455810546875,159.5474090576172,301.89447021484375,191.025146484375,82.8534164428711,459.50189208984375,1742.086669921875,109.5,108.88997650146484,142.66000366210938,201.0500030517578,209.55665588378906,40.00699996948242,38.26300048828125,7.599999904632568,119.73500061035156,64.38999938964844,227.4499969482422,49.362998962402344
2025-10-21,226.503173828125,442.35888671875,191.24000549316406,156.72006225585938,212.0652618408203,627.8841552734375,384.6499938964844,307.29998779296875,106.9800033569336,204.9499969482422,142.83506774902344,193.98785400390625,151.77700805664062,239.13555908203125,1142.563232421875,81.81560516357422,80.97000122070312,593.5,55.709999084472656,236.38796997070312,337.1837463378906,236.8643341064453,27.27684211730957,76.9996566772461,29.028730392456055,41.405155181884766,50.61620330810547,191.16250610351562,522.4520874023438,28.709999084472656,99.05757904052734,34.97090530395508,91.30000305175781,39.95123291015625,59.85151672363281,48.130001068115234,27.84000015258789,69.65335845947266,94.36904907226562,26.6299991607666,378.85369873046875,22.81999969482422,728.0,254.09634399414062,47.45915603637695,25.0,203.6850128173828,12472.7197265625,30.73056983947754,51.312477111816406,413.626708984375,885.084716796875,35.53447341918945,22.899999618530273,298.0450744628906,256.5728759765625,44.21269607543945,647.8062133789062,135.30123901367188,425.6000061035156,70.24028015136719,303.9479675292969,105.58531188964844,385.8086242675781,933.543701171875,67.47844696044922,84.24363708496094,113.5318603515625,241.8179931640625,360.13006591796875,189.66114807128906,23.627662658691406,795.6973876953125,227.6544952392578,86.23870849609375,294.72418212890625,122.56977081298828,557.0200805664062,106.88999938964844,426.2699890136719,131.38999938964844,127.46051025390625,5.869999885559082,110.24462890625,149.25094604492188,82.86009216308594,226.85000610351562,584.5458374023438,82.6091537475586,357.3439636230469,38.369998931884766,139.44000244140625,13.993653297424316,28.105791091918945,66.48090362548828,20.729999542236328,41.11678695678711,90.84010314941406,2.4777069091796875,11.9399995803833,217.25999450683594,522.4307250976562,483.26470947265625,171.78819274902344,305.834228515625,193.85302734375,83.94973754882812,456.8985595703125,1762.8787841796875,109.95500183105469,109.51189422607422,143.1199951171875,201.60000610351562,210.35610961914062,40.176998138427734,38.132999420166016,7.631999969482422,120.21499633789062,65.06999969482422,228.14999389648438,47.595001220703125
2025-10-22,221.66909790039062,448.0812072753906,188.33999633789062,153.5204620361328,217.1572265625,626.8861083984375,373.25,308.70001220703125,96.2300033569336,196.83999633789062,142.5785675048828,189.1461181640625,144.08367919921875,231.54000854492188,1109.5936279296875,82.0618667602539,79.38999938964844,575.2999877929688,52.810001373291016,232.89723205566406,336.2277526855469,236.96226501464844,27.44137191772461,76.09199523925781,29.08684730529785,41.33803176879883,49.4855842590332,185.71473693847656,524.5517578125,28.575000762939453,95.3932113647461,33.948768615722656,89.30000305175781,39.70606994628906,60.790287017822266,48.279998779296875,27.940000534057617,70.25331115722656,94.82283782958984,26.489999771118164,374.30584716796875,22.5,709.2000122070312,243.56283569335938,48.181785583496094,25.049999237060547,202.015869140625,12538.712890625,31.175657272338867,51.682823181152344,421.2235107421875,865.4890747070312,34.50568771362305,22.18000030517578,296.4068908691406,249.74937438964844,43.244895935058594,638.5165405273438,133.96803283691406,424.20001220703125,69.8359146118164,306.5477294921875,106.49981689453125,383.9037780761719,940.6934204101562,68.18916320800781,83.85134887695312,112.32005310058594,241.28298950195312,356.30572509765625,190.70889282226562,23.50405502319336,808.4950561523438,224.98825073242188,86.22886657714844,289.6741027832031,119.9816665649414,566.2140502929688,106.2300033569336,426.44000244140625,129.72000122070312,127.5478515625,5.639999866485596,112.20088195800781,150.97842407226562,81.72555541992188,223.36000061035156,575.2283935546875,83.37765502929688,348.6491394042969,34.720001220703125,120.12000274658203,14.33306884765625,27.987241744995117,67.86227416992188,20.530000686645508,40.589263916015625,90.77049255371094,2.4872000217437744,11.402000427246094,216.58999633789062,511.7361755371094,480.934814453125,176.6924591064453,297.1169128417969,191.56289672851562,83.01548767089844,459.4223937988281,1733.17578125,109.3499984741211,108.79544830322266,142.3800048828125,199.94000244140625,207.9077911376953,39.944000244140625,38.01300048828125,7.559000015258789,119.5199966430664,64.75,226.35000610351562,45.51259994506836
2025-10-23,223.16416931152344,448.8773193359375,189.8000030517578,156.80006408691406,218.50509643554688,637.0663452148438,372.29998779296875,301.3999938964844,95.0199966430664,200.85000610351562,144.6108856201172,196.04010009765625,144.3375244140625,239.33413696289062,1154.084228515625,81.88190460205078,80.5,580.2000122070312,53.349998474121094,237.96127319335938,334.7937316894531,234.6611785888672,27.50119972229004,75.99744415283203,28.38945770263672,41.913368225097656,49.709842681884766,186.35276794433594,521.6884765625,28.774999618530273,98.46012115478516,33.16480255126953,89.36000061035156,39.65703582763672,60.92439651489258,48.970001220703125,27.65999984741211,69.76947021484375,95.09906005859375,26.59000015258789,382.3139953613281,22.860000610351562,704.5999755859375,244.85467529296875,48.201316833496094,25.25,203.43955993652344,12494.7177734375,31.99246597290039,52.72563934326172,436.7669982910156,882.995849609375,34.4681396484375,22.040000915527344,295.4140930175781,250.93605041503906,43.7485466003418,638.3189697265625,134.1052703857422,421.8500061035156,68.97789764404297,303.4438171386719,106.22148895263672,380.0151062011719,938.0745239257812,68.78143310546875,83.79251098632812,112.2703857421875,241.61985778808594,355.2806701660156,190.2443084716797,23.456518173217773,817.0633544921875,224.565185546875,85.8056411743164,286.64996337890625,119.27042388916016,570.9158325195312,104.75,422.6300048828125,127.05999755859375,127.75164794921875,5.550000190734863,113.44310760498047,151.93919372558594,82.13005065917969,229.0,594.3527221679688,86.13229370117188,364.3257141113281,37.560001373291016,124.69999694824219,14.822798728942871,28.26385498046875,68.69888305664062,20.540000915527344,41.03715896606445,96.82716369628906,2.4872000217437744,11.887999534606934,217.77000427246094,518.2982788085938,481.8331604003906,178.1418914794922,305.5948486328125,204.59893798828125,82.96781921386719,466.4375915527344,1748.5223388671875,109.78500366210938,109.27307891845703,143.0,200.4499969482422,209.40676879882812,40.0880012512207,38.23899841308594,7.629000186920166,120.0199966430664,65.12000274658203,226.85000610351562,45.51259994506836
2025-10-24,225.8054656982422,447.8323974609375,192.3800048828125,159.23973083496094,223.34744262695312,629.1817016601562,378.5,304.8500061035156,94.37999725341797,215.5500030517578,144.07814025878906,196.65774536132812,146.48538208007812,243.5042266845703,1177.8031005859375,84.17404174804688,81.27999877929688,575.0999755859375,53.36000061035156,229.4556427001953,337.2793273925781,238.52896118164062,27.695642471313477,76.73492431640625,28.089195251464844,41.92295837402344,50.223758697509766,183.94789123535156,524.7426147460938,29.0,103.35923767089844,33.239227294921875,90.5199966430664,39.78451919555664,61.76737976074219,49.0,27.639999389648438,69.34369659423828,93.6784896850586,26.420000076293945,384.686767578125,22.760000228881836,702.0,241.67474365234375,48.36732482910156,25.350000381469727,204.61778259277344,12530.7138671875,31.968008041381836,52.540470123291016,434.7678527832031,889.660400390625,34.49066925048828,23.059999465942383,295.9104919433594,256.67169189453125,44.81016540527344,664.1126098632812,138.7322998046875,422.1499938964844,68.75105285644531,302.2773742675781,105.53560638427734,381.6435852050781,928.2063598632812,68.2187728881836,84.42996978759766,110.9294662475586,240.47056579589844,357.3012390136719,188.1982421875,23.542089462280273,821.4520263671875,224.3094024658203,86.11075592041016,285.54400634765625,119.4679946899414,571.5048217773438,105.66000366210938,421.3900146484375,129.5500030517578,126.50946044921875,5.769999980926514,112.86600494384766,150.9687042236328,83.27444458007812,241.41000366210938,583.607177734375,87.95873260498047,387.6214294433594,37.72999954223633,136.0500030517578,14.87613582611084,28.935626983642578,68.62105560302734,20.790000915527344,41.1765022277832,105.06184387207031,2.4872000217437744,11.802000045776367,221.35000610351562,520.5188598632812,479.2268371582031,177.35760498046875,303.08135986328125,200.39883422851562,83.1489486694336,469.7563781738281,1746.5421142578125,109.78500366210938,109.27307891845703,143.0,200.4499969482422,246.35658264160156,40.0880012512207,38.23899841308594,7.629000186920166,120.0199966430664,65.12000274658203,227.20779418945312,45.51259994506836
2025-10-27,227.74905395507812,454.6991882324219,195.4199981689453,163.99913024902344,229.1383056640625,643.5538330078125,393.0,306.1000061035156,94.44000244140625,218.64999389648438,161.7179412841797,200.1944122314453,141.60385131835938,240.57522583007812,1209.9759521484375,83.6625747680664,82.30000305175781,564.5,53.13999938964844,231.61892700195312,340.6253356933594,241.66233825683594,27.53111457824707,77.07528686523438,28.089195251464844,41.616111755371094,50.44801330566406,183.89881896972656,526.8424072265625,29.149999618530273,102.56262969970703,34.028160095214844,91.36000061035156,39.686458587646484,62.648677825927734,49.38999938964844,27.3700008392334,69.51787567138672,92.71171569824219,26.209999084472656,376.1842956542969,22.100000381469727,710.5999755859375,238.79293823242188,48.31849670410156,25.299999237060547,204.8632354736328,12544.7119140625,31.80171012878418,52.40402603149414,435.8174133300781,903.2877197265625,34.21282196044922,26.079999923706055,297.94580078125,257.95733642578125,44.88423156738281,673.8964233398438,140.12432861328125,418.3500061035156,69.09623718261719,306.43902587890625,103.84577178955078,380.251953125,925.9259643554688,67.70548248291016,85.5381851196289,111.58502197265625,241.40188598632812,360.7313537597656,188.0994110107422,23.551597595214844,822.4073486328125,224.34873962402344,86.61271667480469,284.9567565917969,119.00371551513672,562.800048828125,106.05000305175781,420.1700134277344,134.67999267578125,125.32549285888672,6.21999979019165,113.40397644042969,150.6969757080078,84.87265014648438,247.69000244140625,583.607177734375,86.45167541503906,389.5735168457031,38.709999084472656,137.42999267578125,15.128273963928223,29.548124313354492,69.00045013427734,20.540000915527344,40.90776824951172,95.7033462524414,2.4966933727264404,11.336000442504883,223.0,524.8405151367188,480.70770263671875,177.94334411621094,312.0281066894531,199.4067840576172,85.05560302734375,475.0624084472656,1714.36376953125,111.37000274658203,111.1636962890625,145.0399932861328,201.25,215.1028594970703,40.6879997253418,38.79100036621094,7.705999851226807,121.76000213623047,65.87000274658203,227.85000610351562,45.1348991394043
2025-10-28,229.99166870117188,462.959228515625,196.5,166.33885192871094,228.88870239257812,644.1527099609375,399.04998779296875,310.3999938964844,94.4000015258789,224.6999969482422,153.96353149414062,195.86077880859375,141.35000610351562,242.7099151611328,1200.9246826171875,82.61122131347656,82.43000030517578,571.5999755859375,51.88999938964844,230.19313049316406,341.6769714355469,241.12379455566406,27.36658477783203,76.81055450439453,28.098880767822266,41.24214172363281,51.06471633911133,181.00315856933594,523.5973510742188,29.604999542236328,103.50859832763672,34.0083122253418,91.44000244140625,40.343482971191406,62.57204055786133,49.720001220703125,27.18000030517578,68.68567657470703,91.23196411132812,25.84000015258789,375.2945251464844,27.15999984741211,712.4000244140625,225.77508544921875,47.71305465698242,25.0,203.93048095703125,12404.7265625,31.63541603088379,52.12139129638672,433.5184020996094,904.1845703125,33.506935119628906,27.0,296.3572692871094,257.5123291015625,44.45464324951172,669.2515258789062,138.39898681640625,414.5,69.19486999511719,302.8803405761719,102.55352783203125,380.7257080078125,920.260009765625,66.56044006347656,83.78269958496094,110.89966583251953,241.81800842285156,362.5646667480469,184.76837158203125,23.294879913330078,816.1279907226562,223.86663818359375,85.65801239013672,285.8669738769531,116.44522857666016,556.66064453125,105.02999877929688,422.3900146484375,133.50999450683594,119.7841567993164,5.960000038146973,112.51387786865234,149.5809326171875,82.44574737548828,239.60000610351562,570.215087890625,106.7022476196289,383.3985595703125,42.119998931884766,132.27999877929688,15.215551376342773,31.059614181518555,70.03160858154297,20.809999465942383,40.97743606567383,96.15087890625,2.4777069091796875,12.984000205993652,223.3300018310547,522.25146484375,479.58221435546875,177.37747192382812,308.98602294921875,198.79486083984375,91.86233520507812,465.21539306640625,1727.7301025390625,111.58000183105469,111.4074935913086,145.22000122070312,201.25,216.20211791992188,40.76300048828125,38.68000030517578,7.664999961853027,121.95999908447266,65.55000305175781,227.5500030517578,44.25320053100586
2025-10-29,229.74249267578125,459.724853515625,198.33999633789062,176.83750915527344,232.93231201171875,642.5557861328125,393.75,293.04998779296875,94.48999786376953,223.1999969482422,152.9769744873047,202.23670959472656,136.89804077148438,234.46900939941406,1230.0406494140625,83.20793151855469,82.51000213623047,577.7000122070312,50.810001373291016,220.55667114257812,338.71331787109375,240.6342010498047,27.48125648498535,77.62366485595703,27.25620460510254,41.92295837402344,53.29792022705078,162.20591735839844,521.3067626953125,31.06999969482422,106.39627838134766,34.112510681152344,92.0,41.53986358642578,63.12763977050781,50.560001373291016,26.65999984741211,68.5501937866211,90.24545288085938,24.610000610351562,374.7013244628906,26.579999923706055,716.5999755859375,233.8242950439453,48.19154739379883,24.549999237060547,204.51959228515625,12558.7109375,32.021812438964844,52.76462173461914,441.36505126953125,916.14208984375,33.65336990356445,26.8799991607666,291.88958740234375,260.9240417480469,44.770660400390625,674.2916259765625,139.2028350830078,408.75,67.40975952148438,298.87689208984375,101.84777069091797,373.11614990234375,908.5695190429688,64.50726318359375,82.5469970703125,109.49913787841797,236.28948974609375,350.16510009765625,184.44219970703125,23.0952091217041,809.5897827148438,221.50538635253906,85.2151107788086,285.5538024902344,117.05768585205078,557.3394775390625,103.3499984741211,417.2099914550781,133.3300018310547,118.20230865478516,5.860000133514404,113.9028091430664,150.5222930908203,80.66009521484375,241.7100067138672,577.1956787109375,106.46270751953125,399.8121032714844,43.16999816894531,143.4199981689453,15.390109062194824,30.358203887939453,70.60556030273438,21.440000534057617,41.99266815185547,97.26476287841797,2.4682140350341797,13.592000007629395,213.5800018310547,583.0133666992188,479.1478271484375,175.0841827392578,313.46435546875,197.3855438232422,92.85379791259766,470.481689453125,1713.8687744140625,111.76499938964844,111.7358627319336,145.60000610351562,199.83999633789062,217.5511932373047,40.8380012512207,39.09000015258789,7.658999919891357,122.18000030517578,65.73999786376953,226.25,45.90629959106445
2025-10-30,234.07818603515625,452.7585754394531,195.02000427246094,175.7576446533203,245.41262817382812,586.8636474609375,384.3999938964844,295.8999938964844,94.73999786376953,225.9499969482422,153.09535217285156,201.8382110595703,136.52703857421875,222.80264282226562,1209.2591552734375,83.52049255371094,84.22000122070312,578.0999755859375,48.84000015258789,222.080810546875,340.4341735839844,241.85816955566406,26.793230056762695,76.94292449951172,26.58787727355957,41.251731872558594,52.72793960571289,164.36538696289062,522.0702514648438,31.135000228881836,105.64946746826172,34.16212844848633,90.23999786376953,42.226314544677734,62.744468688964844,50.36000061035156,26.520000457763672,68.5501937866211,90.73870849609375,24.6299991607666,375.0967712402344,26.15999984741211,702.4000244140625,236.10987854003906,47.57633972167969,24.649999618530273,208.74156188964844,12544.7119140625,32.100067138671875,52.27732467651367,447.6624755859375,934.1778564453125,32.710941314697266,26.899999618530273,298.3925476074219,265.4730529785156,45.38294982910156,682.5931396484375,140.7713165283203,415.20001220703125,68.03109741210938,298.9559631347656,101.61915588378906,374.6064453125,916.2968139648438,64.06307220458984,81.54666900634766,111.08838653564453,237.60723876953125,339.8058166503906,186.86386108398438,23.0952091217041,840.4098510742188,224.5159912109375,84.91983032226562,285.7789001464844,116.99842071533203,555.2531127929688,104.66999816894531,419.8900146484375,133.14999389648438,118.9883804321289,5.78000020980835,112.18132019042969,148.98892211914062,80.54170227050781,233.5800018310547,573.3009643554688,104.5165023803711,380.9384765625,42.25,137.38999938964844,15.448295593261719,29.795101165771484,70.23589324951172,21.489999771118164,41.534820556640625,97.35426330566406,2.4682140350341797,13.270000457763672,200.0800018310547,580.6832885742188,483.4819030761719,176.1365203857422,309.9435119628906,196.85401916503906,90.62301635742188,462.4530334472656,1688.1259765625,111.90499877929688,111.92493438720703,145.66000366210938,199.75999450683594,217.70108032226562,40.888999938964844,38.9370002746582,7.642000198364258,122.33999633789062,65.22000122070312,226.10000610351562,45.91080093383789
2025-10-31,235.6230926513672,446.9864807128906,213.4499969482422,176.91749572753906,242.46726989746094,565.7045288085938,393.1499938964844,293.54998779296875,97.63999938964844,221.9499969482422,155.3447265625,200.8917694091797,138.08543395996094,223.6962432861328,1203.6131591796875,83.07533264160156,83.88999938964844,576.7999877929688,49.84000015258789,220.70416259765625,332.8817138671875,240.43836975097656,26.873001098632812,76.31890869140625,26.04546356201172,41.031185150146484,52.522369384765625,160.7826385498047,511.9533996582031,30.93000030517578,106.84437561035156,34.05792999267578,90.22000122070312,41.83405685424805,62.725311279296875,50.02000045776367,26.049999237060547,67.98895263671875,90.48221588134766,24.260000228881836,373.8115234375,25.579999923706055,705.5999755859375,221.1045684814453,47.42985916137695,24.649999618530273,209.52703857421875,12468.7197265625,31.75279998779297,52.57945251464844,442.11474609375,914.8465576171875,31.975019454956055,25.959999084472656,292.5845642089844,265.81915283203125,45.41257095336914,676.8612060546875,140.69235229492188,414.1499938964844,67.95219421386719,295.0019226074219,100.57542419433594,374.64593505859375,908.8876953125,63.75706481933594,79.31063079833984,111.86315155029297,235.9328155517578,336.66156005859375,186.68594360351562,23.4375,858.680908203125,214.52000427246094,84.62456512451172,292.0718994140625,118.33199310302734,566.4037475585938,103.91000366210938,425.57000732421875,134.99000549316406,120.1335220336914,5.840000152587891,111.85853576660156,153.06497192382812,80.30493927001953,266.94000244140625,584.3561401367188,102.0113754272461,375.4805603027344,44.869998931884766,132.77000427246094,15.341620445251465,30.170503616333008,69.78841400146484,21.350000381469727,41.50496292114258,97.69239807128906,2.4777069091796875,13.062000274658203,201.02000427246094,574.8181762695312,485.6143798828125,177.2086944580078,308.148193359375,198.0541534423828,91.91954040527344,458.6970520019531,1684.66064453125,111.83499908447266,111.8801498413086,145.5399932861328,198.60000610351562,218.20074462890625,40.86199951171875,38.84000015258789,7.627999782562256,122.26000213623047,64.73999786376953,224.75,46.653900146484375
2025-11-03,231.18771362304688,448.3797607421875,221.5,180.49705505371094,244.81356811523438,563.3092041015625,406.29998779296875,291.25,93.87000274658203,222.5500030517578,153.7267608642578,204.62767028808594,137.76980590820312,223.1005096435547,1213.9691162109375,82.41232299804688,85.02999877929688,559.7999877929688,48.16999816894531,225.03074645996094,337.4705505371094,242.05401611328125,26.394371032714844,77.09420013427734,25.81300163269043,41.16543197631836,53.55020523071289,159.16302490234375,511.1897888183594,31.40999984741211,106.84437561035156,34.3457145690918,92.30000305175781,42.059600830078125,63.89398193359375,50.02000045776367,25.40999984741211,67.79541015625,90.26518249511719,23.469999313354492,373.8115234375,26.0,709.7999877929688,218.62025451660156,47.67399215698242,24.350000381469727,210.1652374267578,12362.7314453125,31.757694244384766,52.423519134521484,447.212646484375,923.2168579101562,31.700925827026367,26.260000228881836,290.4003601074219,266.26416015625,45.49651336669922,679.4306640625,139.98158264160156,412.45001220703125,67.03499603271484,292.965576171875,100.98297882080078,373.4220886230469,925.4310302734375,61.84208297729492,79.39888763427734,111.36650848388672,233.4657745361328,329.00299072265625,184.1061248779297,23.447010040283203,892.1878662109375,208.53817749023438,81.18958282470703,289.98724365234375,120.56448364257812,563.8980712890625,103.95500183105469,426.0,135.75,120.20145416259766,5.349999904632568,111.27166748046875,149.4935760498047,80.67982482910156,265.7099914550781,580.4813232421875,100.65401458740234,376.18768310546875,40.83000183105469,126.66999816894531,15.550119400024414,31.138647079467773,68.45568084716797,20.610000610351562,40.987396240234375,96.00170135498047,2.4682140350341797,12.35200023651123,204.5500030517578,568.1764526367188,481.7245788574219,175.75926208496094,307.8190612792969,194.55209350585938,89.69828796386719,459.0050964355469,1755.9481201171875,111.97000122070312,112.05926513671875,145.77999877929688,199.8000030517578,218.6504364013672,40.902000427246094,39.1510009765625,7.60099983215332,122.43000030517578,64.8499984741211,226.14999389648438,46.47679901123047
2025-11-04,234.8257293701172,444.54833984375,219.3000030517578,175.59765625,242.16773986816406,549.5358276367188,394.6000061035156,292.3500061035156,95.04000091552734,222.25,150.68814086914062,203.8804931640625,136.66513061523438,218.53326416015625,1188.4278564453125,81.81560516357422,80.58000183105469,547.0999755859375,45.810001373291016,222.2774658203125,338.2353210449219,239.116455078125,26.678556442260742,75.92181396484375,25.783945083618164,40.12982177734375,52.5504035949707,154.84408569335938,512.5260009765625,31.540000915527344,109.0350341796875,33.92892074584961,91.18000030517578,41.6379280090332,63.49165344238281,48.52000045776367,25.579999923706055,68.2986068725586,91.58709716796875,22.850000381469727,365.0124816894531,26.0,734.0,216.0365447998047,48.09389877319336,23.700000762939453,209.085205078125,12526.7138671875,31.557157516479492,52.238338470458984,452.9602355957031,914.7470092773438,31.723453521728516,26.020000457763672,292.7334899902344,267.35198974609375,46.07917022705078,686.447265625,142.5087432861328,420.0,67.71550750732422,295.77294921875,101.65890502929688,378.0904541015625,938.0953369140625,60.44039535522461,78.06511688232422,110.72087860107422,235.56622314453125,326.0854187011719,184.69918823242188,23.104717254638672,902.4677734375,212.40472412109375,82.5379867553711,290.3787536621094,121.50291442871094,564.2574462890625,104.83000183105469,421.6700134277344,134.92999267578125,121.31748962402344,5.28000020980835,111.64334869384766,148.86276245117188,80.59103393554688,262.70001220703125,547.2259521484375,96.7615966796875,361.35772705078125,35.630001068115234,112.2300033569336,15.361016273498535,30.891672134399414,66.04314422607422,19.889999389648438,39.23562240600586,87.9659194946289,2.4777069091796875,11.670000076293945,198.0500030517578,545.2637329101562,478.80230712890625,174.33961486816406,303.4105529785156,193.26341247558594,88.89749908447266,465.32464599609375,1711.8885498046875,111.54000091552734,111.6612319946289,145.25999450683594,198.39999389648438,216.75173950195312,40.749000549316406,38.845001220703125,7.584000110626221,121.92500305175781,64.76000213623047,224.5500030517578,45.5093994140625
2025-11-05,234.8257293701172,441.9608459472656,217.10000610351562,175.7176513671875,247.1099395751953,554.6260375976562,393.8999938964844,289.54998779296875,94.87999725341797,219.0,151.83253479003906,207.1680908203125,138.18406677246094,216.2992706298828,1221.895263671875,80.56535339355469,81.62000274658203,559.0999755859375,44.0099983215332,224.145751953125,340.6253356933594,239.89981079101562,26.349498748779297,81.12193298339844,25.774259567260742,41.251731872558594,54.409847259521484,156.3164520263672,519.01611328125,31.540000915527344,106.79458618164062,33.98846435546875,93.4000015258789,41.765411376953125,63.49165344238281,48.04999923706055,25.280000686645508,68.7824478149414,91.58709716796875,22.649999618530273,364.1226806640625,26.81999969482422,723.4000244140625,215.3409423828125,43.94366455078125,23.799999237060547,209.085205078125,12448.7216796875,31.865297317504883,52.31631088256836,461.1067810058594,903.3873901367188,30.383026123046875,27.100000381469727,291.7903137207031,267.5992126464844,44.93360900878906,681.5059814453125,141.73875427246094,429.54998779296875,67.56756591796875,302.15875244140625,100.86370086669922,368.9708251953125,932.4014282226562,61.30904769897461,81.28186798095703,110.61161041259766,232.1876983642578,323.03973388671875,183.84913635253906,23.39946937561035,921.3259887695312,213.27052307128906,83.05962371826172,313.0453186035156,121.08802795410156,566.6533203125,103.43000030517578,417.0,135.69000244140625,121.79301452636719,4.480000019073486,111.19342041015625,148.154296875,81.03498077392578,277.3900146484375,558.9501953125,95.05491638183594,361.7859802246094,37.90999984741211,121.2300033569336,15.50648021697998,29.9926815032959,67.18131256103516,20.65999984741211,40.02192687988281,91.45671081542969,2.4777069091796875,11.307999610900879,197.6199951171875,566.7425537109375,467.1131286621094,172.7412567138672,304.3181457519531,193.84381103515625,88.57337188720703,470.680419921875,1690.106201171875,111.73500061035156,111.83537292480469,145.4600067138672,199.16000366210938,216.85166931152344,40.82500076293945,38.902000427246094,7.590000152587891,122.11000061035156,65.11000061035156,225.4499969482422,45.3661994934082
2025-11-06,234.67620849609375,429.1727294921875,210.6999969482422,163.9791259765625,245.06317138671875,537.4592895507812,380.54998779296875,283.3999938964844,95.20999908447266,205.60000610351562,146.07101440429688,202.53558349609375,138.3616180419922,207.41297912597656,1201.2830810546875,81.00105285644531,79.47000122070312,537.5999755859375,45.97999954223633,214.31263732910156,337.75732421875,236.57058715820312,26.43425750732422,79.70372009277344,25.522424697875977,41.13666534423828,54.37247085571289,156.41461181640625,514.2439575195312,31.31999969482422,106.79458618164062,33.66098403930664,92.81999969482422,42.28514862060547,64.23883819580078,48.25,25.389999389648438,69.30499267578125,92.02116394042969,24.139999389648438,358.9816589355469,27.540000915527344,737.4000244140625,219.81271362304688,43.25033187866211,23.200000762939453,204.7650604248047,12832.6826171875,31.70389175415039,51.887489318847656,458.5079040527344,892.12744140625,30.822324752807617,28.479999542236328,287.52117919921875,266.61029052734375,45.387882232666016,668.1644287109375,142.35079956054688,425.3500061035156,68.10999298095703,294.9821472167969,101.07243347167969,364.262939453125,920.983642578125,61.09188461303711,80.63459777832031,109.7474594116211,229.21536254882812,316.9483947753906,184.8079071044922,23.627662658691406,932.8997192382812,215.50387573242188,84.4277114868164,308.8663024902344,121.8980484008789,564.99609375,103.3499984741211,416.25,139.41000366210938,122.83140563964844,4.340000152587891,111.9954833984375,148.42604064941406,80.89686584472656,271.9800109863281,549.4329833984375,90.06463623046875,349.8841247558594,32.459999084472656,106.75,15.802257537841797,30.624937057495117,67.38560485839844,21.68000030517578,38.4692268371582,90.76055145263672,2.4872000217437744,10.630000114440918,196.5,567.369873046875,462.9468994140625,173.8332977294922,304.4777526855469,192.72235107421875,89.23116302490234,472.3597106933594,1691.0963134765625,110.06999969482422,109.9148941040039,143.36000061035156,196.33999633789062,211.85507202148438,40.2239990234375,38.400001525878906,7.488999843597412,120.33499908447266,64.41999816894531,222.25,46.39030075073242
2025-11-07,234.67620849609375,429.1727294921875,210.6999969482422,163.9791259765625,245.06317138671875,537.4592895507812,380.54998779296875,283.3999938964844,95.20999908447266,205.60000610351562,144.6108856201172,202.53558349609375,138.3616180419922,207.41297912597656,1188.308349609375,81.00105285644531,79.47000122070312,531.5999755859375,44.25,214.31263732910156,337.75732421875,236.57058715820312,26.43425750732422,79.70372009277344,25.522424697875977,41.13666534423828,54.37247085571289,156.41461181640625,514.2439575195312,31.31999969482422,106.79458618164062,33.66098403930664,92.81999969482422,42.28514862060547,64.23883819580078,48.25,25.389999389648438,69.30499267578125,92.02116394042969,24.139999389648438,358.9816589355469,27.540000915527344,730.2000122070312,225.27822875976562,43.25033187866211,23.200000762939453,204.7650604248047,12898.67578125,31.762584686279297,52.21885299682617,458.5079040527344,867.7142333984375,30.822324752807617,28.479999542236328,287.52117919921875,266.61029052734375,45.25456619262695,668.1644287109375,142.35079956054688,425.3500061035156,69.57950592041016,296.2178039550781,101.97699737548828,366.2763671875,920.1459350585938,60.30220031738281,83.92000579833984,109.99578094482422,231.00868225097656,319.56036376953125,184.4125518798828,23.637338638305664,919.8929443359375,215.62193298339844,84.91983032226562,313.37811279296875,117.39354705810547,571.4149169921875,103.13999938964844,409.4700012207031,138.14999389648438,122.61790466308594,4.360000133514404,114.65597534179688,150.44467163085938,82.80089569091797,267.6400146484375,574.3594970703125,92.0807113647461,356.9455871582031,30.34000015258789,112.6500015258789,15.802257537841797,30.743486404418945,67.44397735595703,21.6299991607666,39.623802185058594,96.64815521240234,2.4777069091796875,10.630000114440918,194.61000061035156,560.7180786132812,452.5115051269531,175.6897735595703,306.4725341796875,190.9123077392578,91.47147369384766,464.81793212890625,1691.0963134765625,108.69999694824219,108.3128433227539,141.5399932861328,195.05999755859375,207.1083221435547,39.7130012512207,37.832000732421875,7.419000148773193,118.80500030517578,63.90999984741211,220.75,46.399600982666016
2025-11-10,232.24156188964844,429.1727294921875,213.10000610351562,168.01861572265625,247.50930786132812,544.8450317382812,386.04998779296875,282.45001220703125,96.73999786376953,210.75,145.5579833984375,200.59291076660156,135.71827697753906,207.41297912597656,1212.7840576171875,82.23236083984375,80.0199966430664,535.7999877929688,44.41999816894531,212.64102172851562,341.1033630371094,240.58523559570312,26.424285888671875,82.18086242675781,25.85174560546875,41.251731872558594,54.61541748046875,154.7949981689453,519.5888061523438,31.31999969482422,106.04776763916016,33.09037780761719,95.69999694824219,42.62837600708008,64.23883819580078,47.90999984741211,25.100000381469727,70.46620178222656,92.02116394042969,22.579999923706055,364.8147277832031,27.280000686645508,745.2000122070312,222.7938995361328,42.342159271240234,23.549999237060547,204.7650604248047,13124.65234375,32.06093978881836,52.66716384887695,463.95562744140625,883.5579223632812,29.778518676757812,27.979999542236328,289.1097106933594,270.0220031738281,45.6890869140625,676.7623291015625,140.356689453125,425.3500061035156,69.5499038696289,295.6642150878906,101.80801391601562,365.605224609375,912.9861450195312,60.01593780517578,82.96870422363281,111.4856948852539,230.87986755371094,316.96807861328125,186.2312774658203,23.598636627197266,961.958251953125,215.17921447753906,85.3824234008789,316.7643737792969,116.71194458007812,575.34814453125,105.06999969482422,421.20001220703125,137.8000030517578,123.44279479980469,4.349999904632568,115.63410949707031,151.05606079101562,83.62960052490234,272.6400146484375,579.0232543945312,94.0568618774414,359.475341796875,28.43000030517578,111.5199966430664,16.07863998413086,30.773122787475586,68.37786102294922,22.110000610351562,40.75846862792969,103.01313018798828,2.4966933727264404,10.920000076293945,194.80999755859375,568.435302734375,446.34112548828125,177.73486328125,311.1304626464844,192.87974548339844,88.71636962890625,471.3759765625,1769.314453125,110.91500091552734,110.63134765625,144.5399932861328,197.0,213.45399475097656,40.516998291015625,38.380001068115234,7.591000080108643,121.18000030517578,65.55000305175781,225.89999389648438,47.68040084838867
2025-11-11,234.38685607910156,432.4568176269531,213.8000030517578,165.77891540527344,248.3579864501953,544.8450317382812,373.70001220703125,286.0,96.80999755859375,205.9499969482422,147.68898010253906,196.65774536132812,136.23114013671875,198.5763397216797,1185.848876953125,84.39188385009766,80.0199966430664,539.9000244140625,44.47999954223633,213.42767333984375,343.2065734863281,242.24984741210938,27.35162925720215,82.5590591430664,26.219810485839844,41.77912521362305,54.914424896240234,159.31027221679688,520.543212890625,32.5,107.04352569580078,33.62129211425781,97.63999938964844,42.10863494873047,61.1734619140625,48.88999938964844,25.729999542236328,69.90494537353516,92.59333801269531,22.579999923706055,362.7385559082031,27.780000686645508,762.5999755859375,225.4769744873047,42.342159271240234,23.799999237060547,207.21969604492188,13464.6181640625,32.63319396972656,53.934139251708984,475.9505920410156,883.7572631835938,31.84735870361328,29.6200008392334,288.4147033691406,269.6264343261719,45.90140914916992,683.9766235351562,141.3438720703125,429.1499938964844,70.62491607666016,303.305419921875,102.82192993164062,369.3656311035156,911.2908935546875,62.335636138916016,84.75360870361328,114.07815551757812,233.16854858398438,322.7539367675781,191.58859252929688,24.682296752929688,983.831787109375,221.534912109375,89.51620483398438,331.2392578125,121.06827545166016,585.4705200195312,108.6500015258789,429.2200012207031,139.61000061035156,126.64532470703125,4.429999828338623,117.15998077392578,151.62864685058594,84.60628509521484,264.1499938964844,575.3082885742188,92.34020233154297,350.2526550292969,26.739999771118164,104.22000122070312,16.30168342590332,29.0245361328125,68.40704345703125,22.280000686645508,40.877906799316406,103.31147766113281,2.4872000217437744,10.411999702453613,195.2100067138672,565.5276489257812,451.247802734375,177.92349243164062,309.9136047363281,197.1491241455078,90.59441375732422,474.9133605957031,1714.36376953125,111.3499984741211,110.90995788574219,145.02000427246094,199.47999572753906,212.95433044433594,40.67499923706055,38.77199935913086,7.5960001945495605,121.68000030517578,65.8499984741211,225.85000610351562,48.82350158691406
2025-11-12,236.18292236328125,430.914306640625,211.5,166.61880493164062,245.36270141601562,526.4805297851562,371.54998779296875,289.6000061035156,98.5199966430664,225.60000610351562,150.11593627929688,198.0724334716797,139.7030029296875,196.07427978515625,1193.884521484375,85.29168701171875,80.66000366210938,550.7000122070312,44.0,214.755126953125,345.11859130859375,245.18739318847656,28.976970672607422,84.20418548583984,26.452272415161133,41.942138671875,55.54046630859375,161.7642059326172,523.0247192382812,33.349998474121094,106.89415740966797,35.94838333129883,98.5999984741211,45.95273971557617,61.95896530151367,49.77000045776367,26.059999465942383,70.40814208984375,92.37630462646484,23.549999237060547,360.958984375,28.040000915527344,778.0,228.0606689453125,43.767887115478516,24.0,208.15245056152344,13516.6123046875,32.281036376953125,53.89515686035156,467.654052734375,888.6398315429688,32.22282791137695,30.520000457763672,292.216064453125,273.6809997558594,46.3902473449707,710.7586059570312,145.7269287109375,431.1499938964844,70.52629089355469,303.4141845703125,102.82192993164062,366.296142578125,911.4305419921875,63.37208938598633,85.57742309570312,115.8660659790039,232.5344696044922,334.1974182128906,192.14210510253906,25.030616760253906,1012.8505249023438,229.46478271484375,90.0083236694336,329.115478515625,121.8980484008789,586.9978637695312,111.69999694824219,434.19000244140625,140.86000061035156,128.3824462890625,4.329999923706055,115.53629302978516,148.79483032226562,84.73453521728516,267.5199890136719,574.6292114257812,92.39010620117188,352.5931701660156,25.959999084472656,111.16999816894531,16.204708099365234,28.88623046875,69.17555236816406,22.780000686645508,41.61444854736328,109.71623992919922,2.5061864852905273,10.42199993133545,195.5,570.5961303710938,451.21820068359375,176.40455627441406,308.218017578125,198.30992126464844,91.69073486328125,477.72540283203125,1727.7301025390625,111.95500183105469,111.432373046875,145.74000549316406,202.0,213.5539093017578,40.895999908447266,38.94900131225586,7.63100004196167,122.375,66.2300033569336,228.5500030517578,49.104400634765625
2025-11-13,236.18292236328125,435.691162109375,206.1999969482422,166.61880493164062,245.36270141601562,526.4805297851562,371.54998779296875,291.1499938964844,99.0999984741211,225.60000610351562,148.2217254638672,198.0724334716797,138.67724609375,196.07427978515625,1156.79248046875,85.29168701171875,80.66000366210938,560.2999877929688,40.560001373291016,214.755126953125,345.11859130859375,222.27452087402344,28.976970672607422,84.20418548583984,26.413530349731445,41.942138671875,55.54046630859375,161.7642059326172,523.0247192382812,33.349998474121094,106.89415740966797,35.94838333129883,98.9800033569336,45.95273971557617,61.95896530151367,49.77000045776367,26.059999465942383,70.40814208984375,92.37630462646484,23.549999237060547,360.958984375,28.040000915527344,768.7999877929688,221.40269470214844,43.767887115478516,24.0,208.15245056152344,13492.615234375,32.15544128417969,54.762542724609375,459.9186706542969,878.3763427734375,31.96000099182129,30.520000457763672,292.216064453125,267.104736328125,45.4915771484375,701.3700561523438,142.92335510253906,436.3999938964844,70.09234619140625,304.0467834472656,101.92729949951172,363.2760009765625,922.4793701171875,65.17849731445312,84.77323150634766,106.8868179321289,229.33425903320312,327.7511901855469,192.99217224121094,24.953210830688477,1017.9158935546875,228.5399627685547,91.46499633789062,328.8414611816406,123.67613983154297,579.12158203125,103.87999725341797,434.5199890136719,137.39999389648438,128.01368713378906,4.130000114440918,116.19164276123047,150.9881134033203,82.86009216308594,256.5899963378906,557.4222412109375,85.81291961669922,334.3868408203125,23.149999618530273,101.63999938964844,16.485939025878906,28.64913558959961,69.10745239257812,22.040000915527344,40.35038757324219,113.94297790527344,2.4966933727264404,10.42199993133545,194.5800018310547,551.2084350585938,450.0433654785156,172.7015380859375,303.380615234375,196.617919921875,91.49054718017578,470.4022216796875,1727.7301025390625,110.4000015258789,109.7507095336914,143.82000732421875,198.9600067138672,209.65658569335938,40.33599853515625,38.54600143432617,7.5,120.69000244140625,65.23999786376953,225.1999969482422,51.32899856567383
2025-11-14,235.13522338867188,435.5419006347656,204.8000030517578,163.47921752929688,238.82302856445312,524.8836059570312,351.8999938964844,285.8999938964844,95.88999938964844,216.10000610351562,148.892578125,191.25814819335938,136.17196655273438,192.0034637451172,1129.5087890625,84.9128189086914,79.5999984741211,553.4000244140625,38.529998779296875,207.57696533203125,351.4282531738281,225.55479431152344,28.323843002319336,83.9016342163086,26.384471893310547,41.68323516845703,55.65259552001953,158.67222595214844,521.87939453125,31.8700008392334,110.0307846069336,35.025482177734375,97.66000366210938,44.805389404296875,61.19261932373047,48.720001220703125,25.899999618530273,68.93727111816406,90.02842712402344,22.940000534057617,354.92816162109375,27.219999313354492,779.7999877929688,225.4769744873047,42.840187072753906,26.100000381469727,202.80136108398438,13530.611328125,32.14555358886719,54.80152893066406,460.66845703125,871.0025634765625,31.509435653686523,31.100000381469727,283.8570556640625,260.4790344238281,44.7360954284668,679.2329711914062,139.1918487548828,438.79998779296875,70.18110656738281,303.50311279296875,101.86766052246094,357.64031982421875,920.38525390625,63.34247970581055,83.74591064453125,105.08898162841797,225.74766540527344,317.24407958984375,193.664306640625,24.246896743774414,1021.8126831054688,228.6088409423828,91.45515441894531,329.565673828125,123.49832916259766,577.7041015625,103.08999633789062,437.1499938964844,139.69000244140625,127.38287353515625,4.0,117.70126342773438,152.96791076660156,82.75157165527344,253.0800018310547,577.5352783203125,84.59529113769531,337.1556396484375,22.450000762939453,97.56999969482422,16.456846237182617,28.520708084106445,68.70860290527344,21.520000457763672,39.972164154052734,114.50984954833984,2.4966933727264404,10.210000038146973,194.52000427246094,551.6864624023438,459.83697509765625,174.29989624023438,304.0289306640625,196.97415161132812,91.50007629394531,473.2043151855469,1709.9083251953125,110.25,109.76066589355469,143.67999267578125,197.67999267578125,210.2062225341797,40.277000427246094,38.61600112915039,7.48799991607666,120.5250015258789,64.77999877929688,223.75,49.556400299072266
2025-11-17,230.64505004882812,435.7906799316406,201.0,161.67942810058594,248.20822143554688,522.1888427734375,361.6000061035156,284.20001220703125,95.47000122070312,210.1999969482422,143.762451171875,197.952880859375,133.88369750976562,188.60781860351562,1130.785400390625,85.31062316894531,78.86000061035156,550.2999877929688,37.380001068115234,203.54539489746094,346.26580810546875,218.3577880859375,27.865156173706055,82.25650787353516,26.384471893310547,40.820228576660156,54.680824279785156,157.05262756347656,515.9619140625,30.815000534057617,113.76486206054688,34.11747360229492,96.36000061035156,44.7269401550293,60.52206802368164,48.849998474121094,25.989999771118164,68.25989532470703,88.84461212158203,22.170000076293945,352.6542663574219,27.34000015258789,792.4000244140625,227.16632080078125,40.79924774169922,25.450000762939453,203.3413848876953,13590.6044921875,32.214778900146484,55.09390640258789,463.4676513671875,873.29443359375,31.50192642211914,32.540000915527344,282.16534423828125,258.2045593261719,44.43489456176758,672.9081420898438,138.63902282714844,438.6000061035156,69.70771026611328,301.3975830078125,102.33484649658203,353.36676025390625,910.0244750976562,62.08885955810547,82.66920471191406,104.97972106933594,222.92396545410156,315.92327880859375,197.2720947265625,24.26624870300293,1018.2448120117188,230.2223663330078,91.39610290527344,334.4298095703125,122.57965087890625,566.174072265625,102.66999816894531,434.0199890136719,145.55999755859375,127.66431427001953,3.9600000381469727,116.11270141601562,150.2505645751953,84.5964126586914,253.5399932861328,576.2470092773438,82.86864471435547,337.6921081542969,21.059999465942383,95.36000061035156,16.495637893676758,28.54046630859375,68.57241821289062,21.5,38.817588806152344,117.05583953857422,2.5061864852905273,9.83899974822998,191.80999755859375,549.7147827148438,464.7831726074219,174.35946655273438,299.3511047363281,194.04490661621094,91.35458374023438,472.9559020996094,1705.9478759765625,109.7750015258789,109.3974609375,143.02000427246094,195.4199981689453,209.50668334960938,40.10900115966797,38.35599899291992,7.442999839782715,120.08499908447266,64.4000015258789,221.1999969482422,48.64569854736328
2025-11-18,230.54527282714844,422.7040100097656,195.10000610351562,158.1998748779297,247.06002807617188,511.7091369628906,348.95001220703125,279.95001220703125,97.19999694824219,200.0500030517578,139.59913635253906,190.87957763671875,132.71981811523438,186.48304748535156,1120.2027587890625,82.9900894165039,78.0999984741211,545.7999877929688,36.7599983215332,201.9229278564453,343.7801818847656,213.60874938964844,27.29180145263672,80.0440902709961,26.064836502075195,40.17776870727539,52.82137680053711,151.0649871826172,510.0445251464844,29.4950008392334,106.49585723876953,32.733123779296875,94.69999694824219,43.94243240356445,59.3533935546875,47.540000915527344,25.780000686645508,67.2535171508789,87.81864929199219,22.299999237060547,349.29278564453125,26.6200008392334,788.5999755859375,226.570068359375,40.59417724609375,25.149999618530273,200.49400329589844,13564.607421875,31.764806747436523,54.06083679199219,458.4190673828125,862.5326538085938,30.85611915588379,30.6200008392334,275.10003662109375,255.83116149902344,44.25713348388672,666.583251953125,136.48696899414062,433.6000061035156,70.24028015136719,301.0911560058594,100.78417205810547,332.0974426269531,892.563720703125,61.684146881103516,82.3135986328125,105.56575012207031,217.54408264160156,309.08282470703125,197.68724060058594,24.624244689941406,1026.5665283203125,230.09445190429688,94.90982055664062,336.6612243652344,125.63204193115234,575.0287475585938,102.52999877929688,435.5199890136719,147.47999572753906,124.22886657714844,3.930000066757202,117.44471740722656,150.75103759765625,83.50135040283203,252.19000244140625,554.1865844726562,83.13813018798828,338.3701171875,21.540000915527344,96.62999725341797,16.131977081298828,28.244094848632812,67.84281921386719,21.239999771118164,39.81291198730469,120.72564697265625,2.543478012084961,9.777000427246094,189.6300048828125,544.5667114257812,468.6729736328125,173.45603942871094,295.2417907714844,189.46295166015625,90.0355224609375,470.83941650390625,1699.0172119140625,108.29499816894531,108.09392547607422,141.17999267578125,192.05999755859375,206.30886840820312,39.54800033569336,37.84299850463867,7.348999977111816,118.46499633789062,63.41999816894531,217.39999389648438,47.92599868774414
2025-11-19,233.33917236328125,421.6590881347656,192.4199981689453,160.31961059570312,255.546630859375,509.3137512207031,352.79998779296875,275.25,95.51000213623047,196.17999267578125,141.55252075195312,199.64646911621094,133.96261596679688,192.698486328125,1164.458740234375,81.39886474609375,77.80000305175781,544.0,35.7400016784668,202.07041931152344,343.4933776855469,214.0493927001953,26.942800521850586,80.55464172363281,26.306983947753906,41.32844161987305,53.223167419433594,150.0834197998047,507.1812744140625,29.875,108.48736572265625,32.52473068237305,94.77999877929688,43.05985641479492,59.85151672363281,46.689998626708984,26.049999237060547,67.77606201171875,87.48323822021484,22.6299991607666,346.4256896972656,26.860000610351562,797.4000244140625,227.5637969970703,40.39887237548828,24.950000762939453,199.9049072265625,13594.6044921875,31.438459396362305,53.992618560791016,455.4699401855469,883.458251953125,31.22408103942871,34.84000015258789,276.2941589355469,258.501220703125,44.72128677368164,667.966796875,137.7505645751953,432.25,70.13179779052734,299.26239013671875,100.00882720947266,330.1432189941406,888.0963134765625,61.83221435546875,82.65933227539062,103.96656799316406,226.30250549316406,304.6572265625,200.168212890625,24.072736740112305,1046.0504150390625,229.14996337890625,93.55157470703125,335.1051025390625,126.51121520996094,572.7925415039062,101.43000030517578,421.0299987792969,146.77000427246094,123.54954528808594,3.819999933242798,115.78709411621094,148.8668975830078,83.13632202148438,251.8699951171875,594.5723876953125,86.0724105834961,356.4477844238281,21.1299991607666,102.86000061035156,15.87014102935791,28.234216690063477,67.54125213623047,21.959999084472656,41.057064056396484,124.99217224121094,2.543478012084961,10.227999687194824,185.6999969482422,550.7703247070312,463.9242858886719,172.51290893554688,300.039306640625,188.5920867919922,89.628173828125,471.7535400390625,1580.204833984375,108.55000305175781,108.4322509765625,141.3800048828125,191.8800048828125,207.20826721191406,39.64899826049805,37.941001892089844,7.376999855041504,118.67500305175781,63.56999969482422,217.1999969482422,49.73609924316406
2025-11-20,234.53652954101562,420.7714538574219,194.05999755859375,163.21925354003906,258.9412841796875,513.8050537109375,360.95001220703125,274.8999938964844,93.9800033569336,191.4199981689453,141.7695770263672,201.35397338867188,134.9094696044922,189.9581298828125,1099.6158447265625,80.99158477783203,74.66000366210938,520.7000122070312,33.56999969482422,203.15206909179688,346.7438049316406,216.49734497070312,26.907899856567383,79.81716918945312,26.229496002197266,41.01200866699219,52.8961296081543,149.4453887939453,506.7994689941406,29.829999923706055,111.62398529052734,32.658695220947266,93.76000213623047,44.22681427001953,59.238441467285156,46.779998779296875,25.899999618530273,67.0406265258789,86.5756607055664,22.610000610351562,348.7984619140625,27.020000457763672,803.0,228.16004943847656,40.32075119018555,24.799999237060547,200.69036865234375,13648.5986328125,31.730194091796875,54.25575256347656,458.11920166015625,886.6469116210938,31.475645065307617,34.29999923706055,280.67266845703125,262.2096252441406,44.80522918701172,682.69189453125,140.77133178710938,438.1000061035156,70.23042297363281,300.6661071777344,106.4699935913086,328.05084228515625,890.7787475585938,60.637813568115234,81.61225891113281,102.00981140136719,226.3223114013672,307.07208251953125,200.72174072265625,23.608312606811523,1039.7618408203125,225.7458038330078,93.47283935546875,328.90997314453125,123.46869659423828,571.744384765625,96.97000122070312,422.32000732421875,143.30999755859375,120.68669128417969,3.6600000858306885,115.46148681640625,147.50283813476562,83.16592407226562,245.83999633789062,557.282470703125,81.82069396972656,344.78155517578125,18.700000762939453,88.0,15.94287395477295,28.174943923950195,66.908935546875,20.940000534057617,39.44464111328125,115.78285217285156,2.543478012084961,10.307999610900879,179.3800048828125,543.81982421875,462.2952880859375,171.48043823242188,289.8657531738281,186.1873016357422,88.13452911376953,473.30364990234375,1620.799072265625,109.23999786376953,109.31288146972656,142.22000122070312,192.77999877929688,208.70724487304688,39.90700149536133,37.90999984741211,7.4039998054504395,119.42500305175781,63.66999816894531,218.1999969482422,48.444801330566406
2025-11-21,234.4866485595703,408.6041259765625,189.39999389648438,156.4600830078125,258.6916809082031,509.7130126953125,340.6499938964844,275.6000061035156,91.54000091552734,174.86000061035156,138.4941864013672,193.97482299804688,134.71221923828125,171.45079040527344,1094.299560546875,81.6924819946289,71.77999877929688,512.2000122070312,34.310001373291016,201.57876586914062,347.126220703125,214.58792114257812,27.50618553161621,80.44119262695312,26.752538681030273,41.990081787109375,53.279232025146484,148.807373046875,508.13568115234375,29.385000228881836,100.37197875976562,31.452974319458008,94.72000122070312,43.187339782714844,60.10057830810547,46.939998626708984,26.049999237060547,67.95024108886719,87.9962158203125,22.139999389648438,344.6461181640625,25.479999542236328,800.4000244140625,231.53871154785156,40.789485931396484,24.700000762939453,198.97213745117188,13818.5810546875,31.423622131347656,54.548133850097656,453.2205810546875,831.0446166992188,30.859874725341797,31.920000076293945,283.7077941894531,255.0400390625,44.025062561035156,656.4041137695312,140.2382354736328,438.70001220703125,71.94647979736328,305.7964782714844,104.69068145751953,338.8483581542969,896.482666015625,61.99014663696289,84.30895233154297,103.57919311523438,232.12823486328125,315.3811950683594,201.54212951660156,24.227548599243164,1056.1162109375,232.46554565429688,96.21885681152344,332.704833984375,125.09861755371094,586.4588012695312,95.58999633789062,426.760009765625,149.44000244140625,123.54954528808594,3.799999952316284,115.52069091796875,147.17901611328125,82.91463470458984,249.91000366210938,555.0953979492188,79.28562927246094,337.1336975097656,18.600000381469727,88.16999816894531,15.351318359375,28.135425567626953,68.08601379394531,21.600000381469727,39.68351745605469,116.18065643310547,2.543478012084961,9.234999656677246,179.6999969482422,548.1016845703125,454.9105529785156,169.11827087402344,286.6940002441406,188.04779052734375,91.81044006347656,484.14434814453125,1504.4619140625,108.2699966430664,108.0790023803711,140.8000030517578,191.4199981689453,203.9604949951172,39.520999908447266,37.292999267578125,7.392000198364258,118.36000061035156,63.90999984741211,216.6999969482422,46.596099853515625
2025-11-24,238.27835083007812,411.5960998535156,194.89999389648438,157.6199493408203,271.77105712890625,529.4747314453125,361.8500061035156,279.75,90.66000366210938,185.17999267578125,142.16421508789062,199.75633239746094,138.59832763671875,172.84085083007812,1133.8077392578125,81.6451187133789,72.87000274658203,499.3999938964844,35.470001220703125,204.03704833984375,346.93499755859375,218.3577880859375,30.507585525512695,82.29432678222656,26.345727920532227,42.50788879394531,53.71839904785156,149.54356384277344,507.56298828125,29.530000686645508,100.37197875976562,32.61404037475586,95.55999755859375,43.226566314697266,60.10057830810547,47.20000076293945,26.110000610351562,67.23416137695312,89.08138275146484,22.110000610351562,344.05291748046875,25.559999465942383,785.5999755859375,234.61927795410156,41.18986129760742,25.25,196.41932678222656,13932.5703125,31.24561309814453,54.47016525268555,453.720458984375,855.7567749023438,29.151485443115234,32.81999969482422,283.6082763671875,256.4739685058594,44.499088287353516,676.2681884765625,139.07337951660156,433.3999938964844,71.5914306640625,301.3975830078125,103.43821716308594,332.19610595703125,883.62890625,61.13136672973633,82.32347106933594,101.25492095947266,226.64926147460938,314.474365234375,203.6672821044922,24.401704788208008,1066.541015625,225.80484008789062,98.81724548339844,329.51123046875,123.74528503417969,585.05126953125,96.54000091552734,424.0,151.1999969482422,122.80229187011719,3.8399999141693115,114.42547607421875,146.95330810546875,83.65956115722656,259.8500061035156,579.7123413085938,83.17803955078125,353.08251953125,19.940000534057617,89.55000305175781,15.040995597839355,27.9082088470459,68.55296325683594,22.959999084472656,40.59921646118164,115.24580383300781,2.533916473388672,10.022000312805176,179.1199951171875,557.2328491210938,445.3143615722656,172.63661193847656,293.2868347167969,186.701904296875,90.74354553222656,484.1344299316406,1428.718994140625,109.56500244140625,109.63130187988281,142.4600067138672,192.4600067138672,208.9570770263672,40.02000045776367,37.67399978637695,7.5,119.75,64.91999816894531,217.89999389648438,47.676700592041016
2025-11-25,239.7750701904297,408.2051696777344,197.1199951171875,151.1207733154297,276.3138427734375,540.2538452148438,357.75,277.3500061035156,90.52999877929688,172.82000732421875,139.4018096923828,204.00009155273438,137.07937622070312,168.33316040039062,1142.9442138671875,81.83455657958984,72.33999633789062,512.9000244140625,35.5,201.4312744140625,350.8546447753906,222.27452087402344,30.741914749145508,82.86161041259766,26.752538681030273,42.87226486206055,54.40050506591797,151.35946655273438,515.5802001953125,29.8799991607666,106.39627838134766,33.29380798339844,97.19999694824219,42.56953430175781,61.92064666748047,47.65999984741211,25.969999313354492,67.71800231933594,90.89654541015625,22.420000076293945,346.3268127441406,25.700000762939453,785.0,234.61927795410156,41.53164291381836,25.75,198.18666076660156,14098.552734375,31.27033805847168,54.7430534362793,449.3716735839844,857.25146484375,30.09766960144043,31.559999465942383,286.2453308105469,257.6111755371094,44.83979034423828,678.9365234375,139.6064453125,439.1000061035156,71.61116790771484,306.88385009765625,106.36064910888672,346.4974060058594,891.8157958984375,62.85879898071289,84.86212921142578,102.61570739746094,235.90309143066406,321.6007080078125,205.57713317871094,24.885480880737305,1106.186279296875,228.05787658691406,103.99432373046875,336.2236633300781,125.5727767944336,596.7409057617188,99.70999908447266,429.82000732421875,150.36000061035156,126.41240692138672,3.759999990463257,112.98491668701172,145.75608825683594,84.2554931640625,260.3599853515625,571.79296875,87.18025207519531,350.57977294921875,18.729999542236328,85.7699966430664,15.123425483703613,27.898330688476562,69.13663482666016,23.469999313354492,40.877906799316406,124.57447052001953,2.533916473388672,10.112000465393066,182.44000244140625,564.2132568359375,446.6471862792969,171.58010864257812,292.6784362792969,189.03741455078125,91.69405364990234,494.9651794433594,1453.4715576171875,109.79499816894531,109.73578643798828,142.8000030517578,194.36000061035156,208.40745544433594,40.099998474121094,37.558998107910156,7.5920000076293945,120.08999633789062,66.33999633789062,219.9499969482422,48.786399841308594
2025-11-26,240.02452087402344,418.7768249511719,199.3000030517578,156.26011657714844,274.5166931152344,540.2538452148438,357.75,274.54998779296875,91.5999984741211,184.36000061035156,140.7632598876953,213.68585205078125,141.41921997070312,175.40248107910156,1156.09033203125,81.88190460205078,72.33999633789062,511.8999938964844,36.130001068115234,203.25039672851562,356.97308349609375,223.35162353515625,30.273258209228516,82.63469696044922,26.78159523010254,42.78596496582031,53.72774124145508,155.923828125,515.5802001953125,30.6299991607666,106.39627838134766,34.52434158325195,97.05999755859375,43.255985260009766,61.537471771240234,47.65999984741211,25.969999313354492,67.50511169433594,90.817626953125,22.420000076293945,346.3268127441406,26.559999465942383,797.4000244140625,236.30860900878906,41.53164291381836,25.700000762939453,201.18128967285156,14146.5478515625,31.304950714111328,55.22060775756836,452.5707702636719,906.0778198242188,31.539474487304688,31.559999465942383,286.2453308105469,261.56683349609375,45.170623779296875,697.6146850585938,143.18002319335938,440.6000061035156,71.87744903564453,308.8114318847656,108.4480972290039,350.840087890625,905.7066650390625,63.500423431396484,85.64248657226562,102.73490905761719,239.38070678710938,324.9814758300781,206.46241760253906,24.875804901123047,1100.6053466796875,223.98472595214844,102.98055267333984,339.63409423828125,125.95802307128906,592.21875,102.69999694824219,432.1700134277344,150.97999572753906,126.58709716796875,3.75,113.241455078125,146.71778869628906,84.96068572998047,272.2099914550781,588.929931640625,88.63741302490234,358.0531311035156,19.040000915527344,88.72000122070312,15.2204008102417,27.898330688476562,70.23589324951172,24.18000030517578,41.952857971191406,126.21544647216797,2.543478012084961,10.520000457763672,186.9199981689453,571.3031005859375,448.3748779296875,172.61666870117188,295.8501892089844,188.0181121826172,92.79003143310547,466.88470458984375,1480.699462890625,111.11499786376953,111.0841064453125,144.4199981689453,196.5399932861328,211.85507202148438,40.590999603271484,37.974998474121094,7.675000190734863,121.5199966430664,66.86000061035156,222.35000610351562,50.000999450683594
2025-11-27,239.67527770996094,419.2754821777344,198.8000030517578,154.50035095214844,278.560302734375,547.7393798828125,365.29998779296875,275.3999938964844,92.30000305175781,183.36000061035156,142.02609252929688,219.62710571289062,141.2022247314453,174.2904510498047,1156.09033203125,81.0578842163086,74.81999969482422,515.9000244140625,36.130001068115234,203.54539489746094,355.4434509277344,222.8130645751953,30.532514572143555,83.10743713378906,26.66536521911621,42.78596496582031,54.316410064697266,156.66000366210938,519.2069702148438,30.545000076293945,113.91422271728516,35.43731689453125,97.18000030517578,42.59895324707031,62.2271842956543,47.36000061035156,26.25,67.2535171508789,91.09384155273438,23.1200008392334,349.0950927734375,26.440000534057617,790.7999877929688,237.0042266845703,41.736717224121094,26.299999237060547,200.44491577148438,14010.5615234375,31.20111083984375,55.01594161987305,446.87237548828125,894.0206909179688,31.302928924560547,33.900001525878906,285.2502136230469,264.7807922363281,44.93360900878906,693.1675415039062,144.44363403320312,442.20001220703125,71.87744903564453,308.8114318847656,108.4480972290039,350.840087890625,905.7066650390625,63.500423431396484,85.64248657226562,102.73490905761719,239.38070678710938,324.9814758300781,206.46241760253906,24.875804901123047,1100.6053466796875,223.98472595214844,102.98055267333984,339.63409423828125,125.95802307128906,592.21875,102.69999694824219,432.1700134277344,150.97999572753906,126.58709716796875,3.75,113.241455078125,146.71778869628906,84.96068572998047,272.2099914550781,588.929931640625,88.63741302490234,358.0531311035156,19.040000915527344,88.72000122070312,15.288284301757812,27.898330688476562,70.23589324951172,24.18000030517578,41.952857971191406,126.21544647216797,2.543478012084961,10.555999755859375,186.9199981689453,571.3031005859375,448.3748779296875,172.61666870117188,295.8501892089844,188.0181121826172,92.79003143310547,466.88470458984375,1499.016357421875,111.0,110.92488861083984,144.25999450683594,196.86000061035156,211.60525512695312,40.54800033569336,37.88100051879883,7.677999973297119,121.40499877929688,66.75,222.85000610351562,50.877201080322266
2025-11-28,237.77943420410156,423.01544189453125,200.5500030517578,152.6605682373047,273.8677062988281,554.725830078125,370.54998779296875,277.45001220703125,92.70999908447266,186.33999633789062,142.34178161621094,215.9325408935547,143.687744140625,171.98696899414062,1172.4481201171875,81.2283706665039,75.27999877929688,517.2999877929688,35.970001220703125,205.06951904296875,355.92144775390625,223.54745483398438,30.397899627685547,83.23979949951172,26.888139724731445,43.05445861816406,54.34444046020508,157.44525146484375,519.2069702148438,30.610000610351562,114.8104019165039,36.052581787109375,98.37999725341797,42.89314651489258,61.82485580444336,47.33000183105469,26.1200008392334,67.3309326171875,91.40953063964844,23.200000762939453,348.30413818359375,25.81999969482422,782.4000244140625,238.99168395996094,41.83436584472656,26.700000762939453,200.9358367919922,13972.5654296875,31.5076847076416,55.357051849365234,454.0703430175781,900.19873046875,31.832340240478516,34.599998474121094,287.0911865234375,267.2036437988281,45.906349182128906,707.6949462890625,144.83848571777344,444.79998779296875,72.11414337158203,308.23809814453125,109.84968566894531,352.271240234375,911.021728515625,63.796546936035156,86.04749298095703,103.7679214477539,240.24267578125,325.0406188964844,205.8258056640625,24.90483283996582,1071.8328857421875,224.02406311035156,103.17740631103516,340.5113525390625,124.308349609375,589.8030395507812,103.1500015258789,433.6099853515625,151.5,126.54827117919922,3.890000104904175,114.37613677978516,148.3075408935547,85.70560455322266,272.9200134277344,598.9664916992188,88.33800506591797,363.30792236328125,20.0,91.37999725341797,15.453144073486328,28.352766036987305,69.9926986694336,25.3700008392334,42.77897262573242,129.27857971191406,2.543478012084961,10.687999725341797,189.0,573.3245239257812,452.0277404785156,174.3309783935547,297.67547607421875,190.1952667236328,92.90642547607422,461.53887939453125,1465.847900390625,111.46499633789062,111.34779357910156,144.83999633789062,197.5,212.4047088623047,40.72800064086914,38.069000244140625,7.729000091552734,121.88999938964844,66.95999908447266,223.60000610351562,51.36280059814453
2025-12-01,238.77725219726562,419.6245422363281,201.39999389648438,153.8604278564453,272.56976318359375,552.2306518554688,367.25,278.70001220703125,93.26000213623047,187.89999389648438,142.36151123046875,216.6315155029297,143.2537841796875,173.1982879638672,1154.2052001953125,81.84402465820312,73.88999938964844,502.3999938964844,35.689998626708984,205.41368103027344,353.43585205078125,221.4911651611328,30.38294219970703,84.5067367553711,26.752538681030273,42.90103530883789,55.194740295410156,158.1814422607422,515.5802001953125,30.489999771118164,112.07208251953125,35.12968444824219,99.54000091552734,42.461666107177734,62.49540328979492,46.369998931884766,25.739999771118164,67.48575592041016,90.44275665283203,23.559999465942383,338.1209716796875,25.1200008392334,772.2000122070312,238.0973358154297,41.59023666381836,26.399999618530273,189.08489990234375,13834.580078125,31.646135330200195,55.26933670043945,457.41937255859375,923.4161987304688,31.644603729248047,33.220001220703125,284.55364990234375,264.2863464355469,45.45207595825195,688.8191528320312,143.29849243164062,440.45001220703125,71.45864868164062,301.88360595703125,110.86357879638672,352.6758728027344,909.396240234375,64.95883178710938,83.87432861328125,106.05245971679688,244.11660766601562,318.5747375488281,204.254150390625,24.450084686279297,1054.3123779296875,221.47589111328125,100.22469329833984,332.655517578125,122.81672668457031,584.1328125,97.38999938964844,425.6000061035156,149.02999877929688,125.1605224609375,3.8399999141693115,115.0766830444336,149.69119262695312,84.07671356201172,263.5400085449219,576.127197265625,87.52999877929688,358.0132141113281,18.079999923706055,87.36000061035156,15.758618354797363,27.73038673400879,70.01215362548828,25.6299991607666,42.868553161621094,127.62767028808594,2.543478012084961,10.302000045776367,186.4600067138672,565.6571044921875,436.8875427246094,167.4637908935547,287.701416015625,188.24571228027344,92.35357666015625,465.1358642578125,1433.6695556640625,111.01000213623047,110.89006042480469,144.3000030517578,195.32000732421875,212.00497436523438,40.5620002746582,37.970001220703125,7.679999828338623,121.40499877929688,66.95999908447266,221.14999389648438,54.77280044555664
2025-12-02,245.31295776367188,420.9210510253906,202.0500030517578,155.36024475097656,270.8724365234375,549.9351196289062,364.79998779296875,277.8500061035156,92.87999725341797,186.97999572753906,143.52566528320312,221.92373657226562,144.24009704589844,173.41671752929688,1186.8011474609375,81.75878143310547,75.22000122070312,496.54998779296875,36.18000030517578,204.38121032714844,355.4434509277344,222.5682830810547,34.05242919921875,84.67692565917969,26.655677795410156,43.303768157958984,55.34424591064453,157.54342651367188,513.6713256835938,31.125,115.55722045898438,35.506778717041016,101.19999694824219,42.579341888427734,62.66783142089844,46.86000061035156,25.690000534057617,66.46002197265625,89.67327880859375,23.219999313354492,337.72552490234375,25.639999389648438,781.4000244140625,241.4759979248047,41.66835403442383,26.600000381469727,187.12120056152344,13798.583984375,31.473072052001953,55.084163665771484,457.81927490234375,935.7721557617188,30.84109878540039,33.2599983215332,284.30487060546875,263.4952392578125,45.30887985229492,698.06298828125,143.83155822753906,437.1000061035156,70.18739318847656,299.0494384765625,111.73832702636719,349.4188232421875,919.43798828125,64.50186920166016,84.16078186035156,104.12550354003906,240.9263153076172,319.8856506347656,204.333740234375,24.33397674560547,1042.5821533203125,220.74783325195312,99.43730926513672,333.5130615234375,122.40184020996094,579.3611450195312,96.11000061035156,433.1499938964844,142.08999633789062,128.37274169921875,3.869999885559082,113.84333038330078,147.4439697265625,84.00718688964844,262.55999755859375,600.774169921875,88.2300033569336,362.61993408203125,18.90999984741211,91.83999633789062,15.719826698303223,27.58220100402832,70.37208557128906,25.010000228881836,42.76902389526367,127.43871307373047,2.543478012084961,10.210000038146973,205.3800048828125,580.006103515625,439.5037536621094,168.24119567871094,288.56915283203125,191.14529418945312,92.70274353027344,466.16925048828125,1475.2537841796875,111.08499908447266,110.90499114990234,144.25999450683594,196.36000061035156,212.9043731689453,40.57699966430664,37.87900161743164,7.644999980926514,121.41000366210938,66.66999816894531,222.25,54.72480010986328
2025-12-03,245.1632537841797,411.54620361328125,199.47999572753906,155.14027404785156,273.9675598144531,550.533935546875,377.75,277.70001220703125,88.81999969482422,185.22000122070312,145.43960571289062,225.71815490722656,151.93344116210938,174.27059936523438,1208.634765625,81.20942687988281,77.62000274658203,483.79998779296875,37.369998931884766,203.05372619628906,349.1338195800781,223.9880828857422,34.15214157104492,84.31764221191406,26.345727920532227,42.402408599853516,53.86790084838867,156.80723571777344,508.13568115234375,30.604999542236328,113.56571197509766,36.464412689208984,102.8499984741211,42.92256546020508,63.70240020751953,47.38999938964844,25.420000076293945,66.59549713134766,89.37732696533203,23.6299991607666,341.482421875,25.540000915527344,799.0,238.2960662841797,41.336341857910156,27.049999237060547,194.46543884277344,13692.5947265625,31.754919052124023,55.5909538269043,463.8675537109375,959.9861450195312,30.645856857299805,35.060001373291016,281.9663391113281,262.5557556152344,45.54589080810547,706.3129272460938,144.81874084472656,434.45001220703125,70.32643127441406,306.0006103515625,113.72637939453125,353.248291015625,919.6672973632812,65.21711730957031,86.04749298095703,105.02938079833984,244.66152954101562,334.8381042480469,204.2442169189453,24.74034881591797,1030.064697265625,226.52305603027344,100.65775299072266,340.4719543457031,123.47857666015625,579.4409790039062,96.7300033569336,463.1300048828125,147.80999755859375,129.7702178955078,4.059999942779541,116.2311019897461,148.75894165039062,84.37467956542969,256.05999755859375,601.16357421875,89.44999694824219,360.21685791015625,20.139999389648438,96.58999633789062,15.94287395477295,27.54268455505371,72.25931549072266,25.209999084472656,44.32172393798828,125.79773712158203,2.533916473388672,10.680000305175781,202.5399932861328,588.9879760742188,444.4576416015625,167.89234924316406,287.74127197265625,191.4619903564453,95.25357055664062,478.7587890625,1503.966796875,111.03500366210938,110.83036041259766,144.17999267578125,196.22000122070312,213.05426025390625,40.56700134277344,37.750999450683594,7.660999774932861,121.43000030517578,67.05000305175781,222.0,55.60580062866211
2025-12-04,240.2240753173828,409.2024841308594,195.44000244140625,156.75015258789062,271.0721130371094,570.5950927734375,385.79998779296875,279.04998779296875,87.4800033569336,186.9600067138672,148.1691436767578,232.3583984375,152.60414123535156,180.10873413085938,1204.9742431640625,79.94023895263672,77.0199966430664,475.1000061035156,38.709999084472656,206.64280700683594,350.6634216308594,225.40789794921875,33.47907257080078,88.09955596923828,26.529760360717773,41.01200866699219,56.456172943115234,158.67222595214844,510.2353820800781,30.985000610351562,116.6027603149414,36.221282958984375,105.44999694824219,42.74605178833008,62.59119415283203,47.86000061035156,25.489999771118164,66.71161651611328,89.51543426513672,23.579999923706055,344.25067138671875,26.059999465942383,792.2000122070312,238.3954315185547,41.64883041381836,27.25,193.50323486328125,13512.61328125,31.759864807128906,55.727394104003906,464.86724853515625,953.90771484375,30.81106185913086,36.31999969482422,278.2346496582031,268.48919677734375,46.34580993652344,714.7616577148438,147.93821716308594,430.5,69.9688949584961,306.82598876953125,114.15380096435547,348.83782958984375,893.3414916992188,65.2568588256836,83.96322631835938,104.76119995117188,243.8986358642578,328.707275390625,201.40928649902344,24.866132736206055,1011.0591430664062,225.01776123046875,99.29950714111328,335.2872619628906,121.12754821777344,574.2400512695312,96.0,457.3599853515625,148.0399932861328,128.518310546875,4.400000095367432,115.57988739013672,149.4164276123047,82.82524108886719,257.2799987792969,628.2672119140625,94.08999633789062,367.55560302734375,22.850000381469727,111.6500015258789,15.75377082824707,28.026758193969727,71.72428131103516,25.1299991607666,44.40135192871094,118.48796844482422,2.543478012084961,11.87600040435791,201.8699951171875,596.6156616210938,445.99951171875,170.74288940429688,291.1025390625,190.23484802246094,91.90743255615234,479.9610900878906,1524.759033203125,111.33999633789062,110.90995788574219,144.5399932861328,197.8000030517578,213.00428771972656,40.683998107910156,37.85900115966797,7.7129998207092285,121.7249984741211,67.11000061035156,223.9499969482422,54.843299865722656
2025-12-05,239.3759307861328,411.14727783203125,197.36000061035156,156.23019409179688,274.8161926269531,574.2879638671875,389.75,297.20001220703125,86.54000091552734,186.60000610351562,149.5785675048828,232.3583984375,155.72093200683594,183.68312072753906,1211.337890625,80.55589294433594,79.08999633789062,486.3999938964844,37.970001220703125,209.6910858154297,350.5678405761719,228.59024047851562,33.209842681884766,91.20071411132812,26.694421768188477,41.93254852294922,57.55876159667969,161.27342224121094,507.3721008300781,31.114999771118164,116.55297088623047,37.21860885620117,106.9000015258789,42.226314544677734,62.16971206665039,47.54999923706055,25.450000762939453,66.53743743896484,89.55490112304688,23.729999542236328,347.0188903808594,25.920000076293945,771.0,245.94778442382812,42.4886360168457,27.950000762939453,193.0712127685547,13590.6044921875,31.344507217407227,54.96721267700195,452.7207336425781,948.2279052734375,31.118946075439453,34.81999969482422,284.7526550292969,268.1430969238281,46.266326904296875,725.3970947265625,149.7743682861328,432.45001220703125,69.52196502685547,309.5010681152344,114.42218780517578,352.25494384765625,892.1648559570312,65.42573547363281,84.0817642211914,104.59234619140625,246.1774139404297,326.1642761230469,200.8621826171875,25.1854248046875,1006.8932495117188,222.43023681640625,98.14795684814453,325.1644287109375,119.74458312988281,571.7744140625,96.25,455.4800109863281,149.22000122070312,128.2563018798828,4.320000171661377,114.9878921508789,147.19863891601562,82.56700134277344,257.6099853515625,630.4742431640625,91.2699966430664,358.7810363769531,21.389999389648438,104.66999816894531,15.807106018066406,28.026758193969727,71.07250213623047,25.0,44.988590240478516,124.50485229492188,2.505230188369751,11.803999900817871,201.88999938964844,600.6185913085938,449.829345703125,170.53358459472656,283.2030944824219,189.34420776367188,92.01412200927734,472.0914001464844,1514.3629150390625,111.72000122070312,111.49207305908203,145.16000366210938,198.9600067138672,214.25344848632812,40.82899856567383,38.189998626708984,7.743000030517578,122.16999816894531,67.45999908447266,225.1999969482422,55.35749816894531
2025-12-08,237.92910766601562,421.4696044921875,196.16000366210938,157.6700897216797,270.8294372558594,574.2879638671875,389.75,293.45001220703125,82.44999694824219,189.25999450683594,149.5785675048828,229.4127197265625,154.57679748535156,186.7014617919922,1221.4417724609375,78.86994171142578,79.08999633789062,477.29998779296875,37.650001525878906,206.59365844726562,353.34027099609375,229.4715118408203,34.77037048339844,91.84364318847656,26.694421768188477,41.52981185913086,57.46532440185547,157.3961944580078,509.8536376953125,31.53499984741211,116.9014892578125,37.32280731201172,106.9000015258789,42.62837600708008,61.9014892578125,47.650001525878906,25.450000762939453,66.53743743896484,86.89134216308594,23.729999542236328,351.0723876953125,25.81999969482422,783.5999755859375,246.6433868408203,42.4886360168457,27.600000381469727,194.46543884277344,13576.6064453125,31.215946197509766,54.889244079589844,450.27142333984375,959.7868041992188,31.118946075439453,34.81999969482422,278.6326904296875,268.1430969238281,46.052730560302734,740.5054321289062,151.63026428222656,423.1499938964844,69.770263671875,308.0690612792969,112.8814468383789,347.586181640625,885.0250244140625,63.12103271484375,82.39262390136719,106.90667724609375,242.56109619140625,321.12347412109375,200.5538330078125,24.933860778808594,994.2163696289062,219.51800537109375,97.37040710449219,316.62847900390625,119.71495056152344,567.2222900390625,97.27999877929688,442.0400085449219,147.55999755859375,126.3250732421875,4.449999809265137,114.43534088134766,145.9327392578125,80.00447845458984,255.8800048828125,621.06689453125,90.9000015258789,356.6372375488281,21.559999465942383,104.61000061035156,15.807106018066406,27.967483520507812,71.0335922241211,24.34000015258789,44.78952407836914,126.50385284423828,2.5243542194366455,11.803999900817871,206.27000427246094,593.976806640625,462.94024658203125,170.9521942138672,286.4446716308594,189.99734497070312,92.67364501953125,463.3870849609375,1514.3629150390625,111.5250015258789,111.26321411132812,144.89999389648438,199.1199951171875,214.0535888671875,40.742000579833984,38.025001525878906,7.735000133514404,121.96499633789062,67.19999694824219,225.35000610351562,55.613800048828125
2025-12-09,238.128662109375,421.0706787109375,196.10000610351562,159.01002502441406,270.0800476074219,563.2094116210938,384.3999938964844,297.29998779296875,82.87999725341797,190.86000061035156,149.1219940185547,230.1116943359375,153.4721221923828,188.68722534179688,1222.459228515625,78.85099792480469,77.66000366210938,504.5,38.470001220703125,206.4953155517578,363.9519348144531,229.17776489257812,36.20625686645508,92.1083755493164,26.00672149658203,41.4722785949707,57.072879791259766,156.9544677734375,516.15283203125,32.130001068115234,117.947021484375,37.21860885620117,106.8499984741211,42.824501037597656,62.05475616455078,46.959999084472656,24.040000915527344,66.65354919433594,90.26518249511719,23.399999618530273,350.67694091796875,26.3799991607666,768.4000244140625,240.68101501464844,42.77183151245117,27.450000762939453,191.77517700195312,13590.6044921875,31.03793716430664,55.07441329956055,446.0726318359375,949.5233154296875,30.17276382446289,35.58000183105469,279.92633056640625,270.5164794921875,46.335872650146484,753.32763671875,153.071533203125,423.45001220703125,69.6113510131836,309.0635070800781,114.37248992919922,342.97698974609375,885.9423828125,62.912418365478516,81.27639770507812,106.30077362060547,240.430908203125,321.1036376953125,198.90261840820312,24.508136749267578,978.8982543945312,219.39012145996094,95.36256408691406,309.35418701171875,117.9072265625,562.0911865234375,95.8499984741211,437.010009765625,145.22000122070312,127.1402587890625,4.389999866485596,116.67510986328125,145.71685791015625,79.10063934326172,253.4199981689453,624.4623413085938,93.36000061035156,358.1129455566406,21.31999969482422,103.93000030517578,15.802257537841797,27.848936080932617,72.37605285644531,24.420000076293945,44.59046173095703,128.58241271972656,2.5147922039031982,11.89799976348877,200.3699951171875,591.8458251953125,464.44232177734375,171.36082458496094,284.5695495605469,188.19622802734375,94.0509033203125,459.9192199707031,1625.2545166015625,111.65499877929688,111.37267303466797,144.97999572753906,200.0500030517578,214.4533233642578,40.78900146484375,38.000999450683594,7.751999855041504,122.08999633789062,67.33000183105469,226.4499969482422,55.85639953613281
2025-12-10,238.52780151367188,411.69580078125,198.97999572753906,156.93014526367188,272.82781982421875,563.2094116210938,383.25,296.25,81.62999725341797,189.10000610351562,152.95327758789062,229.3128662109375,152.66331481933594,188.0319366455078,1235.72509765625,78.12168884277344,77.66000366210938,514.2000122070312,39.2599983215332,207.42945861816406,362.4223327636719,226.7787628173828,36.5103874206543,90.44434356689453,26.016407012939453,41.366798400878906,56.755184173583984,158.4268341064453,521.87939453125,32.005001068115234,117.947021484375,36.42967987060547,106.80000305175781,42.68721008300781,62.20802688598633,48.040000915527344,23.959999084472656,66.7696762084961,91.56736755371094,23.399999618530273,349.98486328125,28.5,770.2000122070312,240.68101501464844,42.77183151245117,27.0,190.4202117919922,13512.61328125,30.780811309814453,54.401947021484375,443.12347412109375,942.6477661132812,30.983776092529297,37.099998474121094,280.42388916015625,260.6273498535156,45.95338439941406,753.7251586914062,152.1238555908203,424.5,69.73052978515625,308.804931640625,112.50372314453125,348.7980651855469,871.9517822265625,65.35619354248047,82.82725524902344,108.09861755371094,243.9283447265625,325.83685302734375,205.44781494140625,24.94353675842285,990.2796630859375,221.54473876953125,96.08106994628906,310.86224365234375,119.86312103271484,572.8125610351562,95.73500061035156,444.6400146484375,149.25999450683594,127.31494903564453,4.329999923706055,117.94792938232422,148.58230590820312,80.71959686279297,262.2300109863281,722.0314331054688,93.76000213623047,361.0245361328125,20.31999969482422,100.5999984741211,15.75377082824707,28.0465145111084,74.1659927368164,25.149999618530273,46.23274230957031,132.48097229003906,2.5147922039031982,11.14799976348877,198.72000122070312,612.7470092773438,465.48681640625,174.1416015625,282.8639831542969,190.0666046142578,96.64051818847656,465.9208679199219,1594.0662841796875,111.38999938964844,111.05921936035156,144.72000122070312,199.83999633789062,213.85372924804688,40.70600128173828,38.04399871826172,7.74399995803833,121.80500030517578,67.44000244140625,226.25,58.147300720214844
2025-12-11,235.0853271484375,407.5569152832031,195.0800018310547,150.810546875,267.93182373046875,549.7354736328125,376.79998779296875,293.70001220703125,80.19999694824219,181.8000030517578,151.22622680664062,226.31727600097656,151.93344116210938,161.42269897460938,1242.9764404296875,79.2961654663086,71.73999786376953,512.0,38.689998626708984,205.8070068359375,367.10675048828125,233.87783813476562,36.226200103759766,90.29306030273438,26.074522018432617,42.728431701660156,57.13828659057617,161.22433471679688,533.3324584960938,32.61000061035156,122.9755859375,36.290748596191406,107.1500015258789,42.26553726196289,63.415016174316406,47.90999984741211,24.1200008392334,67.89218139648438,92.63279724121094,23.059999465942383,345.3381652832031,28.84000015258789,756.7999877929688,239.1904296875,42.5960578918457,27.350000381469727,189.8311004638672,13594.6044921875,30.667083740234375,54.42144012451172,441.9237976074219,937.5658569335938,32.20780944824219,36.36000061035156,288.4346008300781,264.7807922363281,45.85900115966797,764.6588134765625,152.38052368164062,421.8500061035156,68.63804626464844,307.9894714355469,114.8297348022461,355.0860290527344,881.9935302734375,67.2933349609375,83.70639038085938,110.7109375,245.791015625,334.1323547363281,208.8994598388672,24.962886810302734,1005.9664306640625,220.36412048339844,97.44915771484375,312.8336181640625,121.71036529541016,577.8936767578125,96.0,445.92999267578125,148.75,128.45037841796875,4.420000076293945,117.94792938232422,147.9051971435547,80.6600112915039,272.8299865722656,703.256591796875,95.73999786376953,377.5068054199219,21.219999313354492,103.0,15.564665794372559,27.710628509521484,74.65238952636719,25.950000762939453,47.884979248046875,133.8533935546875,2.505230188369751,11.720000267028809,200.7100067138672,622.9636840820312,472.39044189453125,176.83265686035156,287.6715087890625,191.83804321289062,97.45523834228516,472.9161376953125,1586.6405029296875,110.9800033569336,110.3676528930664,144.0800018310547,201.25,210.75582885742188,40.54499816894531,37.7869987487793,7.791999816894531,121.31500244140625,68.29000091552734,227.75,59.175899505615234
2025-12-12,235.0853271484375,406.0110778808594,195.0800018310547,149.9305877685547,260.7377014160156,544.6453857421875,379.0,293.70001220703125,80.19999694824219,178.83999633789062,151.94085693359375,222.07351684570312,151.93344116210938,158.3050537109375,1190.850830078125,79.03096008300781,72.25,511.3999938964844,36.06999969482422,204.72535705566406,363.6651306152344,233.87783813476562,36.395713806152344,90.89816284179688,25.967975616455078,42.99692153930664,57.64285659790039,164.4144744873047,532.5689086914062,31.59000015258789,117.74787902832031,36.01288604736328,108.5999984741211,42.26553726196289,63.75987243652344,47.560001373291016,24.200000762939453,67.83412170410156,92.17900848388672,23.09000015258789,348.60076904296875,28.739999771118164,753.2000122070312,233.8242950439453,42.99643325805664,27.149999618530273,190.4202117919922,13442.6201171875,30.355566024780273,54.17778778076172,439.1246032714844,922.0211181640625,32.35049057006836,36.880001068115234,288.4346008300781,267.8958740234375,45.85900115966797,764.6588134765625,152.38052368164062,422.6499938964844,70.03841400146484,314.9605407714844,116.23915100097656,357.261474609375,881.9835205078125,67.0251235961914,84.30895233154297,110.8499984741211,245.00828552246094,339.20294189453125,210.46116638183594,25.011266708374023,1024.03515625,219.71478271484375,98.71881866455078,313.1884460449219,118.93456268310547,571.2852783203125,94.80999755859375,452.0400085449219,148.1699981689453,128.65419006347656,4.289999961853027,117.23751831054688,147.18882751464844,81.09703063964844,254.8000030517578,670.8101806640625,91.48999786376953,350.9636535644531,18.34000015258789,87.41999816894531,15.404655456542969,27.55256462097168,73.60177612304688,25.270000457763672,47.15839767456055,132.4119873046875,2.5147922039031982,10.972000122070312,204.3800048828125,595.3609619140625,477.7322692871094,178.0685577392578,299.03192138671875,191.65000915527344,97.88198852539062,481.7198181152344,1600.0068359375,110.30999755859375,109.69100952148438,143.17999267578125,200.25,208.45741271972656,40.308998107910156,37.448001861572266,7.735000133514404,120.63500213623047,68.0999984741211,226.5500030517578,61.45719909667969
2025-12-15,235.0853271484375,402.7697448730469,195.0800018310547,149.9305877685547,261.1373596191406,545.1698608398438,379.0,293.70001220703125,80.19999694824219,179.74000549316406,151.94085693359375,222.07351684570312,151.93344116210938,158.3050537109375,1221.9605712890625,76.35050201416016,72.25,493.0,35.08000183105469,204.72535705566406,363.6651306152344,233.87783813476562,35.89714431762695,90.89816284179688,25.967975616455078,42.431175231933594,57.64285659790039,164.4144744873047,532.5689086914062,32.095001220703125,117.74787902832031,36.01288604736328,108.5999984741211,42.26553726196289,63.75987243652344,47.560001373291016,24.200000762939453,67.83412170410156,92.17900848388672,23.09000015258789,348.60076904296875,28.739999771118164,723.5999755859375,236.6067352294922,42.99643325805664,27.149999618530273,190.4202117919922,13610.6025390625,30.46929359436035,54.0900764465332,437.32513427734375,927.700927734375,32.35049057006836,36.65999984741211,288.4346008300781,267.8958740234375,46.82267761230469,758.197998046875,150.84051513671875,427.20001220703125,70.48534393310547,316.95941162109375,116.32880401611328,354.619140625,858.1407470703125,67.33307647705078,84.35834503173828,110.48999786376953,246.4845428466797,338.4686584472656,213.03746032714844,25.572446823120117,1058.5977783203125,223.77810668945312,99.52285766601562,320.6500244140625,119.10359954833984,575.3411865234375,93.80999755859375,455.7099914550781,146.24000549316406,131.19679260253906,4.139999866485596,116.19164276123047,147.00238037109375,81.09703063964844,255.88999938964844,680.437255859375,89.77999877929688,356.1087646484375,17.40999984741211,82.33000183105469,15.404655456542969,27.325347900390625,73.7574234008789,25.170000076293945,47.2977409362793,131.8932647705078,2.533916473388672,10.972000122070312,205.5,587.2653198242188,481.88043212890625,181.50714111328125,300.1988830566406,195.40066528320312,97.05757904052734,484.9094543457031,1557.927490234375,110.44999694824219,109.6611557006836,143.4600067138672,200.5500030517578,208.10491943359375,40.361000061035156,37.52399826049805,7.711999893188477,120.74500274658203,67.43000030517578,227.0500030517578,60.846500396728516
2025-12-16,231.6927490234375,401.5231018066406,189.39999389648438,149.7906036376953,259.5386657714844,545.1698608398438,379.0,298.20001220703125,80.19999694824219,175.9199981689453,148.76467895507812,218.82827758789062,151.93344116210938,158.2256317138672,1220.2249755859375,76.7009506225586,72.25,487.6000061035156,35.939998626708984,203.2012176513672,366.4375305175781,232.55593872070312,34.95484161376953,89.12067413330078,25.900175094604492,42.6900749206543,56.558956146240234,165.44512939453125,532.3780517578125,31.809999465942383,118.89299774169922,35.725101470947266,106.69999694824219,42.26553726196289,63.721553802490234,47.43000030517578,24.200000762939453,67.83412170410156,92.19873046875,23.09000015258789,347.2166442871094,29.18000030517578,726.5999755859375,236.010498046875,42.99643325805664,27.899999618530273,189.39907836914062,13504.61328125,29.767147064208984,53.115478515625,422.37939453125,905.3802490234375,31.164003372192383,34.52000045776367,288.4346008300781,265.02801513671875,46.38554382324219,745.4752197265625,148.7279510498047,425.6000061035156,69.88944244384766,312.7528991699219,114.9642105102539,350.3377685546875,857.9712524414062,66.67742919921875,84.04225158691406,111.62000274658203,244.19586181640625,331.62188720703125,208.19322204589844,24.701648712158203,1050.724609375,220.0591278076172,97.5474853515625,322.05950927734375,118.10924530029297,569.5968627929688,92.2300033569336,454.9599914550781,146.8699951171875,131.04151916503906,4.230000019073486,113.15265655517578,144.0093231201172,80.7692642211914,258.510009765625,685.3006591796875,87.05000305175781,364.5692443847656,17.1200008392334,83.51000213623047,14.85673999786377,27.443897247314453,73.92279815673828,25.040000915527344,47.31764602661133,130.74610900878906,2.5233218669891357,10.411999702453613,206.7100067138672,586.4388427734375,474.5589904785156,179.3343505859375,297.9547119140625,196.20225524902344,97.09637451171875,482.35577392578125,1487.1351318359375,109.73500061035156,108.91983032226562,142.44000244140625,199.3800048828125,206.60560607910156,40.10300064086914,36.9900016784668,7.675000190734863,119.95500183105469,67.06999969482422,225.64999389648438,59.99829864501953
2025-12-17,231.6927490234375,404.51507568359375,190.5800018310547,149.7906036376953,253.7933349609375,545.1698608398438,379.0,302.0,80.19999694824219,170.1199951171875,148.76467895507812,218.82827758789062,151.93344116210938,158.2256317138672,1169.0069580078125,77.52497863769531,72.25,484.1499938964844,37.36000061035156,203.2012176513672,366.4375305175781,232.55593872070312,34.95484161376953,89.12067413330078,25.900175094604492,42.6900749206543,56.558956146240234,165.44512939453125,532.3780517578125,31.809999465942383,118.89299774169922,35.725101470947266,106.69999694824219,42.26553726196289,63.721553802490234,47.43000030517578,24.200000762939453,67.83412170410156,92.19873046875,23.09000015258789,347.2166442871094,29.18000030517578,744.7999877929688,233.62554931640625,42.99643325805664,27.899999618530273,189.39907836914062,13552.6083984375,30.019325256347656,53.72947311401367,425.4284973144531,870.9028930664062,31.164003372192383,34.18000030517578,288.4346008300781,265.02801513671875,46.40045166015625,740.0084228515625,147.4051513671875,428.3500061035156,70.18739318847656,316.91961669921875,115.2032699584961,354.3807373046875,860.2249145507812,65.2568588256836,84.17066955566406,110.62999725341797,245.672119140625,329.07171630859375,209.2177734375,24.227548599243164,1038.266845703125,220.6887969970703,98.45079803466797,321.3399963378906,120.6746826171875,562.00439453125,91.5999984741211,449.5199890136719,148.0,131.04151916503906,4.059999942779541,115.84630584716797,146.7276153564453,79.7462387084961,254.02999877929688,613.3672485351562,84.8499984741211,339.9854431152344,15.729999542236328,75.94000244140625,14.85673999786377,26.376962661743164,75.09015655517578,24.959999084472656,47.596336364746094,134.3771209716797,2.5233218669891357,10.411999702453613,206.3300018310547,559.5132446289062,472.3009033203125,176.61338806152344,291.4217224121094,197.8153533935547,97.92078399658203,477.9440002441406,1511.8876953125,109.26499938964844,108.44717407226562,141.8000030517578,198.27999877929688,204.9063720703125,39.93199920654297,36.91600036621094,7.650000095367432,119.375,67.12000274658203,224.4499969482422,62.822601318359375
2025-12-18,231.6927490234375,404.51507568359375,190.5800018310547,149.7906036376953,253.7933349609375,545.1698608398438,379.0,302.0,80.19999694824219,170.1199951171875,148.76467895507812,218.82827758789062,151.93344116210938,158.2256317138672,1219.24755859375,77.52497863769531,72.25,484.6000061035156,36.9900016784668,203.2012176513672,366.4375305175781,232.55593872070312,34.95484161376953,89.12067413330078,25.900175094604492,42.6900749206543,56.558956146240234,165.44512939453125,532.3780517578125,31.809999465942383,118.89299774169922,35.725101470947266,106.69999694824219,42.26553726196289,63.721553802490234,47.43000030517578,24.200000762939453,67.83412170410156,92.19873046875,23.09000015258789,347.2166442871094,29.18000030517578,728.0,234.91738891601562,42.99643325805664,27.899999618530273,189.39907836914062,13546.609375,30.10338592529297,54.0218505859375,420.3299865722656,889.53662109375,31.164003372192383,32.63999938964844,288.4346008300781,265.02801513671875,46.40045166015625,740.0084228515625,147.4051513671875,430.45001220703125,69.87950897216797,317.874267578125,114.37654113769531,352.6324157714844,855.1791381835938,65.19725036621094,88.32931518554688,111.87000274658203,245.42442321777344,325.608642578125,207.2084503173828,24.227548599243164,1053.3057861328125,219.2228546142578,99.94969940185547,319.77276611328125,120.7840576171875,561.8345947265625,91.45999908447266,447.3800048828125,147.0,131.27442932128906,3.9100000858306885,114.9878921508789,144.93179321289062,80.30244445800781,261.7900085449219,638.5734252929688,87.58000183105469,360.0074768066406,15.789999961853027,77.72000122070312,14.85673999786377,26.347326278686523,75.51818084716797,25.530000686645508,47.69586944580078,140.13284301757812,2.513690948486328,10.411999702453613,208.27000427246094,563.4365234375,467.67529296875,177.69976806640625,300.90704345703125,196.02413940429688,99.00707244873047,472.0317687988281,1534.6600341796875,110.4749984741211,109.68898010253906,143.52000427246094,200.39999389648438,208.25485229492188,40.382999420166016,37.48899841308594,7.73199987411499,120.80999755859375,67.62999725341797,226.85000610351562,63.155601501464844
2025-12-19,231.24374389648438,413.1419372558594,194.47999572753906,153.5303497314453,260.43792724609375,568.2473754882812,410.5,303.6499938964844,81.3499984741211,180.67999267578125,149.8961944580078,219.2277069091797,149.6254425048828,163.7659149169922,1242.4676513671875,78.04591369628906,67.33000183105469,496.5,39.47999954223633,205.3153533935547,372.36480712890625,231.087158203125,35.77748489379883,88.51556396484375,26.52007484436035,41.96131134033203,55.91422653198242,162.05868530273438,530.4691772460938,32.96500015258789,119.63980865478516,35.53655242919922,104.05000305175781,43.71688461303711,64.0855712890625,48.29999923706055,24.0,67.91153717041016,92.51441192626953,24.979999542236328,355.4224853515625,28.959999084472656,735.7999877929688,239.68728637695312,43.41633987426758,27.5,192.42318725585938,13670.5966796875,30.54840850830078,54.3922004699707,424.7287292480469,898.4050903320312,31.107683181762695,32.31999969482422,294.75360107421875,267.1541748046875,46.62398147583008,759.7883911132812,148.70822143554688,428.45001220703125,69.58155822753906,314.08544921875,113.90839385986328,342.7087707519531,853.2146606445312,58.322879791259766,87.25260925292969,111.23999786376953,238.2215118408203,324.8941955566406,205.27871704101562,24.3726806640625,1067.8165283203125,223.15829467773438,100.34675598144531,322.69036865234375,123.588134765625,567.2692260742188,92.5,456.20001220703125,152.64999389648438,132.0410919189453,3.9600000381469727,115.1358871459961,144.9906463623047,79.0013198852539,266.9800109863281,657.3981323242188,89.98999786376953,354.3737487792969,16.06999969482422,83.2300033569336,15.070088386535645,26.55478286743164,76.18941497802734,26.190000534057617,48.92011642456055,145.51951599121094,2.513690948486328,11.105999946594238,214.0800018310547,573.7825927734375,471.6443786621094,181.40745544433594,306.4126892089844,197.04345703125,98.85188293457031,467.58026123046875,1544.0660400390625,110.95500183105469,110.10787963867188,144.17999267578125,201.10000610351562,210.00405883789062,40.542999267578125,37.80799865722656,7.754000186920166,121.29499816894531,67.44999694824219,227.60000610351562,63.155601501464844
2025-12-22,231.09408569335938,412.3440856933594,193.52000427246094,156.0902099609375,262.0865783691406,560.5548706054688,419.54998779296875,304.6499938964844,79.69000244140625,182.3800048828125,148.14927673339844,220.2761688232422,150.09886169433594,166.6254119873047,1262.40625,77.31659698486328,69.23999786376953,494.1000061035156,39.25,205.06951904296875,373.2251892089844,231.7236328125,35.353702545166016,87.79700469970703,26.539445877075195,41.93254852294922,55.54046630859375,163.7273712158203,535.0504150390625,32.95500183105469,118.7436294555664,36.389984130859375,104.1500015258789,43.305015563964844,63.70240020751953,48.54999923706055,24.030000686645508,67.60187530517578,91.80413055419922,25.280000686645508,351.1712646484375,29.219999313354492,726.0,236.010498046875,43.68976974487305,27.0,192.03045654296875,13630.6005859375,30.667083740234375,54.518898010253906,427.5279235839844,892.824951171875,30.563251495361328,33.68000030517578,298.9330749511719,269.97259521484375,47.230003356933594,763.1678466796875,150.72206115722656,424.3500061035156,69.73052978515625,314.46331787109375,112.15534973144531,344.0895690917969,847.6104125976562,56.84270477294922,85.11894989013672,112.37999725341797,239.83645629882812,322.651611328125,206.22369384765625,24.39202880859375,1072.8394775390625,224.23068237304688,103.95006561279297,326.6429138183594,123.45886993408203,575.1314086914062,92.16999816894531,460.30999755859375,154.6999969482422,132.82716369628906,4.300000190734863,116.57644653320312,147.00238037109375,79.49793243408203,284.5899963378906,660.9234008789062,91.70999908447266,356.7768249511719,16.43000030517578,83.44000244140625,15.361016273498535,26.969701766967773,77.92098999023438,26.829999923706055,50.40314483642578,145.020751953125,2.5329530239105225,10.97599983215332,216.83999633789062,579.9464111328125,481.0348815917969,185.0653076171875,313.9132080078125,193.9261474609375,97.69771575927734,465.79168701171875,1529.70947265625,111.16500091552734,110.47692108154297,144.39999389648438,201.0500030517578,210.60377502441406,40.65399932861328,37.8120002746582,7.807000160217285,121.55999755859375,67.7300033569336,227.60000610351562,65.94059753417969
2025-12-23,230.54527282714844,412.9923400878906,196.10000610351562,159.3100128173828,265.9334411621094,564.3511962890625,412.1499938964844,300.8500061035156,79.25,182.94000244140625,147.01776123046875,219.82681274414062,148.38265991210938,164.83822631835938,1265.48828125,78.02696990966797,68.41999816894531,492.6499938964844,38.38999938964844,204.23370361328125,373.7987976074219,232.84970092773438,35.83731460571289,87.60791015625,26.616933822631836,41.84624481201172,55.40965270996094,161.37156677246094,536.7684326171875,33.29999923706055,120.23725891113281,36.439605712890625,103.75,43.91300964355469,63.280906677246094,48.7599983215332,24.020000457763672,67.3309326171875,91.38980102539062,24.920000076293945,349.68829345703125,28.81999969482422,720.5999755859375,239.289794921875,43.45539855957031,26.450000762939453,193.18902587890625,13734.58984375,30.64236068725586,54.431182861328125,427.3779602050781,899.9994506835938,33.35299301147461,33.220001220703125,299.23162841796875,274.5215759277344,47.25484085083008,761.2793579101562,150.82077026367188,424.29998779296875,69.39286041259766,309.11322021484375,110.4620590209961,342.6789855957031,852.386962890625,56.9619140625,82.83712768554688,113.22000122070312,239.91571044921875,322.29437255859375,204.69183349609375,24.072736740112305,1068.015869140625,225.09646606445312,104.26771545410156,326.7414855957031,124.4830551147461,579.3672485351562,94.13999938964844,459.2099914550781,154.19000244140625,135.02041625976562,4.329999923706055,117.82952880859375,147.69911193847656,79.24962615966797,269.3900146484375,660.5639038085938,93.41000366210938,360.28662109375,15.970000267028809,81.87999725341797,15.288284301757812,26.900548934936523,78.76732635498047,27.3700008392334,51.65725326538086,146.3374786376953,2.5233218669891357,10.605999946594238,216.85000610351562,579.9563598632812,480.02020263671875,185.14505004882812,314.71112060546875,193.47091674804688,97.17396545410156,463.2479248046875,1525.7491455078125,111.41500091552734,110.66642761230469,144.6999969482422,201.5500030517578,210.5537872314453,40.73899841308594,37.82899856567383,7.769000053405762,121.84500122070312,67.0,228.0500030517578,66.43560028076172
2025-12-24,230.54527282714844,412.9923400878906,196.10000610351562,159.3100128173828,265.9334411621094,564.3511962890625,412.1499938964844,300.8500061035156,79.25,182.94000244140625,147.01776123046875,219.82681274414062,148.38265991210938,164.83822631835938,1273.7071533203125,78.02696990966797,68.41999816894531,492.6499938964844,38.86000061035156,204.23370361328125,373.7987976074219,232.84970092773438,35.83731460571289,87.60791015625,26.616933822631836,41.84624481201172,55.40965270996094,161.37156677246094,536.7684326171875,33.29999923706055,120.23725891113281,36.439605712890625,103.75,43.91300964355469,63.280906677246094,48.7599983215332,24.020000457763672,67.3309326171875,91.38980102539062,24.920000076293945,349.68829345703125,28.81999969482422,718.5999755859375,234.02304077148438,43.45539855957031,26.450000762939453,193.18902587890625,13672.5966796875,30.672027587890625,54.19728088378906,425.7284240722656,895.8143310546875,33.35299301147461,33.220001220703125,299.23162841796875,274.5215759277344,47.25484085083008,761.2793579101562,150.82077026367188,424.29998779296875,69.63121795654297,311.5893859863281,111.16925811767578,345.0332336425781,869.4089965820312,59.604373931884766,83.53846740722656,114.4800033569336,240.75787353515625,325.05291748046875,206.68125915527344,24.217870712280273,1073.337890625,226.1787109375,105.66734313964844,329.17608642578125,124.96034240722656,578.5480346679688,95.02999877929688,462.989990234375,153.63999938964844,134.77780151367188,4.190000057220459,117.63218688964844,147.68931579589844,79.9051513671875,272.2099914550781,666.4260864257812,93.33999633789062,362.89910888671875,16.079999923706055,81.30999755859375,15.288284301757812,27.09813117980957,78.68949890136719,27.43000030517578,51.67715835571289,148.14300537109375,2.5329530239105225,10.605999946594238,218.16000366210938,581.2907104492188,483.20343017578125,185.76300048828125,315.9279479980469,194.88607788085938,97.62982177734375,464.4701232910156,1525.7491455078125,111.41500091552734,110.66642761230469,144.6999969482422,201.5500030517578,210.5537872314453,40.73899841308594,37.82899856567383,7.769000053405762,121.84500122070312,67.0,228.0500030517578,66.43560028076172
2025-12-26,230.54527282714844,412.9923400878906,196.10000610351562,159.3100128173828,265.9334411621094,564.3511962890625,412.1499938964844,300.8500061035156,79.25,182.94000244140625,147.01776123046875,219.82681274414062,148.38265991210938,164.83822631835938,1276.3104248046875,78.02696990966797,68.41999816894531,492.6499938964844,38.540000915527344,204.23370361328125,373.7987976074219,232.84970092773438,35.83731460571289,87.60791015625,26.616933822631836,41.84624481201172,55.40965270996094,161.37156677246094,536.7684326171875,33.29999923706055,120.23725891113281,36.439605712890625,103.75,43.91300964355469,63.280906677246094,48.7599983215332,24.020000457763672,67.3309326171875,91.38980102539062,24.920000076293945,349.68829345703125,28.81999969482422,718.5999755859375,234.02304077148438,43.45539855957031,26.450000762939453,193.18902587890625,13672.5966796875,30.672027587890625,54.19728088378906,425.7284240722656,895.8143310546875,33.35299301147461,33.220001220703125,299.23162841796875,274.5215759277344,47.25484085083008,761.2793579101562,150.82077026367188,424.29998779296875,69.39286041259766,308.9541015625,111.29874420166016,347.45703125,870.894775390625,60.52824401855469,84.04225158691406,113.55999755859375,242.23414611816406,329.2701416015625,206.5320587158203,24.275924682617188,1074.105224609375,226.2672576904297,105.99491882324219,328.1608581542969,123.99581909179688,580.1664428710938,94.5199966430664,462.8999938964844,152.0500030517578,135.0689239501953,4.070000171661377,117.5236587524414,147.21826171875,79.86543273925781,269.69000244140625,662.5712280273438,92.83999633789062,359.419189453125,14.850000381469727,76.91999816894531,15.288284301757812,27.02897834777832,80.00276947021484,27.979999542236328,52.79192352294922,149.63929748535156,2.5329530239105225,10.605999946594238,216.44000244140625,580.533935546875,480.4977111816406,184.5570068359375,314.3221435546875,195.32150268554688,97.51343536376953,465.9506530761719,1525.7491455078125,111.41500091552734,110.66642761230469,144.6999969482422,201.5500030517578,210.5537872314453,40.73899841308594,37.82899856567383,7.769000053405762,121.84500122070312,67.0,228.0500030517578,66.43560028076172
2025-12-29,231.74264526367188,411.7955322265625,196.8800048828125,159.27000427246094,264.93426513671875,558.7566528320312,398.70001220703125,299.25,79.91999816894531,182.3000030517578,146.64060974121094,222.17337036132812,147.534423828125,164.8977813720703,1257.14990234375,77.91331481933594,69.20999908447266,493.8999938964844,37.83000183105469,204.97119140625,371.6955871582031,232.1153106689453,36.31095886230469,88.43992614746094,26.83002471923828,42.392818450927734,55.85816192626953,165.15066528320312,535.2413330078125,32.75,120.08789825439453,36.45945358276367,103.05000305175781,44.17778396606445,64.5262222290039,48.689998626708984,24.360000610351562,67.42769622802734,91.88304901123047,25.190000534057617,349.39166259765625,28.979999542236328,715.5999755859375,234.91738891601562,43.63117599487305,26.75,192.50173950195312,13746.5888671875,30.780811309814453,54.52864456176758,426.9280700683594,903.586669921875,32.947486877441406,33.41999816894531,300.07745361328125,273.2359924316406,46.807777404785156,757.0052490234375,151.4920654296875,425.29998779296875,69.68087768554688,306.8160400390625,112.08561706542969,345.14251708984375,865.4003295898438,60.806396484375,84.5262680053711,114.19000244140625,241.58021545410156,326.4024353027344,206.46241760253906,24.1888427734375,1075.0819091796875,227.11337280273438,105.83609771728516,324.90814208984375,124.20463562011719,584.4921875,95.19999694824219,459.7799987792969,150.67999267578125,135.08834838867188,4.0,118.92474365234375,148.17015075683594,79.72637176513672,268.25,662.5712280273438,92.83999633789062,357.2953186035156,14.479999542236328,74.08999633789062,15.404655456542969,26.95982551574707,78.21282958984375,27.520000457763672,51.23921585083008,144.22271728515625,2.54258394241333,10.52400016784668,217.25,576.1624755859375,486.30706787109375,183.8094940185547,311.12677001953125,195.04441833496094,96.67931365966797,467.2523498535156,1510.8975830078125,111.56999969482422,110.83599090576172,144.97999572753906,201.6999969482422,210.5537872314453,40.79600143432617,38.141998291015625,7.75600004196167,122.01499938964844,67.0,228.25,71.09629821777344
2025-12-30,231.94219970703125,412.1944580078125,197.17999267578125,160.32992553710938,266.1832275390625,559.65576171875,393.5,300.25,79.87000274658203,184.1199951171875,147.03762817382812,224.56983947753906,147.63304138183594,165.07650756835938,1240.452880859375,78.652099609375,69.6500015258789,495.20001220703125,37.630001068115234,204.87286376953125,373.32080078125,234.1715850830078,36.90425491333008,88.06173706054688,26.79128074645996,42.60377502441406,56.12913513183594,165.93592834472656,536.5775146484375,33.11000061035156,119.88874816894531,37.441890716552734,103.55000305175781,44.38371658325195,65.1009750366211,48.97999954223633,24.540000915527344,67.3309326171875,92.41576385498047,25.34000015258789,351.2701110839844,29.1200008392334,713.0,235.61300659179688,43.86553955078125,26.649999618530273,194.52435302734375,13748.5888671875,31.018157958984375,54.96721267700195,430.82696533203125,915.1456298828125,33.07139205932617,34.08000183105469,300.3760070800781,273.43377685546875,46.82764434814453,755.5142822265625,151.55128479003906,425.6499938964844,69.59149169921875,306.3188171386719,111.47803497314453,344.0498352050781,863.2164916992188,60.78652572631836,84.21017456054688,114.79000091552734,240.93621826171875,329.5976257324219,205.81585693359375,24.179166793823242,1076.0985107421875,226.03114318847656,105.28021240234375,323.9815673828125,122.48440551757812,582.873779296875,95.27999877929688,453.739990234375,148.7899932861328,134.62252807617188,3.9800000190734863,119.37861633300781,149.46548461914062,79.98461151123047,264.29998779296875,658.75634765625,91.37000274658203,356.08880615234375,14.3100004196167,71.62000274658203,15.482236862182617,26.584421157836914,78.32955932617188,28.68000030517578,51.1695442199707,141.65907287597656,2.5329530239105225,10.539999961853027,218.5,574.9476318359375,485.441650390625,183.4008331298828,311.33648681640625,194.32199096679688,96.64051818847656,466.9542541503906,1545.5511474609375,111.7750015258789,110.96564483642578,145.4199981689453,203.0500030517578,210.95361328125,40.86600112915039,38.347999572753906,7.78000020980835,122.2300033569336,67.13999938964844,229.75,71.2864990234375
2025-12-31,231.94219970703125,412.1944580078125,197.17999267578125,160.32992553710938,266.1832275390625,559.65576171875,393.5,300.25,79.87000274658203,184.1199951171875,147.03762817382812,224.56983947753906,147.63304138183594,165.07650756835938,1211.956298828125,78.652099609375,69.6500015258789,495.20001220703125,37.369998931884766,204.87286376953125,373.32080078125,234.1715850830078,36.90425491333008,88.06173706054688,26.79128074645996,42.60377502441406,56.12913513183594,165.93592834472656,536.5775146484375,33.11000061035156,119.88874816894531,37.441890716552734,103.55000305175781,44.38371658325195,65.1009750366211,48.97999954223633,24.540000915527344,67.3309326171875,92.41576385498047,25.34000015258789,351.2701110839844,29.1200008392334,716.7999877929688,237.10360717773438,43.86553955078125,26.649999618530273,194.52435302734375,13788.5849609375,31.126941680908203,55.00679016113281,432.6764221191406,918.1349487304688,33.07139205932617,34.08000183105469,300.3760070800781,273.43377685546875,46.82764434814453,755.5142822265625,151.55128479003906,425.6499938964844,69.43258666992188,303.9321594238281,110.97004699707031,341.81475830078125,859.9158325195312,63.28990936279297,83.18285369873047,113.7699966430664,238.9348602294922,327.56341552734375,205.85565185546875,24.09208869934082,1071.045654296875,224.8013153076172,104.48609924316406,322.621337890625,122.04688262939453,578.8777465820312,95.19999694824219,453.3599853515625,182.63999938964844,133.79762268066406,4.090000152587891,118.73727416992188,149.56362915039062,79.7363052368164,261.2300109863281,652.6944580078125,91.48999786376953,352.24993896484375,14.170000076293945,71.76000213623047,15.482236862182617,26.643695831298828,77.85289001464844,28.290000915527344,50.55244827270508,141.09048461914062,2.513690948486328,10.539999961853027,217.1199951171875,570.44677734375,481.1343688964844,182.79286193847656,307.5819396972656,193.06515502929688,96.20407104492188,464.2122802734375,1545.5511474609375,111.7750015258789,110.96564483642578,145.4199981689453,203.0500030517578,210.95361328125,40.86600112915039,38.347999572753906,7.78000020980835,122.2300033569336,67.13999938964844,229.75,71.2864990234375
2026-01-02,230.04635620117188,401.9220275878906,192.8000030517578,161.58985900878906,264.73443603515625,550.66455078125,378.6000061035156,286.25,77.72000122070312,189.3000030517578,147.05747985839844,226.46705627441406,149.2309112548828,166.56582641601562,1271.193603515625,78.12168884277344,71.11000061035156,490.8500061035156,37.61000061035156,198.5796661376953,370.64398193359375,236.0810089111328,37.89142990112305,91.06835174560547,26.94625473022461,42.939388275146484,57.86711120605469,164.31631469726562,515.7711181640625,33.560001373291016,122.27855682373047,37.97280502319336,106.44999694824219,46.00177001953125,65.71405029296875,47.72999954223633,24.059999465942383,67.4083480834961,91.56736755371094,24.65999984741211,366.98980712890625,30.260000228881836,723.7999877929688,232.73118591308594,43.103851318359375,26.600000381469727,200.19944763183594,13590.6044921875,31.384065628051758,55.51144027709961,437.7749938964844,982.8049926757812,33.3004264831543,35.7599983215332,294.6540832519531,272.59320068359375,47.02634048461914,757.7010498046875,150.93923950195312,424.25,68.64797973632812,301.5753479003906,112.3147201538086,343.5233459472656,852.0977783203125,62.86274719238281,82.94579315185547,111.8499984741211,244.6119842529297,333.8049011230469,206.2535400390625,24.363004684448242,1076.7064208984375,225.6080780029297,105.66734313964844,322.9466247558594,120.91332244873047,591.9248046875,96.69000244140625,452.1300048828125,178.69000244140625,134.4478302001953,3.869999885559082,121.01651763916016,152.9884490966797,80.38190460205078,274.3399963378906,678.6396484375,98.55999755859375,365.1924743652344,16.309999465942383,77.80000305175781,15.923478126525879,27.59208106994629,79.21481323242188,29.049999237060547,51.68711471557617,143.57432556152344,2.5233218669891357,10.918000221252441,227.77000427246094,595.8787231445312,494.464111328125,186.630126953125,320.283447265625,193.84698486328125,97.9789810180664,465.43865966796875,1586.1453857421875,111.31999969482422,110.15277099609375,145.13999938964844,203.1999969482422,208.70465087890625,40.6879997253418,39.13999938964844,7.751999855041504,121.7249984741211,66.8499984741211,230.0,70.69490051269531
2026-01-05,228.74920654296875,404.41534423828125,198.55999755859375,162.32980346679688,270.2299499511719,565.8497924804688,388.25,281.8999938964844,78.62999725341797,191.75999450683594,150.67039489746094,244.7901153564453,152.24905395507812,166.3672637939453,1348.97314453125,77.05139923095703,70.62000274658203,513.5999755859375,37.06999969482422,202.7587432861328,375.4240417480469,239.50814819335938,38.090858459472656,88.51556396484375,26.607248306274414,42.08597183227539,56.47486114501953,166.770263671875,515.3892822265625,33.810001373291016,127.00838470458984,39.60524368286133,103.3499984741211,46.32538604736328,64.87107849121094,47.689998626708984,24.459999084472656,67.71800231933594,92.57360076904297,24.600000381469727,368.8682556152344,31.360000610351562,683.5999755859375,233.42678833007812,43.846012115478516,27.049999237060547,204.372314453125,13382.6259765625,31.34945297241211,55.20469284057617,435.1257629394531,1049.4677734375,35.09893035888672,37.0,302.0179443359375,283.3228759765625,48.481788635253906,804.0198974609375,157.29664611816406,428.04998779296875,67.47603607177734,298.1942138671875,112.26490783691406,341.8048095703125,873.278076171875,64.10449981689453,85.50419616699219,114.06999969482422,242.49172973632812,339.38153076171875,203.22959899902344,24.353328704833984,1037.98779296875,216.62545776367188,106.65007019042969,316.1257629394531,117.63196563720703,610.5963745117188,96.8499984741211,448.79998779296875,171.49000549316406,133.83645629882812,3.869999885559082,123.69042205810547,160.7899932861328,80.7692642211914,272.0,680.4485473632812,100.16999816894531,353.9151306152344,18.780000686645508,89.33999633789062,16.34047508239746,27.601961135864258,80.9463882446289,30.3700008392334,54.155513763427734,145.76889038085938,2.513690948486328,11.637999534606934,228.1300048828125,613.493896484375,508.8880920410156,187.6367645263672,323.8482666015625,199.00289916992188,98.92948150634766,464.74072265625,1734.660888671875,112.74500274658203,111.49925994873047,147.0800018310547,205.85000610351562,211.6033172607422,41.198001861572266,39.76300048828125,7.894000053405762,123.30000305175781,67.87000274658203,233.10000610351562,71.50810241699219
2026-01-06,224.3588104248047,403.0190734863281,203.64999389648438,161.88983154296875,267.3323059082031,557.4578857421875,369.45001220703125,286.95001220703125,76.94999694824219,182.82000732421875,155.11705017089844,253.72698974609375,161.7375030517578,164.24249267578125,1391.413818359375,77.93225860595703,71.88999938964844,490.8999938964844,37.4900016784668,198.67800903320312,374.0856018066406,242.396728515625,37.93131637573242,87.9671859741211,26.539445877075195,42.99692153930664,57.418601989746094,160.73355102539062,507.56298828125,33.40999984741211,126.75945281982422,41.50562286376953,103.0999984741211,46.94318389892578,65.1776123046875,48.439998626708984,24.59000015258789,67.13739013671875,93.73767852783203,24.440000534057617,378.75482177734375,31.6200008392334,686.0,250.61830139160156,45.01784133911133,27.350000381469727,205.50144958496094,14036.5595703125,31.448347091674805,54.462562561035156,431.7267150878906,1057.240234375,36.315452575683594,36.2599983215332,302.3662414550781,283.8199462890625,48.49668884277344,812.3692016601562,158.93536376953125,426.45001220703125,67.37671661376953,301.0880432128906,113.88846588134766,346.9703063964844,886.6004638671875,64.91909790039062,88.36882019042969,114.56999969482422,244.21568298339844,346.2779235839844,203.70706176757812,24.60489273071289,1060.441650390625,220.31492614746094,108.0695571899414,325.4403991699219,120.6746826171875,620.10693359375,98.08999633789062,468.3800048828125,171.8800048828125,138.0676727294922,4.0,119.43782043457031,153.6165008544922,80.5010986328125,268.7799987792969,685.9152221679688,102.08999633789062,353.5561218261719,19.56999969482422,95.5999984741211,16.175615310668945,27.680992126464844,82.91143798828125,30.5,55.88737487792969,157.75918579101562,2.513690948486328,12.131999969482422,229.83999633789062,620.454345703125,519.3031616210938,189.76968383789062,327.0635681152344,202.8129425048828,102.05255126953125,484.562744140625,1723.274658203125,113.11499786376953,111.85333251953125,147.6999969482422,206.10000610351562,212.10308837890625,41.3390007019043,40.16699981689453,7.956999778747559,123.7249984741211,68.70999908447266,233.1999969482422,74.7510986328125
2026-01-07,223.71023559570312,415.63525390625,208.1999969482422,162.3498077392578,273.17755126953125,554.66064453125,374.0,290.25,77.41000366210938,179.36000061035156,150.67039489746094,250.83123779296875,158.1275634765625,164.83822631835938,1356.194580078125,78.29218292236328,73.81999969482422,491.8500061035156,37.2599983215332,204.92201232910156,367.8715515136719,250.91561889648438,38.2304573059082,87.98609161376953,26.44258689880371,42.344871520996094,56.40011215209961,157.98512268066406,503.9361877441406,33.005001068115234,128.85052490234375,41.81325149536133,102.19999694824219,47.04125213623047,65.2542495727539,48.970001220703125,25.280000686645508,66.4793701171875,90.58086395263672,25.56999969482422,390.42095947265625,33.099998474121094,703.2000122070312,254.4938507080078,45.2229118347168,27.350000381469727,209.9688720703125,14222.5400390625,30.38028907775879,52.948612213134766,418.08062744140625,1048.072998046875,36.867393493652344,37.880001068115234,302.1672058105469,277.2090759277344,47.612491607666016,803.622314453125,156.26998901367188,423.29998779296875,67.07876586914062,302.4703369140625,112.27487182617188,346.7418212890625,880.098876953125,62.80314254760742,85.63261413574219,112.91000366210938,244.83985900878906,339.06402587890625,206.39279174804688,24.459758758544922,1104.3426513671875,229.6517333984375,107.8015365600586,336.74609375,123.64779663085938,616.54052734375,100.08000183105469,484.1499938964844,170.69000244140625,137.78622436523438,4.0,116.91191101074219,152.30152893066406,77.83924865722656,241.11000061035156,661.9197387695312,103.94000244140625,337.6522216796875,19.469999313354492,97.5999984741211,15.700433731079102,27.15740394592285,82.57095336914062,28.850000381469727,55.24041748046875,161.17074584960938,2.5329530239105225,12.04800033569336,228.1199951171875,593.9967651367188,494.26513671875,185.11514282226562,323.16925048828125,197.4392852783203,102.23683166503906,473.814208984375,1806.9384765625,113.4749984741211,112.41686248779297,148.0,207.9499969482422,214.0522003173828,41.45800018310547,40.03799819946289,8.010000228881836,124.08999633789062,68.66000366210938,235.3000030517578,75.23650360107422
2026-01-08,219.6690673828125,408.4046325683594,209.64999389648438,158.57005310058594,279.0727233886719,550.66455078125,372.6499938964844,292.3999938964844,77.06999969482422,175.44000244140625,153.9259796142578,239.84738159179688,157.89083862304688,161.0652618408203,1321.1947021484375,78.52896881103516,74.69000244140625,469.1000061035156,37.27000045776367,203.05372619628906,373.0340270996094,246.55825805664062,39.42204284667969,87.55117797851562,27.420866012573242,42.498294830322266,56.02635192871094,162.3531494140625,508.3265380859375,33.220001220703125,122.92578887939453,40.250282287597656,101.80000305175781,47.021636962890625,66.09722900390625,49.75,25.489999771118164,67.75670623779297,91.68575286865234,24.979999542236328,386.5652160644531,32.47999954223633,697.0,250.9164276123047,45.437747955322266,27.350000381469727,211.39256286621094,14174.544921875,29.332012176513672,52.819976806640625,415.5313415527344,1009.410400390625,37.141483306884766,37.36000061035156,302.9135437011719,281.9311218261719,48.158905029296875,804.1193237304688,157.39537048339844,432.29998779296875,68.89627075195312,307.16412353515625,112.62348937988281,357.1720886230469,912.73681640625,64.82969665527344,87.10443878173828,114.16999816894531,253.84597778320312,344.1742858886719,204.6619873046875,24.46943473815918,1081.52001953125,220.51170349121094,110.17396545410156,325.3812561035156,119.98857116699219,605.9010009765625,98.8499984741211,469.67999267578125,167.5500030517578,137.28160095214844,3.9700000286102295,121.27305603027344,156.27587890625,78.95165252685547,246.25999450683594,628.020263671875,105.76000213623047,321.6086730957031,19.670000076293945,97.5999984741211,16.209556579589844,26.53502655029297,81.89972686767578,29.09000015258789,53.96640396118164,157.91879272460938,2.54258394241333,12.329999923706055,227.3800048828125,605.5576171875,515.7220458984375,186.55038452148438,313.9826354980469,203.10983276367188,103.74987030029297,499.3395080566406,1832.68115234375,113.25499725341797,112.16751098632812,147.72000122070312,208.0500030517578,212.10308837890625,41.369998931884766,39.891998291015625,8.043999671936035,123.87000274658203,69.62000274658203,235.5,71.635498046875
2026-01-09,220.7666778564453,408.4544982910156,211.35000610351562,159.3300018310547,283.3692626953125,560.2551879882812,380.75,285.79998779296875,76.47000122070312,177.4600067138672,151.76219177246094,252.67852783203125,160.2580108642578,167.1604766845703,1396.4010009765625,79.95917510986328,73.5,467.8500061035156,37.33000183105469,208.8061065673828,365.4815368652344,248.90829467773438,38.76891326904297,87.00279998779297,27.508039474487305,43.092811584472656,56.409454345703125,163.5801239013672,502.7908630371094,33.05500030517578,125.31560516357422,41.23271942138672,103.8499984741211,47.03144073486328,66.49955749511719,49.22999954223633,25.329999923706055,69.15016174316406,93.71794891357422,24.940000534057617,379.4468688964844,32.29999923706055,693.5999755859375,253.20199584960938,45.418216705322266,27.649999618530273,211.1470947265625,14214.541015625,30.202281951904297,54.54172134399414,425.4784851074219,1077.767333984375,38.087669372558594,36.20000076293945,299.4306335449219,282.92523193359375,48.04465866088867,803.9204711914062,158.14561462402344,427.1499938964844,70.02848815917969,305.61279296875,114.07772827148438,372.1519470214844,922.2799682617188,65.48533630371094,87.79589080810547,115.87999725341797,264.7445068359375,341.3264465332031,203.30918884277344,24.653270721435547,1059.9632568359375,216.52708435058594,109.71734619140625,321.4287109375,120.41614532470703,618.248779296875,99.8499984741211,463.8599853515625,169.3800048828125,137.35922241210938,3.75,122.95040893554688,159.08248901367188,79.34894561767578,238.66000366210938,622.123779296875,107.55999755859375,341.53094482421875,20.510000228881836,105.30999755859375,16.03499984741211,26.60417938232422,78.92296600341797,29.270000457763672,56.265594482421875,160.89141845703125,2.552215337753296,12.932000160217285,234.52999877929688,615.0075073242188,540.07373046875,187.8759765625,321.1222229003906,205.2276153564453,104.80705261230469,486.6566162109375,1881.1961669921875,114.19000244140625,112.96044158935547,148.89999389648438,209.10000610351562,214.6519317626953,41.720001220703125,40.189998626708984,8.140000343322754,124.91000366210938,70.33000183105469,236.6999969482422,74.43070220947266
2026-01-12,222.41307067871094,409.1526184082031,212.14999389648438,158.3700714111328,282.4700012207031,554.4608154296875,385.04998779296875,282.04998779296875,77.13999938964844,178.4199981689453,146.1046142578125,262.663818359375,159.8240203857422,174.94882202148438,1424.4986572265625,78.08380126953125,72.94000244140625,459.29998779296875,36.400001525878906,209.54359436035156,363.28271484375,252.97190856933594,39.59654235839844,85.54676818847656,27.78893280029297,42.92980194091797,55.85816192626953,162.59854125976562,501.07293701171875,33.75,127.65562438964844,41.34684371948242,102.5,47.44331359863281,66.2121810913086,50.720001220703125,25.309999465942383,69.15016174316406,96.63800048828125,25.18000030517578,377.2718200683594,32.20000076293945,671.7999877929688,250.32017517089844,45.8674201965332,27.899999618530273,212.3253173828125,14118.55078125,30.409957885742188,54.72972869873047,426.47821044921875,1082.55029296875,38.335479736328125,36.060001373291016,294.4550476074219,275.1214294433594,46.832611083984375,800.1434326171875,156.1712646484375,426.6499938964844,70.0185546875,305.0459289550781,117.50414276123047,372.449951171875,940.4288330078125,65.20718383789062,88.86272430419922,112.81999969482422,268.39056396484375,337.8832092285156,208.6110076904297,24.450084686279297,1077.34423828125,216.4877166748047,108.38720703125,320.876708984375,121.90767669677734,614.8421630859375,102.18000030517578,460.5899963378906,176.82000732421875,137.63096618652344,3.759999990463257,122.37812805175781,159.30816650390625,80.57061767578125,237.8300018310547,639.3833618164062,109.79000091552734,334.8901672363281,19.719999313354492,102.5,16.145000457763672,27.108009338378906,80.62535858154297,31.030000686645508,58.435401916503906,168.91156005859375,2.552215337753296,12.97599983215332,239.80999755859375,627.1060791015625,548.35009765625,193.20828247070312,323.698486328125,206.43495178222656,104.7779541015625,489.3088684082031,1871.295166015625,114.16999816894531,112.79088592529297,149.0,210.39999389648438,214.5019989013672,41.71200180053711,40.4900016784668,8.144000053405762,124.83499908447266,70.16999816894531,238.14999389648438,80.0779037475586
2026-01-13,223.21131896972656,402.3209533691406,209.6999969482422,159.489990234375,290.3635559082031,538.4763793945312,387.79998779296875,270.1499938964844,77.12000274658203,188.22000122070312,142.61080932617188,265.16015625,159.4689483642578,173.17604064941406,1438.1134033203125,76.2368392944336,73.30000305175781,458.8999938964844,33.560001373291016,209.8877410888672,363.0915222167969,256.3011169433594,38.8337287902832,83.63690185546875,27.10123062133789,42.74761199951172,55.93291473388672,159.75196838378906,495.5372619628906,33.689998626708984,129.7965087890625,42.210201263427734,102.0999984741211,47.315826416015625,64.83275604248047,51.2400016784668,25.290000915527344,68.93727111816406,96.26313018798828,26.3799991607666,383.5992431640625,32.79999923706055,697.0,252.6057586669922,45.642818450927734,28.799999237060547,216.25271606445312,14006.5625,31.107162475585938,55.936927795410156,436.7752685546875,1098.69287109375,38.67340087890625,33.79999923706055,279.4785461425781,267.9140930175781,46.69849395751953,803.7216796875,155.69741821289062,424.3999938964844,70.75350189208984,307.72100830078125,119.88469696044922,377.2180480957031,939.281982421875,65.86283874511719,89.45540618896484,112.9800033569336,271.71954345703125,331.35394287109375,212.5202178955078,24.33397674560547,1073.547119140625,217.186279296875,107.46404266357422,319.65447998046875,121.07242584228516,606.4804077148438,107.19000244140625,454.6700134277344,174.3300018310547,137.42715454101562,3.6700000762939453,124.85469818115234,160.80960083007812,81.08709716796875,241.36000061035156,651.6959228515625,108.91999816894531,332.56695556640625,19.229999542236328,97.08999633789062,16.155000686645508,28.214458465576172,81.31604766845703,29.829999923706055,59.06245422363281,176.44290161132812,2.5329530239105225,13.706000328063965,244.5500030517578,633.8375244140625,555.3731079101562,193.43751525878906,326.7540283203125,208.09750366210938,103.37161254882812,498.0632629394531,1885.1566162109375,114.34500122070312,113.07514953613281,149.25999450683594,210.4499969482422,215.30162048339844,41.77299880981445,40.56399917602539,8.140000343322754,125.05500030517578,70.29000091552734,238.14999389648438,81.74430084228516
2026-01-14,221.06602478027344,396.2372741699219,204.1999969482422,155.91021728515625,285.5174865722656,531.5830688476562,375.3500061035156,261.04998779296875,76.08000183105469,191.36000061035156,139.53387451171875,256.4230041503906,162.56600952148438,165.28810119628906,1430.8121337890625,78.35848236083984,72.81999969482422,450.3999938964844,32.36000061035156,202.66041564941406,362.2311096191406,253.65731811523438,41.550941467285156,85.90604400634766,27.227148056030273,43.936641693115234,56.71780776977539,157.19985961914062,503.5544128417969,33.650001525878906,125.61433410644531,41.08386993408203,103.69999694824219,48.40433883666992,65.08181762695312,51.97999954223633,24.829999923706055,70.15653991699219,97.19044494628906,25.510000228881836,380.6332702636719,32.08000183105469,690.7999877929688,257.9718933105469,45.94554138183594,28.25,211.58892822265625,14344.52734375,31.34945297241211,56.46137237548828,443.3733825683594,1080.3580322265625,38.0125732421875,32.79999923706055,278.0356140136719,262.3967590332031,44.53767776489258,792.6886596679688,152.93333435058594,424.1000061035156,70.95214080810547,306.41827392578125,119.56596374511719,373.4532470703125,948.3065185546875,65.13764953613281,90.03821563720703,113.52999877929688,272.4130859375,332.3760070800781,217.39430236816406,24.750024795532227,1069.660400390625,218.307861328125,110.1938247680664,324.2575988769531,123.36937713623047,621.2158813476562,109.12000274658203,449.5299987792969,177.00999450683594,141.8427734375,3.7200000286102295,128.4659423828125,164.11668395996094,81.42479705810547,236.4499969482422,643.7907104492188,110.79000091552734,329.4260559082031,19.829999923706055,95.97000122070312,16.829999923706055,27.740266799926758,83.54374694824219,30.600000381469727,60.06772994995117,177.1112518310547,2.5618460178375244,14.246000289916992,242.61000061035156,636.048095703125,569.6976318359375,198.18174743652344,318.4161682128906,210.828857421875,104.16692352294922,510.6065368652344,1880.2060546875,113.58999633789062,111.9780044555664,148.39999389648438,209.35000610351562,211.6033172607422,41.50199890136719,40.50899887084961,8.154000282287598,124.25499725341797,70.80000305175781,236.89999389648438,86.76830291748047
2026-01-15,223.95968627929688,395.2898254394531,205.75,161.46986389160156,285.617431640625,535.0796508789062,381.3999938964844,262.1499938964844,76.87999725341797,203.6999969482422,140.08970642089844,280.0882263183594,162.9210968017578,165.22833251953125,1540.98828125,77.47762298583984,71.4800033569336,441.20001220703125,31.600000381469727,202.16876220703125,365.29034423828125,255.41986083984375,41.9747314453125,85.1685791015625,26.985000610351562,44.387325286865234,55.44702911376953,159.35934448242188,500.1184997558594,33.71500015258789,127.65562438964844,41.28730010986328,102.8499984741211,49.77722930908203,64.73696899414062,49.650001525878906,25.450000762939453,69.8855972290039,96.79584503173828,25.280000686645508,381.5230407714844,31.760000228881836,697.0,257.8725280761719,45.70140838623047,28.600000381469727,211.0489044189453,14024.560546875,31.42856788635254,56.14472961425781,437.7749938964844,1145.3270263671875,36.63084411621094,33.220001220703125,282.91168212890625,266.7708740234375,45.158599853515625,830.3600463867188,162.74586486816406,424.3500061035156,69.99869537353516,306.9055480957031,118.72927856445312,376.6419372558594,954.060302734375,64.16410827636719,92.14222717285156,113.41000366210938,274.4541015625,336.34515380859375,218.40892028808594,25.04996681213379,1029.4765625,213.25083923339844,110.15411376953125,325.3023986816406,120.57524871826172,624.0330810546875,106.06999969482422,438.9200134277344,174.13999938964844,138.92166137695312,3.7100000381469727,127.41020965576172,163.0568389892578,81.63337707519531,243.63999938964844,641.8418579101562,112.83999633789062,340.21478271484375,18.899999618530273,91.44999694824219,15.765000343322754,27.66123390197754,84.00096893310547,29.989999771118164,59.8282585144043,173.35055541992188,2.54258394241333,15.418000221252441,247.74000549316406,644.4423828125,574.8604125976562,199.16847229003906,319.474609375,212.788330078125,105.3501968383789,513.5379638671875,1894.5625,114.94999694824219,113.52896118164062,150.24000549316406,209.89999389648438,215.6014862060547,42.00600051879883,41.124000549316406,8.293000221252441,125.74500274658203,71.91999816894531,237.60000610351562,86.92970275878906
2026-01-16,220.56710815429688,396.0876770019531,205.1999969482422,161.92984008789062,284.5682678222656,538.0767211914062,378.54998779296875,256.8500061035156,76.05000305175781,200.39999389648438,136.83412170410156,279.9384460449219,163.11834716796875,162.0811309814453,1563.7894287109375,76.4925765991211,72.58000183105469,434.95001220703125,29.56999969482422,198.7763214111328,363.8563537597656,254.8323516845703,41.396385192871094,83.88272857666016,26.200437545776367,42.757198333740234,54.961143493652344,156.9053955078125,502.9817810058594,33.54999923706055,135.7212371826172,41.60982131958008,101.4000015258789,50.50290298461914,63.3192253112793,49.83000183105469,25.229999542236328,70.17589569091797,97.05233001708984,25.719999313354492,383.00604248046875,32.13999938964844,693.5999755859375,263.93426513671875,45.2131462097168,28.600000381469727,213.35626220703125,14050.5576171875,31.517574310302734,56.204097747802734,440.12432861328125,1163.06396484375,39.7397346496582,33.779998779296875,281.6180419921875,268.3614501953125,45.21820831298828,828.7696533203125,163.41712951660156,426.1000061035156,69.95896911621094,305.72216796875,119.22730255126953,377.6452331542969,960.9010620117188,63.95549011230469,91.85576629638672,111.19999694824219,274.98907470703125,328.4664001464844,217.50372314453125,24.817752838134766,1034.8883056640625,212.58636474609375,108.02985382080078,325.6769714355469,124.20463562011719,618.10888671875,109.0,441.3599853515625,177.27000427246094,140.07652282714844,3.640000104904175,128.1600799560547,163.15496826171875,83.06361389160156,243.72999572753906,681.1381225585938,116.44000244140625,306.82147216796875,20.190000534057617,94.94999694824219,15.680000305175781,27.858814239501953,82.81415557861328,29.520000457763672,58.58100509643555,162.63710021972656,2.5329530239105225,15.277999877929688,247.67999267578125,644.1536254882812,579.3765869140625,201.25155639648438,324.6470642089844,217.1129608154297,103.69168090820312,512.89990234375,1883.1763916015625,114.79499816894531,113.32948303222656,149.89999389648438,209.4499969482422,214.35206604003906,41.944000244140625,40.762001037597656,8.293000221252441,125.58499908447266,71.63999938964844,237.0500030517578,86.48629760742188
2026-01-19,215.92726135253906,388.956787109375,200.75,156.29019165039062,279.17266845703125,521.7926025390625,370.79998779296875,252.35000610351562,76.05999755859375,194.32000732421875,133.9954071044922,275.9443359375,160.43556213378906,159.87013244628906,1563.7894287109375,74.84451293945312,71.80000305175781,428.79998779296875,29.56999969482422,192.68963623046875,362.613525390625,250.6708221435547,44.27314376831055,81.00847625732422,26.71379280090332,42.25857162475586,53.76511764526367,148.75828552246094,500.1184997558594,32.70000076293945,133.58035278320312,40.32470703125,98.5999984741211,50.640193939208984,62.9935302734375,49.369998931884766,24.959999084472656,69.76947021484375,95.29635620117188,25.459999084472656,376.1842956542969,32.220001220703125,673.4000244140625,256.2825622558594,43.60187911987305,28.5,206.5323944091797,13888.57421875,31.28022575378418,55.52133560180664,437.5750732421875,1116.4298095703125,37.772274017333984,34.099998474121094,278.7322082519531,264.4346923828125,45.3225212097168,815.4505615234375,159.72509765625,420.04998779296875,69.95896911621094,305.72216796875,119.22730255126953,377.6452331542969,960.9010620117188,63.95549011230469,91.85576629638672,111.19999694824219,274.98907470703125,328.4664001464844,217.50372314453125,24.817752838134766,1034.8883056640625,212.58636474609375,108.02985382080078,325.6769714355469,124.20463562011719,618.10888671875,109.0,441.3599853515625,177.27000427246094,140.07652282714844,3.640000104904175,128.1600799560547,163.15496826171875,83.06361389160156,243.72999572753906,681.1381225585938,116.44000244140625,306.82147216796875,20.190000534057617,94.94999694824219,15.760000228881836,27.858814239501953,82.81415557861328,29.520000457763672,58.58100509643555,162.63710021972656,2.5329530239105225,15.199999809265137,247.67999267578125,644.1536254882812,579.3765869140625,201.25155639648438,324.6470642089844,217.1129608154297,103.69168090820312,512.89990234375,1900.998291015625,113.125,111.48429870605469,148.0399932861328,206.5500030517578,210.25393676757812,41.32600021362305,40.81999969482422,8.182999610900879,123.73999786376953,70.5,233.89999389648438,88.58499908447266
2026-01-20,213.98153686523438,387.95947265625,199.83999633789062,153.7703399658203,279.0227966308594,520.1941528320312,363.04998779296875,248.60000610351562,75.70999908447266,203.39999389648438,132.4668731689453,273.9971618652344,161.26406860351562,156.2647705078125,1482.3594970703125,73.89735412597656,71.0999984741211,436.8500061035156,27.760000228881836,190.76234436035156,357.2598876953125,248.418701171875,42.79238510131836,81.38666534423828,25.977663040161133,41.82706832885742,53.12038040161133,150.18157958984375,499.7366943359375,32.404998779296875,132.1365203857422,40.16592788696289,97.36000061035156,50.03219985961914,62.16971206665039,47.119998931884766,24.079999923706055,67.9308853149414,95.92771911621094,24.75,380.1389465332031,31.639999389648438,685.7999877929688,254.79196166992188,43.47492980957031,27.25,204.1759490966797,13518.6123046875,31.062660217285156,56.30305099487305,437.5250549316406,1135.9603271484375,39.39430236816406,34.119998931884766,277.68731689453125,262.2973327636719,44.80094909667969,808.1945190429688,155.42100524902344,414.8500061035156,71.26001739501953,301.15765380859375,118.24121856689453,372.6188049316406,961.5491943359375,63.21044158935547,92.5176010131836,110.33999633789062,265.9234924316406,335.8192443847656,217.0561065673828,24.691972732543945,1037.7685546875,212.27890014648438,108.6452865600586,326.25848388671875,123.43898010253906,618.3986206054688,105.55999755859375,442.0799865722656,184.5,139.33897399902344,3.8499999046325684,128.72250366210938,162.21290588378906,82.9444351196289,242.11000061035156,684.4461059570312,115.80000305175781,294.5470275878906,19.0,89.93000030517578,15.555000305175781,27.33522605895996,83.34919738769531,30.989999771118164,59.938018798828125,172.11361694335938,2.5416839122772217,15.552000045776367,249.0,627.8047485351562,573.0399780273438,195.7099609375,311.88568115234375,212.8378143310547,103.33281707763672,507.196533203125,1890.1070556640625,112.18499755859375,110.62155151367188,146.66000366210938,204.5500030517578,209.35433959960938,40.97800064086914,40.33300018310547,8.14900016784668,122.66000366210938,70.11000061035156,231.4499969482422,91.15139770507812
2026-01-21,210.48916625976562,381.5267028808594,197.1199951171875,155.730224609375,281.97039794921875,522.2921142578125,364.6499938964844,247.5,71.37000274658203,214.4499969482422,132.8837432861328,276.4934997558594,164.04551696777344,148.05813598632812,1516.092529296875,74.35199737548828,73.06999969482422,432.3500061035156,27.06999969482422,187.8517303466797,351.90625,247.83119201660156,42.563045501708984,82.01068115234375,25.483680725097656,43.485958099365234,53.970680236816406,149.64170837402344,484.08416748046875,32.11000061035156,132.43524169921875,40.76631164550781,98.86000061035156,50.699031829833984,61.70989990234375,47.63999938964844,24.020000457763672,69.16951751708984,97.26936340332031,24.389999389648438,375.6899719238281,31.65999984741211,696.0,251.31390380859375,42.6058235168457,27.149999618530273,203.53775024414062,13336.630859375,31.211000442504883,57.14413070678711,445.0729064941406,1150.7078857421875,37.321712493896484,34.119998931884766,275.69708251953125,256.630859375,44.547611236572266,818.929443359375,154.37461853027344,412.45001220703125,71.51824188232422,303.9918212890625,118.8886489868164,382.0855407714844,980.096923828125,64.97870635986328,95.2538070678711,113.19000244140625,275.7861633300781,345.0673522949219,216.85716247558594,25.04996681213379,1074.8726806640625,214.3715362548828,110.2930908203125,338.67803955078125,128.38092041015625,635.6715698242188,118.0,461.1400146484375,189.10000610351562,140.8237762451172,3.9000000953674316,131.83055114746094,163.61618041992188,83.2821273803711,243.72000122070312,667.4863891601562,122.33000183105469,293.52001953125,19.75,90.77999877929688,16.010000228881836,27.72050666809082,86.42322540283203,31.139999389648438,60.4468994140625,179.6150360107422,2.531982660293579,15.770000457763672,250.07000732421875,644.1536865234375,583.1566772460938,196.84619140625,318.0367126464844,216.89523315429688,105.21441650390625,527.9658203125,1835.1563720703125,112.24500274658203,110.69635009765625,147.0,203.1999969482422,209.80413818359375,41.00199890136719,40.763999938964844,8.20300006866455,122.73999786376953,71.0999984741211,230.10000610351562,90.34609985351562
2026-01-22,211.98590087890625,381.3272705078125,199.86000061035156,158.1500701904297,282.1202697753906,542.9719848632812,373.5,256.1000061035156,71.48999786376953,215.9499969482422,133.7174835205078,273.2482604980469,163.9665985107422,150.98623657226562,1496.143798828125,75.52647399902344,71.19999694824219,421.45001220703125,28.420000076293945,186.67176818847656,353.72265625,252.62918090820312,44.038814544677734,83.1263427734375,26.00672149658203,44.60786819458008,54.95180130004883,149.64170837402344,487.52008056640625,33.400001525878906,136.9161376953125,42.25981521606445,105.30000305175781,50.3067741394043,63.3192253112793,48.470001220703125,24.229999542236328,69.78882598876953,97.5258560180664,24.989999771118164,372.7239990234375,33.02000045776367,699.0,257.2762756347656,43.074554443359375,28.75,203.0468292236328,13558.6083984375,30.56818962097168,56.63948059082031,436.67529296875,1172.2314453125,39.84486770629883,38.220001220703125,275.2492980957031,259.61322021484375,44.761207580566406,817.8360595703125,155.06564331054688,411.1499938964844,71.37920379638672,304.3299255371094,117.36469268798828,378.49951171875,973.4257202148438,65.02837371826172,94.66112518310547,113.20999908447266,273.6365051269531,351.7355041503906,217.33462524414062,25.25315284729004,1083.70263671875,216.31541442871094,108.37727355957031,342.0982971191406,130.39944458007812,638.8184814453125,118.47000122070312,467.3500061035156,186.97999572753906,140.71702575683594,3.9700000286102295,131.8601531982422,163.54751586914062,84.49386596679688,239.67999267578125,661.2701416015625,121.87000274658203,286.5202941894531,20.639999389648438,90.93000030517578,15.619999885559082,27.79953956604004,84.92512512207031,30.93000030517578,58.72069549560547,187.85464477539062,2.531982660293579,16.88800048828125,251.41000366210938,647.1778564453125,590.79638671875,195.6900177001953,294.5708923339844,220.23025512695312,106.00973510742188,520.8566284179688,1772.7799072265625,113.00499725341797,111.44938659667969,147.97999572753906,205.8000030517578,211.25347900390625,41.30400085449219,41.03900146484375,8.312000274658203,123.56500244140625,72.0199966430664,232.85000610351562,88.94110107421875
2026-01-23,210.53907775878906,394.9906005859375,203.39999389648438,159.38998413085938,280.47161865234375,562.2532348632812,381.79998779296875,256.1000061035156,73.08000183105469,221.35000610351562,132.12939453125,273.4978942871094,162.0334014892578,150.72727966308594,1508.8909912109375,75.26126861572266,70.29000091552734,437.0,28.93000030517578,194.61692810058594,347.8910217285156,249.1041259765625,44.42770004272461,82.84270477294922,26.210124969482422,44.20513153076172,54.475257873535156,141.1019744873047,484.4659423828125,32.8849983215332,141.14808654785156,41.97203063964844,105.5,50.561744689941406,64.18136596679688,48.369998931884766,24.209999084472656,69.22757720947266,95.8685302734375,23.959999084472656,373.712646484375,33.459999084472656,701.0,255.7856903076172,42.2835693359375,28.299999237060547,202.94863891601562,13578.6064453125,30.835203170776367,57.3717155456543,443.5233459472656,1174.02490234375,40.355506896972656,38.7599983215332,276.3936767578125,251.95852661132812,43.564064025878906,783.1466064453125,150.36668395996094,408.54998779296875,72.3823013305664,307.53204345703125,117.26509094238281,381.2212829589844,980.48583984375,64.61114501953125,96.4292984008789,110.9800033569336,275.4079895019531,353.5116882324219,218.97589111328125,25.233476638793945,1060.6907958984375,217.45594787597656,107.38462829589844,339.8115234375,135.1623992919922,625.3617553710938,115.9800033569336,468.4100036621094,185.9600067138672,142.7938232421875,4.150000095367432,133.17242431640625,163.60638427734375,84.23562622070312,242.14999389648438,657.3825073242188,124.04000091552734,288.225341796875,19.770000457763672,87.62999725341797,15.979999542236328,28.006999969482422,87.96997833251953,32.84000015258789,60.27727127075195,189.04168701171875,2.512580633163452,16.152000427246094,252.14999389648438,625.4293212890625,587.7225952148438,195.2813720703125,293.4425354003906,219.16148376464844,104.7294692993164,512.9297485351562,1811.888916015625,112.81500244140625,111.2299575805664,147.72000122070312,206.1999969482422,211.90318298339844,41.229000091552734,40.92100143432617,8.227999687194824,123.38999938964844,70.77999877929688,233.35000610351562,94.29350280761719
2026-01-26,214.13121032714844,396.1375427246094,201.64999389648438,157.3101348876953,281.1710205078125,564.8507690429688,370.29998779296875,256.95001220703125,72.3499984741211,212.75,129.60829162597656,268.7049560546875,162.36874389648438,153.4761199951172,1539.063232421875,75.69696044921875,69.77999877929688,433.70001220703125,29.170000076293945,197.5963592529297,349.32501220703125,249.25100708007812,46.23252868652344,82.71033477783203,26.05514907836914,44.43526840209961,54.12018585205078,144.24302673339844,483.702392578125,33.154998779296875,140.25192260742188,41.53539276123047,104.1500015258789,51.13051223754883,64.27715301513672,48.06999969482422,24.34000015258789,69.98236083984375,96.1447525024414,23.649999618530273,368.0773010253906,33.7400016784668,698.0,257.3756408691406,42.2738037109375,28.700000762939453,198.67758178710938,13750.5888671875,30.662137985229492,58.282066345214844,444.7230224609375,1173.82568359375,39.96501922607422,37.52000045776367,273.4580993652344,250.96441650390625,43.42994689941406,775.4930419921875,150.76153564453125,404.0,72.06448364257812,311.2115173339844,117.17544555664062,383.9629821777344,974.9215698242188,64.56147003173828,95.155029296875,111.30999755859375,276.5823669433594,348.9273376464844,220.3187713623047,25.459741592407227,1059.1558837890625,218.9535369873047,106.61036682128906,344.6807861328125,137.001953125,626.0010986328125,118.0,476.8399963378906,184.52000427246094,144.71533203125,3.9000000953674316,133.0441436767578,164.37181091308594,84.89115905761719,242.97000122070312,665.5875244140625,121.26000213623047,284.4462890625,18.399999618530273,82.30999755859375,16.03499984741211,27.927967071533203,88.0088882446289,33.459999084472656,61.03559875488281,189.28109741210938,2.512580633163452,15.592000007629395,248.42999267578125,634.7116088867188,578.610595703125,193.4873504638672,294.63079833984375,218.86459350585938,103.74987030029297,515.0336303710938,1773.27490234375,112.38500213623047,110.63151550292969,147.24000549316406,206.5,210.7537078857422,41.05799865722656,40.9010009765625,8.156999588012695,122.91500091552734,69.61000061035156,233.64999389648438,104.3926010131836
2026-01-27,217.02487182617188,399.17938232421875,202.0,158.41004943847656,280.0719299316406,558.65673828125,362.6000061035156,246.10000610351562,70.5999984741211,210.8000030517578,128.8539581298828,279.7387390136719,163.05918884277344,148.2971649169922,1612.1748046875,75.52647399902344,67.47000122070312,428.54998779296875,28.459999084472656,192.27664184570312,349.2294006347656,248.12493896484375,46.601470947265625,82.06741333007812,26.142322540283203,44.20513153076172,53.19513702392578,144.3411865234375,487.7109680175781,33.529998779296875,141.59617614746094,41.99684143066406,102.30000305175781,51.79734802246094,64.3729476928711,49.529998779296875,24.020000457763672,69.4017562866211,95.43446350097656,24.059999465942383,375.0967712402344,34.29999923706055,732.2000122070312,260.3568420410156,42.185916900634766,29.0,195.74185180664062,13878.5751953125,30.81048011779785,58.71744918823242,451.92095947265625,1213.2852783203125,39.52947235107422,38.70000076293945,270.821044921875,248.52883911132812,43.1418342590332,773.1075439453125,150.30743408203125,397.79998779296875,73.0477294921875,312.38494873046875,116.47821044921875,377.83392333984375,967.5523681640625,62.67399978637695,94.55247497558594,110.61000061035156,272.6313171386719,280.5191650390625,223.25315856933594,26.06967544555664,1035.9945068359375,222.0875244140625,107.12654113769531,346.2874450683594,140.1739501953125,623.2937622070312,119.33999633789062,474.1700134277344,188.02000427246094,147.72377014160156,3.9000000953674316,135.00765991210938,165.8928680419922,86.55978393554688,235.0500030517578,692.2813720703125,125.97000122070312,287.92620849609375,19.200000762939453,85.2699966430664,15.890000343322754,28.46143341064453,90.38251495361328,35.380001068115234,62.73186492919922,193.7001495361328,2.512580633163452,15.739999771118164,244.55999755859375,637.6959228515625,591.8309936523438,200.61367797851562,297.03729248046875,218.6171875,103.97294616699219,517.6759033203125,1831.6910400390625,112.23500061035156,110.25251007080078,147.16000366210938,206.0500030517578,210.5537872314453,41.00400161743164,41.138999938964844,8.104999542236328,122.75,69.08000183105469,233.1999969482422,106.25879669189453
2026-01-28,213.4826202392578,400.1268615722656,203.25,160.44993591308594,279.9720153808594,560.3551025390625,363.25,251.64999389648438,71.12000274658203,212.0,127.26585388183594,282.0852966308594,175.2895965576172,144.89100646972656,1623.016845703125,73.6416244506836,67.44999694824219,428.95001220703125,30.059999465942383,192.8666229248047,351.71502685546875,245.67698669433594,45.060882568359375,82.25650787353516,26.39415740966797,44.05170822143555,53.643646240234375,141.88723754882812,484.4659423828125,32.8650016784668,141.8948974609375,43.08843994140625,102.8499984741211,51.91502380371094,63.75987243652344,47.650001525878906,24.450000762939453,69.65335845947266,96.24340057373047,24.110000610351562,367.0886535644531,34.380001068115234,710.2000122070312,251.71141052246094,41.473052978515625,28.799999237060547,191.48062133789062,13506.61328125,31.285171508789062,59.37052536010742,455.9197998046875,1190.1676025390625,38.22283935546875,37.959999084472656,272.1644592285156,251.0638427734375,43.06235885620117,775.1948852539062,150.40615844726562,398.79998779296875,72.56106567382812,311.06231689453125,116.10967254638672,372.80755615234375,958.0790405273438,61.82960510253906,93.99930572509766,109.55999755859375,268.1329345703125,291.7518310546875,226.5158233642578,25.440067291259766,1020.337646484375,216.8708038330078,106.11404418945312,337.3177795410156,138.93099975585938,607.4194946289062,116.16000366210938,477.9100036621094,185.1699981689453,143.5022430419922,3.869999885559082,135.74766540527344,166.7564239501953,86.97693634033203,249.41000366210938,711.1599731445312,134.08999633789062,287.1185607910156,20.479999542236328,94.38999938964844,15.975000381469727,28.64913558959961,90.83000183105469,36.099998474121094,63.490196228027344,183.87449645996094,2.5028796195983887,16.195999145507812,241.58999633789062,642.0576782226562,594.1387939453125,198.79971313476562,292.0545654296875,214.39149475097656,100.57830047607422,523.4789428710938,1826.740478515625,112.32499694824219,110.60658264160156,147.3800048828125,205.4499969482422,212.10308837890625,41.013999938964844,41.44300079345703,8.112000465393066,122.8499984741211,69.22000122070312,232.4499969482422,107.42970275878906
2026-01-29,213.58241271972656,354.4493408203125,199.44000244140625,157.43011474609375,276.57476806640625,604.9117431640625,352.70001220703125,240.35000610351562,69.33999633789062,204.5500030517578,125.57850646972656,280.4876403808594,180.59603881835938,136.80389404296875,1680.3790283203125,73.03544616699219,68.02999877929688,416.8999938964844,27.06999969482422,161.87266540527344,353.0534362792969,250.62185668945312,43.88924026489258,82.36996459960938,26.607248306274414,44.070884704589844,53.54085922241211,140.85658264160156,487.1383056640625,32.45500183105469,142.4923553466797,41.480812072753906,103.55000305175781,52.3268928527832,64.27715301513672,46.66999816894531,24.829999923706055,70.62103271484375,97.6836929321289,24.280000686645508,367.78070068359375,33.79999923706055,710.0,251.4132843017578,41.06291198730469,28.100000381469727,190.4202117919922,13458.6181640625,32.05654525756836,60.181922912597656,462.5179138183594,1187.7760009765625,37.103939056396484,36.5,274.20440673828125,252.90293884277344,43.63360595703125,774.200927734375,148.96487426757812,397.8500061035156,72.92854309082031,313.7572937011719,116.94635772705078,369.3407287597656,950.211181640625,62.18722915649414,92.73490905761719,111.58000183105469,265.3662109375,290.0351867675781,226.0880889892578,25.676170349121094,1020.676513671875,218.61631774902344,107.54344940185547,338.0274658203125,138.761962890625,591.5751342773438,116.7699966430664,475.67999267578125,185.26499938964844,144.51153564453125,3.8399999141693115,138.63864135742188,167.99290466308594,87.58280181884766,224.00999450683594,716.9564819335938,133.6699981689453,286.6199951171875,18.920000076293945,86.04000091552734,16.19499969482422,28.105791091918945,92.5421142578125,38.029998779296875,64.98690032958984,180.2534637451172,2.5416839122772217,15.182000160217285,234.0399932861328,663.9758911132812,619.2464599609375,199.2183074951172,298.4252624511719,224.88148498535156,102.79936981201172,528.524169921875,1777.7303466796875,111.41999816894531,109.43463897705078,146.13999938964844,201.35000610351562,208.15489196777344,40.70399856567383,41.18000030517578,8.053000450134277,121.86000061035156,69.0,227.89999389648438,112.81510162353516
2026-01-30,215.97715759277344,362.1287536621094,202.64999389648438,161.96983337402344,284.5682678222656,603.9127197265625,369.3500061035156,247.14999389648438,70.30999755859375,203.4499969482422,127.52391815185547,279.4891052246094,180.5562744140625,140.13035583496094,1424.26904296875,75.03395080566406,67.52999877929688,423.04998779296875,25.920000076293945,167.71353149414062,355.4434509277344,250.96456909179688,44.43268585205078,82.65360260009766,27.285263061523438,44.070884704589844,53.998714447021484,146.40249633789062,489.0472106933594,33.29999923706055,143.9362030029297,41.29226303100586,102.6500015258789,52.483795166015625,63.836509704589844,47.209999084472656,24.610000610351562,71.76289367675781,99.09439849853516,24.34000015258789,370.2523498535156,33.79999923706055,703.7999877929688,253.79823303222656,41.180091857910156,28.450000762939453,189.9489288330078,13598.6044921875,31.96754264831543,60.508460998535156,463.6675720214844,1211.2923583984375,37.34423828125,36.900001525878906,270.9205627441406,254.29470825195312,44.32407760620117,778.5743408203125,150.97227478027344,402.45001220703125,74.29911804199219,313.2501220703125,118.66951751708984,372.1022644042969,938.8876342773438,61.40243911743164,90.82845306396484,112.80000305175781,265.7841796875,284.7165222167969,226.0482940673828,26.010648727416992,1033.6424560546875,221.1750946044922,109.45925903320312,336.982666015625,141.14840698242188,578.0385131835938,113.75,469.8999938964844,184.25,144.28831481933594,3.759999990463257,139.51678466796875,173.5962677001953,87.30470275878906,225.52000427246094,725.9310302734375,123.38999938964844,279.8695373535156,17.479999542236328,79.62000274658203,16.540000915527344,29.469093322753906,88.55364990234375,33.5099983215332,60.09766387939453,170.20835876464844,2.5416839122772217,14.960000038146973,233.72000122070312,656.1109008789062,630.8950805664062,200.26483154296875,306.34375,225.15858459472656,103.02244567871094,526.460205078125,1763.868896484375,112.27999877929688,110.43204498291016,147.22000122070312,203.35000610351562,210.3039093017578,41.029998779296875,41.073001861572266,8.043999671936035,122.78500366210938,69.01000213623047,230.25,98.28050231933594
2026-02-02,223.61045837402344,360.084228515625,207.35000610351562,160.36993408203125,289.31439208984375,599.4171142578125,355.75,251.35000610351562,71.31999969482422,210.0,128.8341064453125,277.9913024902344,185.88429260253906,142.6202392578125,1406.8240966796875,76.4546890258789,68.91000366210938,432.0,24.0,172.17776489257812,362.5179443359375,254.93026733398438,44.87641525268555,83.20198059082031,27.837360382080078,44.713348388671875,54.58738327026367,147.3840789794922,494.0101623535156,33.435001373291016,147.32176208496094,41.560203552246094,102.75,52.40534210205078,65.02433776855469,47.959999084472656,24.3700008392334,71.62741088867188,97.17071533203125,24.43000030517578,372.42742919921875,34.68000030517578,713.5999755859375,258.96563720703125,41.34610366821289,28.450000762939453,190.2827606201172,14038.55859375,31.8686466217041,59.99391555786133,461.7181701660156,1220.4598388671875,37.50944519042969,35.939998626708984,279.6278076171875,258.5196838378906,45.178466796875,793.9808349609375,155.1063232421875,409.8500061035156,74.8155746459961,316.760498046875,123.5700912475586,375.60882568359375,966.9569091796875,61.77000045776367,90.57162475585938,104.44999694824219,267.7746276855469,283.3868713378906,229.52980041503906,26.227075576782227,1040.598876953125,223.78346252441406,112.5364761352539,339.7425231933594,142.08309936523438,581.1954345703125,108.87999725341797,472.010009765625,185.8800048828125,146.57861328125,3.8399999141693115,136.55674743652344,170.7798614501953,85.7453384399414,230.5500030517578,754.5137329101562,120.20999908447266,270.09783935546875,16.479999542236328,73.62000274658203,16.3700008392334,29.508609771728516,90.00312042236328,34.189998626708984,60.62649917602539,164.52243041992188,2.512580633163452,13.710000038146973,233.02000427246094,689.5971069335938,632.665771484375,200.42430114746094,308.2609558105469,225.1981658935547,106.95052337646484,530.6978149414062,1711.8885498046875,113.44000244140625,111.72865295410156,148.5399932861328,205.1999969482422,212.25302124023438,41.465999603271484,41.08399963378906,8.133000373840332,124.06999969482422,70.33999633789062,232.35000610351562,78.07350158691406
2026-02-03,227.80128479003906,349.0139465332031,200.85000610351562,152.21044921875,290.11376953125,590.6256713867188,359.3500061035156,232.60000610351562,68.5199966430664,207.4499969482422,123.5933837890625,273.847412109375,191.1526641845703,132.60096740722656,1352.0552978515625,76.7293701171875,66.2699966430664,405.3999938964844,21.389999389648438,164.21295166015625,365.5771484375,255.2729949951172,45.140655517578125,82.86161041259766,27.92453384399414,45.451698303222656,54.69016647338867,146.25526428222656,492.48309326171875,33.779998779296875,154.24224853515625,40.761348724365234,102.25,53.425209045410156,65.13929748535156,48.9900016784668,24.190000534057617,73.09828186035156,98.0388412475586,21.479999542236328,375.2945251464844,34.91999816894531,718.5999755859375,259.36309814453125,41.16056442260742,27.299999237060547,186.7284393310547,13814.58203125,32.076324462890625,60.834999084472656,466.3668212890625,1186.1817626953125,36.919960021972656,35.81999969482422,282.1156005859375,264.23583984375,46.01298904418945,792.8875122070312,153.5163116455078,415.29998779296875,76.36491394042969,317.7052307128906,127.20567321777344,378.56903076171875,976.5030517578125,60.52824401855469,91.90515899658203,104.22000122070312,273.5369873046875,281.98773193359375,231.86737060546875,25.351530075073242,1000.0664672851562,223.8032989501953,114.9883041381836,333.7397766113281,142.4709014892578,569.5269775390625,108.25,465.6099853515625,187.35000610351562,145.4334716796875,3.869999885559082,141.81576538085938,174.7149658203125,88.21846771240234,239.0399932861328,779.7784423828125,126.1500015258789,267.67486572265625,17.8799991607666,78.0,16.450000762939453,29.92352867126465,93.7483901977539,36.880001068115234,64.52790832519531,170.21832275390625,2.5028796195983887,14.916000366210938,233.14999389648438,701.5543823242188,624.9663696289062,202.82632446289062,309.4791564941406,228.51339721679688,108.48296356201172,543.41064453125,1743.0767822265625,112.96499633789062,110.99557495117188,148.10000610351562,205.14999389648438,209.25439453125,41.29199981689453,41.534000396728516,8.17199993133545,123.55500030517578,70.87999725341797,232.3000030517578,83.32559967041016
2026-02-04,234.03762817382812,351.6069641113281,200.5500030517578,148.210693359375,282.1202697753906,572.6431274414062,346.6499938964844,237.89999389648438,68.38999938964844,172.32000732421875,126.9482421875,252.2790985107422,188.926025390625,124.693115234375,1303.8594970703125,77.39237213134766,64.0199966430664,382.0,22.510000228881836,164.40960693359375,370.357177734375,236.96226501464844,45.020999908447266,86.07623291015625,29.425851821899414,47.714691162109375,56.9514045715332,149.1509246826172,502.5999755859375,31.959999084472656,147.76983642578125,39.99722671508789,106.0,52.7387580871582,68.87522888183594,49.22999954223633,24.739999771118164,75.57553100585938,102.54716491699219,21.709999084472656,369.4614562988281,33.79999923706055,717.5999755859375,264.82861328125,41.79530715942383,26.549999237060547,184.86293029785156,13794.583984375,32.87736511230469,61.90366744995117,477.6136169433594,1136.5582275390625,30.458120346069336,34.20000076293945,276.09515380859375,267.46673583984375,46.95679473876953,775.3936157226562,153.11880493164062,430.79998779296875,76.82176971435547,321.891845703125,127.4945297241211,384.6285400390625,976.9324340820312,63.79655075073242,95.78722381591797,107.05000305175781,274.5321960449219,273.7914733886719,233.23011779785156,26.345129013061523,1103.3758544921875,215.32363891601562,117.46000671386719,360.95428466796875,145.40423583984375,564.6617431640625,108.7699966430664,470.5199890136719,185.5399932861328,148.3933868408203,3.609999895095825,145.6243438720703,177.8453826904297,89.36067962646484,238.05999755859375,745.7689819335938,114.81999969482422,249.73680114746094,16.200000762939453,68.2300033569336,16.549999237060547,29.587642669677734,93.85540008544922,35.2400016784668,61.72408676147461,168.24322509765625,2.493178367614746,13.394000053405762,235.9499969482422,690.5054321289062,599.6000366210938,196.08871459960938,307.8914794921875,232.90731811523438,113.22576141357422,565.605712890625,1662.87841796875,112.69999694824219,110.52180480957031,147.75999450683594,203.85000610351562,205.65603637695312,41.19599914550781,41.17599868774414,8.189000129699707,123.24500274658203,72.0199966430664,230.8000030517578,86.27749633789062
2026-02-05,232.7903594970703,341.9827880859375,190.5,148.31069946289062,273.627197265625,572.543212890625,336.25,231.75,69.13999938964844,165.97999572753906,116.76458740234375,253.72698974609375,187.09701538085938,119.67352294921875,1327.6082763671875,76.71989440917969,64.13999938964844,357.20001220703125,22.200000762939453,167.63487243652344,367.10675048828125,239.41021728515625,44.686954498291016,84.09073638916016,29.638944625854492,47.08182144165039,55.119991302490234,149.05276489257812,503.9361877441406,30.700000762939453,145.23068237304688,41.088829040527344,102.0999984741211,51.463932037353516,67.76402282714844,49.2400016784668,24.829999923706055,76.56256103515625,103.23772430419922,21.780000686645508,372.5262451171875,32.91999816894531,716.0,266.5179748535156,41.599998474121094,26.100000381469727,186.1197052001953,13978.5654296875,31.631301879882812,61.30006790161133,468.966064453125,1145.5262451171875,28.182771682739258,33.68000030517578,280.07562255859375,259.9114685058594,45.91364288330078,755.6137084960938,148.82574462890625,425.20001220703125,77.9738540649414,321.6830139160156,126.438720703125,379.8305969238281,987.8565673828125,62.28657150268555,94.89820098876953,104.97000122070312,273.5767822265625,266.4783020019531,236.53256225585938,26.059837341308594,1017.3876953125,217.21792602539062,118.86956024169922,362.5313415527344,148.52650451660156,541.8243408203125,105.54000091552734,458.80999755859375,180.83999633789062,149.4026641845703,3.4100000858306885,144.13446044921875,175.8827362060547,88.60582733154297,234.36000061035156,737.0842895507812,109.27999877929688,246.3466033935547,14.84000015258789,62.13999938964844,16.024999618530273,29.162843704223633,88.6412124633789,31.549999237060547,59.08988571166992,156.0933074951172,2.5222816467285156,13.07800006866455,236.9499969482422,677.0210571289062,605.986328125,195.32125854492188,305.9243469238281,231.42288208007812,113.0414810180664,564.0801391601562,1555.4521484375,111.56500244140625,109.51942443847656,146.5,202.6999969482422,203.7569122314453,40.79800033569336,40.98400115966797,8.142000198364258,122.05000305175781,71.33000183105469,229.5,74.96260070800781
2026-02-06,235.88357543945312,336.1484069824219,174.0,155.7702178955078,272.22833251953125,557.0582885742188,348.04998779296875,227.10000610351562,68.87000274658203,176.33999633789062,116.44696807861328,272.1498718261719,186.58010864257812,119.87271118164062,1439.240478515625,76.03793334960938,62.720001220703125,357.95001220703125,21.989999771118164,168.36251831054688,370.1659851074219,245.28530883789062,45.66914367675781,83.61799621582031,29.309621810913086,46.19963836669922,54.92376708984375,150.0343475341797,507.75390625,31.25,151.3545684814453,41.71401596069336,100.75,51.777732849121094,67.80233764648438,49.7599983215332,24.780000686645508,77.20122528076172,101.90594482421875,21.290000915527344,376.1842956542969,32.7400016784668,695.5999755859375,260.3568420410156,41.400001525878906,25.049999237060547,187.90667724609375,14102.552734375,31.735139846801758,61.923458099365234,477.91351318359375,1189.5697021484375,29.69591522216797,33.15999984741211,275.7966003417969,271.39349365234375,47.349220275878906,774.6978759765625,151.1114044189453,427.8999938964844,78.49030303955078,325.3425598144531,130.66197204589844,382.5921325683594,999.7093505859375,63.4985237121582,98.23696899414062,108.69999694824219,277.05010986328125,274.5158386230469,238.72093200683594,26.777982711791992,1054.6014404296875,221.5916290283203,121.03353881835938,378.814697265625,151.63882446289062,542.2938842773438,106.62000274658203,477.9200134277344,182.5500030517578,151.79969787597656,3.7699999809265137,147.06491088867188,177.4822998046875,88.86406707763672,218.72999572753906,778.8789672851562,113.62999725341797,260.6651611328125,17.530000686645508,71.0999984741211,16.774999618530273,30.101348876953125,90.86891174316406,30.610000610351562,60.53669738769531,162.96627807617188,2.5222816467285156,13.206000328063965,243.02999877929688,724.820068359375,620.3108520507812,198.00234985351562,320.5330810546875,235.90586853027344,113.80769348144531,581.4094848632812,1588.62060546875,112.67500305175781,110.4071044921875,147.82000732421875,204.6999969482422,205.15626525878906,41.18899917602539,41.48500061035156,8.26099967956543,123.20500183105469,72.68000030517578,231.6999969482422,71.37169647216797
2026-02-09,229.8501434326172,345.4235534667969,176.52000427246094,161.00990295410156,273.7770690917969,564.9506225585938,351.95001220703125,225.75,68.23999786376953,181.83999633789062,114.99783325195312,274.54638671875,185.34751892089844,131.14688110351562,1436.4576416015625,76.07582092285156,62.560001373291016,352.75,22.1299991607666,172.00076293945312,370.357177734375,250.62185668945312,46.147769927978516,83.42889404296875,29.55177116394043,46.659908294677734,54.48460388183594,150.77053833007812,505.8450622558594,31.764999389648438,157.22950744628906,41.66936492919922,100.9000015258789,52.52302169799805,68.58784484863281,50.02000045776367,24.719999313354492,76.38838195800781,101.21538543701172,21.40999984741211,381.8196716308594,33.7400016784668,701.5999755859375,264.6298522949219,40.79999923706055,24.049999237060547,189.55618286132812,13886.57421875,32.15544128417969,61.97293472290039,477.51361083984375,1202.1419677734375,31.066381454467773,32.41999816894531,272.5625,270.9461364746094,47.155494689941406,789.1104125976562,152.72129821777344,421.6499938964844,77.43754577636719,323.7912292480469,128.51051330566406,378.4696960449219,996.1445922851562,61.99848175048828,97.77271270751953,107.12999725341797,275.5672302246094,273.57318115234375,237.37806701660156,26.610742568969727,1041.13720703125,221.42303466796875,116.78500366210938,370.4364929199219,150.82345581054688,546.2200317382812,110.33999633789062,470.8699951171875,183.22000122070312,152.41110229492188,3.934999942779541,149.19615173339844,179.1898193359375,88.8740005493164,222.1300048828125,801.0556030273438,120.68000030517578,271.3641662597656,17.68000030517578,75.05000305175781,16.844999313354492,30.54590606689453,94.21532440185547,31.770000457763672,63.47024154663086,165.35037231445312,2.531982660293579,13.920000076293945,244.7100067138672,740.7098388671875,634.9437255859375,195.54052734375,316.2792663574219,237.3507080078125,114.3702392578125,583.9620361328125,1632.6802978515625,113.22000122070312,110.74622344970703,148.5399932861328,207.0500030517578,206.40570068359375,41.37200164794922,41.849998474121094,8.309000015258789,123.84500122070312,72.36000061035156,234.25,76.53230285644531
2026-02-10,229.5504608154297,352.50457763671875,176.5800018310547,159.05001831054688,267.0325622558594,563.0524291992188,355.04998779296875,225.39999389648438,70.12999725341797,182.27999877929688,116.70503234863281,277.5918884277344,184.87037658691406,135.4493865966797,1427.16162109375,78.00802612304688,62.54999923706055,405.04998779296875,24.100000381469727,175.3046875,360.797119140625,252.72711181640625,46.038082122802734,84.41219329833984,29.251506805419922,48.82701110839844,54.53132247924805,153.0281524658203,502.9817810058594,31.53499984741211,149.96051025390625,42.537681579589844,104.55000305175781,52.46418380737305,68.64532470703125,49.97999954223633,25.09000015258789,78.03343200683594,103.33637237548828,22.399999618530273,379.4468688964844,32.29999923706055,709.0,263.3380126953125,40.86000061035156,24.700000762939453,188.2012176513672,14162.5458984375,32.219722747802734,61.854190826416016,448.2220153808594,1190.367919921875,31.483152389526367,34.099998474121094,275.97412109375,269.15673828125,46.62894821166992,787.9176635742188,146.04322814941406,418.75,76.28546142578125,324.1591796875,126.19966888427734,387.092041015625,969.82275390625,62.62432861328125,96.34039306640625,109.95999908447266,283.31005859375,271.1123046875,237.08961486816406,27.161649703979492,1021.5336303710938,220.6097869873047,116.28868103027344,359.4264831542969,146.39859008789062,539.266845703125,108.93000030517578,463.4800109863281,184.3000030517578,153.52713012695312,3.8499999046325684,149.57107543945312,178.8561553955078,90.21485900878906,226.24000549316406,790.3120727539062,118.08999633789062,270.35711669921875,16.739999771118164,69.47000122070312,16.6200008392334,30.516267776489258,94.59471893310547,30.979999542236328,63.12100601196289,168.14346313476562,2.5222816467285156,14.45199966430664,242.58999633789062,740.9593505859375,626.259521484375,194.54383850097656,315.8698425292969,240.8143768310547,115.12675476074219,591.679443359375,1612.878173828125,113.46499633789062,110.71629333496094,148.89999389648438,206.85000610351562,206.25576782226562,41.47999954223633,41.82099914550781,8.350000381469727,124.08499908447266,72.58000183105469,234.14999389648438,78.36039733886719
2026-02-11,234.5450439453125,338.0932312011719,171.6999969482422,160.80992126464844,261.8367614746094,559.9555053710938,358.75,216.8000030517578,67.54000091552734,179.0,118.61074829101562,283.3334655761719,192.5443115234375,130.8281707763672,1475.696533203125,78.17852020263672,60.5,408.3500061035156,22.56999969482422,166.1795654296875,350.6634216308594,250.91561889648438,45.99321365356445,84.5823745727539,29.416168212890625,49.49824142456055,54.14822006225586,150.9668426513672,509.0901184082031,31.290000915527344,162.55679321289062,43.17775344848633,103.55000305175781,53.189857482910156,68.0130844116211,50.15999984741211,25.799999237060547,79.42688751220703,102.3991928100586,20.899999618530273,376.3820495605469,32.63999938964844,700.7999877929688,262.34429931640625,40.099998474121094,23.549999237060547,183.8025360107422,14816.4794921875,33.18394088745117,63.5462532043457,472.61505126953125,1205.1353759765625,30.709686279296875,34.86000061035156,276.3731384277344,264.6335144042969,46.837581634521484,787.6194458007812,146.9972381591797,421.3999938964844,78.06324005126953,321.41448974609375,128.26148986816406,388.0854187011719,976.7227783203125,61.93887710571289,97.91100311279297,108.12000274658203,285.6687316894531,276.7583923339844,239.58633422851562,27.279701232910156,1011.7767333984375,219.07254028320312,118.43279266357422,361.3288269042969,154.92019653320312,526.6493530273438,109.37999725341797,461.239990234375,186.2100067138672,155.33218383789062,3.9700000286102295,153.4882049560547,182.34967041015625,90.74127197265625,227.74000549316406,823.1722412109375,119.18000030517578,276.05059814453125,15.569999694824219,66.2300033569336,17.020000457763672,30.921306610107422,96.81269073486328,31.5,65.31617736816406,174.99647521972656,2.512580633163452,13.447999954223633,236.25999450683594,773.52734375,625.404052734375,195.85946655273438,313.2736511230469,240.1810302734375,116.38762664794922,610.9032592773438,1576.244384765625,113.40499877929688,110.56169891357422,149.0800018310547,205.6999969482422,205.506103515625,41.457000732421875,42.2599983215332,8.333000183105469,124.06500244140625,72.47000122070312,232.9499969482422,81.9979019165039
2026-02-12,224.1563262939453,336.39776611328125,167.24000549316406,158.61004638671875,263.43548583984375,546.768310546875,354.20001220703125,213.60000610351562,63.720001220703125,174.47999572753906,114.7397689819336,276.4934997558594,188.23020935058594,128.69683837890625,1447.1202392578125,75.1476058959961,58.900001525878906,371.25,22.020000457763672,166.86788940429688,350.8546447753906,251.65000915527344,45.55945587158203,82.93724822998047,31.208065032958984,49.24892807006836,53.36332702636719,150.72145080566406,517.1072387695312,30.825000762939453,160.7146453857422,42.42355728149414,102.30000305175781,51.091285705566406,69.98641967773438,50.380001068115234,26.31999969482422,80.29779815673828,103.73097229003906,20.68000030517578,372.8228759765625,31.8799991607666,703.0,271.9834899902344,40.36000061035156,22.299999237060547,186.92483520507812,14904.4697265625,32.83286666870117,63.62541580200195,457.8692626953125,1177.1971435546875,30.57076072692871,32.84000015258789,274.8768005371094,253.6982421875,43.75282669067383,790.7007446289062,144.07557678222656,427.25,78.46051025390625,330.2351989746094,133.1122589111328,387.62847900390625,997.4127197265625,60.697120666503906,95.57978820800781,102.37999725341797,284.16595458984375,282.17626953125,243.25682067871094,27.023921966552734,1034.7587890625,225.62815856933594,118.36331176757812,360.95428466796875,150.95272827148438,509.3164978027344,105.76000213623047,465.0199890136719,182.94000244140625,156.41909790039062,3.5799999237060547,148.91920471191406,178.99354553222656,91.30741119384766,220.4499969482422,816.0665283203125,116.38999938964844,275.32269287109375,13.989999771118164,63.91999816894531,16.684999465942383,30.72372817993164,95.24649810791016,30.020000457763672,61.903690338134766,158.53724670410156,2.512580633163452,12.619999885559082,239.35000610351562,756.8490600585938,634.0882568359375,200.47413635253906,312.43487548828125,237.3408203125,114.5157241821289,596.36572265625,1563.8680419921875,112.38999938964844,109.47454071044922,147.83999633789062,205.8000030517578,203.2071533203125,41.0989990234375,42.10300064086914,8.25,122.94999694824219,71.58000183105469,232.9499969482422,79.53559875488281
2026-02-13,218.06295776367188,336.09857177734375,168.5399932861328,154.57029724121094,257.1905517578125,545.6693725585938,351.95001220703125,221.35000610351562,64.37999725341797,174.16000366210938,117.24102020263672,301.2071838378906,188.28985595703125,133.29812622070312,1460.3660888671875,73.8310546875,59.04999923706055,378.20001220703125,22.530000686645508,168.8541717529297,350.759033203125,251.0500030517578,45.853614807128906,84.05290985107422,31.217750549316406,48.980438232421875,53.839866638183594,152.0956573486328,506.4176940917969,29.600000381469727,161.41168212890625,43.17775344848633,103.0999984741211,48.982913970947266,70.73360443115234,50.65999984741211,26.110000610351562,80.3558578491211,105.06275177001953,20.510000228881836,389.9266357421875,32.380001068115234,708.7999877929688,277.7471008300781,40.68000030517578,22.75,188.9081573486328,15116.4482421875,32.71913528442383,63.70457077026367,460.868408203125,1187.773681640625,31.291662216186523,33.619998931884766,265.7491760253906,253.8970489501953,43.92171859741211,752.4330444335938,141.4321746826172,422.0,78.14269256591797,325.7602233886719,133.36126708984375,388.45294189453125,1017.0042724609375,62.71373748779297,93.24347686767578,105.44999694824219,286.01708984375,290.92822265625,242.16262817382812,27.132137298583984,1038.2127685546875,229.59524536132812,120.51736450195312,366.4229736328125,154.10482788085938,504.3214111328125,105.87000274658203,491.4700012207031,181.2100067138672,158.2823944091797,3.569999933242798,147.44918823242188,180.30853271484375,93.16474914550781,225.64999389648438,801.645263671875,112.9000015258789,287.5971374511719,14.3100004196167,65.69000244140625,16.8799991607666,31.385622024536133,95.40213775634766,30.719999313354492,62.70193099975586,165.93893432617188,2.512580633163452,13.241999626159668,242.9600067138672,772.7288818359375,649.1588745117188,199.397705078125,314.9512023925781,238.87472534179688,115.65049743652344,601.1616821289062,1593.076171875,112.25499725341797,109.22518920898438,147.6999969482422,206.1999969482422,202.85731506347656,41.058998107910156,41.99599838256836,8.300000190734863,122.75,72.22000122070312,233.3000030517578,73.66390228271484
2026-02-16,216.2149658203125,338.2926940917969,168.60000610351562,154.59030151367188,257.44036865234375,535.9788208007812,351.6499938964844,223.5500030517578,64.81999969482422,174.5399932861328,116.9035415649414,300.1087646484375,186.40118408203125,134.0152130126953,1460.3660888671875,73.26276397705078,59.34000015258789,386.8999938964844,22.530000686645508,165.5502471923828,352.9578552246094,234.9499969482422,45.80874252319336,84.60128784179688,31.934511184692383,48.673587799072266,53.86790084838867,151.2122344970703,506.60858154296875,29.774999618530273,162.70614624023438,42.885005950927734,102.30000305175781,49.52226638793945,70.69529724121094,51.119998931884766,26.420000076293945,80.56874084472656,104.07624816894531,21.139999389648438,391.113037109375,33.880001068115234,697.7999877929688,278.9395751953125,40.93000030517578,22.5,193.54249572753906,15158.4443359375,32.714195251464844,63.48688507080078,465.6170349121094,1192.363525390625,30.927457809448242,34.0,264.0533447265625,256.3326416015625,43.87204360961914,760.5835571289062,143.45944213867188,420.1000061035156,78.14269256591797,325.7602233886719,133.36126708984375,388.45294189453125,1017.0042724609375,62.71373748779297,93.24347686767578,105.44999694824219,286.01708984375,290.92822265625,242.16262817382812,27.132137298583984,1038.2127685546875,229.59524536132812,120.51736450195312,366.4229736328125,154.10482788085938,504.3214111328125,105.87000274658203,491.4700012207031,181.2100067138672,158.2823944091797,3.569999933242798,147.44918823242188,180.30853271484375,93.16474914550781,225.64999389648438,801.645263671875,112.9000015258789,287.5971374511719,14.3100004196167,65.69000244140625,17.149999618530273,31.385622024536133,95.40213775634766,30.719999313354492,62.70193099975586,165.93893432617188,2.512580633163452,13.15999984741211,242.9600067138672,772.7288818359375,649.1588745117188,199.397705078125,314.9512023925781,238.87472534179688,115.65049743652344,601.1616821289062,1603.96728515625,112.0,109.05064392089844,147.5399932861328,205.1999969482422,202.05767822265625,40.97600173950195,42.20000076293945,8.289999961853027,122.5199966430664,72.30999755859375,232.25,73.41510009765625
2026-02-17,219.41148376464844,336.54736328125,169.8000030517578,155.5702362060547,254.34288024902344,537.5772094726562,344.54998779296875,219.8000030517578,64.97000122070312,171.10000610351562,119.3452377319336,302.8048400878906,190.91409301757812,130.887939453125,1468.31591796875,74.14361572265625,59.900001525878906,398.3500061035156,23.100000381469727,166.8088836669922,356.0170593261719,235.75,49.17409896850586,85.62239837646484,32.312259674072266,48.539344787597656,54.99851989746094,153.56802368164062,512.1442260742188,30.315000534057617,160.3661346435547,44.239585876464844,103.94999694824219,50.699031829833984,70.04389953613281,52.119998931884766,27.43000030517578,79.83330535888672,104.56950378417969,21.559999465942383,395.463134765625,33.720001220703125,710.2000122070312,281.7220153808594,40.83000183105469,23.5,192.85520935058594,15520.4072265625,32.48179244995117,63.892578125,460.3185729980469,1196.55419921875,31.34423065185547,32.84000015258789,270.4377136230469,258.2214660644531,44.67179489135742,770.1256103515625,144.8507080078125,425.0,79.01667785644531,325.79998779296875,128.34117126464844,380.49615478515625,1010.5836181640625,64.39259338378906,94.83415222167969,105.44000244140625,279.81683349609375,286.85986328125,242.04327392578125,26.925548553466797,1034.2696533203125,230.94406127929688,120.67617797851562,370.56170654296875,154.3931884765625,501.0946044921875,106.98999786376953,477.32000732421875,183.3000030517578,161.26171875,3.799999952316284,145.20443725585938,178.91131591796875,92.08212280273438,226.0500030517578,818.6549682617188,112.94000244140625,302.13507080078125,14.270000457763672,67.63999938964844,17.125,31.642475128173828,94.24451446533203,29.93000030517578,60.95577621459961,168.50257873535156,2.511603355407715,12.508000373840332,244.0399932861328,763.3068237304688,646.174560546875,202.82632446289062,326.6042175292969,240.13153076171875,113.59515380859375,599.0878295898438,1595.5513916015625,112.33499908447266,109.30996704101562,147.82000732421875,206.9499969482422,202.65740966796875,41.066001892089844,42.11000061035156,8.298999786376953,122.84500122070312,72.06999969482422,234.14999389648438,71.08619689941406
2026-02-18,225.15524291992188,339.2900085449219,174.3800048828125,160.44993591308594,257.3904113769531,540.6742553710938,351.29998779296875,220.75,65.87999725341797,171.1999969482422,120.9333267211914,312.8900146484375,187.6337890625,131.66477966308594,1478.4130859375,73.63214874267578,61.52000045776367,405.25,24.190000534057617,170.48648071289062,356.1126708984375,244.8000030517578,45.679115295410156,86.7947998046875,31.353351593017578,47.85852813720703,55.50309371948242,154.156982421875,507.56298828125,31.0,165.94235229492188,45.73805236816406,104.0999984741211,51.71889877319336,70.5803451538086,51.81999969482422,26.90999984741211,80.39456176757812,104.8654556274414,21.15999984741211,395.3642578125,34.63999938964844,714.4000244140625,283.6100769042969,41.5,23.850000381469727,196.91024780273438,15540.404296875,33.26799774169922,64.65449523925781,469.365966796875,1242.0537109375,31.111438751220703,34.36000061035156,270.5374755859375,261.5517578125,44.91023254394531,790.9989013671875,148.74624633789062,423.20001220703125,78.94715881347656,326.0685119628906,126.11998748779297,380.97296142578125,994.6367797851562,65.11778259277344,95.2020034790039,107.0999984741211,280.7821960449219,285.97674560546875,243.6945037841797,26.925548553466797,1018.8062133789062,226.83811950683594,120.7655258178711,376.88397216796875,151.8774871826172,513.0527954101562,107.94999694824219,470.30999755859375,184.74000549316406,160.49505615234375,3.950000047683716,149.66415405273438,182.20118713378906,90.60221862792969,238.57000732421875,817.055908203125,116.5,293.200927734375,14.199999809265137,67.38999938964844,17.440000534057617,30.91143035888672,96.2387466430664,30.100000381469727,62.412567138671875,170.79689025878906,2.540921688079834,13.609999656677246,238.92999267578125,750.5410766601562,646.4033813476562,204.13198852539062,329.1005859375,238.63722229003906,114.19503784179688,591.5398559570312,1677.23486328125,113.54499816894531,110.50186157226562,149.5,209.1999969482422,205.90591430664062,41.50299835205078,42.75299835205078,8.401000022888184,124.2249984741211,72.9000015258789,236.75,71.85240173339844
2026-02-19,224.10638427734375,339.8999938964844,174.22000122070312,159.46998596191406,258.73931884765625,547.8672485351562,351.8500061035156,220.4499969482422,66.31999969482422,171.39999389648438,118.41223907470703,312.95001220703125,185.8047637939453,133.69651794433594,1468.0263671875,74.92976379394531,62.119998931884766,415.8999938964844,25.860000610351562,167.89053344726562,356.97308349609375,240.5500030517578,45.444786071777344,85.1685791015625,31.605188369750977,46.68867492675781,54.89573669433594,152.39013671875,511.3807067871094,30.40999984741211,163.5027618408203,45.48500061035156,102.5999984741211,50.46367645263672,70.00558471679688,52.08000183105469,27.350000381469727,79.52365112304688,105.1120834350586,21.030000686645508,394.0790100097656,33.91999816894531,717.5999755859375,281.42388916015625,41.45000076293945,23.799999237060547,183.66506958007812,15290.0,33.724998474121094,65.83201599121094,478.9267578125,1235.4681396484375,30.893665313720703,33.060001373291016,268.143310546875,260.2096862792969,44.49296951293945,777.4810180664062,147.15623474121094,423.8500061035156,78.37112426757812,325.2928161621094,124.37689208984375,376.0657653808594,986.3887329101562,65.17738342285156,95.24176788330078,106.0,276.8510437011719,287.6933898925781,245.60433959960938,26.423830032348633,1021.4616088867188,222.5040740966797,120.96405029296875,372.6856689453125,150.26661682128906,514.6112670898438,110.41999816894531,469.2699890136719,186.1750030517578,159.0781707763672,3.819999933242798,149.95220947265625,183.10292053222656,91.01937103271484,233.3000030517578,834.1055908203125,119.02999877929688,290.8178405761719,14.640000343322754,67.63999938964844,18.200000762939453,31.089250564575195,93.71920013427734,29.68000030517578,62.432525634765625,167.99383544921875,2.521376132965088,13.592000007629395,233.7100067138672,759.0848999023438,663.0158081054688,204.73001098632812,334.2530822753906,238.27105712890625,113.62464904785156,660.0693969726562,1726.2449951171875,113.3499984741211,110.3672103881836,149.16000366210938,207.25,205.15626525878906,41.444000244140625,42.55799865722656,8.375,124.00499725341797,72.7699966430664,234.5,74.04229736328125
2026-02-20,222.30833435058594,338.1000061035156,176.86000061035156,160.66990661621094,267.0824890136719,557.7576293945312,348.29998779296875,217.64999389648438,66.2699966430664,171.94000244140625,120.91348266601562,316.25,184.57215881347656,127.20291900634766,1494.093017578125,75.3559799194336,63.15999984741211,420.25,26.09000015258789,170.8994598388672,362.5179443359375,245.14999389648438,43.555198669433594,85.3954849243164,31.69236183166504,46.88045120239258,55.35359191894531,155.77658081054688,517.2981567382812,31.049999237060547,164.5482940673828,45.20000076293945,102.5,50.83632278442383,70.3312759399414,52.060001373291016,27.459999084472656,79.9881362915039,105.06275177001953,20.690000534057617,397.4404602050781,33.97999954223633,722.4000244140625,274.368408203125,42.349998474121094,24.049999237060547,186.2571563720703,15270.0,33.66999816894531,64.75345611572266,467.52850341796875,1252.829833984375,30.24034881591797,32.29999923706055,271.4352722167969,260.11029052734375,44.36381530761719,774.7973022460938,146.67922973632812,419.45001220703125,79.29476928710938,327.40106201171875,122.50431823730469,379.7113952636719,983.8424072265625,64.9687728881836,96.92191314697266,105.58000183105469,279.0206298828125,287.7628479003906,241.2077178955078,26.217239379882812,1007.7852172851562,222.9602813720703,121.36111450195312,371.9412841796875,150.5450439453125,510.4253845214844,110.1449966430664,476.8999938964844,183.72000122070312,157.86509704589844,3.880000114440918,146.28707885742188,182.26063537597656,91.55571746826172,241.8800048828125,829.8381958007812,121.3499984741211,293.9886474609375,13.4399995803833,63.83000183105469,18.295000076293945,31.454774856567383,94.44879913330078,30.149999618530273,64.1986312866211,168.00381469726562,2.540921688079834,13.531999588012695,232.02999877929688,758.2963256835938,654.80908203125,204.9199981689453,342.72076416015625,241.43785095214844,114.79492950439453,660.5579833984375,1722.7796630859375,113.76000213623047,110.65645599365234,149.8800048828125,209.10000610351562,206.10581970214844,41.5890007019043,43.194000244140625,8.402999877929688,124.44499969482422,72.62999725341797,236.60000610351562,76.66549682617188
2026-02-23,225.40496826171875,327.6000061035156,172.8800048828125,161.74984741210938,265.68365478515625,544.6703491210938,337.79998779296875,208.75,64.19999694824219,166.47999572753906,118.23357391357422,316.04998779296875,185.32763671875,117.78121948242188,1485.763671875,76.51152038574219,60.189998626708984,398.6499938964844,24.75,165.05859375,362.135498046875,240.64999389648438,42.677711486816406,82.9183349609375,32.20571517944336,46.86127471923828,54.475257873535156,155.6784210205078,518.0616455078125,30.674999237060547,164.9963836669922,45.88999938964844,99.9000015258789,50.679420471191406,69.1242904663086,51.720001220703125,27.549999237060547,80.87840270996094,106.34521484375,20.170000076293945,392.9914855957031,33.68000030517578,703.5999755859375,268.50543212890625,41.54999923706055,24.0,179.8751220703125,15344.0,33.96500015258789,65.44610595703125,474.02752685546875,1246.44384765625,25.35923957824707,31.600000381469727,263.30517578125,252.00823974609375,43.33556365966797,753.1287841796875,147.37486267089844,419.8500061035156,80.00984954833984,332.7014465332031,125.31317901611328,374.486328125,984.5913696289062,62.67399978637695,94.22770690917969,104.41000366210938,273.0492858886719,280.16192626953125,244.5399932861328,26.620580673217773,1056.740966796875,227.59185791015625,122.90963745117188,376.5763244628906,148.98391723632812,515.929931640625,109.93000030517578,481.010009765625,174.75999450683594,159.8351287841797,3.9700000286102295,149.74362182617188,183.23175048828125,93.42298126220703,242.14999389648438,831.1973876953125,118.75,292.95166015625,12.600000381469727,63.09000015258789,18.399999618530273,31.474533081054688,95.01302337646484,31.1299991607666,65.4059829711914,177.08132934570312,2.531148910522461,13.326000213623047,230.44000244140625,755.0325317382812,657.1566772460938,201.9199981689453,338.49688720703125,240.5372772216797,113.11326599121094,644.9536743164062,1684.66064453125,112.92500305175781,109.6989517211914,148.82000732421875,206.85000610351562,203.45704650878906,41.2859992980957,43.0,8.305999755859375,123.44999694824219,71.36000061035156,234.10000610351562,82.79209899902344
2026-02-24,231.24862670898438,327.70001220703125,177.22000122070312,162.90977478027344,263.3355407714844,540.0747680664062,342.1000061035156,215.35000610351562,65.11000061035156,178.47999572753906,121.50901794433594,318.79998779296875,180.27793884277344,122.18331909179688,1504.7294921875,76.53993225097656,60.27000045776367,395.6000061035156,27.43000030517578,163.07229614257812,361.8487243652344,239.5,42.21902847290039,83.65581512451172,32.27351760864258,46.86127471923828,55.063926696777344,157.2489471435547,523.7882080078125,30.139999389648438,165.2951202392578,46.68000030517578,101.5999984741211,51.660057067871094,71.57659149169922,50.36000061035156,27.799999237060547,81.26547241210938,108.21956634521484,20.3799991607666,366.89093017578125,35.040000915527344,709.2000122070312,269.2010192871094,42.0,23.049999237060547,179.6002197265625,15326.0,34.17499923706055,66.02002716064453,471.1279602050781,1260.6126708984375,24.57826042175293,31.6200008392334,257.818603515625,249.22471618652344,42.30234909057617,757.8004760742188,141.59117126464844,417.1499938964844,80.16876220703125,331.1998291015625,126.24946594238281,381.9266052246094,996.9833374023438,63.66740036010742,95.9476318359375,106.05000305175781,277.25909423828125,271.836669921875,246.27999877929688,26.699281692504883,1040.359130859375,226.5604248046875,123.01882934570312,380.00042724609375,146.8062744140625,515.0907592773438,110.88500213623047,487.42999267578125,169.9499969482422,162.1739501953125,4.369999885559082,148.25372314453125,183.6578369140625,95.03201293945312,243.2100067138672,879.1983032226562,121.08000183105469,311.7372741699219,13.430000305175781,65.05999755859375,18.80500030517578,31.711627960205078,95.44105529785156,33.4900016784668,67.7308578491211,186.36831665039062,2.511603355407715,13.359999656677246,233.38999938964844,766.7702026367188,660.9467163085938,198.4600067138672,345.1372375488281,241.08157348632812,113.45747375488281,642.6603393554688,1707.43310546875,113.42500305175781,110.33728790283203,149.72000122070312,206.89999389648438,205.60604858398438,41.47200012207031,43.6609992980957,8.369000434875488,124.0250015258789,71.7699966430664,234.1999969482422,83.9011001586914
2026-02-25,231.44839477539062,336.79998779296875,177.8000030517578,166.62954711914062,263.08575439453125,550.5645751953125,350.8999938964844,216.3000030517578,69.79000091552734,180.33999633789062,121.35021209716797,330.8999938964844,179.7809295654297,126.88420867919922,1544.70849609375,76.43574523925781,61.5099983215332,397.45001220703125,31.239999771118164,163.99661254882812,364.71673583984375,244.10000610351562,42.46332931518555,83.31544494628906,32.60283660888672,46.91880798339844,55.119991302490234,155.58026123046875,527.4150390625,30.600000381469727,168.6806640625,47.07500076293945,99.94000244140625,53.307533264160156,71.59574890136719,51.099998474121094,28.0,80.58809661865234,104.22422790527344,20.489999771118164,377.0740966796875,41.119998931884766,710.2000122070312,268.0085754394531,41.7400016784668,23.0,181.17117309570312,15218.0,34.56999969482422,66.6632080078125,470.1781005859375,1285.5574951171875,24.12769889831543,32.779998779296875,263.7540588378906,254.2449951171875,43.37033462524414,772.113525390625,145.80471801757812,417.54998779296875,79.92047119140625,331.1600646972656,125.25341796875,373.0757751464844,993.3186645507812,62.981956481933594,97.3593521118164,105.05000305175781,261.76348876953125,282.0075988769531,245.1699981689453,26.650094985961914,1027.06201171875,225.0529327392578,121.55963897705078,381.4494934082031,146.28921508789062,513.1726684570312,109.83999633789062,483.04998779296875,164.22000122070312,161.921630859375,4.340000152587891,148.05508422851562,182.54800415039062,94.46587371826172,210.1199951171875,875.4805908203125,119.72000122070312,324.8991394042969,13.180000305175781,66.31999969482422,18.899999618530273,31.780780792236328,98.03842163085938,34.369998931884766,68.66879272460938,195.38597106933594,2.511603355407715,13.706000328063965,230.36000061035156,765.1532592773438,644.10546875,195.97999572753906,342.3912353515625,239.68621826171875,111.9626693725586,621.7913818359375,1665.3536376953125,114.2699966430664,111.12523651123047,150.86000061035156,208.3000030517578,208.054931640625,41.7859992980957,43.90700149536133,8.39900016784668,124.99500274658203,71.62999725341797,235.8000030517578,86.37650299072266
2026-02-26,230.74916076660156,339.6499938964844,176.74000549316406,159.42999267578125,260.8875732421875,555.3599853515625,347.1499938964844,219.39999389648438,71.36000061035156,172.6999969482422,122.68023681640625,318.25,179.88034057617188,125.11141967773438,1522.3670654296875,76.58728790283203,63.709999084472656,413.3999938964844,30.219999313354492,169.3458251953125,367.7759704589844,248.64999389648438,41.72544479370117,83.99617767333984,31.876394271850586,47.618804931640625,55.12933349609375,159.50657653808594,523.5973510742188,31.040000915527344,164.15000915527344,46.77000045776367,101.55000305175781,52.83682632446289,71.13594055175781,51.31999969482422,28.25,80.37520599365234,104.42152404785156,20.639999389648438,365.30908203125,41.84000015258789,652.0,246.84213256835938,42.38999938964844,23.700000762939453,183.35089111328125,15110.0,34.68000030517578,66.84131622314453,474.22747802734375,1229.6810302734375,24.0676212310791,32.79999923706055,267.9438171386719,258.4700012207031,43.98629379272461,788.0170288085938,148.58724975585938,423.29998779296875,79.95026397705078,332.6716003417969,123.92867279052734,372.59893798828125,985.310302734375,63.52832794189453,97.50848388671875,105.55000305175781,263.126953125,284.4486083984375,243.47000122070312,26.659931182861328,1020.2637329101562,222.84127807617188,118.4228744506836,376.4869689941406,142.9581298828125,519.6063232421875,108.80000305175781,480.1300048828125,163.19000244140625,160.62120056152344,3.7300000190734863,147.53857421875,182.48855590820312,91.36699676513672,200.10000610351562,875.9303588867188,118.18000030517578,322.625732421875,13.329999923706055,69.06999969482422,19.0,32.007999420166016,96.3943862915039,34.41999816894531,68.2297592163086,184.47300720214844,2.531148910522461,12.755999565124512,229.41000366210938,751.499267578125,638.2662353515625,197.6300048828125,340.3442077636719,238.37991333007812,114.69657897949219,617.6535034179688,1657.432861328125,114.03500366210938,110.75121307373047,150.4199981689453,209.10000610351562,206.1558074951172,41.69599914550781,43.56800079345703,8.430999755859375,124.69999694824219,72.2300033569336,236.8000030517578,82.30500030517578
2026-02-27,227.7024688720703,333.79998779296875,176.25999450683594,153.25038146972656,260.9375,544.8701782226562,341.0,219.25,78.88999938964844,169.66000366210938,119.52389526367188,316.5,176.798828125,122.44226837158203,1522.606689453125,77.82806396484375,63.779998779296875,426.0,29.389999389648438,168.1068572998047,365.3859558105469,247.39999389648438,41.88996887207031,84.5823745727539,33.01933288574219,46.698265075683594,55.12933349609375,155.28578186035156,530.2783203125,30.295000076293945,166.4499969482422,45.82500076293945,101.19999694824219,53.484046936035156,70.04389953613281,50.900001525878906,28.690000534057617,80.49132537841797,106.19723510742188,20.75,361.25555419921875,43.119998931884766,657.4000244140625,250.71768188476562,42.13999938964844,23.850000381469727,180.93553161621094,15542.0,35.0,66.57415008544922,477.57696533203125,1230.6788330078125,24.030075073242188,32.34000015258789,268.2430725097656,251.4614715576172,42.153324127197266,741.4000244140625,142.06817626953125,426.45001220703125,81.00302124023438,339.16534423828125,127.4447250366211,378.1915588378906,1009.325439453125,61.77000045776367,97.4488296508789,106.04000091552734,263.30609130859375,291.0075988769531,248.42999267578125,27.201000213623047,1050.18212890625,230.17047119140625,122.90963745117188,385.25079345703125,148.10887145996094,520.5953369140625,110.2300033569336,496.8299865722656,163.88999938964844,163.63934326171875,3.630000114440918,151.47189331054688,185.06495666503906,93.7699966430664,197.1999969482422,873.072021484375,118.4000015258789,328.927490234375,12.850000381469727,62.95000076293945,19.045000076293945,31.780000686645508,96.63758850097656,34.18000030517578,67.930419921875,178.22848510742188,2.540921688079834,12.75,227.52999877929688,741.4185180664062,654.6300048828125,202.6199951171875,341.76214599609375,242.2585906982422,114.03768920898438,627.8735961914062,1647.0367431640625,113.53500366210938,110.0679931640625,149.82000732421875,209.14999389648438,205.15626525878906,41.513999938964844,43.39400100708008,8.406000137329102,124.13999938964844,71.62000274658203,236.85000610351562,85.6803970336914
2026-03-02,226.35394287109375,339.79998779296875,177.52000427246094,155.1902618408203,261.73687744140625,557.7576293945312,343.1499938964844,221.35000610351562,82.19000244140625,167.32000732421875,118.3725357055664,317.0,178.11094665527344,125.3902816772461,1532.9932861328125,77.1176986694336,63.709999084472656,428.75,29.290000915527344,164.311279296875,354.10504150390625,238.1999969482422,40.49397277832031,80.36554718017578,32.166969299316406,45.38457489013672,52.914817810058594,148.56198120117188,526.6514892578125,29.25,162.35000610351562,44.415000915527344,96.73999786376953,53.83707809448242,67.62991333007812,50.279998779296875,27.850000381469727,78.20761108398438,103.33637237548828,19.829999923706055,351.7644348144531,43.15999984741211,649.4000244140625,248.03460693359375,41.369998931884766,23.5,177.0474090576172,15252.0,35.93000030517578,68.63232421875,487.7754211425781,1207.7296142578125,23.849849700927734,29.860000610351562,271.4851379394531,253.49942016601562,42.58549118041992,738.2999877929688,143.34019470214844,413.3500061035156,79.67218017578125,332.96002197265625,126.59809112548828,368.3473815917969,1001.3170776367188,61.0099983215332,96.19617462158203,104.33000183105469,255.9414520263672,292.6548156738281,248.55999755859375,26.817333221435547,1016.2206420898438,232.33253479003906,120.51736450195312,382.8092346191406,149.1827850341797,508.07769775390625,107.4800033569336,486.0299987792969,166.3800048828125,161.9410400390625,3.680000066757202,153.1802978515625,187.87918090820312,92.70999908447266,199.86000061035156,880.6474609375,125.73999786376953,326.21533203125,13.050000190734863,64.68000030517578,20.200000762939453,31.65999984741211,96.9002456665039,33.38999938964844,68.13996124267578,177.73968505859375,2.521376132965088,13.152000427246094,229.74000549316406,750.8904418945312,676.7000122070312,212.16000366210938,345.2370910644531,246.68426513671875,112.5232162475586,629.0401611328125,1611.39306640625,113.95500183105469,111.05042266845703,150.02000427246094,203.64999389648438,207.00543212890625,41.63600158691406,42.91899871826172,8.40999984741211,124.58999633789062,72.19000244140625,230.39999389648438,90.10289764404297
2026-03-03,226.75350952148438,345.29998779296875,177.55999755859375,155.03025817871094,259.48870849609375,562.1533813476562,338.70001220703125,231.89999389648438,83.48999786376953,164.83999633789062,118.41223907470703,304.54998779296875,177.21630859375,127.10332489013672,1439.5126953125,75.68749237060547,64.95999908447266,441.8999938964844,30.739999771118164,162.7183074951172,339.76495361328125,226.4499969482422,38.20054244995117,78.02076721191406,31.595500946044922,43.56267166137695,52.08320617675781,144.39027404785156,500.6911315917969,27.989999771118164,155.39999389648438,41.68000030517578,93.58000183105469,52.16999053955078,64.43042755126953,48.209999084472656,26.719999313354492,74.7239761352539,82.53099060058594,19.15999984741211,343.459716796875,40.84000015258789,644.4000244140625,251.31390380859375,40.06999969482422,23.350000381469727,172.13815307617188,14932.0,35.755001068115234,67.38554382324219,492.92462158203125,1159.23681640625,23.466869354248047,29.15999984741211,272.781982421875,254.791748046875,42.401695251464844,730.9000244140625,140.0408935546875,413.70001220703125,78.79817962646484,332.1700134277344,127.40489196777344,364.48321533203125,1006.309814453125,59.38999938964844,96.11663818359375,103.30000305175781,256.4689025878906,286.97894287109375,246.75,26.14837646484375,1005.9982299804688,231.93582153320312,118.948974609375,374.1744384765625,146.99520874023438,507.5981750488281,100.76000213623047,474.2699890136719,164.0500030517578,159.3304901123047,3.690000057220459,150.80641174316406,187.0567169189453,92.58999633789062,197.52999877929688,841.4911499023438,117.79000091552734,323.9319152832031,12.529999732971191,63.29999923706055,20.6299991607666,30.850000381469727,92.71722412109375,30.829999923706055,65.42593383789062,164.3229217529297,2.4920578002929688,12.378000259399414,224.1199951171875,720.8077392578125,667.8200073242188,206.52000427246094,333.65399169921875,242.51718139648438,111.35295104980469,617.4141845703125,1564.3631591796875,112.61499786376953,110.6863784790039,147.67999267578125,196.94000244140625,206.20579528808594,41.1349983215332,40.99300003051758,8.270999908447266,123.11000061035156,71.69999694824219,223.0,77.42310333251953
2026-03-04,227.20301818847656,349.1000061035156,185.3000030517578,157.1701202392578,261.636962890625,576.7391357421875,348.25,236.8000030517578,84.66000366210938,170.02000427246094,118.70999908447266,308.5,173.77696228027344,130.80825805664062,1474.0286865234375,75.11919403076172,65.68000030517578,463.20001220703125,29.639999389648438,164.58660888671875,343.2065734863281,232.89999389648438,37.29314422607422,78.13422393798828,31.96356773376465,44.25307846069336,52.812034606933594,139.18789672851562,510.2353820800781,28.610000610351562,162.75,43.94499969482422,94.44000244140625,52.307281494140625,64.1430435180664,48.18000030517578,26.389999389648438,74.7239761352539,82.59017944335938,19.665000915527344,351.8633117675781,42.959999084472656,642.4000244140625,261.449951171875,41.40999984741211,23.75,174.02330017089844,15088.0,35.21500015258789,66.15855407714844,481.1764221191406,1197.1529541015625,24.69841194152832,32.0,277.5203552246094,255.18942260742188,42.749412536621094,750.7000122070312,143.89669799804688,418.8500061035156,77.566650390625,331.739990234375,127.3052749633789,366.6586608886719,1005.2813110351562,58.63999938964844,96.58390045166016,103.04000091552734,257.3844909667969,289.70770263671875,245.3000030517578,26.187726974487305,1001.8453979492188,234.2466583251953,119.39566802978516,376.4273986816406,147.38299560546875,512.1836547851562,103.80000305175781,477.8900146484375,164.0800018310547,160.27183532714844,3.690000057220459,148.80996704101562,184.34158325195312,92.5999984741211,197.27000427246094,840.7615966796875,120.23999786376953,321.91778564453125,12.539999961853027,65.6500015258789,20.229999542236328,30.399999618530273,93.63165283203125,31.700000762939453,65.78514099121094,167.93399047851562,2.4920578002929688,12.996000289916992,227.30999755859375,730.5791015625,664.47998046875,208.82000732421875,339.3157043457031,244.62559509277344,108.66819763183594,612.249267578125,1622.2841796875,113.8499984741211,111.74362182617188,149.3000030517578,200.25,209.65420532226562,41.61399841308594,41.584999084472656,8.348999977111816,124.46499633789062,72.31999969482422,226.6999969482422,77.42310333251953
2026-03-05,225.1053009033203,352.5,187.9600067138672,158.49005126953125,258.9891052246094,568.9467163085938,351.45001220703125,243.5500030517578,85.58000183105469,173.94000244140625,118.83999633789062,300.25,172.32566833496094,132.2822723388672,1427.5379638671875,73.6037368774414,65.62999725341797,473.1499938964844,30.299999237060547,168.12652587890625,337.6617431640625,224.8000030517578,37.66707229614258,76.98074340820312,32.02168273925781,44.521568298339844,51.99911117553711,142.42710876464844,507.75390625,27.915000915527344,153.10000610351562,42.29999923706055,92.80000305175781,51.58160400390625,62.89773941040039,46.400001525878906,25.93000030517578,73.25310516357422,81.42610168457031,20.3799991607666,344.3495178222656,42.08000183105469,626.0,256.2825622558594,40.5,24.0,172.78616333007812,14774.0,35.7599983215332,66.06949615478516,491.8747863769531,1183.3834228515625,24.938711166381836,29.979999542236328,272.781982421875,253.05206298828125,42.659996032714844,730.5,140.5576629638672,429.04998779296875,76.50395965576172,327.45001220703125,122.82305145263672,359.27801513671875,981.1463623046875,58.02000045776367,98.11492919921875,102.41000366210938,253.49319458007812,286.5423278808594,239.6300048828125,26.177888870239258,981.5703125,230.43826293945312,115.21662139892578,364.8448791503906,144.3203887939453,518.3275756835938,101.94999694824219,460.82000732421875,161.4600067138672,156.25411987304688,3.5399999618530273,149.74362182617188,188.17645263671875,91.12999725341797,191.8000030517578,814.5174560546875,114.23999786376953,331.1111755371094,12.180000305175781,62.029998779296875,20.209999084472656,30.280000686645508,90.83000183105469,28.920000076293945,62.5223274230957,163.52490234375,2.4725122451782227,11.795999526977539,222.05999755859375,704.7383422851562,655.0,203.86000061035156,326.51434326171875,237.07708740234375,102.34479522705078,588.9674072265625,1531.689697265625,113.30500030517578,111.54912567138672,148.33999633789062,196.97999572753906,209.95407104492188,41.41299819946289,40.779998779296875,8.281000137329102,123.83000183105469,72.0999984741211,223.0,80.19329833984375
2026-03-06,221.0596923828125,355.29998779296875,185.5800018310547,156.31019592285156,257.8900146484375,557.0582885742188,343.1499938964844,240.9499969482422,84.81999969482422,171.25999450683594,117.86000061035156,290.95001220703125,166.3018341064453,135.56890869140625,1342.836181640625,72.36296081542969,64.81999969482422,477.54998779296875,29.110000610351562,169.85716247558594,332.30810546875,224.8000030517578,36.28602600097656,75.4490737915039,31.827964782714844,43.40924835205078,51.18618392944336,140.07131958007812,501.2638244628906,26.924999237060547,149.75,39.41999816894531,89.9800033569336,51.79734802246094,60.8477668762207,46.72999954223633,25.799999237060547,72.22737121582031,82.96504974365234,20.31999969482422,347.0188903808594,41.279998779296875,622.2000122070312,249.4258270263672,40.40999984741211,23.899999618530273,172.27560424804688,14500.0,36.16999816894531,67.2865982055664,498.82373046875,1144.4693603515625,25.010051727294922,30.020000457763672,271.1858825683594,245.99383544921875,41.43000030517578,708.5,135.9466094970703,424.95001220703125,76.5138931274414,328.05999755859375,123.31112670898438,355.5429992675781,996.65380859375,57.0099983215332,98.41317749023438,101.54000091552734,250.68666076660156,284.27001953125,240.39999389648438,26.610742568969727,988.628173828125,228.2166748046875,114.93868255615234,366.7604064941406,143.11721801757812,501.4742431640625,101.5,456.69000244140625,162.3300018310547,155.39041137695312,3.390000104904175,150.1905975341797,188.21609497070312,91.0199966430664,189.2100067138672,788.7530517578125,109.68000030517578,318.1387023925781,11.670000076293945,58.25,20.729999542236328,30.239999771118164,90.20999908447266,27.760000228881836,59.229576110839844,161.88894653320312,2.4725122451782227,11.751999855041504,231.11000061035156,679.606201171875,671.77001953125,209.75999450683594,322.6399841308594,234.0039520263672,100.66313934326172,588.0501098632812,1576.7393798828125,113.30500030517578,111.54912567138672,148.33999633789062,195.1999969482422,209.95407104492188,41.41299819946289,40.779998779296875,8.281000137329102,123.83000183105469,72.0999984741211,221.0500030517578,80.19329833984375
2026-03-09,222.1584930419922,351.1499938964844,181.16000366210938,155.79022216796875,259.8500061035156,549.6654663085938,336.6000061035156,242.1999969482422,84.37000274658203,170.05999755859375,118.27999877929688,284.1499938964844,165.62588500976562,128.55740356445312,1427.2783203125,71.80413818359375,63.54999923706055,475.45001220703125,30.479999542236328,169.01150512695312,329.05767822265625,221.10000610351562,37.482601165771484,74.46577453613281,31.479270935058594,42.948978424072266,50.690956115722656,137.12657165527344,499.5458679199219,26.549999237060547,148.75,38.95000076293945,87.81999969482422,52.2680549621582,58.28050994873047,47.13999938964844,24.969999313354492,70.52426147460938,79.88715362548828,19.84000015258789,337.033447265625,41.060001373291016,630.5999755859375,254.79196166992188,40.0,23.799999237060547,172.15777587890625,14442.0,37.064998626708984,68.1672592163086,509.9220275878906,1145.068115234375,25.712181091308594,29.68000030517578,269.83917236328125,244.25413513183594,40.80500030517578,701.2999877929688,135.17147827148438,425.29998779296875,77.26870727539062,330.79998779296875,123.84898376464844,351.2119445800781,1003.8433837890625,56.529998779296875,99.18862915039062,101.66000366210938,249.02464294433594,285.1700134277344,242.58999633789062,26.3746395111084,1006.6571655273438,225.5785675048828,116.24897003173828,374.1446533203125,145.80198669433594,509.4663391113281,102.16000366210938,460.8699951171875,164.49000549316406,157.98155212402344,3.890000104904175,149.42578125,187.7206268310547,92.01000213623047,195.3800048828125,829.5983276367188,116.13999938964844,322.48895263671875,12.15999984741211,61.779998779296875,20.799999237060547,30.079999923706055,90.3499984741211,28.200000762939453,60.35709762573242,169.15097045898438,2.4529666900634766,11.12600040435791,225.0,703.480712890625,664.1500244140625,208.22999572753906,321.92999267578125,236.29139709472656,98.28326416015625,597.7317504882812,1608.917724609375,111.51499938964844,109.74383544921875,146.39999389648438,193.67999267578125,206.9554443359375,40.763999938964844,40.608001708984375,8.032999992370605,121.9000015258789,69.3499984741211,219.25,79.45829772949219
2026-03-10,224.2562255859375,350.0,184.63999938964844,159.29000854492188,264.8500061035156,564.9506225585938,345.8999938964844,236.0500030517578,83.48999786376953,175.5800018310547,116.54000091552734,301.3999938964844,169.283935546875,129.7127227783203,1451.087890625,72.3061294555664,62.880001068115234,463.0,28.350000381469727,166.76956176757812,338.8089294433594,232.14999389648438,39.511783599853516,76.016357421875,31.789220809936523,43.96540832519531,51.438472747802734,139.2369842529297,505.6541442871094,27.459999084472656,157.6999969482422,41.314998626708984,90.30000305175781,53.17024230957031,61.40336227416992,48.29999923706055,25.729999542236328,70.7177963256836,79.45309448242188,20.40999984741211,348.40301513671875,43.02000045776367,639.2000122070312,261.648681640625,39.97999954223633,23.700000762939453,174.63204956054688,14654.0,36.724998474121094,68.01882934570312,499.4736022949219,1197.3525390625,24.74346923828125,31.479999542236328,270.9364929199219,247.93235778808594,41.68000030517578,721.9000244140625,138.49063110351562,426.6000061035156,77.34815216064453,327.94000244140625,124.62590789794922,354.778076171875,995.9148559570312,56.08000183105469,100.18280029296875,101.31999969482422,249.91038513183594,282.3399963378906,243.7100067138672,26.718957901000977,999.6292114257812,225.14218139648438,116.22911834716797,372.6161804199219,147.72108459472656,499.5860900878906,83.88999938964844,499.1700134277344,166.33999633789062,156.81698608398438,4.139999866485596,147.13136291503906,184.59921264648438,91.54000091552734,197.8000030517578,838.69287109375,120.08000183105469,316.5981140136719,12.029999732971191,61.380001068115234,20.90999984741211,30.719999313354492,91.68000030517578,28.09000015258789,62.262901306152344,166.12844848632812,2.4627394676208496,12.597999572753906,217.75999450683594,715.3181762695312,651.219970703125,207.0,326.5199890136719,239.29489135742188,99.24700927734375,590.991455078125,1636.640625,113.03500366210938,110.92076873779297,148.5399932861328,198.27999877929688,209.75416564941406,41.33300018310547,41.729000091552734,8.20300006866455,123.61499786376953,70.47000122070312,224.35000610351562,84.29509735107422
2026-03-11,225.30508422851562,348.8999938964844,184.16000366210938,160.5800018310547,266.8999938964844,563.2522583007812,353.0,234.3000030517578,82.5999984741211,177.44000244140625,116.4800033569336,303.70001220703125,171.2123565673828,141.2657470703125,1463.132568359375,72.05986785888672,64.1500015258789,448.6499938964844,27.84000015258789,162.67898559570312,336.4189147949219,228.1999969482422,39.90066909790039,76.41345977783203,31.663301467895508,44.40650177001953,51.28896713256836,137.4701385498047,502.4091491699219,27.135000228881836,154.60000610351562,41.54999923706055,91.72000122070312,52.50341033935547,61.36504364013672,47.20000076293945,24.219999313354492,68.25989532470703,78.0127944946289,20.110000610351562,346.4256896972656,43.599998474121094,632.5999755859375,252.20826721191406,39.310001373291016,23.25,173.59129333496094,14484.0,37.560001373291016,69.26560974121094,513.92138671875,1196.1551513671875,25.156484603881836,33.47999954223633,266.9462585449219,246.19265747070312,41.564998626708984,705.7999877929688,136.50311279296875,424.1499938964844,77.09986114501953,325.2099914550781,123.0023422241211,348.510009765625,990.7922973632812,55.70000076293945,100.84890747070312,100.88999938964844,245.70059204101562,285.25,242.99000549316406,26.8566837310791,998.121826171875,225.80667114257812,115.3555908203125,374.8096618652344,145.175537109375,495.23040771484375,90.83999633789062,492.3800048828125,159.5,155.8000030517578,4.059999942779541,150.55809020996094,190.04930114746094,91.66000366210938,200.25,847.1377563476562,115.38999938964844,300.2235412597656,12.380000114440918,62.7599983215332,21.799999237060547,31.100000381469727,92.08000183105469,28.0,61.404788970947266,167.58485412597656,2.501830577850342,12.140000343322754,214.10000610351562,706.2454833984375,649.469970703125,207.25999450683594,325.1499938964844,238.13128662109375,99.1290054321289,592.3076171875,1505.4520263671875,112.63500213623047,110.74622344970703,148.0,195.66000366210938,209.85411071777344,41.176998138427734,41.426998138427734,8.12399959564209,123.18000030517578,69.93000030517578,221.4499969482422,82.10929870605469
2026-03-12,221.9087677001953,351.75,182.3000030517578,160.05999755859375,263.45001220703125,555.3599853515625,347.04998779296875,234.5,81.80000305175781,173.0399932861328,114.63999938964844,295.29998779296875,165.5662384033203,139.4730224609375,1407.773193359375,72.48609161376953,63.15999984741211,447.25,26.170000076293945,164.2326202392578,335.08050537109375,224.6999969482422,39.0181999206543,77.22657012939453,31.769847869873047,46.45853805541992,51.62535095214844,138.59893798828125,509.0901184082031,25.704999923706055,152.64999389648438,40.27000045776367,92.37999725341797,54.523521423339844,59.180965423583984,46.61000061035156,24.139999389648438,68.80179595947266,77.75630187988281,22.020000457763672,337.82440185546875,43.81999969482422,616.0,251.0157928466797,39.029998779296875,23.200000762939453,168.7998504638672,14364.0,38.53499984741211,69.66141510009766,529.1190795898438,1177.7957763671875,24.871126174926758,32.97999954223633,265.8988037109375,243.35943603515625,41.060001373291016,689.0,133.14419555664062,426.79998779296875,77.08000183105469,323.9100036621094,124.8350830078125,338.92999267578125,1001.8662719726562,54.130001068115234,99.59624481201172,99.43000030517578,238.30609130859375,277.04998779296875,242.0399932861328,26.423830032348633,975.5706176757812,223.5156707763672,115.05780029296875,365.0334777832031,144.38999938964844,475.4200134277344,90.0999984741211,478.1300048828125,154.1199951171875,154.25,3.819999933242798,152.4949493408203,195.1822967529297,91.7300033569336,197.55999755859375,831.6071166992188,115.30000305175781,301.08221435546875,11.760000228881836,59.59000015258789,22.329999923706055,30.81999969482422,90.69999694824219,27.309999465942383,59.07990646362305,163.48500061035156,2.4920578002929688,12.045999526977539,204.75999450683594,699.3585815429688,652.8300170898438,203.0399932861328,306.70001220703125,232.12428283691406,96.26724243164062,584.12158203125,1535.155029296875,112.02999877929688,110.1976547241211,146.9600067138672,195.17999267578125,208.054931640625,40.9630012512207,40.67300033569336,8.062999725341797,122.48999786376953,69.80999755859375,221.0,82.87059783935547
2026-03-13,220.46034240722656,346.3999938964844,181.6999969482422,158.60000610351562,264.54998779296875,539.875,345.70001220703125,223.5,82.80000305175781,169.60000610351562,114.80000305175781,299.3999938964844,166.63980102539062,136.16647338867188,1416.8316650390625,72.3724365234375,64.26000213623047,448.75,26.030000686645508,163.66229248046875,338.52215576171875,220.35000610351562,38.52461242675781,76.8672866821289,32.283203125,46.362648010253906,51.251590728759766,136.34130859375,513.0986328125,25.489999771118164,143.9499969482422,39.834999084472656,89.5,55.91603088378906,59.544979095458984,46.81999969482422,23.979999542236328,67.81476593017578,77.38143157958984,23.540000915527344,329.8162536621094,43.279998779296875,613.7999877929688,248.03460693359375,38.779998779296875,23.100000381469727,165.20626831054688,14380.0,38.94499969482422,71.5711669921875,534.2183227539062,1176.9974365234375,24.826072692871094,33.959999084472656,268.34283447265625,247.08737182617188,41.415000915527344,688.7999877929688,134.5950927734375,430.5,77.33999633789062,326.4599914550781,126.02037811279297,339.0299987792969,1006.9688720703125,53.97999954223633,98.57225036621094,99.29000091552734,236.45497131347656,282.0899963378906,241.52000427246094,26.14837646484375,983.38720703125,217.87249755859375,114.76000213623047,363.4653015136719,144.99000549316406,464.3699951171875,91.19000244140625,469.3399963378906,156.0800018310547,153.44000244140625,3.690000057220459,155.06747436523438,195.03366088867188,92.77999877929688,196.07000732421875,804.5335083007812,107.91999816894531,301.3018493652344,11.800000190734863,58.369998931884766,22.799999237060547,30.170000076293945,87.83000183105469,26.1200008392334,56.256126403808594,158.22000122070312,2.4920578002929688,11.842000007629395,209.88999938964844,692.6712646484375,646.0,204.52000427246094,299.69000244140625,233.21827697753906,95.5985107421875,575.8158569335938,1576.7393798828125,111.87000274658203,110.11785888671875,146.77999877929688,193.97999572753906,207.7550811767578,40.880001068115234,40.74300003051758,8.027000427246094,122.32499694824219,69.81999969482422,219.5500030517578,79.69450378417969
2026-03-16,219.5613250732422,347.1000061035156,182.02000427246094,160.39999389648438,264.54998779296875,543.7999877929688,345.8500061035156,222.35000610351562,82.7300033569336,172.82000732421875,113.33999633789062,300.6000061035156,168.66761779785156,135.15060424804688,1436.4066162109375,72.48609161376953,64.8499984741211,453.20001220703125,27.15999984741211,162.6986541748047,343.6845703125,220.3000030517578,39.97545623779297,74.76832580566406,31.934511184692383,46.31470489501953,50.223758697509766,138.4517059326172,515.3892822265625,25.899999618530273,146.85000610351562,39.435001373291016,88.08000183105469,56.15138244628906,59.41086959838867,46.91999816894531,24.65999984741211,67.4664077758789,75.36896514892578,23.81999969482422,331.6947021484375,43.34000015258789,616.7999877929688,253.30136108398438,38.349998474121094,22.799999237060547,166.91470336914062,14364.0,39.505001068115234,71.64043426513672,540.2174072265625,1194.75830078125,24.927448272705078,34.0,267.59466552734375,247.1370849609375,41.0,692.5999755859375,134.61497497558594,428.3999938964844,77.81999969482422,326.6499938964844,125.49246978759766,342.5799865722656,1000.2885131835938,54.790000915527344,97.24999237060547,98.66000366210938,240.95338439941406,285.489990234375,243.19000244140625,26.177888870239258,987.4202270507812,219.6279296875,115.43000030517578,363.5050048828125,145.2100067138672,470.0,90.54000091552734,466.1000061035156,158.22999572753906,154.8699951171875,3.6500000953674316,156.1699981689453,195.053466796875,92.81999969482422,199.47999572753906,826.8699951171875,110.30999755859375,305.10595703125,11.970000267028809,59.689998626708984,23.34000015258789,30.649999618530273,89.86000061035156,27.0,57.80271911621094,162.44000244140625,2.4822850227355957,11.458000183105469,213.47000122070312,698.4503173828125,645.2000122070312,206.05999755859375,304.0,233.2282257080078,95.78536987304688,570.8104858398438,1608.4227294921875,112.18499755859375,110.29739379882812,147.3800048828125,195.0399932861328,208.64999389648438,40.999000549316406,41.29100036621094,8.0600004196167,122.66500091552734,69.88999938964844,220.6999969482422,75.17030334472656
2026-03-17,220.85992431640625,346.25,185.60000610351562,158.32000732421875,267.29998779296875,542.5999755859375,344.75,221.10000610351562,82.79000091552734,170.47999572753906,114.5199966430664,302.3999938964844,167.5940704345703,133.79611206054688,1479.461669921875,72.93125915527344,68.22000122070312,459.79998779296875,27.450000762939453,163.46563720703125,346.1701965332031,219.14999389648438,40.09511184692383,75.0330581665039,32.39943313598633,46.851688385009766,50.18638229370117,138.010009765625,528.1785888671875,25.864999771118164,149.85000610351562,39.6349983215332,88.63999938964844,57.50466537475586,60.0814208984375,46.439998626708984,24.739999771118164,67.29222106933594,73.55378723144531,23.8700008392334,328.8276062011719,46.08000183105469,616.0,256.2825622558594,38.459999084472656,22.5,167.24851989746094,14402.0,40.19499969482422,73.69861602783203,551.815673828125,1191.166259765625,25.028825759887695,36.20000076293945,268.34283447265625,247.435302734375,41.16999816894531,699.2000122070312,137.01986694335938,427.3999938964844,77.58000183105469,326.29998779296875,124.58606719970703,341.42999267578125,994.7166137695312,55.119998931884766,97.00144958496094,100.30000305175781,238.56484985351562,287.57000732421875,238.11000061035156,27.004249572753906,928.751220703125,217.9518280029297,115.87000274658203,358.4233703613281,144.39999389648438,472.7099914550781,94.86000061035156,462.489990234375,161.1699981689453,154.85000610351562,3.6500000953674316,157.73934936523438,196.1732177734375,92.52999877929688,200.4199981689453,844.0499877929688,111.5199966430664,307.2126770019531,12.4399995803833,60.529998779296875,24.1299991607666,31.190000534057617,89.80000305175781,26.770000457763672,57.96236801147461,166.32000732421875,2.451761245727539,11.883999824523926,210.82000732421875,700.6660766601562,636.3300170898438,203.3300018310547,302.0899963378906,230.15512084960938,96.14923095703125,572.5853271484375,1618.81884765625,112.44000244140625,110.43204498291016,147.8000030517578,196.3000030517578,209.0500030517578,41.09600067138672,41.63999938964844,8.085000038146973,122.93499755859375,70.12999725341797,222.10000610351562,76.37920379638672
2026-03-18,217.7133331298828,341.54998779296875,183.36000061035156,158.17999267578125,268.75,537.2999877929688,344.79998779296875,215.6999969482422,82.38999938964844,173.4600067138672,113.62000274658203,307.79998779296875,167.17657470703125,132.2025909423828,1480.470458984375,71.96515655517578,66.73999786376953,448.3500061035156,25.260000228881836,158.74574279785156,342.8241882324219,218.10000610351562,39.417057037353516,74.71159362792969,31.518014907836914,46.30511474609375,49.962127685546875,135.50697326660156,514.0531005859375,25.78499984741211,152.10000610351562,39.970001220703125,88.41999816894531,56.83782958984375,59.20012283325195,46.04999923706055,24.59000015258789,66.49872589111328,73.25784301757812,23.540000915527344,330.7060546875,45.939998626708984,599.7999877929688,252.30763244628906,37.90999984741211,22.450000762939453,167.11106872558594,14276.0,40.060001373291016,74.62874603271484,555.7150268554688,1188.372314453125,24.25160026550293,36.15999984741211,262.0083312988281,248.42942810058594,41.040000915527344,703.7999877929688,137.973876953125,422.25,75.97000122070312,315.7300109863281,121.49830627441406,330.92999267578125,978.5001220703125,53.470001220703125,92.12006378173828,99.41999816894531,229.98602294921875,284.3299865722656,237.27999877929688,26.876358032226562,916.4723510742188,206.62579345703125,114.5,348.845703125,141.2899932861328,464.69000244140625,90.0,451.5899963378906,157.8699951171875,149.80999755859375,3.559999942779541,156.52757263183594,196.80740356445312,90.95999908447266,197.80999755859375,858.469970703125,109.4000015258789,316.7279052734375,12.029999732971191,56.70000076293945,24.399999618530273,31.670000076293945,87.72000122070312,24.93000030517578,55.32817077636719,165.8300018310547,2.4222218990325928,11.63599967956543,205.99000549316406,692.302001953125,642.280029296875,204.55999755859375,300.9599914550781,228.66331481933594,95.2346420288086,569.3547973632812,1589.6107177734375,111.72000122070312,109.77874755859375,146.8000030517578,194.4199981689453,207.9499969482422,40.823001861572266,41.316001892089844,8.065999984741211,122.1500015258789,69.93000030517578,220.0500030517578,74.84100341796875
2026-03-19,215.565673828125,337.04998779296875,179.33999633789062,154.86000061035156,264.6499938964844,525.0,331.0,213.3000030517578,79.66999816894531,174.02000427246094,113.94000244140625,308.20001220703125,167.17657470703125,133.5570831298828,1509.59326171875,73.97312927246094,65.48999786376953,423.95001220703125,24.219999313354492,157.32977294921875,337.6617431640625,210.3000030517578,38.355098724365234,72.17771911621094,31.1402645111084,44.23390197753906,48.25218200683594,130.79539489746094,505.4632568359375,25.149999618530273,145.6999969482422,37.095001220703125,85.68000030517578,56.641700744628906,55.0043830871582,44.5,21.610000610351562,64.1956558227539,71.85700225830078,22.690000534057617,313.50341796875,45.41999816894531,593.2000122070312,250.4195556640625,36.9900016784668,21.899999618530273,161.04322814941406,14112.0,40.095001220703125,77.76548767089844,583.11083984375,1166.021728515625,23.857358932495117,36.720001220703125,258.11785888671875,246.34178161621094,40.505001068115234,695.0,135.68821716308594,417.6499938964844,75.55000305175781,309.5799865722656,120.61181640625,328.2099914550781,973.3676147460938,53.439998626708984,95.27159118652344,99.19999694824219,228.6126251220703,280.44000244140625,237.60000610351562,26.96489715576172,915.92333984375,204.5331573486328,114.19999694824219,347.29742431640625,141.11000061035156,470.2099914550781,89.30999755859375,458.04998779296875,158.8800048828125,148.19000244140625,3.569999933242798,157.09373474121094,199.61172485351562,92.41000366210938,199.64999389648438,877.3900146484375,106.5999984741211,315.97906494140625,11.989999771118164,54.689998626708984,24.709999084472656,31.8700008392334,85.6500015258789,24.1299991607666,53.50218963623047,163.25999450683594,2.4222218990325928,11.477999687194824,201.17999267578125,687.3414306640625,637.510009765625,200.72999572753906,291.6099853515625,227.77818298339844,94.95928955078125,565.9248046875,1534.6600341796875,109.8550033569336,108.16000366210938,144.27999877929688,188.8800048828125,204.35000610351562,40.15800094604492,40.48099899291992,7.914999961853027,120.09500122070312,69.05000305175781,213.89999389648438,66.36620330810547
2026-03-20,214.56675720214844,332.54998779296875,178.67999267578125,151.8800048828125,261.04998779296875,515.0,324.8999938964844,214.0500030517578,78.91000366210938,174.33999633789062,113.12000274658203,305.1000061035156,162.28591918945312,130.58914184570312,1496.7596435546875,73.57532501220703,64.25,417.25,23.729999542236328,151.25291442871094,332.30810546875,203.75,38.275325775146484,71.62934112548828,30.626909255981445,44.1092414855957,47.523353576660156,131.04078674316406,497.0643310546875,24.760000228881836,140.75,37.64500045776367,85.37999725341797,55.0922966003418,55.36840057373047,43.689998626708984,21.440000534057617,64.02147674560547,71.75835418701172,21.889999389648438,303.02362060546875,45.439998626708984,584.7999877929688,245.05343627929688,36.54999923706055,21.0,157.99948120117188,13896.0,39.56999969482422,76.15259552001953,562.2140502929688,1125.7108154296875,23.804794311523438,39.29999923706055,260.9110107421875,248.0317840576172,40.85499954223633,706.4000244140625,138.43101501464844,416.70001220703125,74.75,308.8500061035156,118.79328918457031,320.75,970.9212036132812,52.369998931884766,92.01070404052734,99.51000213623047,223.556884765625,275.5899963378906,235.3699951171875,26.532041549682617,905.1419067382812,203.38272094726562,114.18000030517578,345.1932678222656,137.2100067138672,474.3900146484375,89.2699966430664,454.0,156.9199981689453,146.02999877929688,3.490000009536743,158.5935516357422,199.89907836914062,89.5,192.82000732421875,851.0700073242188,101.55000305175781,281.55255126953125,11.4399995803833,53.970001220703125,24.329999923706055,30.829999923706055,83.1500015258789,23.59000015258789,51.97555160522461,156.6999969482422,2.4222218990325928,10.935999870300293,195.1199951171875,679.586181640625,627.4299926757812,198.16000366210938,286.7900085449219,220.28933715820312,94.2708969116211,558.09765625,1488.1251220703125,108.7249984741211,107.31500244140625,142.63999938964844,185.1999969482422,202.4499969482422,39.76300048828125,39.694000244140625,7.830999851226807,118.875,68.62000274658203,209.60000610351562,68.908203125
2026-03-23,216.51463317871094,330.45001220703125,182.1199951171875,151.3000030517578,260.5,519.7999877929688,326.6000061035156,213.6999969482422,80.33000183105469,175.4600067138672,110.54000091552734,313.45001220703125,162.8227081298828,131.10704040527344,1509.50341796875,72.84601593017578,64.44999694824219,422.45001220703125,23.200000762939453,151.292236328125,334.31573486328125,211.3000030517578,38.355098724365234,73.59593200683594,30.549423217773438,44.96266174316406,48.52315902709961,130.79539489746094,496.1098937988281,25.104999542236328,147.60000610351562,38.4900016784668,86.0999984741211,53.87630081176758,57.22678756713867,44.0,21.0,64.38919067382812,71.60051727294922,21.219999313354492,307.6703186035156,44.2599983215332,588.2000122070312,247.0408935546875,36.65999984741211,21.149999618530273,163.39967346191406,13742.0,38.79999923706055,75.20266723632812,538.5176391601562,1172.8067626953125,23.72594451904297,38.060001373291016,263.4049072265625,249.4235382080078,41.1150016784668,720.5,141.49179077148438,413.95001220703125,75.11000061035156,308.4700012207031,120.49005889892578,330.8999938964844,964.3306884765625,52.709999084472656,93.28324890136719,97.94999694824219,233.1309356689453,269.5400085449219,235.4199981689453,26.335290908813477,908.9852294921875,203.2438507080078,115.68000030517578,347.14849853515625,137.33999633789062,478.1199951171875,88.41000366210938,451.239990234375,156.83999633789062,148.08999633789062,3.390000104904175,160.04371643066406,203.34750366210938,90.2300033569336,189.9199981689453,882.6400146484375,105.56999969482422,289.3105163574219,11.699999809265137,56.2599983215332,22.600000381469727,30.6299991607666,85.83999633789062,24.760000228881836,54.81928634643555,167.55999755859375,2.4222218990325928,10.902000427246094,198.41000366210938,700.3666381835938,616.25,194.82000732421875,291.5400085449219,221.79107666015625,96.05088806152344,567.37060546875,1468.3231201171875,109.15499877929688,107.58499908447266,143.33999633789062,187.27999877929688,202.6999969482422,39.89799880981445,40.08399963378906,7.892000198364258,119.36000061035156,69.23999786376953,212.10000610351562,64.01300048828125
2026-03-24,218.91201782226562,322.20001220703125,179.3000030517578,151.02000427246094,253.5,513.7999877929688,330.5,206.5,79.79000091552734,174.9600067138672,110.58000183105469,325.70001220703125,166.52052307128906,127.42202758789062,1564.1934814453125,73.69845581054688,63.119998931884766,425.54998779296875,21.8700008392334,145.1563720703125,334.12451171875,209.1999969482422,37.632171630859375,73.59593200683594,31.421154022216797,46.842098236083984,48.270870208740234,129.7156524658203,495.7281799316406,24.989999771118164,151.5,38.314998626708984,86.66000366210938,54.111656188964844,56.97772216796875,44.16999816894531,20.959999084472656,64.5633773803711,72.66593933105469,21.34000015258789,308.46124267578125,43.20000076293945,583.2000122070312,245.84840393066406,36.709999084472656,20.899999618530273,161.57342529296875,13810.0,39.92499923706055,76.39997100830078,557.414794921875,1198.948974609375,23.917434692382812,37.86000061035156,262.157958984375,251.859130859375,41.650001525878906,722.5,142.4060516357422,415.8500061035156,74.66999816894531,307.8399963378906,121.8175277709961,330.9100036621094,972.4089965820312,53.4900016784668,91.44403076171875,96.38999938964844,233.31005859375,272.2799987792969,235.27000427246094,26.52220344543457,901.4682006835938,203.5116424560547,116.37000274658203,345.81854248046875,138.11000061035156,490.2900085449219,86.80999755859375,448.6199951171875,158.75,148.61000061035156,3.380000114440918,164.2650604248047,204.9131622314453,91.62000274658203,192.85000610351562,909.4099731445312,108.04000091552734,294.3926086425781,11.430000305175781,54.959999084472656,23.479999542236328,31.299999237060547,86.7699966430664,24.700000762939453,56.35590362548828,177.05999755859375,2.4123754501342773,11.210000038146973,196.4199981689453,715.2682495117188,610.1699829101562,194.0,290.6300048828125,220.3589630126953,96.8081283569336,581.3197631835938,1456.9368896484375,109.12000274658203,107.43499755859375,143.24000549316406,187.1199951171875,201.9499969482422,39.922000885009766,39.915000915527344,7.941999912261963,119.36000061035156,70.2300033569336,211.75,66.62149810791016
2026-03-25,219.71115112304688,321.04998779296875,183.4600067138672,154.9199981689453,252.10000610351562,518.0,337.1000061035156,206.1999969482422,79.72000122070312,188.66000366210938,113.5199966430664,319.54998779296875,169.88034057617188,126.12728881835938,1541.85205078125,75.6117172241211,63.27000045776367,413.0,21.09000015258789,144.44839477539062,338.2353210449219,211.8000030517578,38.02105712890625,74.57923126220703,31.30492401123047,47.96400833129883,48.850196838378906,130.20643615722656,500.30938720703125,25.795000076293945,158.39999389648438,39.65999984741211,87.68000030517578,55.83757781982422,57.95481491088867,44.5099983215332,21.59000015258789,65.31816101074219,73.94839477539062,21.469999313354492,316.5682373046875,45.400001525878906,601.2000122070312,252.30763244628906,36.779998779296875,21.549999237060547,165.42227172851562,13990.0,39.689998626708984,76.06353759765625,565.3135986328125,1208.9268798828125,23.861112594604492,40.79999923706055,263.35504150390625,253.94676208496094,42.10499954223633,728.5999755859375,142.86317443847656,413.25,75.25,311.70001220703125,122.82559204101562,332.510009765625,973.447509765625,52.97999954223633,92.15982818603516,95.94999694824219,235.05169677734375,270.54998779296875,239.92999267578125,26.83700942993164,914.7353515625,205.475341796875,119.37000274658203,351.27734375,138.25999450683594,490.7699890136719,88.7699966430664,454.9700012207031,161.77999877929688,150.75,3.5399999618530273,162.1593475341797,203.2880401611328,91.16000366210938,193.50999450683594,923.6900024414062,109.0199966430664,302.8494873046875,11.6899995803833,55.27000045776367,23.700000762939453,31.780000686645508,87.54000091552734,25.40999984741211,56.96456527709961,181.38999938964844,2.432068347930908,11.699999809265137,199.61000061035156,717.6736450195312,624.2000122070312,195.0,296.55999755859375,224.55587768554688,96.73928833007812,576.3043823242188,1471.7884521484375,110.18499755859375,108.15499877929688,144.67999267578125,190.13999938964844,203.64999389648438,40.27799987792969,40.71699905395508,8.02299976348877,120.52999877929688,70.5,215.25,69.66790008544922
2026-03-26,221.60910034179688,318.8500061035156,182.5800018310547,150.8000030517578,246.75,480.8999938964844,327.6499938964844,208.0500030517578,80.12000274658203,179.47999572753906,114.18000030517578,302.70001220703125,168.7471466064453,123.81668090820312,1449.2802734375,77.07034301757812,61.83000183105469,413.3500061035156,22.149999618530273,142.22610473632812,335.4629211425781,209.75,38.165645599365234,73.91739654541016,30.946544647216797,48.654415130615234,48.56987762451172,131.62974548339844,497.2552185058594,25.2549991607666,150.1999969482422,38.8849983215332,86.87999725341797,54.91577911376953,57.648277282714844,44.060001373291016,21.0,65.64717102050781,74.20488739013672,20.639999389648438,306.0884704589844,44.20000076293945,601.7999877929688,249.7239532470703,36.31999969482422,22.5,160.3755645751953,13830.0,40.15999984741211,78.26024627685547,583.0108032226562,1163.22802734375,23.969999313354492,44.15999984741211,262.5570068359375,251.5111846923828,41.76499938964844,713.5,140.9949188232422,411.6000061035156,74.69000244140625,308.92999267578125,121.94727325439453,328.42999267578125,978.2305908203125,52.06999969482422,90.6884536743164,94.75,234.9024200439453,268.04998779296875,239.24000549316406,27.122299194335938,895.4585571289062,209.38291931152344,118.93000030517578,350.51312255859375,136.8800048828125,488.8500061035156,87.45999908447266,453.739990234375,164.26499938964844,149.6999969482422,3.5399999618530273,164.31471252441406,205.90408325195312,91.16000366210938,185.8300018310547,873.1199951171875,104.66999816894531,294.7320861816406,10.989999771118164,51.810001373291016,24.200000762939453,31.420000076293945,85.79000091552734,24.559999465942383,55.70733642578125,174.5,2.4123754501342773,11.248000144958496,194.36000061035156,701.8538208007812,627.3300170898438,192.85000610351562,285.239990234375,223.93927001953125,95.88370513916016,579.4951171875,1421.7882080078125,109.0199966430664,107.08999633789062,142.9600067138672,187.0,200.6999969482422,39.840999603271484,39.69499969482422,7.9710001945495605,119.25,70.72000122070312,211.64999389648438,64.06900024414062
2026-03-27,218.51246643066406,312.54998779296875,174.3000030517578,146.33999633789062,240.14999389648438,458.20001220703125,316.3500061035156,204.0500030517578,81.18000030517578,174.5399932861328,111.83999633789062,295.1499938964844,165.88433837890625,121.16744995117188,1441.3702392578125,77.60075378417969,60.099998474121094,412.54998779296875,20.190000534057617,140.18081665039062,335.4629211425781,204.89999389648438,38.15068435668945,73.5392074584961,30.694711685180664,49.95851135253906,48.24283981323242,129.6175079345703,499.1640625,24.915000915527344,144.39999389648438,37.43000030517578,86.4800033569336,53.601722717285156,57.41836929321289,43.720001220703125,21.040000915527344,64.62142944335938,73.79055786132812,20.1299991607666,293.5325012207031,43.68000030517578,607.4000244140625,250.4195556640625,35.7599983215332,23.100000381469727,157.60675048828125,14302.0,40.150001525878906,77.66654205322266,584.0106811523438,1143.8707275390625,30.46500015258789,46.5,255.57411193847656,245.7453155517578,41.209999084472656,701.2000122070312,137.7154998779297,410.6499938964844,75.70999908447266,305.8999938964844,122.65592193603516,321.6499938964844,982.4344482421875,51.369998931884766,86.30415344238281,92.41999816894531,229.20974731445312,259.0199890136719,240.4499969482422,26.600906372070312,876.7307739257812,207.6770782470703,119.62999725341797,346.156005859375,134.25,473.3599853515625,85.68000030517578,433.07000732421875,156.35000610351562,148.17999267578125,3.3499999046325684,169.8372344970703,209.23358154296875,91.4000015258789,190.2899932861328,853.1599731445312,103.91999816894531,301.0223083496094,10.300000190734863,50.22999954223633,24.229999542236328,31.739999771118164,86.63999938964844,25.049999237060547,56.11643600463867,179.4499969482422,2.402529239654541,11.380000114440918,190.52000427246094,694.07861328125,615.8400268554688,189.7100067138672,282.80999755859375,221.90048217773438,93.22846984863281,564.987548828125,1365.847412109375,107.4749984741211,105.43000030517578,140.97999572753906,184.4600067138672,196.6199951171875,39.27299880981445,39.31800079345703,7.86299991607666,117.5250015258789,70.12999725341797,208.89999389648438,64.54949951171875
2026-03-30,215.31594848632812,317.6000061035156,177.52000427246094,146.27999877929688,239.89999389648438,467.54998779296875,317.45001220703125,210.85000610351562,82.2699966430664,175.36000061035156,111.9000015258789,285.6000061035156,163.10104370117188,122.16340637207031,1380.817626953125,77.59127807617188,61.279998779296875,417.5,20.15999984741211,144.56639099121094,341.58135986328125,205.39999389648438,38.95338439941406,73.80393981933594,31.246807098388672,50.82151794433594,48.25218200683594,131.18801879882812,510.42626953125,25.010000228881836,142.0,37.31999969482422,86.33999633789062,55.36687088012695,56.92024612426758,44.59000015258789,21.649999618530273,64.50531768798828,75.38868713378906,20.239999771118164,295.0155029296875,43.65999984741211,613.0,251.81077575683594,35.95000076293945,24.25,156.31069946289062,14702.0,40.915000915527344,80.16999816894531,601.907958984375,1109.546630859375,30.989999771118164,45.08000183105469,260.36236572265625,249.32412719726562,41.41999816894531,713.2999877929688,139.04713439941406,416.20001220703125,76.2699966430664,308.5299987792969,123.26475524902344,323.5,995.1360473632812,51.2400016784668,86.21467590332031,94.31999969482422,231.46890258789062,261.7900085449219,242.49000549316406,27.31905174255371,885.1063842773438,211.36647033691406,118.0999984741211,346.38427734375,136.33999633789062,480.04998779296875,85.25,443.1600036621094,160.5,150.36000061035156,3.4000000953674316,170.31399536132812,208.79759216308594,92.05000305175781,184.6999969482422,817.3499755859375,102.83999633789062,298.1467590332031,10.25,45.58000183105469,24.440000534057617,31.75,88.81999969482422,24.93000030517578,54.52992630004883,177.22000122070312,2.4222218990325928,11.387999534606934,189.2100067138672,666.1617431640625,598.5700073242188,187.14999389648438,273.25,222.25851440429688,93.3759765625,553.8800048828125,1395.550537109375,108.20500183105469,105.88500213623047,141.89999389648438,186.60000610351562,197.0800018310547,39.54199981689453,39.527000427246094,7.896999835968018,118.31999969482422,70.4800033569336,211.25,67.36190032958984
2026-03-31,215.2659912109375,317.45001220703125,178.94000244140625,148.10000610351562,244.5500030517578,484.5,316.20001220703125,210.4499969482422,82.56999969482422,173.10000610351562,110.33999633789062,287.1000061035156,164.73126220703125,123.57765197753906,1470.533203125,78.14063262939453,61.56999969482422,418.0,21.139999389648438,144.44839477539062,343.4933776855469,205.6999969482422,39.27246856689453,73.74720764160156,30.946544647216797,50.24618148803711,48.952980041503906,134.13275146484375,514.816650390625,25.114999771118164,142.25,38.0,86.4000015258789,56.56325149536133,57.092674255371094,44.31999969482422,21.559999465942383,64.15695190429688,75.5465316772461,20.549999237060547,306.4839172363281,45.540000915527344,620.7999877929688,256.8787841796875,36.29999923706055,24.149999618530273,157.86203002929688,14690.0,41.05500030517578,80.91000366210938,606.207275390625,1116.730712890625,31.040000915527344,46.060001373291016,259.0655517578125,249.97030639648438,41.494998931884766,714.5,138.98751831054688,413.29998779296875,76.05000305175781,310.7900085449219,124.04327392578125,328.8900146484375,994.9862060546875,52.81999969482422,89.06794738769531,96.37999725341797,235.15122985839844,270.5899963378906,244.44000244140625,27.6240177154541,918.189453125,215.7005157470703,120.29000091552734,349.21295166015625,139.3699951171875,491.5299987792969,88.87999725341797,446.5400085449219,169.02000427246094,152.75,3.5399999618530273,168.51620483398438,205.02215576171875,92.87999725341797,197.25999450683594,872.9000244140625,108.61000061035156,278.8168029785156,10.84000015258789,49.59000015258789,24.729999542236328,32.63999938964844,93.29000091552734,26.670000076293945,58.65085220336914,179.52999877929688,2.471453905105591,11.42199993133545,199.02999877929688,707.1138305664062,604.3900146484375,192.89999389648438,283.7699890136719,224.79457092285156,96.74911499023438,563.2999877929688,1430.2041015625,108.05500030517578,105.77999877929688,141.82000732421875,187.67999267578125,196.9600067138672,39.52399826049805,39.28799819946289,7.894999980926514,118.22000122070312,70.04000091552734,212.5,69.2041015625
2026-04-01,218.81214904785156,320.25,183.0,152.33999633789062,255.5,502.8999938964844,328.8500061035156,209.0,82.06999969482422,183.02000427246094,111.81999969482422,307.54998779296875,168.72727966308594,125.70899200439453,1517.902587890625,78.46266174316406,62.54999923706055,412.45001220703125,20.420000076293945,146.3756866455078,351.52386474609375,215.35000610351562,40.00537109375,74.71159362792969,30.84000015258789,48.84619140625,49.41083526611328,134.37815856933594,515.7711181640625,26.364999771118164,152.1999969482422,40.150001525878906,88.5,57.5831184387207,60.10057830810547,43.95000076293945,22.299999237060547,63.98276901245117,75.07300567626953,21.239999771118164,318.5455627441406,44.880001068115234,645.7999877929688,266.1204528808594,36.38999938964844,24.600000381469727,164.85279846191406,15022.0,39.525001525878906,77.55999755859375,575.9119262695312,1184.9798583984375,31.31999969482422,48.41999816894531,257.36968994140625,255.040283203125,42.54499816894531,747.7000122070312,143.1016845703125,413.70001220703125,76.08000183105469,307.2900085449219,124.50239562988281,329.55999755859375,995.1160278320312,44.630001068115234,89.90306091308594,96.55999755859375,234.8526611328125,273.9800109863281,244.1199951171875,28.086383819580078,952.8796997070312,213.21116638183594,120.83999633789062,350.6322021484375,140.3000030517578,494.5400085449219,89.41999816894531,447.260009765625,171.77999877929688,155.0800018310547,3.700000047683716,159.69607543945312,195.61830139160156,92.8499984741211,199.4199981689453,894.780029296875,111.12999725341797,279.0264587402344,10.260000228881836,48.06999969482422,23.520000457763672,33.08000183105469,94.80999755859375,28.049999237060547,61.06553649902344,178.47000122070312,2.451761245727539,12.23799991607666,207.32000732421875,728.9322509765625,617.6400146484375,194.72000122070312,292.67999267578125,226.9527130126953,96.28691101074219,570.7000122070312,1565.8482666015625,110.3550033569336,107.62999725341797,144.89999389648438,192.77999877929688,201.9499969482422,40.32899856567383,40.64099884033203,8.102999687194824,120.66000366210938,70.80000305175781,218.3000030517578,71.28399658203125
2026-04-02,220.46034240722656,321.20001220703125,182.25999450683594,152.94000244140625,256.1000061035156,496.04998779296875,317.1000061035156,209.4499969482422,84.41000366210938,185.6199951171875,109.33999633789062,304.1499938964844,167.35549926757812,125.66915130615234,1514.906494140625,78.1690444946289,62.0099983215332,416.8999938964844,21.270000457763672,146.41500854492188,351.71502685546875,213.35000610351562,39.58158493041992,74.91960144042969,30.770000457763672,48.84619140625,49.251983642578125,132.4149932861328,520.1614379882812,25.674999237060547,149.6999969482422,38.959999084472656,87.30000305175781,57.857696533203125,60.10057830810547,43.58000183105469,22.40999984741211,62.68608093261719,74.52056884765625,21.0,312.71246337890625,45.58000183105469,647.2000122070312,262.8411560058594,35.9900016784668,25.200000762939453,162.083984375,15316.0,40.60499954223633,79.41999816894531,591.109619140625,1158.4384765625,31.55500030517578,47.79999923706055,259.31494140625,253.39999389648438,42.595001220703125,746.5999755859375,142.58493041992188,414.04998779296875,76.72000122070312,307.1400146484375,125.55039978027344,321.6300048828125,1013.4894409179688,44.189998626708984,89.8434066772461,96.61000061035156,229.9263153076172,277.260009765625,243.0399932861328,27.86012077331543,933.9722290039062,207.12168884277344,120.87000274658203,345.3322448730469,139.7100067138672,491.4599914550781,91.18000030517578,438.7099914550781,168.5050048828125,154.02999877929688,3.7899999618530273,159.60667419433594,197.1641387939453,93.1500015258789,195.32000732421875,898.5700073242188,112.56999969482422,272.39678955078125,10.149999618530273,48.130001068115234,24.200000762939453,33.58000183105469,94.44999694824219,28.100000381469727,61.245140075683594,178.08999633789062,2.432068347930908,11.6899995803833,208.22000122070312,715.8571166992188,622.7899780273438,196.2100067138672,281.1600036621094,228.1958770751953,96.55243682861328,575.7100219726562,1554.9571533203125,110.37999725341797,107.83999633789062,144.74000549316406,191.3800048828125,202.14999389648438,40.332000732421875,40.09299850463867,8.086000442504883,120.73999786376953,71.04000091552734,216.64999389648438,67.5895004272461
2026-04-06,220.46034240722656,321.20001220703125,182.25999450683594,152.94000244140625,256.1000061035156,496.04998779296875,317.1000061035156,209.4499969482422,84.41000366210938,185.6199951171875,109.33999633789062,304.1499938964844,167.35549926757812,125.66915130615234,1538.096923828125,78.1690444946289,62.0099983215332,416.8999938964844,21.420000076293945,146.41500854492188,351.71502685546875,213.35000610351562,39.58158493041992,74.91960144042969,30.770000457763672,48.84619140625,49.251983642578125,132.4149932861328,520.1614379882812,25.674999237060547,149.6999969482422,38.959999084472656,87.30000305175781,57.857696533203125,60.10057830810547,43.58000183105469,22.40999984741211,62.68608093261719,74.52056884765625,21.0,312.71246337890625,45.58000183105469,647.2000122070312,262.8411560058594,35.9900016784668,25.200000762939453,162.083984375,15316.0,40.60499954223633,79.41999816894531,591.109619140625,1158.4384765625,31.55500030517578,47.79999923706055,259.31494140625,253.39999389648438,42.595001220703125,746.5999755859375,142.58493041992188,414.04998779296875,77.22000122070312,309.760009765625,126.54849243164062,326.6499938964844,1017.0741577148438,44.029998779296875,94.22770690917969,96.27999877929688,234.07638549804688,281.3599853515625,240.97000122070312,27.378076553344727,925.4668579101562,204.9893798828125,120.8499984741211,340.00250244140625,140.1300048828125,488.19000244140625,91.27999877929688,434.29998779296875,169.74000549316406,152.83999633789062,3.8499999046325684,162.2686004638672,197.0551300048828,92.7300033569336,195.57000732421875,897.3599853515625,110.4800033569336,274.733154296875,10.170000076293945,48.7599983215332,24.200000762939453,33.41999816894531,94.01000213623047,28.360000610351562,60.915863037109375,173.02999877929688,2.432068347930908,11.6899995803833,212.3000030517578,719.8695068359375,637.9000244140625,198.41000366210938,288.69000244140625,226.96266174316406,95.54934692382812,575.0900268554688,1554.9571533203125,110.37999725341797,107.83999633789062,144.74000549316406,191.3800048828125,202.14999389648438,40.332000732421875,40.09299850463867,8.086000442504883,120.73999786376953,71.04000091552734,216.64999389648438,67.5895004272461
2026-04-07,213.81756591796875,318.45001220703125,181.8800048828125,151.25999450683594,259.8500061035156,490.20001220703125,292.8500061035156,207.75,85.4000015258789,188.33999633789062,106.36000061035156,301.79998779296875,169.3236846923828,121.70526123046875,1546.8756103515625,76.2463150024414,61.97999954223633,417.0,21.190000534057617,142.7964324951172,351.04583740234375,210.0,39.157798767089844,73.97412109375,30.809999465942383,49.79549789428711,48.56987762451172,128.43960571289062,521.4976196289062,25.6299991607666,147.74000549316406,38.26499938964844,85.66000366210938,57.54389190673828,59.12348937988281,43.20000076293945,21.93000030517578,62.182891845703125,72.60675048828125,20.5,309.44989013671875,45.060001373291016,648.5999755859375,261.748046875,35.939998626708984,25.0,159.62936401367188,14958.0,40.81999969482422,79.26000213623047,597.4086303710938,1111.3426513671875,31.34000015258789,45.86000061035156,260.7115173339844,255.25,43.255001068115234,743.2000122070312,143.74761962890625,413.20001220703125,75.91000366210938,304.8500061035156,122.25668334960938,318.7699890136719,1011.741943359375,42.689998626708984,94.65520477294922,95.77999877929688,230.5035400390625,307.7300109863281,238.41000366210938,26.659931182861328,929.489990234375,204.67201232910156,119.27999877929688,337.4517517089844,138.8000030517578,489.5,89.62000274658203,431.8599853515625,168.74000549316406,151.22000122070312,3.7899999618530273,162.8049774169922,199.71080017089844,93.66999816894531,192.30999755859375,910.75,110.2300033569336,272.1571350097656,9.15999984741211,46.59000015258789,23.959999084472656,32.81999969482422,94.66000366210938,28.799999237060547,60.62649917602539,173.52999877929688,2.432068347930908,11.09000015258789,210.0,723.0634155273438,627.7000122070312,197.9199981689453,288.6000061035156,222.61654663085938,95.95254516601562,576.0,1515.8480224609375,109.7249984741211,107.33499908447266,143.9199981689453,189.5800018310547,200.9499969482422,40.125999450683594,39.97200012207031,8.067000389099121,119.99500274658203,71.2699966430664,214.5,68.64920043945312
2026-04-08,220.31051635742188,323.54998779296875,188.97999572753906,155.10000610351562,271.29998779296875,506.8999938964844,296.1499938964844,207.9499969482422,84.94999694824219,197.44000244140625,108.5,329.20001220703125,176.9777374267578,123.0,1670.208251953125,76.57781982421875,62.93000030517578,422.5,20.149999618530273,147.20166015625,361.46630859375,231.5,40.364341735839844,77.92621612548828,31.479999542236328,50.063987731933594,50.82176971435547,135.0161895751953,526.6514892578125,27.5,165.3800048828125,42.790000915527344,90.66000366210938,57.24970245361328,63.089324951171875,44.75,23.270000457763672,64.79561614990234,74.99408721923828,21.860000610351562,329.8162536621094,45.560001373291016,670.5999755859375,266.1204528808594,37.880001068115234,25.549999237060547,172.236328125,15216.0,39.099998474121094,76.80999755859375,562.614013671875,1209.9246826171875,32.25,48.720001220703125,263.85382080078125,261.75,44.08000183105469,767.4000244140625,148.5673828125,412.3999938964844,77.29000091552734,307.010009765625,127.0176010131836,336.1600036621094,1028.7772216796875,43.130001068115234,96.64354705810547,99.18000030517578,242.4959716796875,305.9800109863281,241.3000030517578,27.023921966552734,951.6618041992188,209.84906005859375,123.18000030517578,347.188232421875,141.5399932861328,503.4599914550781,92.08000183105469,443.9200134277344,173.19000244140625,154.4199981689453,3.759999990463257,155.16680908203125,191.13931274414062,94.16999816894531,200.77999877929688,936.0700073242188,115.9000015258789,283.8290100097656,9.859999656677246,50.209999084472656,22.479999542236328,34.2599983215332,98.44999694824219,30.290000915527344,64.95696258544922,177.44000244140625,2.471453905105591,11.9399995803833,217.8000030517578,770.1138916015625,628.5,203.47999572753906,308.05999755859375,231.1993865966797,98.78479766845703,609.3200073242188,1562.3829345703125,112.48999786376953,109.61499786376953,148.0800018310547,199.24000549316406,206.89999389648438,41.08100128173828,42.12900161743164,8.295999526977539,123.0999984741211,72.1500015258789,225.64999389648438,73.12349700927734
2026-04-09,220.26055908203125,315.70001220703125,196.77999877929688,156.4199981689453,269.95001220703125,539.0,293.0,195.9600067138672,86.11000061035156,201.1999969482422,109.08000183105469,337.6499938964844,182.3455352783203,119.08000183105469,1725.0582275390625,76.1989517211914,60.290000915527344,413.0,19.079999923706055,137.17189025878906,361.6575012207031,226.75,40.33443069458008,77.88839721679688,31.270000457763672,51.377681732177734,49.756561279296875,134.476318359375,529.7056884765625,27.610000610351562,164.55999755859375,42.38999938964844,89.18000030517578,57.77924346923828,62.13139343261719,44.5,23.100000381469727,64.96979522705078,74.67840576171875,22.280000686645508,326.85028076171875,45.63999938964844,676.5999755859375,270.0953674316406,37.34000015258789,24.049999237060547,167.75909423828125,15276.0,39.58000183105469,78.87000274658203,580.4112548828125,1232.0758056640625,31.829999923706055,47.7599983215332,260.2626037597656,264.04998779296875,44.69499969482422,772.0,150.00833129882812,414.75,78.18000030517578,309.54998779296875,128.884033203125,339.5799865722656,1030.53466796875,44.0,96.35523986816406,99.79000091552734,246.6261444091797,306.9100036621094,241.30999755859375,26.777982711791992,953.5485229492188,210.6523895263672,122.68000030517578,352.9348449707031,142.08999633789062,500.4599914550781,91.9800033569336,446.7799987792969,178.89999389648438,155.05999755859375,3.700000047683716,153.99476623535156,188.6322784423828,94.4800033569336,197.25,968.02001953125,115.54000091552734,279.81524658203125,9.300000190734863,47.75,22.889999389648438,33.97999954223633,97.12999725341797,30.81999969482422,66.30399322509766,172.35000610351562,2.5108397006988525,11.710000038146973,220.05999755859375,785.5744018554688,623.8699951171875,203.19000244140625,313.0199890136719,234.76976013183594,99.955078125,618.0,1534.8580322265625,112.68499755859375,110.04499816894531,148.16000366210938,197.05999755859375,207.3000030517578,41.15800094604492,42.03200149536133,8.288999557495117,123.2699966430664,72.33999633789062,223.10000610351562,70.52400207519531
2026-04-10,222.60801696777344,316.70001220703125,203.60000610351562,161.17999267578125,271.6499938964844,536.7000122070312,294.6499938964844,192.25999450683594,86.87000274658203,211.0500030517578,109.9800033569336,344.54998779296875,182.22625732421875,118.22000122070312,1735.0655517578125,75.94322204589844,60.560001373291016,403.5,18.15999984741211,137.05389404296875,360.7015075683594,229.4499969482422,40.00537109375,79.26879119873047,30.989999771118164,52.45164489746094,50.34523010253906,135.26158142089844,524.3609008789062,27.709999084472656,167.22000122070312,42.82500076293945,89.04000091552734,57.89692306518555,62.41877365112305,44.70000076293945,23.1299991607666,64.54401397705078,74.28380584716797,21.979999542236328,323.9831848144531,45.959999084472656,682.0,273.2752990722656,37.77000045776367,24.549999237060547,166.34521484375,15230.0,39.26499938964844,78.61000061035156,574.01220703125,1267.197998046875,32.11000061035156,47.040000915527344,259.4146728515625,263.75,44.75,769.7999877929688,149.61082458496094,410.20001220703125,77.47000122070312,305.67999267578125,126.52852630615234,337.3399963378906,997.0232543945312,42.619998931884766,96.03710174560547,99.16999816894531,243.0532989501953,304.3299865722656,238.4600067138672,26.48285484313965,937.8555297851562,206.22909545898438,121.41999816894531,348.3891296386719,138.99000549316406,496.1099853515625,95.5,436.2699890136719,178.11000061035156,154.0500030517578,3.640000104904175,151.4818115234375,186.83871459960938,94.08000183105469,203.47000122070312,991.3200073242188,116.04000091552734,286.0555725097656,9.210000038146973,50.25,21.559999465942383,34.65999984741211,98.26000213623047,31.149999618530273,67.65103912353516,173.63999938964844,2.432068347930908,11.890000343322754,217.6300048828125,789.1575927734375,613.719970703125,201.55999755859375,308.3500061035156,233.7553253173828,100.01407623291016,605.0,1449.313232421875,112.94999694824219,110.33499908447266,148.55999755859375,196.83999633789062,208.64999389648438,41.249000549316406,42.303001403808594,8.27299976348877,123.55000305175781,72.19000244140625,222.75,71.92310333251953
2026-04-13,219.81105041503906,324.8500061035156,204.10000610351562,161.0800018310547,272.54998779296875,535.2000122070312,299.6499938964844,200.64999389648438,87.91000366210938,208.9499969482422,109.4800033569336,335.5,180.9737548828125,128.44000244140625,1766.525390625,75.3559799194336,61.099998474121094,424.0,19.18000030517578,140.121826171875,362.2311096191406,228.6999969482422,40.673458099365234,79.30661010742188,29.110000610351562,52.4036979675293,50.64423751831055,133.49473571777344,528.1785888671875,27.485000610351562,165.89999389648438,42.93000030517578,87.81999969482422,57.42621612548828,60.96271514892578,44.4900016784668,23.09000015258789,63.75052261352539,73.79055786132812,22.110000610351562,321.1160583496094,45.5,677.0,272.2815856933594,37.790000915527344,25.049999237060547,167.28781127929688,14988.0,39.8849983215332,79.66000366210938,579.1114501953125,1257.0206298828125,31.8799991607666,45.18000030517578,260.4621276855469,264.0,44.875,748.2000122070312,150.4058380126953,408.95001220703125,76.41000366210938,304.510009765625,124.33271789550781,341.1600036621094,979.4287719726562,42.90999984741211,96.91197967529297,101.18000030517578,245.89964294433594,313.0,237.9600067138672,26.896034240722656,927.9525756835938,204.7711944580078,120.1500015258789,347.1981506347656,139.02999877929688,514.22998046875,96.69999694824219,440.04998779296875,178.3300018310547,154.47000122070312,3.7899999618530273,151.61094665527344,190.03939819335938,92.30000305175781,200.35000610351562,991.1199951171875,116.69999694824219,291.2674560546875,9.579999923706055,53.939998626708984,21.690000534057617,34.369998931884766,99.19999694824219,32.119998931884766,67.88052368164062,185.42999267578125,2.4419145584106445,11.630000114440918,222.13999938964844,790.2255249023438,619.6900024414062,201.41000366210938,311.8999938964844,232.36297607421875,100.32877349853516,603.0399780273438,1480.6004638671875,112.94499969482422,110.3550033569336,148.47999572753906,196.27999877929688,208.89999389648438,41.249000549316406,42.250999450683594,8.27299976348877,123.53500366210938,72.20999908447266,222.14999389648438,70.79850006103516
2026-04-14,218.51246643066406,332.75,210.10000610351562,163.94000244140625,280.8500061035156,561.9000244140625,308.20001220703125,203.35000610351562,89.4800033569336,213.3000030517578,111.80000305175781,332.95001220703125,182.96182250976562,138.02000427246094,1793.6207275390625,76.75778198242188,61.5,432.0,18.420000076293945,141.06581115722656,367.10675048828125,237.25,40.49397277832031,78.00186157226562,28.739999771118164,51.52151107788086,51.232906341552734,135.35972595214844,535.2413330078125,28.53499984741211,170.9600067138672,44.45500183105469,90.55999755859375,57.740020751953125,62.20802688598633,44.849998474121094,23.25,63.44086456298828,74.8559799194336,22.170000076293945,331.5958251953125,45.08000183105469,705.0,268.9029235839844,38.290000915527344,25.450000762939453,169.70315551757812,14918.0,38.814998626708984,77.38999938964844,565.0135498046875,1281.36669921875,33.165000915527344,49.29999923706055,262.7565002441406,265.04998779296875,45.314998626708984,767.5999755859375,155.47401428222656,405.6000061035156,75.9000015258789,303.2200012207031,124.81181335449219,342.7099914550781,973.3875732421875,44.20000076293945,97.89620971679688,102.58999633789062,247.25314331054688,314.19000244140625,240.10000610351562,26.669769287109375,920.9147338867188,208.52999877929688,119.95999908447266,348.3197021484375,140.4499969482422,527.219970703125,98.41000366210938,444.2799987792969,184.17999267578125,153.3800048828125,3.8499999046325684,148.23387145996094,185.32260131835938,91.30999755859375,200.61000061035156,987.5,116.05999755859375,296.1498718261719,10.25,58.58000183105469,21.100000381469727,34.84000015258789,98.87000274658203,30.020000457763672,68.1199951171875,189.86000061035156,2.4706897735595703,12.039999961853027,223.77000427246094,792.7407836914062,611.5800170898438,202.80999755859375,318.0,231.96517944335938,101.5088882446289,596.0399780273438,1471.887451171875,114.19999694824219,111.62000274658203,150.27999877929688,198.8800048828125,211.75,41.702999114990234,43.04199981689453,8.381999969482422,124.91999816894531,72.69999694824219,225.10000610351562,73.7114028930664
2026-04-15,223.10748291015625,345.20001220703125,209.9499969482422,169.1199951171875,282.1000061035156,570.5,330.04998779296875,207.8000030517578,89.7699966430664,217.25,113.41999816894531,326.95001220703125,180.51651000976562,145.10000610351562,1745.8817138671875,76.843017578125,65.01000213623047,451.0,20.34000015258789,144.09439086914062,369.1143798828125,237.39999389648438,40.623600006103516,77.75603485107422,28.549999237060547,50.72563171386719,50.887176513671875,137.42105102539062,537.341064453125,28.290000915527344,169.32000732421875,44.71500015258789,90.55999755859375,57.93614959716797,61.25009536743164,44.029998779296875,23.399999618530273,63.11185836791992,75.44788360595703,22.56999969482422,330.804931640625,46.02000045776367,710.0,264.0336608886719,38.34000015258789,25.549999237060547,168.4856719970703,14766.0,38.470001220703125,76.68000030517578,562.0140380859375,1227.2862548828125,33.724998474121094,52.5,264.9012451171875,259.6499938964844,45.9900016784668,767.4000244140625,161.4862823486328,402.8500061035156,75.30999755859375,306.260009765625,124.5223617553711,338.9100036621094,983.3231811523438,45.439998626708984,97.76696014404297,103.04000091552734,242.82440185546875,314.04998779296875,238.6699981689453,26.748470306396484,903.4747924804688,208.4199981689453,117.9000015258789,345.6101379394531,139.77000427246094,531.6699829101562,99.47000122070312,441.70001220703125,184.17999267578125,152.0800018310547,4.0,148.0054168701172,183.23175048828125,91.23999786376953,195.1999969482422,985.9199829101562,119.11000061035156,294.2727966308594,11.710000038146973,63.349998474121094,20.559999465942383,35.380001068115234,98.55999755859375,29.719999313354492,68.69999694824219,185.3800048828125,2.4508450031280518,12.609999656677246,223.92999267578125,768.7064819335938,611.0999755859375,198.38999938964844,313.92999267578125,230.92091369628906,101.85308074951172,576.6400146484375,1500.204345703125,114.63500213623047,112.31999969482422,150.77999877929688,199.17999267578125,214.39999389648438,41.86899948120117,43.12099838256836,8.357000350952148,125.36000061035156,72.37000274658203,225.39999389648438,74.80580139160156
2026-04-16,222.90768432617188,354.95001220703125,210.5,169.25999450683594,286.45001220703125,572.9000244140625,330.29998779296875,210.35000610351562,92.04000091552734,234.75,114.44000244140625,332.8500061035156,188.76698303222656,150.24000549316406,1732.6385498046875,76.55887603759766,65.69999694824219,456.5,20.31999969482422,149.1289520263672,368.92315673828125,239.60000610351562,40.5737419128418,76.5836410522461,29.110000610351562,51.214664459228516,49.849998474121094,139.2369842529297,534.668701171875,28.05500030517578,166.94000244140625,46.005001068115234,89.44000244140625,56.975120544433594,61.537471771240234,44.189998626708984,23.239999771118164,62.957027435302734,75.34922790527344,23.25,325.4661560058594,46.13999938964844,710.5999755859375,257.0775451660156,38.349998474121094,26.149999618530273,168.56419372558594,14862.0,38.880001068115234,77.12000274658203,583.9107055664062,1219.902587890625,34.42499923706055,50.75,267.4450378417969,260.8500061035156,45.69499969482422,766.5999755859375,158.35594177246094,402.04998779296875,75.18000030517578,306.9599914550781,124.58224487304688,337.1499938964844,985.7796020507812,45.70000076293945,97.78684997558594,103.9000015258789,241.26190185546875,316.3999938964844,234.5399932861328,26.777982711791992,902.4365234375,208.99000549316406,115.45999908447266,346.7713928222656,138.5500030517578,516.0,102.12000274658203,435.6499938964844,184.19000244140625,149.72999572753906,4.090000152587891,150.9553985595703,186.4423370361328,91.83000183105469,191.64999389648438,978.3200073242188,120.2699966430664,298.67596435546875,11.40999984741211,64.20999908447266,20.899999618530273,34.68000030517578,99.70999908447266,29.510000228881836,68.27999877929688,215.6199951171875,2.4607672691345215,12.899999618530273,218.8800048828125,771.1917724609375,607.489990234375,195.85000610351562,298.2900085449219,228.1262664794922,103.3183822631836,584.1900024414062,1482.382568359375,115.31999969482422,113.26000213623047,151.6999969482422,199.72000122070312,217.5500030517578,42.13399887084961,43.47700119018555,8.39900016784668,126.12999725341797,72.76000213623047,226.0,75.86209869384766
2026-04-17,230.29965209960938,364.3500061035156,215.4499969482422,170.24000549316406,287.3500061035156,580.4000244140625,345.6000061035156,210.4499969482422,82.51000213623047,235.3000030517578,115.4800033569336,333.25,193.37930297851562,151.24000549316406,1789.1563720703125,77.76176452636719,65.87000274658203,453.5,18.920000076293945,153.6325225830078,372.8428039550781,247.64999389648438,40.98257064819336,79.62808227539062,29.59000015258789,50.60097122192383,52.65999984741211,143.70315551757812,539.0590209960938,28.90999984741211,172.05999755859375,48.900001525878906,92.69999694824219,54.817718505859375,64.83275604248047,44.619998931884766,24.020000457763672,64.67948913574219,77.4800796508789,23.549999237060547,342.1744689941406,45.560001373291016,717.7999877929688,262.2449035644531,38.90999984741211,26.600000381469727,176.18338012695312,15118.0,36.720001220703125,73.06999969482422,540.9172973632812,1241.25537109375,34.810001373291016,47.97999954223633,267.794189453125,264.75,45.81999969482422,782.5999755859375,159.94593811035156,404.6499938964844,75.73999786376953,311.3599853515625,127.25714111328125,349.3999938964844,998.4412231445312,46.029998779296875,99.41728973388672,106.29000091552734,250.51747131347656,324.6300048828125,234.17999267578125,27.11246109008789,925.4369506835938,208.3800048828125,119.06999969482422,352.6370544433594,137.63999938964844,526.5999755859375,102.91999816894531,441.20001220703125,188.99000549316406,151.97000122070312,4.03000020980835,145.45274353027344,182.32009887695312,91.9800033569336,190.44000244140625,1002.75,120.66000366210938,295.75048828125,12.649999618530273,66.80999755859375,19.665000915527344,34.59000015258789,100.1500015258789,28.950000762939453,70.20999908447266,197.75,2.4607672691345215,12.949999809265137,223.3800048828125,793.1400146484375,592.1900024414062,196.4199981689453,304.1300048828125,232.2734832763672,104.67550659179688,590.4600219726562,1480.40234375,116.69999694824219,114.56999969482422,153.66000366210938,204.4499969482422,217.5500030517578,42.611000061035156,44.36000061035156,8.559000015258789,127.6050033569336,73.94999694824219,231.35000610351562,75.51419830322266
2026-04-20,230.7991180419922,353.79998779296875,209.0500030517578,168.83999633789062,287.20001220703125,571.2000122070312,332.8999938964844,210.14999389648438,79.77999877929688,233.64999389648438,117.16000366210938,335.20001220703125,196.16259765625,148.44000244140625,1803.0186767578125,77.67652893066406,64.44999694824219,455.0,19.010000228881836,147.6933135986328,372.173583984375,242.5500030517578,41.24182891845703,78.94733428955078,29.56999969482422,50.72563171386719,52.0099983215332,142.1817169189453,541.3496704101562,28.280000686645508,168.83999633789062,47.994998931884766,90.4800033569336,56.24945068359375,63.87482452392578,43.779998779296875,23.81999969482422,64.1375961303711,76.33573150634766,23.329999923706055,327.3446044921875,44.880001068115234,707.5999755859375,257.3756408691406,38.290000915527344,26.25,173.12001037597656,14952.0,37.60499954223633,74.41000366210938,556.8148803710938,1242.253173828125,34.599998474121094,47.439998626708984,265.6993103027344,267.6499938964844,45.54499816894531,790.4000244140625,160.0950164794922,401.79998779296875,75.4800033569336,306.94000244140625,127.67633819580078,350.989990234375,996.3942260742188,46.47999954223633,98.37340545654297,106.30000305175781,252.0799560546875,323.4800109863281,230.69000244140625,27.07311248779297,918.3192138671875,203.7100067138672,117.0999984741211,347.5356140136719,135.8699951171875,526.02001953125,105.19000244140625,439.17999267578125,188.69000244140625,150.99000549316406,4.900000095367432,146.6843719482422,181.58680725097656,92.01000213623047,192.49000549316406,990.1799926757812,123.62000274658203,287.1139221191406,12.789999961853027,68.12999725341797,20.219999313354492,34.650001525878906,99.83000183105469,28.389999389648438,70.18000030517578,194.8300018310547,2.4607672691345215,12.65999984741211,225.0800018310547,798.4000244140625,581.280029296875,195.7899932861328,303.6000061035156,228.4842987060547,105.33439636230469,594.52001953125,1461.1944580078125,116.19999694824219,114.19499969482422,152.8800048828125,202.0,218.8000030517578,42.46900177001953,43.86000061035156,8.53499984741211,127.11000061035156,74.37999725341797,228.60000610351562,75.49870300292969
2026-04-21,227.90225219726562,361.6000061035156,214.75,171.27999877929688,286.8500061035156,572.2999877929688,332.1000061035156,212.64999389648438,79.37999725341797,239.0500030517578,116.0999984741211,335.6499938964844,196.65960693359375,155.3800048828125,1783.0941162109375,76.843017578125,65.88999938964844,455.5,18.719999313354492,148.63729858398438,377.4316101074219,241.60000610351562,39.85580062866211,78.92842864990234,28.790000915527344,51.291378021240234,51.150001525878906,142.37803649902344,542.1131591796875,28.059999465942383,166.94000244140625,47.73500061035156,89.9800033569336,57.132022857666016,63.12763977050781,43.27000045776367,23.510000228881836,62.99573516845703,73.69190216064453,23.1299991607666,308.36236572265625,44.97999954223633,686.4000244140625,245.55029296875,38.060001373291016,26.700000762939453,170.44000244140625,14560.0,37.69499969482422,75.02999877929688,563.3139038085938,1234.2708740234375,33.29499816894531,48.439998626708984,264.2528381347656,268.6000061035156,45.94499969482422,792.7999877929688,160.54220581054688,401.29998779296875,74.69999694824219,301.8399963378906,129.3531494140625,343.9200134277344,1004.3526611328125,46.38999938964844,97.23011779785156,104.29000091552734,249.99000549316406,346.010009765625,226.16000366210938,26.866519927978516,901.4682006835938,205.1199951171875,112.55999755859375,342.2752990722656,133.2899932861328,524.5700073242188,111.5999984741211,436.5899963378906,182.97000122070312,147.97000122070312,4.869999885559082,147.35980224609375,184.2920379638672,90.5999984741211,186.61000061035156,991.2999877929688,116.61000061035156,277.26922607421875,11.670000076293945,62.61000061035156,20.440000534057617,32.369998931884766,97.72000122070312,26.969999313354492,67.56999969482422,198.4199981689453,2.4607672691345215,12.510000228881836,219.16000366210938,800.4500122070312,571.9500122070312,187.1699981689453,286.7300109863281,221.00540161132812,104.54766082763672,587.2999877929688,1416.8377685546875,116.04499816894531,114.37999725341797,152.55999755859375,200.5500030517578,219.85000610351562,42.40599822998047,43.737998962402344,8.515000343322754,126.96499633789062,74.55000305175781,226.9499969482422,75.21269989013672
2026-04-22,232.1975860595703,368.45001220703125,215.75,171.89999389648438,288.0,576.2000122070312,333.04998779296875,217.0,79.36000061035156,253.60000610351562,116.08000183105469,340.25,199.35345458984375,159.86000061035156,1809.750244140625,76.52098846435547,64.68000030517578,445.5,19.170000076293945,147.31967163085938,372.6515808105469,241.64999389648438,40.125030517578125,77.41565704345703,27.420000076293945,51.31055450439453,50.5,138.9425048828125,533.3324584960938,27.834999084472656,178.4199981689453,49.38999938964844,88.73999786376953,58.9952392578125,62.05475616455078,42.380001068115234,23.649999618530273,63.57633972167969,73.06053924560547,22.639999389648438,296.69622802734375,45.099998474121094,678.4000244140625,241.57537841796875,36.869998931884766,26.149999618530273,165.77999877929688,14536.0,38.0099983215332,76.0199966430664,572.3125,1247.0426025390625,33.33000183105469,48.15999984741211,263.155517578125,266.95001220703125,45.505001068115234,799.4000244140625,162.5297393798828,398.8999938964844,74.62999725341797,300.07000732421875,129.73240661621094,339.5,1002.2457275390625,45.68000030517578,98.9400863647461,104.81999969482422,245.19000244140625,353.5199890136719,226.10000610351562,26.364803314208984,919.8964233398438,200.5,112.88999938964844,343.327392578125,132.89999389648438,513.97998046875,108.5999984741211,437.6700134277344,186.4199981689453,147.32000732421875,4.710000038146973,148.4921112060547,184.6289520263672,90.0,188.7100067138672,1127.56005859375,126.47000122070312,286.71453857421875,13.569999694824219,72.41000366210938,21.139999389648438,33.25,100.27999877929688,27.649999618530273,70.36000061035156,194.22000122070312,2.490534782409668,12.630000114440918,231.27999877929688,808.8699951171875,555.4299926757812,180.91000366210938,276.2900085449219,218.7677001953125,103.55440521240234,579.989990234375,1408.718994140625,116.56500244140625,115.15499877929688,153.3800048828125,200.0,222.64999389648438,42.606998443603516,44.25400161743164,8.520999908447266,127.52999877929688,74.69999694824219,226.39999389648438,74.31739807128906
2026-04-23,233.9456787109375,360.45001220703125,219.85000610351562,172.8800048828125,290.79998779296875,571.0999755859375,322.75,202.9499969482422,79.7300033569336,264.45001220703125,115.13999938964844,349.75,238.61778259277344,154.05999755859375,1813.115966796875,77.21240997314453,64.44999694824219,434.0,17.31999969482422,138.35186767578125,372.93841552734375,243.39999389648438,39.925601959228516,76.6592788696289,27.530000686645508,52.01055145263672,50.58000183105469,135.55606079101562,532.1871337890625,27.225000381469727,182.8000030517578,53.349998474121094,88.36000061035156,59.42671585083008,63.529972076416016,40.709999084472656,23.239999771118164,62.744136810302734,73.0999984741211,22.040000915527344,299.5633239746094,45.65999984741211,685.4000244140625,244.75531005859375,35.970001220703125,25.0,168.1199951171875,14492.0,38.0,76.5999984741211,570.2127685546875,1221.0999755859375,32.97999954223633,50.099998474121094,261.5594482421875,268.3500061035156,45.525001525878906,804.4000244140625,162.48004150390625,400.8999938964844,76.27999877929688,302.5299987792969,131.77850341796875,340.1600036621094,1012.9102172851562,44.779998779296875,98.95997619628906,103.6500015258789,246.5399932861328,354.55999755859375,230.64999389648438,26.236913681030273,916.0730590820312,200.9499969482422,114.62000274658203,346.00714111328125,133.63999938964844,466.70001220703125,105.55999755859375,435.1000061035156,182.72000122070312,147.47999572753906,4.769999980926514,149.51516723632812,185.8973388671875,96.25,196.19000244140625,1149.530029296875,123.8499984741211,292.3158264160156,12.720000267028809,76.45999908447266,20.959999084472656,33.900001525878906,98.8499984741211,27.270000457763672,61.47999954223633,193.13999938964844,2.440922498703003,13.170000076293945,234.14999389648438,835.239990234375,529.7899780273438,179.3000030517578,282.3399963378906,213.16847229003906,105.93428802490234,591.9500122070312,1393.0753173828125,116.95999908447266,115.6500015258789,153.77999877929688,199.63999938964844,224.10000610351562,42.75,44.055999755859375,8.522000312805176,127.96499633789062,74.68000030517578,226.0500030517578,70.96600341796875
2026-04-24,230.89898681640625,359.1499938964844,223.4499969482422,179.24000549316406,290.70001220703125,574.7999877929688,321.04998779296875,205.10000610351562,78.69000244140625,297.1499938964844,124.9000015258789,355.6499938964844,234.1943359375,147.1199951171875,1932.533447265625,75.85797119140625,63.13999938964844,434.0,17.469999313354492,144.82205200195312,370.9307861328125,243.10000610351562,38.38999938964844,75.01414489746094,27.610000610351562,52.08726119995117,49.775001525878906,133.74012756347656,526.6514892578125,27.059999465942383,187.6199951171875,54.150001525878906,86.68000030517578,58.77949523925781,62.878578186035156,40.25,22.959999084472656,62.58931350708008,72.13999938964844,21.940000534057617,288.4903564453125,44.939998626708984,666.2000122070312,237.50108337402344,35.43000030517578,24.450000762939453,165.9600067138672,13956.0,38.130001068115234,77.0,571.7125854492188,1249.5999755859375,34.619998931884766,51.5,261.2601623535156,264.29998779296875,44.61000061035156,786.5999755859375,159.44906616210938,400.20001220703125,76.62999725341797,299.3599853515625,129.6725311279297,335.8900146484375,1009.6849365234375,44.689998626708984,98.09503936767578,102.5999984741211,244.4499969482422,354.9200134277344,227.5,26.561555862426758,882.4409790039062,198.7100067138672,111.9000015258789,341.9676208496094,130.39999389648438,469.7099914550781,105.45999908447266,430.2900085449219,185.9600067138672,145.47000122070312,4.630000114440918,147.90609741210938,183.52902221679688,95.27999877929688,193.75999450683594,1149.18994140625,122.1500015258789,313.04364013671875,11.960000038146973,71.0,20.8700008392334,34.189998626708984,99.61000061035156,27.309999465942383,61.04999923706055,188.3300018310547,2.4508450031280518,12.3100004196167,232.44000244140625,830.7899780273438,513.4500122070312,174.25999450683594,284.6000061035156,212.00486755371094,105.24588775634766,562.6400146484375,1306.1441650390625,116.7249984741211,115.6449966430664,153.60000610351562,199.47999572753906,225.85000610351562,42.64899826049805,44.375999450683594,8.468999862670898,127.69000244140625,74.41000366210938,225.8000030517578,71.23210144042969
2026-04-27,227.502685546875,360.04998779296875,222.8000030517578,179.17999267578125,298.8999938964844,575.0,312.54998779296875,206.0,78.91000366210938,283.5,126.91999816894531,343.75,229.47267150878906,146.0800018310547,1897.5780029296875,74.74980163574219,64.94999694824219,434.5,17.309999465942383,146.47401428222656,371.12200927734375,251.85000610351562,38.380001068115234,74.97633361816406,26.8700008392334,52.04890441894531,49.525001525878906,135.26158142089844,516.15283203125,27.114999771118164,177.4199981689453,53.599998474121094,87.13999938964844,59.56401062011719,62.073917388916016,40.31999969482422,23.100000381469727,61.970001220703125,72.30000305175781,21.84000015258789,286.2164306640625,47.52000045776367,677.2000122070312,236.40797424316406,35.56999969482422,24.5,165.55999755859375,13972.0,37.584999084472656,76.80999755859375,572.3125,1212.5999755859375,35.25,50.25,263.5046691894531,264.5,44.76499938964844,792.5999755859375,159.7471923828125,404.79998779296875,75.44000244140625,290.2099914550781,127.34696197509766,332.29998779296875,996.56396484375,45.13999938964844,97.31958770751953,102.3499984741211,242.5500030517578,354.69000244140625,225.33999633789062,26.35496711730957,866.7779541015625,197.3800048828125,110.2300033569336,337.6304016113281,127.75,468.0400085449219,102.05999755859375,426.010009765625,187.39999389648438,144.19000244140625,4.340000152587891,147.19094848632812,183.10292053222656,94.83000183105469,197.47999572753906,1120.22998046875,123.11000061035156,314.68109130859375,12.649999618530273,75.93000030517578,21.15999984741211,33.81999969482422,99.94999694824219,27.530000686645508,60.56999969482422,199.52999877929688,2.480612277984619,12.789999961853027,231.3300018310547,828.7899780273438,513.3499755859375,173.3800048828125,284.55999755859375,210.8909912109375,106.44566345214844,567.6900024414062,1332.48095703125,116.62999725341797,115.53500366210938,153.5,199.1199951171875,225.5,42.630001068115234,44.3849983215332,8.484000205993652,127.53500366210938,74.55000305175781,225.39999389648438,72.2686996459961
2026-04-28,230.54937744140625,363.8999938964844,221.85000610351562,178.5399932861328,299.20001220703125,570.9000244140625,320.1000061035156,208.35000610351562,77.41000366210938,272.1000061035156,125.68000030517578,324.0,225.8444366455078,141.22000122070312,1806.6640625,74.87293243408203,64.05000305175781,368.5,17.18000030517578,146.39535522460938,374.6592102050781,251.14999389648438,36.619998931884766,75.0330581665039,26.760000228881836,52.202327728271484,49.029998779296875,135.26158142089844,519.3978881835938,27.295000076293945,172.97999572753906,52.79999923706055,86.62000274658203,60.34851837158203,61.59495544433594,40.790000915527344,23.030000686645508,62.7400016784668,72.22000122070312,21.18000030517578,283.64593505859375,47.41999816894531,665.5999755859375,226.27195739746094,35.2599983215332,24.799999237060547,166.0399932861328,13900.0,37.95500183105469,78.2699966430664,578.7114868164062,1171.800048828125,35.529998779296875,51.900001525878906,267.1956481933594,267.6499938964844,45.16999816894531,793.2000122070312,160.69126892089844,408.75,78.3499984741211,292.3900146484375,127.34696197509766,329.05999755859375,992.5597534179688,45.029998779296875,96.71314239501953,101.47000122070312,240.32000732421875,366.7699890136719,227.7899932861328,26.049999237060547,872.498046875,197.69000244140625,110.02999877929688,337.02496337890625,129.25999450683594,470.2200012207031,102.05999755859375,430.1400146484375,185.0,145.5,4.329999923706055,149.5449676513672,186.6504364013672,96.51000213623047,195.86000061035156,1088.9300537109375,116.30999755859375,305.2357482910156,11.819999694824219,69.08999633789062,21.600000381469727,33.22999954223633,98.48999786376953,26.399999618530273,58.209999084472656,186.89999389648438,2.440922498703003,12.319999694824219,230.72000122070312,817.8699951171875,512.2899780273438,175.67999267578125,289.20001220703125,211.76617431640625,102.21694946289062,563.8599853515625,1329.9066162109375,116.25,115.21499633789062,152.8800048828125,198.4199981689453,223.3000030517578,42.486000061035156,43.819000244140625,8.434000015258789,127.09500122070312,74.54000091552734,224.64999389648438,69.67420196533203
2026-04-29,229.90008544921875,363.3500061035156,226.0,180.8000030517578,301.5,574.0999755859375,319.95001220703125,206.4499969482422,78.95999908447266,280.29998779296875,131.52000427246094,326.8999938964844,229.5720672607422,140.05999755859375,1813.894775390625,74.09626770019531,63.2599983215332,383.5,16.860000610351562,143.44541931152344,367.9671630859375,246.75,36.45000076293945,73.3311996459961,27.31999969482422,51.8283576965332,48.755001068115234,146.54974365234375,502.5999755859375,26.795000076293945,175.25999450683594,55.70000076293945,85.4800033569336,59.4659423828125,60.82860565185547,41.400001525878906,22.709999084472656,62.099998474121094,70.16000366210938,21.15999984741211,280.1856384277344,46.47999954223633,656.0,224.78135681152344,33.95000076293945,24.700000762939453,174.55999755859375,13692.0,37.83000183105469,78.2300033569336,575.8119506835938,1192.5999755859375,34.005001068115234,52.95000076293945,286.89739990234375,263.8999938964844,44.8650016784668,776.4000244140625,159.3000030517578,406.95001220703125,78.87000274658203,290.0799865722656,127.76616668701172,322.80999755859375,997.2229614257812,44.38999938964844,104.88524627685547,101.30000305175781,233.5,370.739990234375,227.35000610351562,25.833572387695312,849.7472534179688,203.88999938964844,110.94999694824219,335.486572265625,128.83999633789062,466.260009765625,101.56999969482422,423.239990234375,183.9499969482422,142.94000244140625,4.119999885559082,153.62725830078125,190.47540283203125,94.16999816894531,190.61000061035156,1063.1099853515625,114.29000091552734,296.5392761230469,11.319999694824219,64.9800033569336,22.0,32.08000183105469,96.48999786376953,25.950000762939453,56.93000030517578,190.8800048828125,2.4607672691345215,11.619999885559082,224.11000061035156,810.0499877929688,509.80999755859375,172.7899932861328,283.57000732421875,209.1505584716797,104.84268951416016,560.02001953125,1324.7581787109375,116.33999633789062,115.56999969482422,153.1199951171875,197.9199981689453,225.85000610351562,42.52399826049805,44.0359992980957,8.401000022888184,127.15499877929688,74.33999633789062,224.0500030517578,69.27400207519531
2026-04-30,231.3485107421875,343.3999938964844,219.75,171.25999450683594,320.75,517.5999755859375,322.3999938964844,206.5500030517578,79.3499984741211,298.04998779296875,157.27999877929688,333.6000061035156,235.2877655029297,138.3800048828125,1748.1187744140625,75.60224151611328,63.150001525878906,377.0,17.700000762939453,143.07176208496094,371.88677978515625,252.5500030517578,38.04999923706055,73.67156982421875,27.56999969482422,52.4900016784668,49.584999084472656,144.6847381591797,510.79998779296875,26.5,180.5800018310547,57.130001068115234,86.22000122070312,60.779998779296875,61.47999954223633,41.25,22.90999984741211,62.099998474121094,70.58000183105469,21.030000686645508,287.9960021972656,48.52000045776367,668.0,229.75,34.880001068115234,24.75,174.83999633789062,13948.0,38.5099983215332,79.29000091552734,583.7107543945312,1222.4000244140625,36.209999084472656,54.45000076293945,279.7149658203125,266.75,45.525001525878906,785.5999755859375,161.10000610351562,405.3999938964844,78.76000213623047,293.5899963378906,131.67869567871094,328.79998779296875,1013.06005859375,44.36000061035156,104.71623992919922,103.75,238.7899932861328,370.4800109863281,229.85000610351562,26.266427993774414,932.993896484375,211.32000732421875,109.18000030517578,343.6549072265625,130.83999633789062,478.9599914550781,103.44999694824219,427.3800048828125,207.75,147.85000610351562,4.159999847412109,153.28955078125,191.55551147460938,97.87999725341797,201.88999938964844,1083.4599609375,123.04000091552734,312.51446533203125,12.460000038146973,72.5,22.530000686645508,33.11000061035156,100.4800033569336,25.850000381469727,57.779998779296875,196.6999969482422,2.490534782409668,12.359999656677246,229.02999877929688,890.1099853515625,517.969970703125,176.07000732421875,289.92999267578125,213.1585235595703,106.99638366699219,589.8699951171875,1342.382080078125,117.03500366210938,115.80999755859375,153.9600067138672,200.60000610351562,226.10000610351562,42.77000045776367,44.29800033569336,8.48799991607666,127.94999694824219,74.9800033569336,227.14999389648438,70.01609802246094
2026-05-01,231.3485107421875,343.3999938964844,219.75,171.25999450683594,320.75,517.5999755859375,322.3999938964844,206.5500030517578,79.3499984741211,298.04998779296875,157.27999877929688,333.6000061035156,235.2877655029297,138.3800048828125,1724.0595703125,75.60224151611328,63.150001525878906,377.0,18.739999771118164,143.07176208496094,371.88677978515625,252.5500030517578,38.04999923706055,73.67156982421875,27.56999969482422,52.4900016784668,49.584999084472656,144.6847381591797,510.79998779296875,26.5,180.5800018310547,57.130001068115234,86.22000122070312,60.779998779296875,61.47999954223633,41.25,22.90999984741211,62.099998474121094,70.58000183105469,21.030000686645508,287.9960021972656,48.52000045776367,668.0,229.75,34.880001068115234,24.75,174.83999633789062,13512.0,38.5099983215332,79.29000091552734,571.8125610351562,1222.4000244140625,36.209999084472656,54.45000076293945,279.7149658203125,266.75,45.525001525878906,785.5999755859375,161.10000610351562,405.3999938964844,78.58000183105469,286.6400146484375,131.34933471679688,323.8800048828125,1011.7000122070312,44.400001525878906,105.28291320800781,103.08000183105469,233.3300018310547,368.7799987792969,227.19000244140625,25.902435302734375,961.674560546875,206.60000610351562,112.16000366210938,327.3480529785156,131.64999389648438,469.2099914550781,97.54000091552734,423.9200134277344,206.52999877929688,146.57000732421875,4.139999866485596,151.72019958496094,188.89984130859375,96.94999694824219,211.7100067138672,1062.949951171875,120.5999984741211,307.3324890136719,12.140000343322754,70.4000015258789,22.530000686645508,33.349998474121094,100.58000183105469,25.209999084472656,56.54999923706055,193.8800048828125,2.480612277984619,12.359999656677246,227.3800048828125,889.6699829101562,512.77001953125,173.99000549316406,286.510009765625,211.33853149414062,105.78677368164062,577.260009765625,1342.382080078125,117.03500366210938,115.80999755859375,153.9600067138672,200.60000610351562,226.10000610351562,42.77000045776367,44.29800033569336,8.48799991607666,127.94999694824219,74.9800033569336,227.14999389648438,70.01609802246094
2026-05-04,236.492919921875,354.29998779296875,232.5500030517578,167.27999877929688,325.95001220703125,519.0,330.79998779296875,216.9499969482422,78.44000244140625,291.1000061035156,145.5399932861328,333.25,236.5800018310547,154.67999267578125,1711.135986328125,73.8499984741211,63.650001525878906,376.0,19.959999084472656,145.5890350341797,360.7015075683594,249.5500030517578,37.400001525878906,71.87516021728516,27.010000228881836,52.849998474121094,47.92499923706055,138.6480255126953,508.3999938964844,25.950000762939453,176.8000030517578,56.810001373291016,83.80000305175781,59.79999923706055,61.20000076293945,40.810001373291016,22.329999923706055,61.5,70.37999725341797,20.920000076293945,279.19696044921875,48.619998931884766,684.4000244140625,228.5,34.869998931884766,25.799999237060547,175.9600067138672,13512.0,38.474998474121094,78.6500015258789,571.8125610351562,1187.4000244140625,37.665000915527344,54.0,279.91448974609375,262.79998779296875,44.54499816894531,771.4000244140625,160.5,408.5,78.19000244140625,284.1000061035156,130.08175659179688,312.4200134277344,1012.7899780273438,43.09000015258789,104.35833740234375,101.30999755859375,223.72000122070312,370.75,224.1999969482422,25.872920989990234,966.2666625976562,208.16000366210938,113.11000061035156,321.42279052734375,132.69000244140625,462.6000061035156,99.3499984741211,429.8500061035156,223.6999969482422,144.6199951171875,4.199999809265137,152.65386962890625,190.53485107421875,95.51000213623047,211.38999938964844,1073.949951171875,118.26000213623047,320.55194091796875,12.180000305175781,68.5999984741211,22.850000381469727,32.7400016784668,98.62999725341797,24.459999084472656,55.56999969482422,190.69000244140625,2.4706897735595703,12.760000228881836,221.3000030517578,874.780029296875,518.1500244140625,172.89999389648438,280.5199890136719,208.44442749023438,94.71343231201172,578.3900146484375,1374.4613037109375,117.4000015258789,116.62999725341797,154.55999755859375,198.1199951171875,229.5,42.887001037597656,44.9370002746582,8.517000198364258,128.375,74.77999877929688,224.25,70.01609802246094
2026-05-05,239.04014587402344,351.04998779296875,235.6999969482422,168.4199981689453,332.29998779296875,516.2000122070312,336.45001220703125,217.60000610351562,75.26000213623047,301.1499938964844,158.13999938964844,350.0,238.89999389648438,155.6999969482422,1730.6910400390625,74.16000366210938,63.63999938964844,363.0,19.420000076293945,147.3000030517578,366.0551452636719,260.5,37.900001525878906,73.0097427368164,27.34000015258789,53.45000076293945,48.189998626708984,140.02223205566406,508.79998779296875,26.235000610351562,182.55999755859375,60.5,84.36000061035156,60.2599983215332,62.34000015258789,39.439998626708984,22.290000915527344,61.900001525878906,71.0,20.799999237060547,282.6572570800781,50.0,678.5999755859375,231.0,35.20000076293945,25.5,177.8000030517578,13330.0,38.3849983215332,79.30000305175781,572.512451171875,1229.0,38.20500183105469,60.70000076293945,273.4802551269531,264.70001220703125,45.45000076293945,785.7999877929688,162.14999389648438,398.25,78.4800033569336,285.1700134277344,130.54086303710938,315.4200134277344,1016.4199829101562,43.060001373291016,104.32850646972656,100.4800033569336,225.22999572753906,363.8699951171875,225.5500030517578,26.02048683166504,987.170654296875,206.11000061035156,113.1500015258789,327.1197509765625,133.47999572753906,466.760009765625,95.5,424.3599853515625,223.05999755859375,145.5,4.0,153.83584594726562,190.89158630371094,96.27999877929688,219.3800048828125,1095.2099609375,114.45999908447266,319.9229431152344,11.869999885559082,68.37999725341797,22.799999237060547,33.68000030517578,100.5,25.81999969482422,57.68000030517578,194.82000732421875,2.440922498703003,12.4399995803833,224.3800048828125,904.5900268554688,508.92999267578125,172.8699951171875,286.67999267578125,207.91732788085938,96.44425964355469,575.7899780273438,1421.1942138671875,118.23999786376953,117.44499969482422,155.97999572753906,201.64999389648438,232.6999969482422,43.209999084472656,45.84199905395508,8.593999862670898,129.4499969482422,75.2300033569336,228.25,69.90470123291016
2026-05-06,242.28662109375,352.04998779296875,232.14999389648438,176.13999938964844,336.79998779296875,522.0999755859375,334.45001220703125,214.0,74.69000244140625,354.54998779296875,164.17999267578125,364.1000061035156,246.14999389648438,160.66000366210938,1813.974853515625,74.79000091552734,67.29000091552734,354.0,19.290000915527344,149.32000732421875,375.2328186035156,268.29998779296875,38.5099983215332,76.96183776855469,27.81999969482422,52.52000045776367,50.18000030517578,145.51907348632812,523.5999755859375,27.25,185.83999633789062,59.22999954223633,88.05999755859375,59.41999816894531,67.91999816894531,39.88999938964844,22.969999313354492,63.31999969482422,72.30000305175781,20.440000534057617,311.3283386230469,48.0,688.4000244140625,236.0,35.61000061035156,25.649999618530273,188.5399932861328,13566.0,37.150001525878906,76.75,551.2156982421875,1305.0,39.34000015258789,57.900001525878906,270.3878173828125,268.70001220703125,45.80500030517578,799.5999755859375,164.9499969482422,399.79998779296875,79.2300033569336,284.1000061035156,129.8322296142578,323.04998779296875,995.75,43.880001068115234,105.81977081298828,108.05999755859375,233.3699951171875,367.2799987792969,224.6199951171875,26.09918785095215,985.353759765625,205.02999877929688,113.55999755859375,328.62835693359375,136.3000030517578,472.95001220703125,95.26000213623047,427.6499938964844,222.6300048828125,148.36000061035156,4.170000076293945,147.6875762939453,183.47947692871094,95.38999938964844,218.0,1118.9599609375,123.76000213623047,322.2792663574219,13.520000457763672,79.62000274658203,21.90999984741211,34.4900016784668,105.51000213623047,27.06999969482422,60.88999938964844,192.61000061035156,2.440922498703003,13.069999694824219,229.92999267578125,926.9299926757812,514.260009765625,176.74000549316406,305.8299865722656,215.67469787597656,98.23408508300781,591.6400146484375,1427.332763671875,119.56999969482422,118.42500305175781,158.05999755859375,205.75,235.4499969482422,43.676998138427734,46.79600143432617,8.711999893188477,130.81500244140625,75.6500015258789,232.9499969482422,73.8833999633789
2026-05-07,246.6818389892578,361.54998779296875,232.39999389648438,180.5,336.79998779296875,527.9000244140625,347.95001220703125,219.6999969482422,75.37000274658203,349.70001220703125,180.8000030517578,354.04998779296875,241.0,167.66000366210938,1761.0023193359375,73.9000015258789,65.11000061035156,366.5,20.559999465942383,151.3800048828125,371.6000061035156,266.20001220703125,37.43000030517578,77.86949157714844,27.700000762939453,50.90999984741211,50.31999969482422,149.1999969482422,511.6000061035156,27.200000762939453,180.67999267578125,59.5,88.08000183105469,58.459999084472656,69.72000122070312,40.7400016784668,22.65999984741211,66.05999755859375,72.77999877929688,20.280000686645508,313.79998779296875,47.97999954223633,671.2000122070312,232.8000030517578,33.93000030517578,25.399999618530273,183.5399932861328,13309.7900390625,36.09000015258789,75.2699966430664,537.4178466796875,1300.0,39.459999084472656,60.0,272.5325927734375,264.20001220703125,45.404998779296875,794.4000244140625,162.75,404.04998779296875,78.43000030517578,283.70001220703125,129.95199584960938,322.6400146484375,1012.0599975585938,44.40999984741211,103.65247344970703,108.66000366210938,230.8800048828125,369.739990234375,222.50999450683594,26.049999237060547,973.2846069335938,202.7100067138672,112.30000305175781,326.6235046386719,134.05999755859375,474.4599914550781,93.0199966430664,425.0,220.22000122070312,145.38999938964844,4.010000228881836,145.591796875,180.84361267089844,93.31999969482422,214.57000732421875,1045.6300048828125,118.70999908447266,310.797119140625,12.579999923706055,71.83000183105469,21.739999771118164,34.540000915527344,103.11000061035156,27.100000381469727,60.61000061035156,198.35000610351562,2.440922498703003,13.579999923706055,231.02999877929688,895.6900024414062,512.4099731445312,176.77999877929688,302.6300048828125,214.88902282714844,98.44060516357422,580.5399780273438,1328.322509765625,119.59500122070312,118.81500244140625,157.97999572753906,203.64999389648438,237.64999389648438,43.6870002746582,46.76499938964844,8.689000129699707,130.85000610351562,75.01000213623047,230.5500030517578,76.47689819335938
2026-05-08,248.37998962402344,353.3999938964844,231.5,184.32000732421875,338.3999938964844,516.5999755859375,364.8999938964844,213.0,74.41000366210938,372.04998779296875,191.4199981689453,368.0,246.10000610351562,167.74000549316406,1866.8072509765625,73.12999725341797,64.47000122070312,360.0,20.65999984741211,146.1999969482422,369.1000061035156,264.95001220703125,36.97999954223633,77.35893249511719,27.399999618530273,51.650001525878906,50.130001068115234,146.85000610351562,502.0,27.165000915527344,178.13999938964844,61.65999984741211,87.62000274658203,58.7400016784668,70.68000030517578,40.959999084472656,22.239999771118164,64.58000183105469,72.0999984741211,19.864999771118164,305.0,46.7400016784668,670.7999877929688,234.10000610351562,33.63999938964844,26.149999618530273,179.77999877929688,13360.0,35.88999938964844,75.80000305175781,535.51806640625,1319.4000244140625,38.68000030517578,63.349998474121094,270.6871032714844,256.95001220703125,43.880001068115234,794.5999755859375,163.5500030517578,405.04998779296875,78.41999816894531,275.75,130.42999267578125,317.45001220703125,1008.7899780273438,44.13999938964844,104.31856536865234,108.0199966430664,229.1999969482422,379.9800109863281,221.32000732421875,25.68000030517578,946.8201293945312,201.5500030517578,111.37999725341797,329.2139587402344,131.3300018310547,465.0,94.125,429.82000732421875,217.3800048828125,146.02999877929688,4.03000020980835,143.59535217285156,179.9716033935547,93.0999984741211,219.9499969482422,1040.1500244140625,116.75,303.15899658203125,12.550000190734863,72.51000213623047,22.0,34.029998779296875,105.37999725341797,28.479999542236328,61.650001525878906,203.52000427246094,2.4508450031280518,12.920000076293945,237.36000061035156,897.4500122070312,506.510009765625,176.08999633789062,297.1499938964844,211.95513916015625,99.10932922363281,574.8400268554688,1206.341796875,119.54499816894531,119.03500366210938,158.13999938964844,200.85000610351562,240.1999969482422,43.6879997253418,47.0359992980957,8.6850004196167,130.75999450683594,74.91999816894531,227.39999389648438,76.76210021972656
2026-05-11,249.0500030517578,348.70001220703125,231.14999389648438,187.9600067138672,334.5,511.5,371.3500061035156,209.85000610351562,73.41000366210938,390.75,204.75,377.1000061035156,248.60000610351562,163.24000549316406,1842.837890625,73.23999786376953,64.95999908447266,362.5,20.049999237060547,144.4600067138672,371.70001220703125,268.6499938964844,37.08000183105469,76.48909759521484,27.600000381469727,53.459999084472656,50.2599983215332,141.6999969482422,499.29998779296875,27.100000381469727,178.5,61.790000915527344,88.0,59.560001373291016,69.19999694824219,39.880001068115234,22.469999313354492,63.099998474121094,70.13999938964844,20.209999084472656,295.5,47.2599983215332,691.2000122070312,235.8000030517578,33.56999969482422,26.149999618530273,175.6999969482422,13502.0,36.22999954223633,76.91000366210938,538.9176025390625,1305.5999755859375,39.86000061035156,63.0,273.58001708984375,254.3000030517578,42.96500015258789,800.5999755859375,162.8000030517578,406.8500061035156,78.66000366210938,274.6000061035156,127.58999633789062,311.3999938964844,999.469970703125,42.38999938964844,105.12384033203125,104.72000122070312,226.05999755859375,384.44000244140625,221.42999267578125,25.809999465942383,965.3282470703125,202.77999877929688,111.27999877929688,327.1197509765625,133.52000427246094,452.6000061035156,93.33999633789062,435.1700134277344,216.47000122070312,145.22999572753906,4.039999961853027,148.6708984375,183.06329345703125,94.83999633789062,233.27000427246094,1073.0799560546875,120.13999938964844,299.22509765625,13.289999961853027,78.12999725341797,22.280000686645508,34.43000030517578,107.9000015258789,28.969999313354492,64.37000274658203,209.99000549316406,2.4508450031280518,13.850000381469727,238.2100067138672,926.7899780273438,512.25,178.61000061035156,300.7699890136719,217.9123992919922,98.3422622680664,588.739990234375,1173.8663330078125,119.93000030517578,119.41999816894531,158.6199951171875,200.85000610351562,241.89999389648438,43.81100082397461,47.21200180053711,8.717000007629395,131.2050018310547,74.55999755859375,227.5,76.53240203857422
2026-05-12,250.35000610351562,347.6499938964844,225.60000610351562,184.4600067138672,330.1499938964844,511.5,364.70001220703125,207.3000030517578,75.61000061035156,374.29998779296875,178.52000427246094,357.8999938964844,246.25,157.0800018310547,1809.041015625,73.19999694824219,65.0,369.5,19.329999923706055,142.39999389648438,368.20001220703125,264.6000061035156,38.439998626708984,75.65707397460938,27.6200008392334,53.20000076293945,50.220001220703125,142.0,468.8999938964844,26.7549991607666,169.47999572753906,58.13999938964844,86.73999786376953,58.220001220703125,68.83999633789062,39.52000045776367,22.209999084472656,63.2599983215332,70.83999633789062,19.084999084472656,290.0,46.15999984741211,698.2000122070312,241.3000030517578,33.900001525878906,25.600000381469727,172.72000122070312,13748.0,36.40999984741211,78.30000305175781,546.5164184570312,1265.800048828125,39.654998779296875,60.29999923706055,278.8500061035156,256.0,42.904998779296875,793.2000122070312,160.85000610351562,413.75,80.02999877929688,274.8399963378906,130.35000610351562,310.4599914550781,1021.8800048828125,42.349998474121094,105.95895385742188,106.16000366210938,224.52000427246094,396.3900146484375,224.25999450683594,25.8700008392334,988.1689453125,207.86000061035156,112.37000274658203,333.7695617675781,134.94000244140625,459.29998779296875,93.66000366210938,448.2900085449219,224.02999877929688,148.16000366210938,4.150000095367432,149.614501953125,184.26229858398438,94.58999633789062,228.05999755859375,1071.97998046875,116.93000030517578,293.1445617675781,12.0,73.62999725341797,22.459999084472656,34.29999923706055,109.5,31.889999389648438,66.02999877929688,205.52000427246094,2.430999994277954,12.800000190734863,236.8699951171875,912.1400146484375,521.0,178.88999938964844,297.45001220703125,217.3455047607422,96.8081283569336,589.1900024414062,1150.5,119.15499877929688,118.75499725341797,156.9600067138672,197.60000610351562,238.8000030517578,43.54600143432617,45.51599884033203,8.586000442504883,130.4149932861328,73.69999694824219,223.8000030517578,79.61609649658203
2026-05-13,254.35000610351562,345.20001220703125,228.25,193.24000549316406,339.54998779296875,518.0,385.95001220703125,199.75999450683594,74.29000091552734,379.79998779296875,182.39999389648438,365.3999938964844,261.3500061035156,161.6199951171875,1847.3521728515625,72.80000305175781,63.75,369.5,18.940000534057617,136.25999450683594,372.29998779296875,266.79998779296875,37.970001220703125,76.29999542236328,27.959999084472656,54.0,50.7599983215332,144.0,462.1000061035156,27.15999984741211,177.24000549316406,64.36000061035156,86.5199966430664,56.959999084472656,68.86000061035156,38.33000183105469,22.110000610351562,63.540000915527344,69.87999725341797,19.34000015258789,287.6000061035156,45.70000076293945,687.2000122070312,239.10000610351562,33.93000030517578,24.5,173.1999969482422,13766.0,36.314998626708984,77.80999755859375,544.0167846679688,1327.0,40.04999923706055,55.849998474121094,273.54998779296875,257.75,43.15999984741211,814.7999877929688,164.89999389648438,412.5,80.26000213623047,275.70001220703125,131.47000122070312,302.54998779296875,1033.0799560546875,42.34000015258789,105.3326187133789,104.9000015258789,220.4499969482422,401.1600036621094,230.4199981689453,25.959999084472656,1014.0044555664062,208.5,113.44999694824219,333.9283752441406,133.0500030517578,446.0299987792969,92.2300033569336,453.05999755859375,235.32000732421875,149.75,4.239999771118164,150.5481719970703,184.31185913085938,94.8499984741211,234.60000610351562,1062.5699462890625,115.38999938964844,274.4635925292969,11.960000038146973,69.66000366210938,22.5,34.470001220703125,112.04000091552734,30.979999542236328,67.16000366210938,200.94000244140625,2.4508450031280518,13.449999809265137,240.60000610351562,902.2999877929688,519.9400024414062,178.11000061035156,294.7099914550781,216.76869201660156,96.81795501708984,580.6500244140625,1121.5999755859375,120.42500305175781,120.08000183105469,159.13999938964844,199.1999969482422,242.60000610351562,44.00699996948242,46.801998138427734,8.651000022888184,131.75,73.95999908447266,225.4499969482422,82.52359771728516
2026-05-14,256.20001220703125,351.8999938964844,229.3000030517578,201.8000030517578,341.45001220703125,532.5,384.1000061035156,202.6999969482422,75.27999877929688,385.54998779296875,173.66000366210938,380.20001220703125,264.8500061035156,170.44000244140625,1890.5269775390625,73.22000122070312,63.47999954223633,376.5,20.239999771118164,141.22000122070312,380.29998779296875,273.70001220703125,38.18000030517578,76.37999725341797,27.81999969482422,53.38999938964844,51.02000045776367,146.8000030517578,468.20001220703125,27.40999984741211,177.0,68.06999969482422,88.83999633789062,56.5,69.22000122070312,39.06999969482422,22.200000762939453,63.720001220703125,70.58000183105469,19.454999923706055,287.6000061035156,46.099998474121094,694.2000122070312,240.3000030517578,34.11000061035156,25.549999237060547,172.67999267578125,13740.0,36.34000015258789,78.27999877929688,540.7000122070312,1367.0,39.67499923706055,64.69999694824219,275.45001220703125,258.5,43.20000076293945,830.7999877929688,167.14999389648438,413.75,80.44999694824219,274.9700012207031,132.4600067138672,304.3500061035156,1041.25,42.02000045776367,105.77999877929688,105.41999816894531,223.61000061035156,399.0899963378906,230.8000030517578,25.75,1004.9700317382812,210.77000427246094,113.41000366210938,333.71002197265625,132.05999755859375,448.2099914550781,91.98999786376953,450.4100036621094,232.27000427246094,149.77000427246094,4.039999961853027,151.75,184.946044921875,95.68000030517578,231.6199951171875,1090.530029296875,112.51000213623047,274.8330078125,12.0600004196167,67.20999908447266,22.3799991607666,34.099998474121094,109.58999633789062,29.920000076293945,66.13999938964844,191.10000610351562,2.4607672691345215,12.75,229.2100067138672,920.219970703125,520.4099731445312,175.67999267578125,291.5400085449219,216.52999877929688,96.7884521484375,574.6400146484375,1143.199951171875,122.0,121.91500091552734,161.02000427246094,201.6999969482422,246.85000610351562,44.58399963378906,47.18899917602539,8.732000350952148,133.5,74.88999938964844,228.35000610351562,82.60890197753906
2026-05-15,259.8500061035156,363.29998779296875,226.35000610351562,196.39999389648438,341.8500061035156,529.0,367.6499938964844,210.5500030517578,74.91999816894531,374.5,173.82000732421875,378.5,263.25,166.86000061035156,1802.02001953125,73.88999938964844,64.18000030517578,374.5,22.920000076293945,144.05999755859375,374.5,259.6000061035156,37.709999084472656,74.4000015258789,27.68000030517578,52.630001068115234,50.349998474121094,145.6999969482422,473.0,26.700000762939453,169.5399932861328,65.19000244140625,87.94000244140625,55.20000076293945,67.9000015258789,38.79999923706055,21.639999389648438,64.27999877929688,70.05999755859375,19.334999084472656,273.1000061035156,45.279998779296875,693.2000122070312,237.0,33.400001525878906,25.5,167.63999938964844,13632.0,36.60499954223633,78.68000030517578,552.2000122070312,1306.5999755859375,38.470001220703125,63.29999923706055,281.0,256.3500061035156,42.625,821.4000244140625,166.5500030517578,417.04998779296875,80.81999969482422,276.3900146484375,131.4499969482422,297.510009765625,1048.949951171875,41.880001068115234,106.81999969482422,102.72000122070312,218.4199981689453,393.8500061035156,226.7100067138672,25.329999923706055,1004.9199829101562,210.38999938964844,111.37999725341797,326.30999755859375,129.5800018310547,438.3399963378906,89.55000305175781,436.95001220703125,227.72000122070312,148.0800018310547,4.014999866485596,157.9199981689453,189.36557006835938,93.36000061035156,233.3699951171875,1049.22998046875,107.51000213623047,267.20001220703125,11.229999542236328,62.25,22.510000228881836,34.369998931884766,103.69000244140625,27.260000228881836,63.0099983215332,180.3800048828125,2.430999994277954,11.960000038146973,220.49000549316406,888.3099975585938,516.010009765625,171.17999267578125,281.5299987792969,213.24000549316406,97.29000091552734,561.8300170898438,1120.0,121.05999755859375,121.32499694824219,159.44000244140625,197.60000610351562,244.8000030517578,44.25299835205078,45.89699935913086,8.618000030517578,132.48500061035156,73.97000122070312,223.75,74.95059967041016
2026-05-18,254.0,359.29998779296875,228.75,191.33999633789062,346.54998779296875,522.7999877929688,352.04998779296875,216.89999389648438,76.79000091552734,361.0,169.1199951171875,355.75,258.6000061035156,159.94000244140625,1756.449951171875,74.30999755859375,64.56999969482422,384.5,24.360000610351562,147.86000061035156,381.3999938964844,260.5,37.83000183105469,74.12000274658203,28.790000915527344,52.959999084472656,49.970001220703125,147.3000030517578,483.79998779296875,26.905000686645508,169.89999389648438,66.33000183105469,87.77999877929688,56.439998626708984,68.0999984741211,39.209999084472656,21.969999313354492,65.4800033569336,70.23999786376953,19.645000457763672,274.20001220703125,47.400001525878906,675.5999755859375,229.89999389648438,33.65999984741211,26.0,170.4600067138672,13710.0,37.845001220703125,80.2699966430664,567.0999755859375,1264.4000244140625,38.0099983215332,67.8499984741211,283.25,257.5,43.349998474121094,813.2000122070312,164.8000030517578,415.1499938964844,81.19999694824219,282.4700012207031,133.33999633789062,299.80999755859375,1076.469970703125,42.56999969482422,106.5999984741211,103.91000366210938,218.02000427246094,391.1300048828125,228.9199981689453,25.329999923706055,988.0900268554688,209.41000366210938,112.55999755859375,324.3900146484375,129.6699981689453,442.0,88.8499984741211,436.5799865722656,227.39999389648438,149.14999389648438,4.150000095367432,160.49000549316406,194.33999633789062,89.04000091552734,233.63999938964844,1012.25,105.13999938964844,262.0,10.479999542236328,58.560001373291016,23.3700008392334,34.369998931884766,103.33000183105469,26.719999313354492,60.5,175.74000549316406,2.430999994277954,11.300000190734863,220.61000061035156,863.9500122070312,528.3099975585938,175.9499969482422,285.989990234375,217.22999572753906,95.52999877929688,564.489990234375,1172.0,120.41000366210938,120.2699966430664,158.44000244140625,200.5500030517578,241.6999969482422,44.0099983215332,45.54600143432617,8.574999809265137,131.74000549316406,74.33999633789062,227.0500030517578,72.08419799804688
2026-05-19,256.1499938964844,363.45001220703125,220.89999389648438,190.4199981689453,334.95001220703125,521.0999755859375,342.3500061035156,221.85000610351562,77.69000244140625,351.70001220703125,167.75999450683594,344.95001220703125,258.70001220703125,157.6999969482422,1740.5799560546875,75.19000244140625,64.1500015258789,382.5,23.270000457763672,156.72000122070312,382.6000061035156,256.79998779296875,38.52000045776367,73.72000122070312,29.3799991607666,52.29999923706055,49.540000915527344,146.75,483.3999938964844,26.899999618530273,167.6999969482422,64.63999938964844,87.62000274658203,56.380001068115234,65.69999694824219,39.650001525878906,21.90999984741211,66.16000366210938,70.58000183105469,19.670000076293945,275.29998779296875,44.060001373291016,685.0,234.89999389648438,33.86000061035156,26.450000762939453,168.9600067138672,13880.0,37.93000030517578,79.79000091552734,569.0,1249.0,38.334999084472656,61.349998474121094,286.3999938964844,256.95001220703125,43.8650016784668,801.4000244140625,165.0,419.79998779296875,81.91999816894531,280.79998779296875,134.1999969482422,302.44000244140625,1094.3199462890625,42.41999816894531,106.37999725341797,102.29000091552734,218.3699951171875,389.239990234375,230.0,25.65999984741211,1021.4099731445312,213.75999450683594,114.23999786376953,330.75,130.5,447.80999755859375,87.79000091552734,434.30999755859375,226.6699981689453,150.44000244140625,3.9600000381469727,162.5500030517578,197.25,90.05999755859375,221.7100067138672,1011.7999877929688,103.5199966430664,260.6700134277344,10.0600004196167,55.880001068115234,23.25,34.040000915527344,100.91999816894531,26.3700008392334,58.70000076293945,169.0,2.4100000858306885,10.289999961853027,215.00999450683594,860.1500244140625,526.6300048828125,174.49000549316406,285.2799987792969,217.14999389648438,96.83000183105469,558.0700073242188,1207.0,120.29000091552734,120.06999969482422,158.1999969482422,201.14999389648438,240.60000610351562,43.96799850463867,45.01499938964844,8.517999649047852,131.61000061035156,73.7699966430664,227.6999969482422,60.6150016784668
