,vix,yield_spread,hy_spread,ig_spread,fed_funds,ism_mfg,regime_risk,regime_rates,regime_growth,regime_composite,ew_vix_rising,ew_curve_flattening,ew_hy_widening,ew_rate_reprice,ew_active_count,transition_warning,region,yield_10y,yield_3m,fed_funds_alt
2024-08-26,,-0.09,3.15,4.9,,,Neutral,Neutral,Slowdown,Neutral_Neutral_Slowdown,False,False,False,False,0,False,US,,,
2024-08-27,,0.0,3.17,4.9,,,Neutral,Neutral,Slowdown,Neutral_Neutral_Slowdown,False,False,False,False,0,False,US,,,
2024-08-28,,0.01,3.19,4.91,,,Neutral,Neutral,Slowdown,Neutral_Neutral_Slowdown,False,False,False,False,0,False,US,,,
2024-08-29,15.649999618530272,0.0,0.0,,5.33,,Risk-On,Neutral,Slowdown,RiskOn_Neutral_Slowdown,False,False,False,False,0,False,EU,,,
2024-08-29,,0.0,3.15,4.93,,,Neutral,Neutral,Slowdown,Neutral_Neutral_Slowdown,False,False,False,False,0,False,US,,,
2024-08-30,15.0,0.0,3.48,4.96,0.0,0.0,Risk-On,Neutral,Slowdown,RiskOn_Neutral_Slowdown,False,False,False,False,0,False,EU,,,
2024-08-30,,0.0,3.13,4.96,,,Neutral,Neutral,Slowdown,Neutral_Neutral_Slowdown,False,False,False,False,0,False,US,,,
2024-09-02,,0.0,3.17,4.96,,,Neutral,Neutral,Slowdown,Neutral_Neutral_Slowdown,False,False,False,False,0,False,US,,,
2024-09-02,15.0,0.0,3.39,4.96,0.0,0.0,Risk-On,Neutral,Slowdown,RiskOn_Neutral_Slowdown,False,False,False,False,0,False,EU,,,
2024-09-03,20.71999931335449,0.0,3.44,4.92,0.0,0.0,Risk-On,Neutral,Slowdown,RiskOn_Neutral_Slowdown,False,False,False,False,0,False,EU,,,
2024-09-03,,-0.04,3.31,4.92,,,Neutral,Neutral,Slowdown,Neutral_Neutral_Slowdown,False,False,False,False,0,False,US,,,
2024-09-04,21.31999969482422,0.0,3.55,4.85,0.0,0.0,Neutral,Neutral,Slowdown,Neutral_Neutral_Slowdown,False,False,False,False,0,False,EU,,,
2024-09-04,,0.01,3.35,4.85,,,Neutral,Neutral,Slowdown,Neutral_Neutral_Slowdown,False,False,False,False,0,False,US,,,
2024-09-05,,-0.02,3.29,4.82,,,Neutral,Neutral,Slowdown,Neutral_Neutral_Slowdown,False,False,False,False,0,False,US,,,
2024-09-05,19.89999961853028,0.0,3.54,4.82,0.0,0.0,Neutral,Neutral,Slowdown,Neutral_Neutral_Slowdown,False,False,False,False,0,False,EU,,,
2024-09-06,22.3799991607666,0.0,3.59,4.79,0.0,0.0,Neutral,Neutral,Slowdown,Neutral_Neutral_Slowdown,False,False,False,False,0,False,EU,,,
2024-09-06,,0.06,3.39,4.79,,,Neutral,Neutral,Slowdown,Neutral_Neutral_Slowdown,False,False,False,False,0,False,US,,,
2024-09-09,,0.02,3.36,4.78,,,Neutral,Neutral,Slowdown,Neutral_Neutral_Slowdown,False,False,False,False,0,False,US,,,
2024-09-09,19.450000762939453,0.0,3.59,4.78,0.0,0.0,Neutral,Neutral,Slowdown,Neutral_Neutral_Slowdown,False,False,False,False,0,False,EU,,,
2024-09-10,,0.06,3.46,4.74,,,Neutral,Neutral,Slowdown,Neutral_Neutral_Slowdown,False,False,False,False,0,False,US,,,
2024-09-10,19.07999992370605,0.0,3.61,4.74,0.0,0.0,Neutral,Neutral,Slowdown,Neutral_Neutral_Slowdown,False,False,False,False,0,False,EU,,,
2024-09-11,17.690000534057617,0.0,3.73,4.76,0.0,0.0,Neutral,Neutral,Slowdown,Neutral_Neutral_Slowdown,False,False,False,False,0,False,EU,,,
2024-09-11,,0.03,3.44,4.76,,,Neutral,Neutral,Slowdown,Neutral_Neutral_Slowdown,False,False,False,False,0,False,US,,,
2024-09-12,17.06999969482422,0.0,3.61,4.76,0.0,0.0,Neutral,Neutral,Slowdown,Neutral_Neutral_Slowdown,False,False,False,False,0,False,EU,,,
2024-09-12,,0.04,3.39,4.76,,,Neutral,Neutral,Slowdown,Neutral_Neutral_Slowdown,False,False,False,False,0,False,US,,,
2024-09-13,16.559999465942383,0.0,3.59,4.72,0.0,0.0,Neutral,Neutral,Slowdown,Neutral_Neutral_Slowdown,False,False,False,False,0,False,EU,,,
2024-09-13,,0.09,3.37,4.72,,,Neutral,Neutral,Slowdown,Neutral_Neutral_Slowdown,False,False,False,False,0,False,US,,,
2024-09-16,17.139999389648438,0.0,3.59,4.67,0.0,0.0,Neutral,Neutral,Slowdown,Neutral_Neutral_Slowdown,False,False,False,False,0,False,EU,,,
2024-09-16,,0.07,3.32,4.67,,,Neutral,Neutral,Slowdown,Neutral_Neutral_Slowdown,False,False,False,False,0,False,US,,,
2024-09-17,,0.06,3.25,4.68,,,Neutral,Neutral,Slowdown,Neutral_Neutral_Slowdown,False,False,False,False,0,False,US,,,
2024-09-17,17.610000610351562,0.0,3.54,4.68,0.0,0.0,Neutral,Neutral,Slowdown,Neutral_Neutral_Slowdown,False,False,False,False,0,False,EU,,,
2024-09-18,,0.09,3.21,4.72,,,Neutral,Neutral,Slowdown,Neutral_Neutral_Slowdown,False,False,False,False,0,False,US,,,
2024-09-18,18.229999542236328,0.0,3.5,4.72,0.0,0.0,Neutral,Neutral,Slowdown,Neutral_Neutral_Slowdown,False,False,False,False,0,False,EU,,,
2024-09-19,16.329999923706055,0.0,3.44,4.7,0.0,0.0,Risk-On,Neutral,Slowdown,RiskOn_Neutral_Slowdown,False,False,False,False,0,False,EU,,,
2024-09-19,,0.14,3.1,4.7,,,Neutral,Neutral,Slowdown,Neutral_Neutral_Slowdown,False,False,False,False,0,False,US,,,
2024-09-20,,0.18,3.15,4.7,,,Neutral,Neutral,Slowdown,Neutral_Neutral_Slowdown,False,False,False,False,0,False,US,,,
2024-09-20,16.149999618530273,0.0,3.42,4.7,0.0,0.0,Risk-On,Neutral,Slowdown,RiskOn_Neutral_Slowdown,False,False,False,False,0,False,EU,,,
2024-09-23,,0.18,3.15,4.7,,,Neutral,Neutral,Slowdown,Neutral_Neutral_Slowdown,False,False,False,False,0,False,US,,,
2024-09-23,15.890000343322754,0.0,3.48,4.7,0.0,0.0,Risk-On,Neutral,Slowdown,RiskOn_Neutral_Slowdown,False,False,False,False,0,False,EU,,,
2024-09-24,,0.25,3.21,4.67,,,Neutral,Neutral,Slowdown,Neutral_Neutral_Slowdown,False,False,False,False,0,False,US,,,
2024-09-24,15.390000343322754,0.0,3.5,4.67,0.0,0.0,Neutral,Neutral,Slowdown,Neutral_Neutral_Slowdown,False,False,False,False,0,False,EU,,,
2024-09-25,,0.26,3.19,4.72,,,Neutral,Neutral,Slowdown,Neutral_Neutral_Slowdown,False,False,False,False,0,False,US,,,
2024-09-25,15.40999984741211,0.0,3.47,4.72,0.0,0.0,Risk-On,Neutral,Slowdown,RiskOn_Neutral_Slowdown,False,False,False,False,0,False,EU,,,
2024-09-26,15.369999885559082,0.0,3.47,4.74,0.0,0.0,Risk-On,Neutral,Slowdown,RiskOn_Neutral_Slowdown,False,False,False,False,0,False,EU,,,
2024-09-26,,0.19,3.14,4.74,,,Neutral,Neutral,Slowdown,Neutral_Neutral_Slowdown,False,False,False,False,0,False,US,,,
2024-09-27,,0.2,3.14,4.69,,,Neutral,Neutral,Slowdown,Neutral_Neutral_Slowdown,False,False,False,False,0,False,US,,,
2024-09-27,16.959999084472656,0.0,3.47,4.69,0.0,0.0,Risk-On,Neutral,Slowdown,RiskOn_Neutral_Slowdown,False,False,False,False,0,False,EU,,,
2024-09-30,16.729999542236328,0.0,3.42,4.76,0.0,0.0,Neutral,Neutral,Slowdown,Neutral_Neutral_Slowdown,False,False,False,False,0,False,EU,,,
2024-09-30,,0.15,3.03,4.76,,,Neutral,Neutral,Slowdown,Neutral_Neutral_Slowdown,False,False,False,False,0,False,US,,,
2024-10-01,19.26000022888184,0.0,3.45,4.72,0.0,12697.0,Neutral,Neutral,Slowdown,Neutral_Neutral_Slowdown,False,False,False,False,0,False,EU,,,
2024-10-01,,0.13,3.07,4.72,4.83,12697.0,Neutral,Neutral,Slowdown,Neutral_Neutral_Slowdown,False,False,False,False,0,False,US,,,
2024-10-02,,0.16,3.06,4.74,4.83,12697.0,Neutral,Neutral,Slowdown,Neutral_Neutral_Slowdown,False,False,False,False,0,False,US,,,
2024-10-02,18.89999961853028,0.0,3.43,4.74,0.0,12697.0,Risk-On,Neutral,Slowdown,RiskOn_Neutral_Slowdown,False,False,False,False,0,False,EU,,,
2024-10-03,20.489999771118164,0.0,3.42,4.79,0.0,12697.0,Risk-On,Neutral,Slowdown,RiskOn_Neutral_Slowdown,False,False,False,False,0,False,EU,,,
2024-10-03,,0.15,3.04,4.79,4.83,12697.0,Neutral,Neutral,Slowdown,Neutral_Neutral_Slowdown,False,False,False,False,0,False,US,,,
2024-10-04,19.209999084472656,0.0,3.33,4.91,0.0,12697.0,Risk-On,Neutral,Slowdown,RiskOn_Neutral_Slowdown,False,False,False,False,0,False,EU,,,
2024-10-04,,0.05,2.89,4.91,4.83,12697.0,Neutral,Neutral,Slowdown,Neutral_Neutral_Slowdown,False,False,False,False,0,False,US,,,
2024-10-07,,0.04,2.95,4.96,4.83,12697.0,Neutral,Neutral,Slowdown,Neutral_Neutral_Slowdown,False,False,False,False,0,False,US,,,
2024-10-07,22.63999938964844,0.0,3.31,4.96,0.0,12697.0,Neutral,Neutral,Slowdown,Neutral_Neutral_Slowdown,True,False,False,False,1,False,EU,,,
2024-10-08,21.420000076293945,0.0,3.33,4.95,0.0,12697.0,Neutral,Neutral,Slowdown,Neutral_Neutral_Slowdown,False,False,False,False,0,False,EU,,,
2024-10-08,,0.06,2.99,4.95,4.83,12697.0,Neutral,Neutral,Slowdown,Neutral_Neutral_Slowdown,False,False,False,False,0,False,US,,,
2024-10-09,,0.07,2.94,4.98,4.83,12697.0,Neutral,Neutral,Slowdown,Neutral_Neutral_Slowdown,False,False,False,False,0,False,US,,,
2024-10-09,20.86000061035156,0.0,3.32,4.98,0.0,12697.0,Neutral,Neutral,Slowdown,Neutral_Neutral_Slowdown,False,False,False,False,0,False,EU,,,
2024-10-10,20.93000030517578,0.0,3.32,4.97,0.0,12697.0,Neutral,Neutral,Slowdown,Neutral_Neutral_Slowdown,False,False,False,False,0,False,EU,,,
2024-10-10,,0.11,2.99,4.97,4.83,12697.0,Neutral,Neutral,Slowdown,Neutral_Neutral_Slowdown,False,False,False,False,0,False,US,,,
2024-10-11,,0.13,2.98,4.96,4.83,12697.0,Neutral,Neutral,Slowdown,Neutral_Neutral_Slowdown,False,False,False,False,0,False,US,,,
2024-10-11,20.459999084472656,0.0,3.29,4.96,0.0,12697.0,Neutral,Neutral,Slowdown,Neutral_Neutral_Slowdown,False,False,False,False,0,False,EU,,,
2024-10-14,,0.13,2.97,4.96,4.83,12697.0,Neutral,Neutral,Slowdown,Neutral_Neutral_Slowdown,False,False,False,False,0,False,US,,,
2024-10-14,19.700000762939453,0.0,3.24,4.96,0.0,12697.0,Neutral,Neutral,Slowdown,Neutral_Neutral_Slowdown,False,False,False,False,0,False,EU,,,
2024-10-15,20.63999938964844,0.0,3.27,4.92,0.0,12697.0,Neutral,Neutral,Slowdown,Neutral_Neutral_Slowdown,False,False,False,False,0,False,EU,,,
2024-10-15,,0.08,2.93,4.92,4.83,12697.0,Neutral,Neutral,Slowdown,Neutral_Neutral_Slowdown,False,False,False,False,0,False,US,,,
2024-10-16,19.57999992370605,0.0,3.3,4.89,0.0,12697.0,Neutral,Neutral,Slowdown,Neutral_Neutral_Slowdown,False,False,False,False,0,False,EU,,,
2024-10-16,,0.09,2.9,4.89,4.83,12697.0,Neutral,Neutral,Slowdown,Neutral_Neutral_Slowdown,False,False,False,False,0,False,US,,,
2024-10-17,,0.13,2.89,4.95,4.83,12697.0,Neutral,Neutral,Slowdown,Neutral_Neutral_Slowdown,False,False,False,False,0,False,US,,,
2024-10-17,19.11000061035156,0.0,3.25,4.95,0.0,12697.0,Neutral,Neutral,Slowdown,Neutral_Neutral_Slowdown,False,False,False,False,0,False,EU,,,
2024-10-18,18.030000686645508,0.0,3.27,4.95,0.0,12697.0,Neutral,Neutral,Slowdown,Neutral_Neutral_Slowdown,False,False,False,False,0,False,EU,,,
2024-10-18,,0.13,2.88,4.95,4.83,12697.0,Neutral,Neutral,Slowdown,Neutral_Neutral_Slowdown,False,False,False,False,0,False,US,,,
2024-10-21,,0.17,2.88,5.06,4.83,12697.0,Neutral,Neutral,Slowdown,Neutral_Neutral_Slowdown,False,False,False,False,0,False,US,,,
2024-10-21,18.3700008392334,0.0,3.2,5.06,0.0,12697.0,Neutral,Neutral,Slowdown,Neutral_Neutral_Slowdown,False,False,False,False,0,False,EU,,,
2024-10-22,,0.17,2.92,5.07,4.83,12697.0,Neutral,Neutral,Slowdown,Neutral_Neutral_Slowdown,False,False,False,False,0,False,US,,,
2024-10-22,18.200000762939453,0.0,3.23,5.07,0.0,12697.0,Neutral,Neutral,Slowdown,Neutral_Neutral_Slowdown,False,False,False,False,0,False,EU,,,
2024-10-23,,0.17,2.95,5.11,4.83,12697.0,Neutral,Neutral,Slowdown,Neutral_Neutral_Slowdown,False,False,False,False,0,False,US,,,
2024-10-23,19.239999771118164,0.0,3.25,5.11,0.0,12697.0,Neutral,Neutral,Slowdown,Neutral_Neutral_Slowdown,False,False,False,False,0,False,EU,,,
2024-10-24,19.07999992370605,0.0,3.28,5.09,0.0,12697.0,Neutral,Neutral,Slowdown,Neutral_Neutral_Slowdown,False,False,False,False,0,False,EU,,,
2024-10-24,,0.14,2.93,5.09,4.83,12697.0,Neutral,Neutral,Slowdown,Neutral_Neutral_Slowdown,False,False,False,False,0,False,US,,,
2024-10-25,,0.14,2.89,5.11,4.83,12697.0,Neutral,Neutral,Slowdown,Neutral_Neutral_Slowdown,False,False,False,False,0,False,US,,,
2024-10-25,20.32999992370605,0.0,3.24,5.11,0.0,12697.0,Neutral,Neutral,Slowdown,Neutral_Neutral_Slowdown,False,False,False,False,0,False,EU,,,
2024-10-28,,0.16,2.82,5.14,4.83,12697.0,Neutral,Neutral,Slowdown,Neutral_Neutral_Slowdown,False,False,False,False,0,False,US,,,
2024-10-28,19.799999237060547,0.0,3.24,5.14,0.0,12697.0,Neutral,Neutral,Slowdown,Neutral_Neutral_Slowdown,False,False,False,False,0,False,EU,,,
2024-10-29,19.34000015258789,0.0,3.19,5.13,0.0,12697.0,Neutral,Neutral,Slowdown,Neutral_Neutral_Slowdown,False,False,False,False,0,False,EU,,,
2024-10-29,,0.17,2.85,5.13,4.83,12697.0,Neutral,Neutral,Slowdown,Neutral_Neutral_Slowdown,False,False,False,False,0,False,US,,,
2024-10-30,20.350000381469727,0.0,3.12,5.15,0.0,12697.0,Neutral,Neutral,Slowdown,Neutral_Neutral_Slowdown,False,False,False,False,0,False,EU,,,
2024-10-30,,0.14,2.8,5.15,4.83,12697.0,Neutral,Neutral,Slowdown,Neutral_Neutral_Slowdown,False,False,False,False,0,False,US,,,
2024-10-31,,0.12,2.88,5.18,4.83,12697.0,Neutral,Neutral,Slowdown,Neutral_Neutral_Slowdown,False,False,False,False,0,False,US,,,
2024-10-31,23.15999984741211,0.0,3.17,5.18,0.0,12697.0,Neutral,Neutral,Slowdown,Neutral_Neutral_Slowdown,False,False,False,False,0,False,EU,,,
2024-11-01,,0.16,2.83,5.25,4.64,12711.0,Neutral,Neutral,Slowdown,Neutral_Neutral_Slowdown,False,False,False,False,0,False,US,,,
2024-11-01,21.8799991607666,0.0,3.19,5.25,0.0,12711.0,Neutral,Neutral,Slowdown,Neutral_Neutral_Slowdown,False,False,False,False,0,False,EU,,,
2024-11-04,,0.14,2.87,5.18,4.64,12711.0,Neutral,Neutral,Slowdown,Neutral_Neutral_Slowdown,False,False,False,False,0,False,US,,,
2024-11-04,21.979999542236328,0.0,3.19,5.18,0.0,12711.0,Neutral,Neutral,Slowdown,Neutral_Neutral_Slowdown,False,False,False,False,0,False,EU,,,
2024-11-05,,0.07,2.86,5.17,4.64,12711.0,Neutral,Neutral,Slowdown,Neutral_Neutral_Slowdown,False,False,False,False,0,False,US,,,
2024-11-05,20.489999771118164,0.0,3.18,5.17,0.0,12711.0,Risk-On,Neutral,Slowdown,RiskOn_Neutral_Slowdown,False,False,False,False,0,False,EU,,,
2024-11-06,16.270000457763672,0.0,3.19,5.25,0.0,12711.0,Risk-On,Neutral,Slowdown,RiskOn_Neutral_Slowdown,False,False,False,False,0,False,EU,,,
2024-11-06,,0.15,2.74,5.25,4.64,12711.0,Neutral,Neutral,Slowdown,Neutral_Neutral_Slowdown,False,False,False,False,0,False,US,,,
2024-11-07,,0.1,2.73,5.14,4.64,12711.0,Neutral,Neutral,Slowdown,Neutral_Neutral_Slowdown,False,False,False,False,0,False,US,,,
2024-11-07,15.199999809265137,0.0,3.2,5.14,0.0,12711.0,Risk-On,Neutral,Slowdown,RiskOn_Neutral_Slowdown,False,False,False,False,0,False,EU,,,
2024-11-08,14.9399995803833,0.0,3.21,5.12,0.0,12711.0,Risk-On,Neutral,Slowdown,RiskOn_Neutral_Slowdown,False,False,False,False,0,False,EU,,,
2024-11-08,,0.04,2.63,5.12,4.64,12711.0,Neutral,Neutral,Slowdown,Neutral_Neutral_Slowdown,False,False,False,False,0,False,US,,,
2024-11-11,14.970000267028809,0.0,3.23,5.12,0.0,12711.0,Risk-On,Neutral,Slowdown,RiskOn_Neutral_Slowdown,False,False,False,False,0,False,EU,,,
2024-11-11,,0.04,2.63,5.12,4.64,12711.0,Neutral,Neutral,Slowdown,Neutral_Neutral_Slowdown,False,False,False,False,0,False,US,,,
2024-11-12,14.710000038146973,0.0,3.23,5.23,0.0,12711.0,Risk-On,Neutral,Slowdown,RiskOn_Neutral_Slowdown,False,False,False,False,0,False,EU,,,
2024-11-12,,0.09,2.61,5.23,4.64,12711.0,Neutral,Neutral,Slowdown,Neutral_Neutral_Slowdown,False,False,False,False,0,False,US,,,
2024-11-13,14.020000457763672,0.0,3.2,5.23,0.0,12711.0,Risk-On,Neutral,Slowdown,RiskOn_Neutral_Slowdown,False,False,False,False,0,False,EU,,,
2024-11-13,,0.17,2.64,5.23,4.64,12711.0,Neutral,Neutral,Slowdown,Neutral_Neutral_Slowdown,False,False,False,False,0,False,US,,,
2024-11-14,,0.09,2.6,5.25,4.64,12711.0,Neutral,Neutral,Slowdown,Neutral_Neutral_Slowdown,False,False,False,False,0,False,US,,,
2024-11-14,14.3100004196167,0.0,3.19,5.25,0.0,12711.0,Risk-On,Neutral,Slowdown,RiskOn_Neutral_Slowdown,False,False,False,False,0,False,EU,,,
2024-11-15,16.139999389648438,0.0,3.18,5.25,0.0,12711.0,Risk-On,Neutral,Slowdown,RiskOn_Neutral_Slowdown,False,False,False,False,0,False,EU,,,
2024-11-15,,0.12,2.72,5.25,4.64,12711.0,Neutral,Neutral,Slowdown,Neutral_Neutral_Slowdown,False,False,False,False,0,False,US,,,
2024-11-18,15.579999923706056,0.0,3.17,5.22,0.0,12711.0,Risk-On,Neutral,Slowdown,RiskOn_Neutral_Slowdown,False,False,False,False,0,False,EU,,,
2024-11-18,,0.13,2.72,5.22,4.64,12711.0,Neutral,Neutral,Slowdown,Neutral_Neutral_Slowdown,False,False,False,False,0,False,US,,,
2024-11-19,,0.12,2.69,5.2,4.64,12711.0,Neutral,Neutral,Slowdown,Neutral_Neutral_Slowdown,False,False,False,False,0,False,US,,,
2024-11-19,16.350000381469727,0.0,3.21,5.2,0.0,12711.0,Risk-On,Neutral,Slowdown,RiskOn_Neutral_Slowdown,False,False,False,False,0,False,EU,,,
2024-11-20,,0.1,2.67,5.23,4.64,12711.0,Neutral,Neutral,Slowdown,Neutral_Neutral_Slowdown,False,False,False,False,0,False,US,,,
2024-11-20,17.15999984741211,0.0,3.2,5.23,0.0,12711.0,Risk-On,Neutral,Slowdown,RiskOn_Neutral_Slowdown,False,False,False,False,0,False,EU,,,
2024-11-21,16.8700008392334,0.0,3.25,5.25,0.0,12711.0,Risk-On,Neutral,Slowdown,RiskOn_Neutral_Slowdown,False,False,False,False,0,False,EU,,,
2024-11-21,16.8700008392334,0.09,2.61,5.25,4.64,12711.0,Risk-On,Neutral,Slowdown,RiskOn_Neutral_Slowdown,False,False,False,False,0,False,US,,,
2024-11-22,15.239999771118164,0.0,3.33,5.25,0.0,12711.0,Risk-On,Neutral,Slowdown,RiskOn_Neutral_Slowdown,False,False,False,False,0,False,EU,,,
2024-11-22,15.239999771118164,0.04,2.61,5.25,4.64,12711.0,Risk-On,Neutral,Slowdown,RiskOn_Neutral_Slowdown,False,False,False,False,0,False,US,,,
2024-11-25,14.600000381469728,0.0,3.33,5.12,0.0,12711.0,Risk-On,Neutral,Slowdown,RiskOn_Neutral_Slowdown,False,False,False,False,0,False,EU,,,
2024-11-25,14.600000381469728,0.06,2.64,5.12,4.64,12711.0,Risk-On,Neutral,Slowdown,RiskOn_Neutral_Slowdown,False,False,False,False,0,False,US,,,
2024-11-26,14.100000381469728,0.09,2.68,5.15,4.64,12711.0,Risk-On,Neutral,Slowdown,RiskOn_Neutral_Slowdown,False,False,False,False,0,False,US,,,
2024-11-26,14.100000381469728,0.0,3.33,5.15,0.0,12711.0,Risk-On,Neutral,Slowdown,RiskOn_Neutral_Slowdown,False,False,False,False,0,False,EU,,,
2024-11-27,14.100000381469728,0.0,3.35,5.11,0.0,12711.0,Risk-On,Neutral,Slowdown,RiskOn_Neutral_Slowdown,False,False,False,False,0,False,EU,,,
2024-11-27,14.100000381469728,0.06,2.69,5.11,4.64,12711.0,Risk-On,Neutral,Slowdown,RiskOn_Neutral_Slowdown,False,False,False,False,0,False,US,,,
2024-11-28,14.100000381469728,0.06,2.69,5.11,4.64,12711.0,Risk-On,Neutral,Slowdown,RiskOn_Neutral_Slowdown,False,False,False,False,0,False,US,,,
2024-11-28,14.100000381469728,0.0,3.39,5.11,0.0,12711.0,Risk-On,Neutral,Slowdown,RiskOn_Neutral_Slowdown,False,False,False,False,0,False,EU,,,
2024-11-29,13.510000228881836,0.05,2.72,5.06,4.64,12711.0,Risk-On,Neutral,Slowdown,RiskOn_Neutral_Slowdown,False,False,False,False,0,False,US,,,
2024-11-29,13.510000228881836,0.0,3.41,5.06,0.0,12711.0,Risk-On,Neutral,Slowdown,RiskOn_Neutral_Slowdown,False,False,False,False,0,False,EU,,,
2024-12-02,13.34000015258789,0.02,2.68,5.07,4.64,12711.0,Risk-On,Neutral,Slowdown,RiskOn_Neutral_Slowdown,False,False,False,False,0,False,US,,,
2024-12-02,13.34000015258789,0.0,3.32,5.07,0.0,12711.0,Risk-On,Neutral,Slowdown,RiskOn_Neutral_Slowdown,False,False,False,False,0,False,EU,,,
2024-12-03,13.300000190734863,0.0,3.25,5.09,0.0,12711.0,Risk-On,Neutral,Slowdown,RiskOn_Neutral_Slowdown,False,False,False,False,0,False,EU,,,
2024-12-03,13.300000190734863,0.06,2.66,5.09,4.64,12711.0,Risk-On,Neutral,Slowdown,RiskOn_Neutral_Slowdown,False,False,False,False,0,False,US,,,
2024-12-04,13.449999809265137,0.06,2.66,5.04,4.64,12711.0,Risk-On,Neutral,Slowdown,RiskOn_Neutral_Slowdown,False,False,False,False,0,False,US,,,
2024-12-04,13.449999809265137,0.0,3.18,5.04,0.0,12711.0,Risk-On,Neutral,Slowdown,RiskOn_Neutral_Slowdown,False,False,False,False,0,False,EU,,,
2024-12-05,13.539999961853027,0.0,3.09,5.04,0.0,12711.0,Risk-On,Neutral,Slowdown,RiskOn_Neutral_Slowdown,False,False,False,False,0,False,EU,,,
2024-12-05,13.539999961853027,0.02,2.66,5.04,4.64,12711.0,Risk-On,Neutral,Slowdown,RiskOn_Neutral_Slowdown,False,False,False,False,0,False,US,,,
2024-12-06,12.770000457763672,0.0,3.06,5.01,0.0,12711.0,Risk-On,Neutral,Slowdown,RiskOn_Neutral_Slowdown,False,False,False,False,0,False,EU,,,
2024-12-06,12.770000457763672,0.05,2.67,5.01,4.64,12711.0,Risk-On,Neutral,Slowdown,RiskOn_Neutral_Slowdown,False,False,False,False,0,False,US,,,
2024-12-09,14.1899995803833,0.07,2.67,5.05,4.64,12711.0,Risk-On,Neutral,Slowdown,RiskOn_Neutral_Slowdown,False,False,False,False,0,False,US,,,
2024-12-09,14.1899995803833,0.0,3.04,5.05,0.0,12711.0,Risk-On,Neutral,Slowdown,RiskOn_Neutral_Slowdown,False,False,False,False,0,False,EU,,,
2024-12-10,14.18000030517578,0.07,2.67,5.06,4.64,12711.0,Risk-On,Neutral,Slowdown,RiskOn_Neutral_Slowdown,False,False,False,False,0,False,US,,,
2024-12-10,14.18000030517578,0.0,3.05,5.06,0.0,12711.0,Risk-On,Neutral,Slowdown,RiskOn_Neutral_Slowdown,False,False,False,False,0,False,EU,,,
2024-12-11,13.579999923706056,0.11,2.64,5.08,4.64,12711.0,Risk-On,Neutral,Slowdown,RiskOn_Neutral_Slowdown,False,False,False,False,0,False,US,,,
2024-12-11,13.579999923706056,0.0,3.05,5.08,0.0,12711.0,Risk-On,Neutral,Slowdown,RiskOn_Neutral_Slowdown,False,False,False,False,0,False,EU,,,
2024-12-12,13.920000076293944,0.14,2.66,5.14,4.64,12711.0,Risk-On,Neutral,Slowdown,RiskOn_Neutral_Slowdown,False,False,False,False,0,False,US,,,
2024-12-12,13.920000076293944,0.0,3.01,5.14,0.0,12711.0,Risk-On,Neutral,Slowdown,RiskOn_Neutral_Slowdown,False,False,False,False,0,False,EU,,,
2024-12-13,13.8100004196167,0.15,2.68,5.19,4.64,12711.0,Risk-On,Neutral,Slowdown,RiskOn_Neutral_Slowdown,False,False,False,False,0,False,US,,,
2024-12-13,13.8100004196167,0.0,2.98,5.19,0.0,12711.0,Risk-On,Neutral,Slowdown,RiskOn_Neutral_Slowdown,False,False,False,False,0,False,EU,,,
2024-12-16,14.6899995803833,0.14,2.69,5.18,4.64,12711.0,Risk-On,Neutral,Slowdown,RiskOn_Neutral_Slowdown,False,False,False,False,0,False,US,,,
2024-12-16,14.6899995803833,0.0,2.99,5.18,0.0,12711.0,Risk-On,Neutral,Slowdown,RiskOn_Neutral_Slowdown,False,False,False,False,0,False,EU,,,
2024-12-17,15.869999885559082,0.15,2.75,5.19,4.64,12711.0,Risk-On,Neutral,Slowdown,RiskOn_Neutral_Slowdown,False,False,False,False,0,False,US,,,
2024-12-17,15.869999885559082,0.0,3.02,5.19,0.0,12711.0,Neutral,Neutral,Slowdown,Neutral_Neutral_Slowdown,False,False,False,False,0,False,EU,,,
2024-12-18,27.6200008392334,0.15,2.73,5.3,4.64,12711.0,Neutral,Neutral,Slowdown,Neutral_Neutral_Slowdown,True,False,False,False,1,False,US,,,
2024-12-18,27.6200008392334,0.0,3.03,5.3,0.0,12711.0,Neutral,Neutral,Slowdown,Neutral_Neutral_Slowdown,True,False,False,False,1,False,EU,,,
2024-12-19,24.09000015258789,0.0,3.07,5.36,0.0,12711.0,Neutral,Neutral,Slowdown,Neutral_Neutral_Slowdown,True,False,False,False,1,False,EU,,,
2024-12-19,24.09000015258789,0.25,2.91,5.36,4.64,12711.0,Neutral,Neutral,Slowdown,Neutral_Neutral_Slowdown,True,False,False,False,1,False,US,,,
2024-12-20,18.36000061035156,0.0,3.11,5.33,0.0,12711.0,Neutral,Neutral,Slowdown,Neutral_Neutral_Slowdown,False,False,False,False,0,False,EU,,,
2024-12-20,18.36000061035156,0.22,2.86,5.33,4.64,12711.0,Neutral,Neutral,Slowdown,Neutral_Neutral_Slowdown,False,False,False,False,0,False,US,,,
2024-12-23,16.780000686645508,0.29,2.85,5.37,4.64,12711.0,Neutral,Neutral,Slowdown,Neutral_Neutral_Slowdown,False,False,False,False,0,False,US,,,
2024-12-23,16.780000686645508,0.0,3.1,5.37,0.0,12711.0,Neutral,Neutral,Slowdown,Neutral_Neutral_Slowdown,False,False,False,False,0,False,EU,,,
2024-12-24,14.270000457763672,0.3,2.86,5.37,4.64,12711.0,Risk-On,Neutral,Slowdown,RiskOn_Neutral_Slowdown,False,False,False,False,0,False,US,,,
2024-12-24,14.270000457763672,0.0,3.1,5.37,0.0,12711.0,Risk-On,Neutral,Slowdown,RiskOn_Neutral_Slowdown,False,False,False,False,0,False,EU,,,
2024-12-25,14.270000457763672,0.0,3.1,5.37,0.0,12711.0,Neutral,Neutral,Slowdown,Neutral_Neutral_Slowdown,False,False,False,False,0,False,EU,,,
2024-12-25,14.270000457763672,0.3,2.86,5.37,4.64,12711.0,Neutral,Neutral,Slowdown,Neutral_Neutral_Slowdown,False,False,False,False,0,False,US,,,
2024-12-26,14.729999542236328,0.28,2.86,5.35,4.64,12711.0,Neutral,Neutral,Slowdown,Neutral_Neutral_Slowdown,False,False,False,False,0,False,US,,,
2024-12-26,14.729999542236328,0.0,3.1,5.35,0.0,12711.0,Neutral,Neutral,Slowdown,Neutral_Neutral_Slowdown,False,False,False,False,0,False,EU,,,
2024-12-27,15.949999809265137,0.31,2.84,5.38,4.64,12711.0,Neutral,Neutral,Expansion,Neutral_Neutral_Expansion,False,False,False,False,0,False,US,,,
2024-12-27,15.949999809265137,0.0,3.08,5.38,0.0,12711.0,Neutral,Neutral,Slowdown,Neutral_Neutral_Slowdown,False,False,False,False,0,False,EU,,,
2024-12-30,17.399999618530273,0.0,3.09,5.31,0.0,12711.0,Neutral,Neutral,Slowdown,Neutral_Neutral_Slowdown,False,False,False,False,0,False,EU,,,
2024-12-30,17.399999618530273,0.31,2.94,5.31,4.64,12711.0,Neutral,Neutral,Expansion,Neutral_Neutral_Expansion,False,False,False,False,0,False,US,,,
2024-12-31,17.350000381469727,0.33,2.92,5.35,4.64,12711.0,Neutral,Neutral,Expansion,Neutral_Neutral_Expansion,False,False,False,False,0,False,US,,,
2024-12-31,17.350000381469727,0.0,3.11,5.35,0.0,12711.0,Neutral,Neutral,Slowdown,Neutral_Neutral_Slowdown,False,False,False,False,0,False,EU,,,
2025-01-01,17.350000381469727,0.33,2.92,5.35,4.33,12673.0,Neutral,Easing,Expansion,Neutral_Easing_Expansion,False,False,False,False,0,False,US,,,
2025-01-01,17.350000381469727,0.0,3.11,5.35,0.0,12673.0,Neutral,Neutral,Slowdown,Neutral_Neutral_Slowdown,False,False,False,False,0,False,EU,,,
2025-01-02,17.93000030517578,0.0,3.09,5.35,0.0,12673.0,Neutral,Neutral,Slowdown,Neutral_Neutral_Slowdown,False,False,False,False,0,False,EU,,,
2025-01-02,17.93000030517578,0.32,2.88,5.35,4.33,12673.0,Neutral,Easing,Expansion,Neutral_Easing_Expansion,False,False,False,False,0,False,US,,,
2025-01-03,16.1299991607666,0.32,2.81,5.37,4.33,12673.0,Neutral,Easing,Expansion,Neutral_Easing_Expansion,False,False,False,False,0,False,US,,,
2025-01-03,16.1299991607666,0.0,3.03,5.37,0.0,12673.0,Neutral,Neutral,Slowdown,Neutral_Neutral_Slowdown,False,False,False,False,0,False,EU,,,
2025-01-06,16.040000915527344,0.0,3.01,5.39,0.0,12673.0,Neutral,Neutral,Slowdown,Neutral_Neutral_Slowdown,False,False,False,False,0,False,EU,,,
2025-01-06,16.040000915527344,0.34,2.76,5.39,4.33,12673.0,Neutral,Easing,Expansion,Neutral_Easing_Expansion,False,False,False,False,0,False,US,,,
2025-01-07,17.81999969482422,0.37,2.79,5.44,4.33,12673.0,Neutral,Easing,Expansion,Neutral_Easing_Expansion,False,False,False,False,0,False,US,,,
2025-01-07,17.81999969482422,0.0,3.01,5.44,0.0,12673.0,Neutral,Neutral,Slowdown,Neutral_Neutral_Slowdown,False,False,False,False,0,False,EU,,,
2025-01-08,17.700000762939453,0.0,3.07,5.42,0.0,12673.0,Neutral,Neutral,Slowdown,Neutral_Neutral_Slowdown,False,False,False,False,0,False,EU,,,
2025-01-08,17.700000762939453,0.39,2.84,5.42,4.33,12673.0,Neutral,Easing,Expansion,Neutral_Easing_Expansion,False,False,False,False,0,False,US,,,
2025-01-09,17.700000762939453,0.41,2.82,5.42,4.33,12673.0,Neutral,Easing,Expansion,Neutral_Easing_Expansion,False,False,False,False,0,False,US,,,
2025-01-09,17.700000762939453,0.0,3.11,5.42,0.0,12673.0,Neutral,Neutral,Slowdown,Neutral_Neutral_Slowdown,False,False,False,False,0,False,EU,,,
2025-01-10,19.540000915527344,0.0,3.11,5.52,0.0,12673.0,Neutral,Neutral,Slowdown,Neutral_Neutral_Slowdown,False,False,False,False,0,False,EU,,,
2025-01-10,19.540000915527344,0.37,2.81,5.52,4.33,12673.0,Neutral,Easing,Expansion,Neutral_Easing_Expansion,False,False,False,False,0,False,US,,,
2025-01-13,19.190000534057617,0.39,2.85,5.54,4.33,12673.0,Neutral,Easing,Expansion,Neutral_Easing_Expansion,False,False,False,False,0,False,US,,,
2025-01-13,19.190000534057617,0.0,3.18,5.54,0.0,12673.0,Neutral,Neutral,Slowdown,Neutral_Neutral_Slowdown,False,False,False,False,0,False,EU,,,
2025-01-14,18.709999084472656,0.41,2.8,5.53,4.33,12673.0,Neutral,Easing,Expansion,Neutral_Easing_Expansion,False,False,False,False,0,False,US,,,
2025-01-14,18.709999084472656,0.0,3.13,5.53,0.0,12673.0,Neutral,Neutral,Slowdown,Neutral_Neutral_Slowdown,False,False,False,False,0,False,EU,,,
2025-01-15,16.1200008392334,0.0,3.1,5.4,0.0,12673.0,Neutral,Neutral,Slowdown,Neutral_Neutral_Slowdown,False,False,False,False,0,False,EU,,,
2025-01-15,16.1200008392334,0.39,2.72,5.4,4.33,12673.0,Neutral,Easing,Expansion,Neutral_Easing_Expansion,False,False,False,False,0,False,US,,,
2025-01-16,16.600000381469727,0.0,3.07,5.37,0.0,12673.0,Risk-On,Neutral,Slowdown,RiskOn_Neutral_Slowdown,False,False,False,False,0,False,EU,,,
2025-01-16,16.600000381469727,0.38,2.73,5.37,4.33,12673.0,Risk-On,Easing,Expansion,RiskOn_Easing_Expansion,False,False,False,False,0,False,US,,,
2025-01-17,15.970000267028809,0.34,2.64,5.37,4.33,12673.0,Risk-On,Easing,Expansion,RiskOn_Easing_Expansion,False,False,False,False,0,False,US,,,
2025-01-17,15.970000267028809,0.0,3.07,5.37,0.0,12673.0,Risk-On,Neutral,Slowdown,RiskOn_Neutral_Slowdown,False,False,False,False,0,False,EU,,,
2025-01-20,15.970000267028809,0.34,2.64,5.37,4.33,12673.0,Risk-On,Easing,Expansion,RiskOn_Easing_Expansion,False,False,False,False,0,False,US,,,
2025-01-20,15.970000267028809,0.0,3.06,5.37,0.0,12673.0,Risk-On,Neutral,Slowdown,RiskOn_Neutral_Slowdown,False,False,False,False,0,False,EU,,,
2025-01-21,15.0600004196167,0.28,2.61,5.33,4.33,12673.0,Risk-On,Easing,Slowdown,RiskOn_Easing_Slowdown,False,False,False,False,0,False,US,,,
2025-01-21,15.0600004196167,0.0,3.05,5.33,0.0,12673.0,Risk-On,Neutral,Slowdown,RiskOn_Neutral_Slowdown,False,False,False,False,0,False,EU,,,
2025-01-22,15.100000381469728,0.31,2.59,5.35,4.33,12673.0,Neutral,Easing,Expansion,Neutral_Easing_Expansion,False,False,False,False,0,False,US,,,
2025-01-22,15.100000381469728,0.0,3.01,5.35,0.0,12673.0,Neutral,Neutral,Slowdown,Neutral_Neutral_Slowdown,False,False,False,False,0,False,EU,,,
2025-01-23,15.020000457763672,0.36,2.61,5.37,4.33,12673.0,Neutral,Easing,Expansion,Neutral_Easing_Expansion,False,False,False,False,0,False,US,,,
2025-01-23,15.020000457763672,0.0,2.99,5.37,0.0,12673.0,Neutral,Neutral,Slowdown,Neutral_Neutral_Slowdown,False,False,False,False,0,False,EU,,,
2025-01-24,14.850000381469728,0.0,2.96,5.35,0.0,12673.0,Neutral,Neutral,Slowdown,Neutral_Neutral_Slowdown,False,False,False,False,0,False,EU,,,
2025-01-24,14.850000381469728,0.36,2.6,5.35,4.33,12673.0,Neutral,Easing,Expansion,Neutral_Easing_Expansion,False,False,False,False,0,False,US,,,
2025-01-27,17.899999618530273,0.0,3.04,5.27,0.0,12673.0,Neutral,Neutral,Slowdown,Neutral_Neutral_Slowdown,False,False,False,False,0,False,EU,,,
2025-01-27,17.899999618530273,0.36,2.66,5.27,4.33,12673.0,Neutral,Easing,Expansion,Neutral_Easing_Expansion,False,False,False,False,0,False,US,,,
2025-01-28,16.40999984741211,0.0,2.99,5.27,0.0,12673.0,Risk-On,Neutral,Slowdown,RiskOn_Neutral_Slowdown,False,False,False,False,0,False,EU,,,
2025-01-28,16.40999984741211,0.36,2.66,5.27,4.33,12673.0,Risk-On,Easing,Expansion,RiskOn_Easing_Expansion,False,False,False,False,0,False,US,,,
2025-01-29,16.559999465942383,0.34,2.68,5.29,4.33,12673.0,Risk-On,Easing,Expansion,RiskOn_Easing_Expansion,False,False,False,False,0,False,US,,,
2025-01-29,16.559999465942383,0.0,2.96,5.29,0.0,12673.0,Risk-On,Neutral,Slowdown,RiskOn_Neutral_Slowdown,False,False,False,False,0,False,EU,,,
2025-01-30,15.84000015258789,0.0,2.97,5.27,0.0,12673.0,Risk-On,Neutral,Slowdown,RiskOn_Neutral_Slowdown,False,False,False,False,0,False,EU,,,
2025-01-30,15.84000015258789,0.34,2.67,5.27,4.33,12673.0,Risk-On,Easing,Expansion,RiskOn_Easing_Expansion,False,False,False,False,0,False,US,,,
2025-01-31,16.43000030517578,0.0,3.02,5.31,0.0,12673.0,Risk-On,Neutral,Slowdown,RiskOn_Neutral_Slowdown,False,False,False,False,0,False,EU,,,
2025-01-31,16.43000030517578,0.36,2.68,5.31,4.33,12673.0,Risk-On,Easing,Expansion,RiskOn_Easing_Expansion,False,False,False,False,0,False,US,,,
2025-02-03,18.6200008392334,0.0,3.14,5.32,0.0,12673.0,Neutral,Neutral,Slowdown,Neutral_Neutral_Slowdown,False,False,False,False,0,False,EU,,,
2025-02-03,18.6200008392334,0.28,2.73,5.32,4.33,12673.0,Neutral,Easing,Slowdown,Neutral_Easing_Slowdown,False,False,False,False,0,False,US,,,
2025-02-04,17.209999084472656,0.0,3.08,5.29,0.0,12673.0,Neutral,Neutral,Slowdown,Neutral_Neutral_Slowdown,False,False,False,False,0,False,EU,,,
2025-02-04,17.209999084472656,0.31,2.71,5.29,4.33,12673.0,Neutral,Easing,Expansion,Neutral_Easing_Expansion,False,False,False,False,0,False,US,,,
2025-02-05,15.770000457763672,0.0,3.03,5.23,0.0,12673.0,Risk-On,Neutral,Slowdown,RiskOn_Neutral_Slowdown,False,False,False,False,0,False,EU,,,
2025-02-05,15.770000457763672,0.26,2.69,5.23,4.33,12673.0,Risk-On,Easing,Slowdown,RiskOn_Easing_Slowdown,False,False,False,False,0,False,US,,,
2025-02-06,15.5,0.24,2.66,5.25,4.33,12673.0,Risk-On,Easing,Slowdown,RiskOn_Easing_Slowdown,False,False,False,False,0,False,US,,,
2025-02-06,15.5,0.0,2.97,5.25,0.0,12673.0,Risk-On,Neutral,Slowdown,RiskOn_Neutral_Slowdown,False,False,False,False,0,False,EU,,,
2025-02-07,16.540000915527344,0.2,2.67,5.31,4.33,12673.0,Risk-On,Easing,Slowdown,RiskOn_Easing_Slowdown,False,False,False,False,0,False,US,,,
2025-02-07,16.540000915527344,0.0,2.96,5.31,0.0,12673.0,Risk-On,Neutral,Slowdown,RiskOn_Neutral_Slowdown,False,False,False,False,0,False,EU,,,
2025-02-10,15.8100004196167,0.23,2.66,5.31,4.33,12673.0,Risk-On,Easing,Slowdown,RiskOn_Easing_Slowdown,False,False,False,False,0,False,US,,,
2025-02-10,15.8100004196167,0.0,2.99,5.31,0.0,12673.0,Risk-On,Neutral,Slowdown,RiskOn_Neutral_Slowdown,False,False,False,False,0,False,EU,,,
2025-02-11,16.020000457763672,0.0,2.92,5.33,0.0,12673.0,Risk-On,Neutral,Slowdown,RiskOn_Neutral_Slowdown,False,False,False,False,0,False,EU,,,
2025-02-11,16.020000457763672,0.25,2.66,5.33,4.33,12673.0,Risk-On,Easing,Slowdown,RiskOn_Easing_Slowdown,False,False,False,False,0,False,US,,,
2025-02-12,15.890000343322754,0.26,2.65,5.4,4.33,12673.0,Risk-On,Easing,Slowdown,RiskOn_Easing_Slowdown,False,False,False,False,0,False,US,,,
2025-02-12,15.890000343322754,0.0,2.98,5.4,0.0,12673.0,Risk-On,Neutral,Slowdown,RiskOn_Neutral_Slowdown,False,False,False,False,0,False,EU,,,
2025-02-13,15.100000381469728,0.21,2.65,5.31,4.33,12673.0,Risk-On,Easing,Slowdown,RiskOn_Easing_Slowdown,False,False,False,False,0,False,US,,,
2025-02-13,15.100000381469728,0.0,2.97,5.31,0.0,12673.0,Risk-On,Neutral,Slowdown,RiskOn_Neutral_Slowdown,False,False,False,False,0,False,EU,,,
2025-02-14,14.770000457763672,0.0,2.92,5.26,0.0,12673.0,Risk-On,Neutral,Slowdown,RiskOn_Neutral_Slowdown,False,False,False,False,0,False,EU,,,
2025-02-14,14.770000457763672,0.21,2.62,5.26,4.33,12673.0,Risk-On,Easing,Slowdown,RiskOn_Easing_Slowdown,False,False,False,False,0,False,US,,,
2025-02-17,14.770000457763672,0.21,2.62,5.26,4.33,12673.0,Risk-On,Easing,Slowdown,RiskOn_Easing_Slowdown,False,False,False,False,0,False,US,,,
2025-02-17,14.770000457763672,0.0,2.89,5.26,0.0,12673.0,Risk-On,Neutral,Slowdown,RiskOn_Neutral_Slowdown,False,False,False,False,0,False,EU,,,
2025-02-18,15.350000381469728,0.26,2.62,5.3,4.33,12673.0,Risk-On,Easing,Slowdown,RiskOn_Easing_Slowdown,False,False,False,False,0,False,US,,,
2025-02-18,15.350000381469728,0.0,2.76,5.3,0.0,12673.0,Risk-On,Neutral,Slowdown,RiskOn_Neutral_Slowdown,False,False,False,False,0,False,EU,,,
2025-02-19,15.270000457763672,0.25,2.68,5.28,4.33,12673.0,Neutral,Easing,Slowdown,Neutral_Easing_Slowdown,False,False,False,False,0,False,US,,,
2025-02-19,15.270000457763672,0.0,2.74,5.28,0.0,12673.0,Neutral,Neutral,Slowdown,Neutral_Neutral_Slowdown,False,False,False,False,0,False,EU,,,
2025-02-20,15.65999984741211,0.22,2.66,5.27,4.33,12673.0,Neutral,Easing,Slowdown,Neutral_Easing_Slowdown,False,False,False,False,0,False,US,,,
2025-02-20,15.65999984741211,0.0,2.76,5.27,0.0,12673.0,Neutral,Neutral,Slowdown,Neutral_Neutral_Slowdown,False,False,False,False,0,False,EU,,,
2025-02-21,18.209999084472656,0.0,2.8,5.21,0.0,12673.0,Neutral,Neutral,Slowdown,Neutral_Neutral_Slowdown,False,False,False,False,0,False,EU,,,
2025-02-21,18.209999084472656,0.23,2.78,5.21,4.33,12673.0,Neutral,Easing,Slowdown,Neutral_Easing_Slowdown,False,False,False,False,0,False,US,,,
2025-02-24,18.979999542236328,0.27,2.78,5.19,4.33,12673.0,Neutral,Easing,Slowdown,Neutral_Easing_Slowdown,False,False,False,False,0,False,US,,,
2025-02-24,18.979999542236328,0.0,2.81,5.19,0.0,12673.0,Neutral,Neutral,Slowdown,Neutral_Neutral_Slowdown,False,False,False,False,0,False,EU,,,
2025-02-25,19.43000030517578,0.0,2.81,5.12,0.0,12673.0,Neutral,Neutral,Slowdown,Neutral_Neutral_Slowdown,False,False,False,False,0,False,EU,,,
2025-02-25,19.43000030517578,0.23,2.84,5.12,4.33,12673.0,Neutral,Easing,Slowdown,Neutral_Easing_Slowdown,False,False,False,False,0,False,US,,,
2025-02-26,19.100000381469727,0.2,2.81,5.09,4.33,12673.0,Neutral,Easing,Slowdown,Neutral_Easing_Slowdown,False,False,False,False,0,False,US,,,
2025-02-26,19.100000381469727,0.0,2.8,5.09,0.0,12673.0,Neutral,Neutral,Slowdown,Neutral_Neutral_Slowdown,False,False,False,False,0,False,EU,,,
2025-02-27,21.1299991607666,0.22,2.81,5.11,4.33,12673.0,Neutral,Easing,Slowdown,Neutral_Easing_Slowdown,False,False,False,False,0,False,US,,,
2025-02-27,21.1299991607666,0.0,2.8,5.11,0.0,12673.0,Neutral,Neutral,Slowdown,Neutral_Neutral_Slowdown,False,False,False,False,0,False,EU,,,
2025-02-28,19.6299991607666,0.25,2.87,5.09,4.33,12673.0,Neutral,Easing,Slowdown,Neutral_Easing_Slowdown,False,False,False,False,0,False,US,,,
2025-02-28,19.6299991607666,0.0,2.89,5.09,0.0,12673.0,Neutral,Neutral,Slowdown,Neutral_Neutral_Slowdown,False,False,False,False,0,False,EU,,,
2025-03-03,22.780000686645508,0.0,2.8,5.06,0.0,12673.0,Neutral,Neutral,Slowdown,Neutral_Neutral_Slowdown,True,False,False,False,1,False,EU,,,
2025-03-03,22.780000686645508,0.2,2.94,5.06,4.33,12673.0,Neutral,Easing,Slowdown,Neutral_Easing_Slowdown,True,False,False,False,1,False,US,,,
2025-03-04,23.51000022888184,0.26,2.99,5.1,4.33,12673.0,Neutral,Easing,Slowdown,Neutral_Easing_Slowdown,True,False,False,False,1,False,US,,,
2025-03-04,23.51000022888184,0.0,2.9,5.1,0.0,12673.0,Neutral,Neutral,Slowdown,Neutral_Neutral_Slowdown,True,False,False,False,1,False,EU,,,
2025-03-05,21.93000030517578,0.29,2.88,5.14,4.33,12673.0,Neutral,Easing,Slowdown,Neutral_Easing_Slowdown,False,False,False,False,0,False,US,,,
2025-03-05,21.93000030517578,0.0,2.74,5.14,0.0,12673.0,Neutral,Neutral,Slowdown,Neutral_Neutral_Slowdown,False,False,False,False,0,False,EU,,,
2025-03-06,24.8700008392334,0.0,2.82,5.15,0.0,12673.0,Neutral,Neutral,Slowdown,Neutral_Neutral_Slowdown,True,False,False,False,1,False,EU,,,
2025-03-06,24.8700008392334,0.33,2.99,5.15,4.33,12673.0,Neutral,Easing,Expansion,Neutral_Easing_Expansion,True,False,False,False,1,False,US,,,
2025-03-07,23.3700008392334,0.33,2.97,5.18,4.33,12673.0,Neutral,Easing,Expansion,Neutral_Easing_Expansion,True,False,False,False,1,False,US,,,
2025-03-07,23.3700008392334,0.0,2.89,5.18,0.0,12673.0,Neutral,Neutral,Slowdown,Neutral_Neutral_Slowdown,True,False,False,False,1,False,EU,,,
2025-03-10,27.86000061035156,0.0,2.95,5.12,0.0,12673.0,Neutral,Neutral,Slowdown,Neutral_Neutral_Slowdown,True,False,False,False,1,False,EU,,,
2025-03-10,27.86000061035156,0.33,3.16,5.12,4.33,12673.0,Neutral,Easing,Expansion,Neutral_Easing_Expansion,True,False,False,False,1,False,US,,,
2025-03-11,26.920000076293945,0.0,2.99,5.19,0.0,12673.0,Neutral,Neutral,Slowdown,Neutral_Neutral_Slowdown,True,False,False,False,1,False,EU,,,
2025-03-11,26.920000076293945,0.34,3.22,5.19,4.33,12673.0,Neutral,Easing,Expansion,Neutral_Easing_Expansion,True,False,True,False,2,True,US,,,
2025-03-12,24.229999542236328,0.0,3.0,5.23,0.0,12673.0,Neutral,Neutral,Slowdown,Neutral_Neutral_Slowdown,False,False,False,False,0,False,EU,,,
2025-03-12,24.229999542236328,0.31,3.2,5.23,4.33,12673.0,Neutral,Easing,Expansion,Neutral_Easing_Expansion,False,False,True,False,1,False,US,,,
2025-03-13,24.65999984741211,0.0,3.1,5.21,0.0,12673.0,Neutral,Neutral,Slowdown,Neutral_Neutral_Slowdown,False,False,False,False,0,False,EU,,,
2025-03-13,24.65999984741211,0.33,3.4,5.21,4.33,12673.0,Neutral,Easing,Expansion,Neutral_Easing_Expansion,False,False,True,False,1,False,US,,,
2025-03-14,21.770000457763672,0.0,3.14,5.23,0.0,12673.0,Neutral,Neutral,Slowdown,Neutral_Neutral_Slowdown,False,False,False,False,0,False,EU,,,
2025-03-14,21.770000457763672,0.29,3.25,5.23,4.33,12673.0,Neutral,Easing,Slowdown,Neutral_Easing_Slowdown,False,False,True,False,1,False,US,,,
2025-03-17,20.51000022888184,0.0,3.14,5.22,0.0,12673.0,Neutral,Neutral,Slowdown,Neutral_Neutral_Slowdown,False,False,False,False,0,False,EU,,,
2025-03-17,20.51000022888184,0.25,3.18,5.22,4.33,12673.0,Neutral,Easing,Slowdown,Neutral_Easing_Slowdown,False,False,True,False,1,False,US,,,
2025-03-18,21.700000762939453,0.0,3.08,5.2,0.0,12673.0,Neutral,Neutral,Slowdown,Neutral_Neutral_Slowdown,False,False,False,False,0,False,EU,,,
2025-03-18,21.700000762939453,0.25,3.23,5.2,4.33,12673.0,Neutral,Easing,Slowdown,Neutral_Easing_Slowdown,False,False,True,False,1,False,US,,,
2025-03-19,19.89999961853028,0.26,3.19,5.14,4.33,12673.0,Neutral,Easing,Slowdown,Neutral_Easing_Slowdown,False,False,True,False,1,False,US,,,
2025-03-19,19.89999961853028,0.0,3.07,5.14,0.0,12673.0,Neutral,Neutral,Slowdown,Neutral_Neutral_Slowdown,False,False,False,False,0,False,EU,,,
2025-03-20,19.799999237060547,0.29,3.17,5.12,4.33,12673.0,Neutral,Easing,Slowdown,Neutral_Easing_Slowdown,False,False,False,False,0,False,US,,,
2025-03-20,19.799999237060547,0.0,3.04,5.12,0.0,12673.0,Neutral,Neutral,Slowdown,Neutral_Neutral_Slowdown,False,False,False,False,0,False,EU,,,
2025-03-21,19.280000686645508,0.0,3.08,5.14,0.0,12673.0,Neutral,Neutral,Slowdown,Neutral_Neutral_Slowdown,False,False,False,False,0,False,EU,,,
2025-03-21,19.280000686645508,0.31,3.21,5.14,4.33,12673.0,Neutral,Easing,Expansion,Neutral_Easing_Expansion,False,False,True,False,1,False,US,,,
2025-03-24,17.479999542236328,0.3,3.05,5.2,4.33,12673.0,Risk-On,Easing,Slowdown,RiskOn_Easing_Slowdown,False,False,False,False,0,False,US,,,
2025-03-24,17.479999542236328,0.0,3.09,5.2,0.0,12673.0,Risk-On,Neutral,Slowdown,RiskOn_Neutral_Slowdown,False,False,False,False,0,False,EU,,,
2025-03-25,17.149999618530273,0.35,3.09,5.17,4.33,12673.0,Risk-On,Easing,Expansion,RiskOn_Easing_Expansion,False,False,False,False,0,False,US,,,
2025-03-25,17.149999618530273,0.0,3.08,5.17,0.0,12673.0,Risk-On,Neutral,Slowdown,RiskOn_Neutral_Slowdown,False,False,False,False,0,False,EU,,,
2025-03-26,18.32999992370605,0.37,3.19,5.21,4.33,12673.0,Risk-On,Easing,Expansion,RiskOn_Easing_Expansion,False,False,False,False,0,False,US,,,
2025-03-26,18.32999992370605,0.0,3.09,5.21,0.0,12673.0,Risk-On,Neutral,Slowdown,RiskOn_Neutral_Slowdown,False,False,False,False,0,False,EU,,,
2025-03-27,18.690000534057617,0.41,3.27,5.22,4.33,12673.0,Risk-On,Easing,Expansion,RiskOn_Easing_Expansion,False,False,False,False,0,False,US,,,
2025-03-27,18.690000534057617,0.0,3.21,5.22,0.0,12673.0,Risk-On,Neutral,Slowdown,RiskOn_Neutral_Slowdown,False,False,False,False,0,False,EU,,,
2025-03-28,21.64999961853028,0.38,3.47,5.15,4.33,12673.0,Neutral,Easing,Expansion,Neutral_Easing_Expansion,False,False,True,False,1,False,US,,,
2025-03-28,21.64999961853028,0.0,3.27,5.15,0.0,12673.0,Neutral,Neutral,Slowdown,Neutral_Neutral_Slowdown,False,False,False,False,0,False,EU,,,
2025-03-31,22.280000686645508,0.34,3.55,5.16,4.33,12673.0,Neutral,Neutral,Expansion,Neutral_Neutral_Expansion,True,False,True,False,2,True,US,,,
2025-03-31,22.280000686645508,0.0,3.28,5.16,0.0,12673.0,Neutral,Neutral,Slowdown,Neutral_Neutral_Slowdown,True,False,False,False,1,False,EU,,,
2025-04-01,21.770000457763672,0.0,3.29,5.13,0.0,12662.0,Risk-On,Neutral,Slowdown,RiskOn_Neutral_Slowdown,False,False,False,False,0,False,EU,,,
2025-04-01,21.770000457763672,0.3,3.5,5.13,4.33,12662.0,Neutral,Neutral,Slowdown,Neutral_Neutral_Slowdown,False,False,True,False,1,False,US,,,
2025-04-02,21.51000022888184,0.0,3.29,5.14,0.0,12662.0,Risk-On,Neutral,Slowdown,RiskOn_Neutral_Slowdown,False,False,False,False,0,False,EU,,,
2025-04-02,21.51000022888184,0.29,3.42,5.14,4.33,12662.0,Neutral,Neutral,Slowdown,Neutral_Neutral_Slowdown,False,False,False,False,0,False,US,,,
2025-04-03,30.020000457763672,0.35,4.01,5.09,4.33,12662.0,Risk-Off,Neutral,Expansion,RiskOff_Neutral_Expansion,True,False,True,False,2,True,US,,,
2025-04-03,30.020000457763672,0.0,3.5,5.09,0.0,12662.0,Risk-Off,Neutral,Slowdown,RiskOff_Neutral_Slowdown,True,False,True,False,2,True,EU,,,
2025-04-04,45.310001373291016,0.0,3.79,5.14,0.0,12662.0,Risk-Off,Neutral,Slowdown,RiskOff_Neutral_Slowdown,True,False,True,False,2,True,EU,,,
2025-04-04,45.310001373291016,0.33,4.45,5.14,4.33,12662.0,Risk-Off,Neutral,Slowdown,RiskOff_Neutral_Slowdown,True,False,True,False,2,True,US,,,
2025-04-07,46.97999954223633,0.0,4.19,5.35,0.0,12662.0,Risk-Off,Neutral,Slowdown,RiskOff_Neutral_Slowdown,True,False,True,False,2,True,EU,,,
2025-04-07,46.97999954223633,0.42,4.61,5.35,4.33,12662.0,Risk-Off,Neutral,Expansion,RiskOff_Neutral_Expansion,True,False,True,False,2,True,US,,,
2025-04-08,52.33000183105469,0.0,4.03,5.38,0.0,12662.0,Risk-Off,Neutral,Slowdown,RiskOff_Neutral_Slowdown,True,False,True,False,2,True,EU,,,
2025-04-08,52.33000183105469,0.55,4.57,5.38,4.33,12662.0,Risk-Off,Neutral,Expansion,RiskOff_Neutral_Expansion,True,False,True,False,2,True,US,,,
2025-04-09,33.619998931884766,0.0,4.29,5.47,0.0,12662.0,Risk-Off,Neutral,Slowdown,RiskOff_Neutral_Slowdown,True,False,True,False,2,True,EU,,,
2025-04-09,33.619998931884766,0.43,4.37,5.47,4.33,12662.0,Risk-Off,Neutral,Expansion,RiskOff_Neutral_Expansion,True,False,True,False,2,True,US,,,
2025-04-10,40.720001220703125,0.56,4.42,5.5,4.33,12662.0,Risk-Off,Neutral,Expansion,RiskOff_Neutral_Expansion,True,False,True,False,2,True,US,,,
2025-04-10,40.720001220703125,0.0,3.95,5.5,0.0,12662.0,Risk-Off,Neutral,Slowdown,RiskOff_Neutral_Slowdown,True,False,True,False,2,True,EU,,,
2025-04-11,37.560001373291016,0.52,4.26,5.57,4.33,12662.0,Risk-Off,Neutral,Expansion,RiskOff_Neutral_Expansion,True,False,True,False,2,True,US,,,
2025-04-11,37.560001373291016,0.0,4.12,5.57,0.0,12662.0,Risk-Off,Neutral,Slowdown,RiskOff_Neutral_Slowdown,True,False,True,False,2,True,EU,,,
2025-04-14,30.88999938964844,0.0,4.04,5.44,0.0,12662.0,Risk-Off,Neutral,Slowdown,RiskOff_Neutral_Slowdown,False,False,True,False,1,False,EU,,,
2025-04-14,30.88999938964844,0.54,4.14,5.44,4.33,12662.0,Risk-Off,Neutral,Expansion,RiskOff_Neutral_Expansion,False,False,True,False,1,False,US,,,
2025-04-15,30.1200008392334,0.51,4.09,5.4,4.33,12662.0,Risk-Off,Neutral,Expansion,RiskOff_Neutral_Expansion,False,False,True,False,1,False,US,,,
2025-04-15,30.1200008392334,0.0,3.92,5.4,0.0,12662.0,Risk-Off,Neutral,Slowdown,RiskOff_Neutral_Slowdown,False,False,True,False,1,False,EU,,,
2025-04-16,32.63999938964844,0.52,4.16,5.33,4.33,12662.0,Risk-Off,Neutral,Expansion,RiskOff_Neutral_Expansion,False,False,True,False,1,False,US,,,
2025-04-16,32.63999938964844,0.0,3.91,5.33,0.0,12662.0,Risk-Off,Neutral,Slowdown,RiskOff_Neutral_Slowdown,False,False,True,False,1,False,EU,,,
2025-04-17,29.64999961853028,0.0,3.87,5.35,0.0,12662.0,Neutral,Neutral,Slowdown,Neutral_Neutral_Slowdown,False,False,True,False,1,False,EU,,,
2025-04-17,29.64999961853028,0.53,4.02,5.35,4.33,12662.0,Risk-Off,Neutral,Expansion,RiskOff_Neutral_Expansion,False,False,True,False,1,False,US,,,
2025-04-18,29.64999961853028,0.0,3.87,5.35,0.0,12662.0,Neutral,Neutral,Slowdown,Neutral_Neutral_Slowdown,False,False,True,False,1,False,EU,,,
2025-04-18,29.64999961853028,0.53,4.02,5.35,4.33,12662.0,Risk-Off,Neutral,Expansion,RiskOff_Neutral_Expansion,False,False,True,False,1,False,US,,,
2025-04-21,33.81999969482422,0.67,4.16,5.41,4.33,12662.0,Risk-Off,Neutral,Expansion,RiskOff_Neutral_Expansion,False,False,True,False,1,False,US,,,
2025-04-21,33.81999969482422,0.0,3.87,5.41,0.0,12662.0,Risk-Off,Neutral,Slowdown,RiskOff_Neutral_Slowdown,False,False,True,False,1,False,EU,,,
2025-04-22,30.56999969482422,0.65,3.99,5.4,4.33,12662.0,Risk-Off,Neutral,Expansion,RiskOff_Neutral_Expansion,False,False,True,False,1,False,US,,,
2025-04-22,30.56999969482422,0.0,3.86,5.4,0.0,12662.0,Risk-Off,Neutral,Slowdown,RiskOff_Neutral_Slowdown,False,False,True,False,1,False,EU,,,
2025-04-23,28.450000762939453,0.59,3.75,5.37,4.33,12662.0,Risk-Off,Neutral,Expansion,RiskOff_Neutral_Expansion,False,False,True,False,1,False,US,,,
2025-04-23,28.450000762939453,0.0,3.58,5.37,0.0,12662.0,Neutral,Neutral,Slowdown,Neutral_Neutral_Slowdown,False,False,True,False,1,False,EU,,,
2025-04-24,26.46999931335449,0.0,3.6,5.28,0.0,12662.0,Neutral,Neutral,Slowdown,Neutral_Neutral_Slowdown,False,False,True,False,1,False,EU,,,
2025-04-24,26.46999931335449,0.55,3.73,5.28,4.33,12662.0,Neutral,Neutral,Expansion,Neutral_Neutral_Expansion,False,False,True,False,1,False,US,,,
2025-04-25,24.84000015258789,0.55,3.67,5.22,4.33,12662.0,Neutral,Neutral,Expansion,Neutral_Neutral_Expansion,False,False,False,False,0,False,US,,,
2025-04-25,24.84000015258789,0.0,3.54,5.22,0.0,12662.0,Neutral,Neutral,Slowdown,Neutral_Neutral_Slowdown,False,False,False,False,0,False,EU,,,
2025-04-28,25.14999961853028,0.56,3.73,5.16,4.33,12662.0,Neutral,Neutral,Expansion,Neutral_Neutral_Expansion,False,False,False,False,0,False,US,,,
2025-04-28,25.14999961853028,0.0,3.51,5.16,0.0,12662.0,Neutral,Neutral,Slowdown,Neutral_Neutral_Slowdown,False,False,False,False,0,False,EU,,,
2025-04-29,24.170000076293945,0.0,3.52,5.14,0.0,12662.0,Neutral,Neutral,Slowdown,Neutral_Neutral_Slowdown,False,False,False,False,0,False,EU,,,
2025-04-29,24.170000076293945,0.54,3.74,5.14,4.33,12662.0,Neutral,Neutral,Expansion,Neutral_Neutral_Expansion,False,False,False,False,0,False,US,,,
2025-04-30,24.700000762939453,0.57,3.94,5.16,4.33,12662.0,Neutral,Neutral,Expansion,Neutral_Neutral_Expansion,False,False,False,False,0,False,US,,,
2025-04-30,24.700000762939453,0.0,3.7,5.16,0.0,12662.0,Neutral,Neutral,Slowdown,Neutral_Neutral_Slowdown,False,False,False,False,0,False,EU,,,
2025-05-01,24.600000381469727,0.0,3.7,5.23,0.0,12651.0,Neutral,Neutral,Slowdown,Neutral_Neutral_Slowdown,False,False,False,False,0,False,EU,,,
2025-05-01,24.600000381469727,0.55,3.78,5.23,4.33,12651.0,Neutral,Neutral,Expansion,Neutral_Neutral_Expansion,False,False,False,False,0,False,US,,,
2025-05-02,22.68000030517578,0.0,3.65,5.3,0.0,12651.0,Neutral,Neutral,Slowdown,Neutral_Neutral_Slowdown,False,False,False,False,0,False,EU,,,
2025-05-02,22.68000030517578,0.5,3.6,5.3,4.33,12651.0,Neutral,Neutral,Expansion,Neutral_Neutral_Expansion,False,False,False,False,0,False,US,,,
2025-05-05,23.63999938964844,0.0,3.65,5.31,0.0,12651.0,Neutral,Neutral,Slowdown,Neutral_Neutral_Slowdown,False,False,False,False,0,False,EU,,,
2025-05-05,23.63999938964844,0.53,3.6,5.31,4.33,12651.0,Neutral,Neutral,Expansion,Neutral_Neutral_Expansion,False,False,False,False,0,False,US,,,
2025-05-06,24.76000022888184,0.52,3.66,5.28,4.33,12651.0,Neutral,Neutral,Expansion,Neutral_Neutral_Expansion,False,False,False,False,0,False,US,,,
2025-05-06,24.76000022888184,0.0,3.63,5.28,0.0,12651.0,Neutral,Neutral,Slowdown,Neutral_Neutral_Slowdown,False,False,False,False,0,False,EU,,,
2025-05-07,23.549999237060547,0.48,3.67,5.25,4.33,12651.0,Neutral,Neutral,Expansion,Neutral_Neutral_Expansion,False,False,False,False,0,False,US,,,
2025-05-07,23.549999237060547,0.0,3.62,5.25,0.0,12651.0,Neutral,Neutral,Slowdown,Neutral_Neutral_Slowdown,False,False,False,False,0,False,EU,,,
2025-05-08,22.479999542236328,0.47,3.51,5.32,4.33,12651.0,Neutral,Neutral,Expansion,Neutral_Neutral_Expansion,False,False,False,False,0,False,US,,,
2025-05-08,22.479999542236328,0.0,3.55,5.32,0.0,12651.0,Neutral,Neutral,Slowdown,Neutral_Neutral_Slowdown,False,False,False,False,0,False,EU,,,
2025-05-09,21.89999961853028,0.0,3.49,5.31,0.0,12651.0,Risk-On,Neutral,Slowdown,RiskOn_Neutral_Slowdown,False,False,False,False,0,False,EU,,,
2025-05-09,21.89999961853028,0.49,3.53,5.31,4.33,12651.0,Neutral,Neutral,Expansion,Neutral_Neutral_Expansion,False,False,False,False,0,False,US,,,
2025-05-12,18.38999938964844,0.47,3.15,5.36,4.33,12651.0,Risk-On,Neutral,Expansion,RiskOn_Neutral_Expansion,False,False,False,False,0,False,US,,,
2025-05-12,18.38999938964844,0.0,3.27,5.36,0.0,12651.0,Risk-On,Neutral,Slowdown,RiskOn_Neutral_Slowdown,False,False,False,False,0,False,EU,,,
2025-05-13,18.21999931335449,0.47,3.09,5.34,4.33,12651.0,Risk-On,Neutral,Expansion,RiskOn_Neutral_Expansion,False,False,False,False,0,False,US,,,
2025-05-13,18.21999931335449,0.0,3.23,5.34,0.0,12651.0,Risk-On,Neutral,Slowdown,RiskOn_Neutral_Slowdown,False,False,False,False,0,False,EU,,,
2025-05-14,18.6200008392334,0.48,3.1,5.37,4.33,12651.0,Risk-On,Neutral,Expansion,RiskOn_Neutral_Expansion,False,False,False,False,0,False,US,,,
2025-05-14,18.6200008392334,0.0,3.19,5.37,0.0,12651.0,Risk-On,Neutral,Slowdown,RiskOn_Neutral_Slowdown,False,False,False,False,0,False,EU,,,
2025-05-15,17.829999923706055,0.0,3.28,5.3,0.0,12651.0,Risk-On,Neutral,Slowdown,RiskOn_Neutral_Slowdown,False,False,False,False,0,False,EU,,,
2025-05-15,17.829999923706055,0.49,3.2,5.3,4.33,12651.0,Risk-On,Neutral,Expansion,RiskOn_Neutral_Expansion,False,False,False,False,0,False,US,,,
2025-05-16,17.239999771118164,0.45,3.16,5.29,4.33,12651.0,Risk-On,Neutral,Expansion,RiskOn_Neutral_Expansion,False,False,False,False,0,False,US,,,
2025-05-16,17.239999771118164,0.0,3.3,5.29,0.0,12651.0,Risk-On,Neutral,Slowdown,RiskOn_Neutral_Slowdown,False,False,False,False,0,False,EU,,,
2025-05-19,18.13999938964844,0.0,3.32,5.28,0.0,12651.0,Risk-On,Neutral,Slowdown,RiskOn_Neutral_Slowdown,False,False,False,False,0,False,EU,,,
2025-05-19,18.13999938964844,0.49,3.21,5.28,4.33,12651.0,Risk-On,Neutral,Expansion,RiskOn_Neutral_Expansion,False,False,False,False,0,False,US,,,
2025-05-20,18.09000015258789,0.0,3.28,5.28,0.0,12651.0,Risk-On,Neutral,Slowdown,RiskOn_Neutral_Slowdown,False,False,False,False,0,False,EU,,,
2025-05-20,18.09000015258789,0.51,3.2,5.28,4.33,12651.0,Risk-On,Neutral,Expansion,RiskOn_Neutral_Expansion,False,False,False,False,0,False,US,,,
2025-05-21,20.8700008392334,0.58,3.25,5.37,4.33,12651.0,Neutral,Neutral,Expansion,Neutral_Neutral_Expansion,False,False,False,False,0,False,US,,,
2025-05-21,20.8700008392334,0.0,3.26,5.37,0.0,12651.0,Risk-On,Neutral,Slowdown,RiskOn_Neutral_Slowdown,False,False,False,False,0,False,EU,,,
2025-05-22,20.280000686645508,0.54,3.32,5.34,4.33,12651.0,Neutral,Neutral,Expansion,Neutral_Neutral_Expansion,False,False,False,False,0,False,US,,,
2025-05-22,20.280000686645508,0.0,3.31,5.34,0.0,12651.0,Risk-On,Neutral,Slowdown,RiskOn_Neutral_Slowdown,False,False,False,False,0,False,EU,,,
2025-05-23,22.290000915527344,0.51,3.4,5.33,4.33,12651.0,Neutral,Neutral,Expansion,Neutral_Neutral_Expansion,True,False,False,False,1,False,US,,,
2025-05-23,22.290000915527344,0.0,3.42,5.33,0.0,12651.0,Neutral,Neutral,Slowdown,Neutral_Neutral_Slowdown,True,False,False,False,1,False,EU,,,
2025-05-26,22.290000915527344,0.51,3.4,5.33,4.33,12651.0,Neutral,Neutral,Expansion,Neutral_Neutral_Expansion,True,False,False,False,1,False,US,,,
2025-05-26,22.290000915527344,0.0,3.41,5.33,0.0,12651.0,Neutral,Neutral,Slowdown,Neutral_Neutral_Slowdown,True,False,False,False,1,False,EU,,,
2025-05-27,18.959999084472656,0.51,3.24,5.27,4.33,12651.0,Risk-On,Neutral,Expansion,RiskOn_Neutral_Expansion,False,False,False,False,0,False,US,,,
2025-05-27,18.959999084472656,0.0,3.37,5.27,0.0,12651.0,Risk-On,Neutral,Slowdown,RiskOn_Neutral_Slowdown,False,False,False,False,0,False,EU,,,
2025-05-28,19.309999465942383,0.0,3.33,5.29,0.0,12651.0,Risk-On,Neutral,Slowdown,RiskOn_Neutral_Slowdown,False,False,False,False,0,False,EU,,,
2025-05-28,19.309999465942383,0.51,3.23,5.29,4.33,12651.0,Risk-On,Neutral,Expansion,RiskOn_Neutral_Expansion,False,False,False,False,0,False,US,,,
2025-05-29,19.18000030517578,0.0,3.28,5.24,0.0,12651.0,Risk-On,Neutral,Slowdown,RiskOn_Neutral_Slowdown,False,False,False,False,0,False,EU,,,
2025-05-29,19.18000030517578,0.51,3.22,5.24,4.33,12651.0,Risk-On,Neutral,Expansion,RiskOn_Neutral_Expansion,False,False,False,False,0,False,US,,,
2025-05-30,18.56999969482422,0.0,3.26,5.21,0.0,12651.0,Risk-On,Neutral,Slowdown,RiskOn_Neutral_Slowdown,False,False,False,False,0,False,EU,,,
2025-05-30,18.56999969482422,0.52,3.31,5.21,4.33,12651.0,Risk-On,Neutral,Expansion,RiskOn_Neutral_Expansion,False,False,False,False,0,False,US,,,
2025-06-02,18.36000061035156,0.0,3.26,5.27,0.0,12651.0,Risk-On,Neutral,Slowdown,RiskOn_Neutral_Slowdown,False,False,False,False,0,False,EU,,,
2025-06-02,18.36000061035156,0.52,3.27,5.27,4.33,12651.0,Risk-On,Neutral,Expansion,RiskOn_Neutral_Expansion,False,False,False,False,0,False,US,,,
2025-06-03,17.690000534057617,0.0,3.23,5.26,0.0,12651.0,Risk-On,Neutral,Slowdown,RiskOn_Neutral_Slowdown,False,False,False,False,0,False,EU,,,
2025-06-03,17.690000534057617,0.5,3.19,5.26,4.33,12651.0,Risk-On,Neutral,Expansion,RiskOn_Neutral_Expansion,False,False,False,False,0,False,US,,,
2025-06-04,17.610000610351562,0.0,3.16,5.17,0.0,12651.0,Risk-On,Neutral,Slowdown,RiskOn_Neutral_Slowdown,False,False,False,False,0,False,EU,,,
2025-06-04,17.610000610351562,0.5,3.23,5.17,4.33,12651.0,Risk-On,Neutral,Expansion,RiskOn_Neutral_Expansion,False,False,False,False,0,False,US,,,
2025-06-05,18.479999542236328,0.0,3.06,5.21,0.0,12651.0,Risk-On,Neutral,Slowdown,RiskOn_Neutral_Slowdown,False,False,False,False,0,False,EU,,,
2025-06-05,18.479999542236328,0.48,3.18,5.21,4.33,12651.0,Risk-On,Neutral,Expansion,RiskOn_Neutral_Expansion,False,False,False,False,0,False,US,,,
2025-06-06,16.770000457763672,0.0,3.07,5.3,0.0,12651.0,Risk-On,Neutral,Slowdown,RiskOn_Neutral_Slowdown,False,False,False,False,0,False,EU,,,
2025-06-06,16.770000457763672,0.47,3.09,5.3,4.33,12651.0,Risk-On,Neutral,Expansion,RiskOn_Neutral_Expansion,False,False,False,False,0,False,US,,,
2025-06-09,17.15999984741211,0.48,3.12,5.27,4.33,12651.0,Risk-On,Neutral,Expansion,RiskOn_Neutral_Expansion,False,False,False,False,0,False,US,,,
2025-06-09,17.15999984741211,0.0,3.05,5.27,0.0,12651.0,Risk-On,Neutral,Slowdown,RiskOn_Neutral_Slowdown,False,False,False,False,0,False,EU,,,
2025-06-10,16.950000762939453,0.46,3.12,5.26,4.33,12651.0,Risk-On,Neutral,Expansion,RiskOn_Neutral_Expansion,False,False,False,False,0,False,US,,,
2025-06-10,16.950000762939453,0.0,3.06,5.26,0.0,12651.0,Risk-On,Neutral,Slowdown,RiskOn_Neutral_Slowdown,False,False,False,False,0,False,EU,,,
2025-06-11,17.260000228881836,0.0,3.04,5.2,0.0,12651.0,Risk-On,Neutral,Slowdown,RiskOn_Neutral_Slowdown,False,False,False,False,0,False,EU,,,
2025-06-11,17.260000228881836,0.47,3.12,5.2,4.33,12651.0,Risk-On,Neutral,Expansion,RiskOn_Neutral_Expansion,False,False,False,False,0,False,US,,,
2025-06-12,18.020000457763672,0.46,3.17,5.15,4.33,12651.0,Risk-On,Neutral,Expansion,RiskOn_Neutral_Expansion,False,False,False,False,0,False,US,,,
2025-06-12,18.020000457763672,0.0,3.09,5.15,0.0,12651.0,Risk-On,Neutral,Slowdown,RiskOn_Neutral_Slowdown,False,False,False,False,0,False,EU,,,
2025-06-13,20.81999969482422,0.45,3.18,5.21,4.33,12651.0,Neutral,Neutral,Expansion,Neutral_Neutral_Expansion,False,False,False,False,0,False,US,,,
2025-06-13,20.81999969482422,0.0,3.13,5.21,0.0,12651.0,Neutral,Neutral,Slowdown,Neutral_Neutral_Slowdown,False,False,False,False,0,False,EU,,,
2025-06-16,19.11000061035156,0.0,3.13,5.23,0.0,12651.0,Neutral,Neutral,Slowdown,Neutral_Neutral_Slowdown,False,False,False,False,0,False,EU,,,
2025-06-16,19.11000061035156,0.49,3.1,5.23,4.33,12651.0,Neutral,Neutral,Expansion,Neutral_Neutral_Expansion,False,False,False,False,0,False,US,,,
2025-06-17,21.600000381469727,0.45,3.17,5.19,4.33,12651.0,Neutral,Neutral,Expansion,Neutral_Neutral_Expansion,False,False,False,False,0,False,US,,,
2025-06-17,21.600000381469727,0.0,3.12,5.19,0.0,12651.0,Neutral,Neutral,Slowdown,Neutral_Neutral_Slowdown,False,False,False,False,0,False,EU,,,
2025-06-18,20.13999938964844,0.0,3.15,5.19,0.0,12651.0,Neutral,Neutral,Slowdown,Neutral_Neutral_Slowdown,False,False,False,False,0,False,EU,,,
2025-06-18,20.13999938964844,0.44,3.16,5.19,4.33,12651.0,Neutral,Neutral,Expansion,Neutral_Neutral_Expansion,False,False,False,False,0,False,US,,,
2025-06-19,20.13999938964844,0.0,3.22,5.19,0.0,12651.0,Risk-On,Neutral,Slowdown,RiskOn_Neutral_Slowdown,False,False,False,False,0,False,EU,,,
2025-06-19,20.13999938964844,0.44,3.16,5.19,4.33,12651.0,Neutral,Neutral,Expansion,Neutral_Neutral_Expansion,False,False,False,False,0,False,US,,,
2025-06-20,20.6200008392334,0.0,3.2,5.18,0.0,12651.0,Neutral,Neutral,Slowdown,Neutral_Neutral_Slowdown,False,False,False,False,0,False,EU,,,
2025-06-20,20.6200008392334,0.48,3.13,5.18,4.33,12651.0,Neutral,Neutral,Expansion,Neutral_Neutral_Expansion,False,False,False,False,0,False,US,,,
2025-06-23,19.82999992370605,0.5,3.12,5.14,4.33,12651.0,Risk-On,Neutral,Expansion,RiskOn_Neutral_Expansion,False,False,False,False,0,False,US,,,
2025-06-23,19.82999992370605,0.0,3.22,5.14,0.0,12651.0,Risk-On,Neutral,Slowdown,RiskOn_Neutral_Slowdown,False,False,False,False,0,False,EU,,,
2025-06-24,17.479999542236328,0.0,3.14,5.09,0.0,12651.0,Risk-On,Neutral,Slowdown,RiskOn_Neutral_Slowdown,False,False,False,False,0,False,EU,,,
2025-06-24,17.479999542236328,0.55,3.06,5.09,4.33,12651.0,Risk-On,Neutral,Expansion,RiskOn_Neutral_Expansion,False,False,False,False,0,False,US,,,
2025-06-25,16.760000228881836,0.55,3.04,5.08,4.33,12651.0,Risk-On,Neutral,Expansion,RiskOn_Neutral_Expansion,False,False,False,False,0,False,US,,,
2025-06-25,16.760000228881836,0.0,3.14,5.08,0.0,12651.0,Risk-On,Neutral,Slowdown,RiskOn_Neutral_Slowdown,False,False,False,False,0,False,EU,,,
2025-06-26,16.59000015258789,0.0,3.2,5.04,0.0,12651.0,Risk-On,Neutral,Slowdown,RiskOn_Neutral_Slowdown,False,False,False,False,0,False,EU,,,
2025-06-26,16.59000015258789,0.56,3.04,5.04,4.33,12651.0,Risk-On,Neutral,Expansion,RiskOn_Neutral_Expansion,False,False,False,False,0,False,US,,,
2025-06-27,16.31999969482422,0.0,3.19,5.07,0.0,12651.0,Risk-On,Neutral,Slowdown,RiskOn_Neutral_Slowdown,False,False,False,False,0,False,EU,,,
2025-06-27,16.31999969482422,0.56,3.02,5.07,4.33,12651.0,Risk-On,Neutral,Expansion,RiskOn_Neutral_Expansion,False,False,False,False,0,False,US,,,
2025-06-30,16.729999542236328,0.0,3.1,5.02,0.0,12651.0,Risk-On,Neutral,Slowdown,RiskOn_Neutral_Slowdown,False,False,False,False,0,False,EU,,,
2025-06-30,16.729999542236328,0.52,2.96,5.02,4.33,12651.0,Risk-On,Neutral,Expansion,RiskOn_Neutral_Expansion,False,False,False,False,0,False,US,,,
2025-07-01,16.829999923706055,0.48,2.91,5.03,4.33,12625.0,Risk-On,Neutral,Expansion,RiskOn_Neutral_Expansion,False,False,False,False,0,False,US,,,
2025-07-01,16.829999923706055,0.0,3.1,5.03,0.0,12625.0,Risk-On,Neutral,Slowdown,RiskOn_Neutral_Slowdown,False,False,False,False,0,False,EU,,,
2025-07-02,16.639999389648438,0.52,2.88,5.04,4.33,12625.0,Risk-On,Neutral,Expansion,RiskOn_Neutral_Expansion,False,False,False,False,0,False,US,,,
2025-07-02,16.639999389648438,0.0,3.05,5.04,0.0,12625.0,Risk-On,Neutral,Slowdown,RiskOn_Neutral_Slowdown,False,False,False,False,0,False,EU,,,
2025-07-03,16.3799991607666,0.0,3.02,5.07,0.0,12625.0,Risk-On,Neutral,Slowdown,RiskOn_Neutral_Slowdown,False,False,False,False,0,False,EU,,,
2025-07-03,16.3799991607666,0.47,2.8,5.07,4.33,12625.0,Risk-On,Neutral,Expansion,RiskOn_Neutral_Expansion,False,False,False,False,0,False,US,,,
2025-07-04,16.3799991607666,0.0,3.05,5.07,0.0,12625.0,Risk-On,Neutral,Slowdown,RiskOn_Neutral_Slowdown,False,False,False,False,0,False,EU,,,
2025-07-04,16.3799991607666,0.47,2.8,5.07,4.33,12625.0,Risk-On,Neutral,Slowdown,RiskOn_Neutral_Slowdown,False,False,False,False,0,False,US,,,
2025-07-07,17.790000915527344,0.0,3.02,5.12,0.0,12625.0,Neutral,Neutral,Slowdown,Neutral_Neutral_Slowdown,False,False,False,False,0,False,EU,,,
2025-07-07,17.790000915527344,0.5,2.86,5.12,4.33,12625.0,Neutral,Neutral,Expansion,Neutral_Neutral_Expansion,False,False,False,False,0,False,US,,,
2025-07-08,16.809999465942383,0.52,2.92,5.14,4.33,12625.0,Risk-On,Neutral,Slowdown,RiskOn_Neutral_Slowdown,False,False,False,False,0,False,US,,,
2025-07-08,16.809999465942383,0.0,2.98,5.14,0.0,12625.0,Risk-On,Neutral,Slowdown,RiskOn_Neutral_Slowdown,False,False,False,False,0,False,EU,,,
2025-07-09,15.9399995803833,0.0,2.95,5.09,0.0,12625.0,Risk-On,Neutral,Slowdown,RiskOn_Neutral_Slowdown,False,False,False,False,0,False,EU,,,
2025-07-09,15.9399995803833,0.48,2.94,5.09,4.33,12625.0,Risk-On,Neutral,Slowdown,RiskOn_Neutral_Slowdown,False,False,False,False,0,False,US,,,
2025-07-10,15.779999732971191,0.0,2.88,5.09,0.0,12625.0,Risk-On,Neutral,Slowdown,RiskOn_Neutral_Slowdown,False,False,False,False,0,False,EU,,,
2025-07-10,15.779999732971191,0.49,2.92,5.09,4.33,12625.0,Risk-On,Neutral,Slowdown,RiskOn_Neutral_Slowdown,False,False,False,False,0,False,US,,,
2025-07-11,16.399999618530273,0.53,2.97,5.15,4.33,12625.0,Risk-On,Neutral,Expansion,RiskOn_Neutral_Expansion,False,False,False,False,0,False,US,,,
2025-07-11,16.399999618530273,0.0,2.89,5.15,0.0,12625.0,Risk-On,Neutral,Slowdown,RiskOn_Neutral_Slowdown,False,False,False,False,0,False,EU,,,
2025-07-14,17.200000762939453,0.0,2.92,5.15,0.0,12625.0,Risk-On,Neutral,Slowdown,RiskOn_Neutral_Slowdown,False,False,False,False,0,False,EU,,,
2025-07-14,17.200000762939453,0.53,2.95,5.15,4.33,12625.0,Risk-On,Neutral,Expansion,RiskOn_Neutral_Expansion,False,False,False,False,0,False,US,,,
2025-07-15,17.3799991607666,0.0,2.93,5.18,0.0,12625.0,Risk-On,Neutral,Slowdown,RiskOn_Neutral_Slowdown,False,False,False,False,0,False,EU,,,
2025-07-15,17.3799991607666,0.55,2.95,5.18,4.33,12625.0,Risk-On,Neutral,Expansion,RiskOn_Neutral_Expansion,False,False,False,False,0,False,US,,,
2025-07-16,17.15999984741211,0.58,3.0,5.14,4.33,12625.0,Risk-On,Neutral,Expansion,RiskOn_Neutral_Expansion,False,False,False,False,0,False,US,,,
2025-07-16,17.15999984741211,0.0,2.98,5.14,0.0,12625.0,Risk-On,Neutral,Slowdown,RiskOn_Neutral_Slowdown,False,False,False,False,0,False,EU,,,
2025-07-17,16.520000457763672,0.0,2.97,5.14,0.0,12625.0,Risk-On,Neutral,Slowdown,RiskOn_Neutral_Slowdown,False,False,False,False,0,False,EU,,,
2025-07-17,16.520000457763672,0.56,2.91,5.14,4.33,12625.0,Risk-On,Neutral,Slowdown,RiskOn_Neutral_Slowdown,False,False,False,False,0,False,US,,,
2025-07-18,16.40999984741211,0.56,2.93,5.11,4.33,12625.0,Risk-On,Neutral,Slowdown,RiskOn_Neutral_Slowdown,False,False,False,False,0,False,US,,,
2025-07-18,16.40999984741211,0.0,2.95,5.11,0.0,12625.0,Risk-On,Neutral,Slowdown,RiskOn_Neutral_Slowdown,False,False,False,False,0,False,EU,,,
2025-07-21,16.649999618530273,0.53,2.89,5.07,4.33,12625.0,Risk-On,Neutral,Slowdown,RiskOn_Neutral_Slowdown,False,False,False,False,0,False,US,,,
2025-07-21,16.649999618530273,0.0,2.98,5.07,0.0,12625.0,Risk-On,Neutral,Slowdown,RiskOn_Neutral_Slowdown,False,False,False,False,0,False,EU,,,
2025-07-22,16.5,0.52,2.9,5.05,4.33,12625.0,Risk-On,Neutral,Slowdown,RiskOn_Neutral_Slowdown,False,False,False,False,0,False,US,,,
2025-07-22,16.5,0.0,2.99,5.05,0.0,12625.0,Risk-On,Neutral,Slowdown,RiskOn_Neutral_Slowdown,False,False,False,False,0,False,EU,,,
2025-07-23,15.369999885559082,0.52,2.83,5.08,4.33,12625.0,Risk-On,Neutral,Slowdown,RiskOn_Neutral_Slowdown,False,False,False,False,0,False,US,,,
2025-07-23,15.369999885559082,0.0,2.96,5.08,0.0,12625.0,Risk-On,Neutral,Slowdown,RiskOn_Neutral_Slowdown,False,False,False,False,0,False,EU,,,
2025-07-24,15.390000343322754,0.52,2.82,5.09,4.33,12625.0,Risk-On,Neutral,Slowdown,RiskOn_Neutral_Slowdown,False,False,False,False,0,False,US,,,
2025-07-24,15.390000343322754,0.0,2.82,5.09,0.0,12625.0,Risk-On,Neutral,Slowdown,RiskOn_Neutral_Slowdown,False,False,False,False,0,False,EU,,,
2025-07-25,14.93000030517578,0.49,2.84,5.07,4.33,12625.0,Risk-On,Neutral,Slowdown,RiskOn_Neutral_Slowdown,False,False,False,False,0,False,US,,,
2025-07-25,14.93000030517578,0.0,2.78,5.07,0.0,12625.0,Risk-On,Neutral,Slowdown,RiskOn_Neutral_Slowdown,False,False,False,False,0,False,EU,,,
2025-07-28,15.029999732971191,0.51,2.82,5.09,4.33,12625.0,Risk-On,Neutral,Slowdown,RiskOn_Neutral_Slowdown,False,False,False,False,0,False,US,,,
2025-07-28,15.029999732971191,0.0,2.75,5.09,0.0,12625.0,Risk-On,Neutral,Slowdown,RiskOn_Neutral_Slowdown,False,False,False,False,0,False,EU,,,
2025-07-29,15.979999542236328,0.48,2.86,5.02,4.33,12625.0,Risk-On,Neutral,Slowdown,RiskOn_Neutral_Slowdown,False,False,False,False,0,False,US,,,
2025-07-29,15.979999542236328,0.0,2.73,5.02,0.0,12625.0,Risk-On,Neutral,Slowdown,RiskOn_Neutral_Slowdown,False,False,False,False,0,False,EU,,,
2025-07-30,15.479999542236328,0.44,2.89,5.07,4.33,12625.0,Risk-On,Neutral,Slowdown,RiskOn_Neutral_Slowdown,False,False,False,False,0,False,US,,,
2025-07-30,15.479999542236328,0.0,2.71,5.07,0.0,12625.0,Risk-On,Neutral,Slowdown,RiskOn_Neutral_Slowdown,False,False,False,False,0,False,EU,,,
2025-07-31,16.719999313354492,0.43,2.86,5.08,4.33,12625.0,Neutral,Neutral,Slowdown,Neutral_Neutral_Slowdown,False,False,False,False,0,False,US,,,
2025-07-31,16.719999313354492,0.0,2.72,5.08,0.0,12625.0,Neutral,Neutral,Slowdown,Neutral_Neutral_Slowdown,False,False,False,False,0,False,EU,,,
2025-08-01,20.3799991607666,0.0,2.81,4.95,0.0,12615.0,Neutral,Neutral,Slowdown,Neutral_Neutral_Slowdown,False,False,False,False,0,False,EU,,,
2025-08-01,20.3799991607666,0.54,3.13,4.95,4.33,12615.0,Neutral,Neutral,Expansion,Neutral_Neutral_Expansion,False,False,False,False,0,False,US,,,
2025-08-04,17.520000457763672,0.53,3.02,4.94,4.33,12615.0,Neutral,Neutral,Expansion,Neutral_Neutral_Expansion,False,False,False,False,0,False,US,,,
2025-08-04,17.520000457763672,0.0,2.82,4.94,0.0,12615.0,Neutral,Neutral,Slowdown,Neutral_Neutral_Slowdown,False,False,False,False,0,False,EU,,,
2025-08-05,17.850000381469727,0.5,2.98,4.94,4.33,12615.0,Neutral,Neutral,Expansion,Neutral_Neutral_Expansion,False,False,False,False,0,False,US,,,
2025-08-05,17.850000381469727,0.0,2.81,4.94,0.0,12615.0,Neutral,Neutral,Slowdown,Neutral_Neutral_Slowdown,False,False,False,False,0,False,EU,,,
2025-08-06,16.770000457763672,0.0,2.8,4.94,0.0,12615.0,Risk-On,Neutral,Slowdown,RiskOn_Neutral_Slowdown,False,False,False,False,0,False,EU,,,
2025-08-06,16.770000457763672,0.53,2.98,4.94,4.33,12615.0,Risk-On,Neutral,Expansion,RiskOn_Neutral_Expansion,False,False,False,False,0,False,US,,,
2025-08-07,16.56999969482422,0.51,2.95,4.95,4.33,12615.0,Neutral,Neutral,Expansion,Neutral_Neutral_Expansion,False,False,False,False,0,False,US,,,
2025-08-07,16.56999969482422,0.0,2.74,4.95,0.0,12615.0,Neutral,Neutral,Slowdown,Neutral_Neutral_Slowdown,False,False,False,False,0,False,EU,,,
2025-08-08,15.149999618530272,0.0,2.72,4.99,0.0,12615.0,Risk-On,Neutral,Slowdown,RiskOn_Neutral_Slowdown,False,False,False,False,0,False,EU,,,
2025-08-08,15.149999618530272,0.51,2.94,4.99,4.33,12615.0,Risk-On,Neutral,Expansion,RiskOn_Neutral_Expansion,False,False,False,False,0,False,US,,,
2025-08-11,16.25,0.0,2.7,4.98,0.0,12615.0,Risk-On,Neutral,Slowdown,RiskOn_Neutral_Slowdown,False,False,False,False,0,False,EU,,,
2025-08-11,16.25,0.51,2.94,4.98,4.33,12615.0,Risk-On,Neutral,Expansion,RiskOn_Neutral_Expansion,False,False,False,False,0,False,US,,,
2025-08-12,14.729999542236328,0.57,2.93,4.97,4.33,12615.0,Risk-On,Neutral,Expansion,RiskOn_Neutral_Expansion,False,False,False,False,0,False,US,,,
2025-08-12,14.729999542236328,0.0,2.68,4.97,0.0,12615.0,Risk-On,Neutral,Slowdown,RiskOn_Neutral_Slowdown,False,False,False,False,0,False,EU,,,
2025-08-13,14.489999771118164,0.0,2.69,4.9,0.0,12615.0,Risk-On,Neutral,Slowdown,RiskOn_Neutral_Slowdown,False,False,False,False,0,False,EU,,,
2025-08-13,14.489999771118164,0.57,2.9,4.9,4.33,12615.0,Risk-On,Neutral,Expansion,RiskOn_Neutral_Expansion,False,False,False,False,0,False,US,,,
2025-08-14,14.829999923706056,0.0,2.64,4.94,0.0,12615.0,Risk-On,Neutral,Slowdown,RiskOn_Neutral_Slowdown,False,False,False,False,0,False,EU,,,
2025-08-14,14.829999923706056,0.55,2.89,4.94,4.33,12615.0,Risk-On,Neutral,Expansion,RiskOn_Neutral_Expansion,False,False,False,False,0,False,US,,,
2025-08-15,15.09000015258789,0.58,2.88,4.96,4.33,12615.0,Risk-On,Neutral,Expansion,RiskOn_Neutral_Expansion,False,False,False,False,0,False,US,,,
2025-08-15,15.09000015258789,0.0,2.61,4.96,0.0,12615.0,Risk-On,Neutral,Slowdown,RiskOn_Neutral_Slowdown,False,False,False,False,0,False,EU,,,
2025-08-18,14.989999771118164,0.0,2.63,4.97,0.0,12615.0,Risk-On,Neutral,Slowdown,RiskOn_Neutral_Slowdown,False,False,False,False,0,False,EU,,,
2025-08-18,14.989999771118164,0.57,2.88,4.97,4.33,12615.0,Risk-On,Neutral,Slowdown,RiskOn_Neutral_Slowdown,False,False,False,False,0,False,US,,,
2025-08-19,15.56999969482422,0.0,2.66,4.95,0.0,12615.0,Risk-On,Neutral,Slowdown,RiskOn_Neutral_Slowdown,False,False,False,False,0,False,EU,,,
2025-08-19,15.56999969482422,0.55,2.9,4.95,4.33,12615.0,Risk-On,Neutral,Expansion,RiskOn_Neutral_Expansion,False,False,False,False,0,False,US,,,
2025-08-20,15.6899995803833,0.0,2.73,4.95,0.0,12615.0,Risk-On,Neutral,Slowdown,RiskOn_Neutral_Slowdown,False,False,False,False,0,False,EU,,,
2025-08-20,15.6899995803833,0.55,2.94,4.95,4.33,12615.0,Risk-On,Neutral,Expansion,RiskOn_Neutral_Expansion,False,False,False,False,0,False,US,,,
2025-08-21,16.600000381469727,0.0,2.73,4.99,0.0,12615.0,Neutral,Neutral,Slowdown,Neutral_Neutral_Slowdown,False,False,False,False,0,False,EU,,,
2025-08-21,16.600000381469727,0.54,2.95,4.99,4.33,12615.0,Neutral,Neutral,Expansion,Neutral_Neutral_Expansion,False,False,False,False,0,False,US,,,
2025-08-22,14.220000267028809,0.0,2.78,4.91,0.0,12615.0,Risk-On,Neutral,Slowdown,RiskOn_Neutral_Slowdown,False,False,False,False,0,False,EU,,,
2025-08-22,14.220000267028809,0.58,2.88,4.91,4.33,12615.0,Risk-On,Neutral,Expansion,RiskOn_Neutral_Expansion,False,False,False,False,0,False,US,,,
2025-08-25,14.789999961853027,0.0,2.79,4.92,0.0,12615.0,Risk-On,Neutral,Slowdown,RiskOn_Neutral_Slowdown,False,False,False,False,0,False,EU,,,
2025-08-25,14.789999961853027,0.55,2.8,4.92,4.33,12615.0,Risk-On,Neutral,Expansion,RiskOn_Neutral_Expansion,False,False,False,False,0,False,US,,,
2025-08-26,14.619999885559082,0.65,2.78,4.91,4.33,12615.0,Risk-On,Neutral,Expansion,RiskOn_Neutral_Expansion,False,False,False,False,0,False,US,,,
2025-08-26,14.619999885559082,0.0,2.81,4.91,0.0,12615.0,Risk-On,Neutral,Slowdown,RiskOn_Neutral_Slowdown,False,False,False,False,0,False,EU,,,
2025-08-27,14.850000381469728,0.0,2.84,4.89,0.0,12615.0,Risk-On,Neutral,Slowdown,RiskOn_Neutral_Slowdown,False,False,False,False,0,False,EU,,,
2025-08-27,14.850000381469728,0.65,2.78,4.89,4.33,12615.0,Risk-On,Neutral,Expansion,RiskOn_Neutral_Expansion,False,False,False,False,0,False,US,,,
2025-08-28,14.43000030517578,0.0,2.82,4.88,0.0,12615.0,Risk-On,Neutral,Slowdown,RiskOn_Neutral_Slowdown,False,False,False,False,0,False,EU,,,
2025-08-28,14.43000030517578,0.6,2.75,4.88,4.33,12615.0,Risk-On,Neutral,Expansion,RiskOn_Neutral_Expansion,False,False,False,False,0,False,US,,,
2025-08-29,15.359999656677246,0.64,2.82,4.9,4.33,12615.0,Risk-On,Neutral,Expansion,RiskOn_Neutral_Expansion,False,False,False,False,0,False,US,,,
2025-08-29,15.359999656677246,0.0,2.83,4.9,0.0,12615.0,Risk-On,Neutral,Slowdown,RiskOn_Neutral_Slowdown,False,False,False,False,0,False,EU,,,
2025-09-01,15.359999656677246,0.0,2.86,4.92,0.0,12612.0,Risk-On,Neutral,Slowdown,RiskOn_Neutral_Slowdown,False,False,False,False,0,False,EU,,,
2025-09-01,15.359999656677246,0.64,2.84,4.92,4.22,12612.0,Risk-On,Neutral,Expansion,RiskOn_Neutral_Expansion,False,False,False,False,0,False,US,,,
2025-09-02,17.170000076293945,0.0,2.9,4.97,0.0,12612.0,Risk-On,Neutral,Slowdown,RiskOn_Neutral_Slowdown,False,False,False,False,0,False,EU,,,
2025-09-02,17.170000076293945,0.62,2.92,4.97,4.22,12612.0,Risk-On,Neutral,Expansion,RiskOn_Neutral_Expansion,False,False,False,False,0,False,US,,,
2025-09-03,16.350000381469727,0.61,2.88,4.92,4.22,12612.0,Risk-On,Neutral,Expansion,RiskOn_Neutral_Expansion,False,False,False,False,0,False,US,,,
2025-09-03,16.350000381469727,0.0,2.93,4.92,0.0,12612.0,Risk-On,Neutral,Slowdown,RiskOn_Neutral_Slowdown,False,False,False,False,0,False,EU,,,
2025-09-04,15.300000190734863,0.58,2.84,4.86,4.22,12612.0,Risk-On,Neutral,Expansion,RiskOn_Neutral_Expansion,False,False,False,False,0,False,US,,,
2025-09-04,15.300000190734863,0.0,2.92,4.86,0.0,12612.0,Risk-On,Neutral,Slowdown,RiskOn_Neutral_Slowdown,False,False,False,False,0,False,EU,,,
2025-09-05,15.18000030517578,0.0,2.93,4.79,0.0,12612.0,Risk-On,Neutral,Slowdown,RiskOn_Neutral_Slowdown,False,False,False,False,0,False,EU,,,
2025-09-05,15.18000030517578,0.59,2.83,4.79,4.22,12612.0,Risk-On,Neutral,Expansion,RiskOn_Neutral_Expansion,False,False,False,False,0,False,US,,,
2025-09-08,15.109999656677246,0.0,2.92,4.75,0.0,12612.0,Risk-On,Neutral,Slowdown,RiskOn_Neutral_Slowdown,False,False,False,False,0,False,EU,,,
2025-09-08,15.109999656677246,0.56,2.84,4.75,4.22,12612.0,Risk-On,Neutral,Expansion,RiskOn_Neutral_Expansion,False,False,False,False,0,False,US,,,
2025-09-09,15.039999961853027,0.54,2.87,4.79,4.22,12612.0,Risk-On,Neutral,Expansion,RiskOn_Neutral_Expansion,False,False,False,False,0,False,US,,,
2025-09-09,15.039999961853027,0.0,2.89,4.79,0.0,12612.0,Risk-On,Neutral,Slowdown,RiskOn_Neutral_Slowdown,False,False,False,False,0,False,EU,,,
2025-09-10,15.350000381469728,0.5,2.84,4.76,4.22,12612.0,Neutral,Neutral,Expansion,Neutral_Neutral_Expansion,False,False,False,False,0,False,US,,,
2025-09-10,15.350000381469728,0.0,2.89,4.76,0.0,12612.0,Neutral,Neutral,Slowdown,Neutral_Neutral_Slowdown,False,False,False,False,0,False,EU,,,
2025-09-11,14.710000038146973,0.49,2.78,4.73,4.22,12612.0,Neutral,Neutral,Expansion,Neutral_Neutral_Expansion,False,False,False,False,0,False,US,,,
2025-09-11,14.710000038146973,0.0,2.85,4.73,0.0,12612.0,Neutral,Neutral,Slowdown,Neutral_Neutral_Slowdown,False,False,False,False,0,False,EU,,,
2025-09-12,14.760000228881836,0.0,2.82,4.75,0.0,12612.0,Risk-On,Neutral,Slowdown,RiskOn_Neutral_Slowdown,False,False,False,False,0,False,EU,,,
2025-09-12,14.760000228881836,0.5,2.79,4.75,4.22,12612.0,Risk-On,Neutral,Expansion,RiskOn_Neutral_Expansion,False,False,False,False,0,False,US,,,
2025-09-15,15.6899995803833,0.0,2.81,4.71,0.0,12612.0,Neutral,Neutral,Slowdown,Neutral_Neutral_Slowdown,False,False,False,False,0,False,EU,,,
2025-09-15,15.6899995803833,0.51,2.75,4.71,4.22,12612.0,Neutral,Neutral,Expansion,Neutral_Neutral_Expansion,False,False,False,False,0,False,US,,,
2025-09-16,16.360000610351562,0.0,2.8,4.7,0.0,12612.0,Neutral,Neutral,Slowdown,Neutral_Neutral_Slowdown,False,False,False,False,0,False,EU,,,
2025-09-16,16.360000610351562,0.53,2.79,4.7,4.22,12612.0,Neutral,Neutral,Expansion,Neutral_Neutral_Expansion,False,False,False,False,0,False,US,,,
2025-09-17,15.720000267028809,0.0,2.8,4.73,0.0,12612.0,Neutral,Neutral,Slowdown,Neutral_Neutral_Slowdown,False,False,False,False,0,False,EU,,,
2025-09-17,15.720000267028809,0.54,2.79,4.73,4.22,12612.0,Neutral,Neutral,Expansion,Neutral_Neutral_Expansion,False,False,False,False,0,False,US,,,
2025-09-18,15.699999809265137,0.0,2.74,4.76,0.0,12612.0,Neutral,Neutral,Slowdown,Neutral_Neutral_Slowdown,False,False,False,False,0,False,EU,,,
2025-09-18,15.699999809265137,0.54,2.71,4.76,4.22,12612.0,Neutral,Neutral,Expansion,Neutral_Neutral_Expansion,False,False,False,False,0,False,US,,,
2025-09-19,15.449999809265137,0.0,2.7,4.76,0.0,12612.0,Risk-On,Neutral,Slowdown,RiskOn_Neutral_Slowdown,False,False,False,False,0,False,EU,,,
2025-09-19,15.449999809265137,0.57,2.72,4.76,4.22,12612.0,Risk-On,Neutral,Expansion,RiskOn_Neutral_Expansion,False,False,False,False,0,False,US,,,
2025-09-22,16.100000381469727,0.0,2.71,4.78,0.0,12612.0,Neutral,Neutral,Slowdown,Neutral_Neutral_Slowdown,False,False,False,False,0,False,EU,,,
2025-09-22,16.100000381469727,0.54,2.69,4.78,4.22,12612.0,Neutral,Neutral,Slowdown,Neutral_Neutral_Slowdown,False,False,False,False,0,False,US,,,
2025-09-23,16.639999389648438,0.59,2.71,4.76,4.22,12612.0,Neutral,Neutral,Expansion,Neutral_Neutral_Expansion,False,False,False,False,0,False,US,,,
2025-09-23,16.639999389648438,0.0,2.69,4.76,0.0,12612.0,Neutral,Neutral,Slowdown,Neutral_Neutral_Slowdown,False,False,False,False,0,False,EU,,,
2025-09-24,16.18000030517578,0.0,2.69,4.8,0.0,12612.0,Neutral,Neutral,Slowdown,Neutral_Neutral_Slowdown,False,False,False,False,0,False,EU,,,
2025-09-24,16.18000030517578,0.59,2.7,4.8,4.22,12612.0,Neutral,Neutral,Expansion,Neutral_Neutral_Expansion,False,False,False,False,0,False,US,,,
2025-09-25,16.739999771118164,0.54,2.76,4.84,4.22,12612.0,Neutral,Neutral,Expansion,Neutral_Neutral_Expansion,False,False,False,False,0,False,US,,,
2025-09-25,16.739999771118164,0.0,2.72,4.84,0.0,12612.0,Neutral,Neutral,Slowdown,Neutral_Neutral_Slowdown,False,False,False,False,0,False,EU,,,
2025-09-26,15.289999961853027,0.57,2.75,4.83,4.22,12612.0,Neutral,Neutral,Expansion,Neutral_Neutral_Expansion,False,False,False,False,0,False,US,,,
2025-09-26,15.289999961853027,0.0,2.74,4.83,0.0,12612.0,Neutral,Neutral,Slowdown,Neutral_Neutral_Slowdown,False,False,False,False,0,False,EU,,,
2025-09-29,16.1200008392334,0.0,2.75,4.8,0.0,12612.0,Neutral,Neutral,Slowdown,Neutral_Neutral_Slowdown,False,False,False,False,0,False,EU,,,
2025-09-29,16.1200008392334,0.52,2.74,4.8,4.22,12612.0,Neutral,Neutral,Expansion,Neutral_Neutral_Expansion,False,False,False,False,0,False,US,,,
2025-09-30,16.280000686645508,0.0,2.72,4.83,0.0,12612.0,Neutral,Neutral,Slowdown,Neutral_Neutral_Slowdown,False,False,False,False,0,False,EU,,,
2025-09-30,16.280000686645508,0.56,2.8,4.83,4.22,12612.0,Neutral,Neutral,Expansion,Neutral_Neutral_Expansion,False,False,False,False,0,False,US,,,
2025-10-01,16.290000915527344,0.57,2.81,4.78,4.09,12603.0,Risk-On,Neutral,Expansion,RiskOn_Neutral_Expansion,False,False,False,False,0,False,US,,,
2025-10-01,16.290000915527344,0.0,2.75,4.78,0.0,12603.0,Risk-On,Neutral,Slowdown,RiskOn_Neutral_Slowdown,False,False,False,False,0,False,EU,,,
2025-10-02,16.6299991607666,0.0,2.72,4.77,0.0,12603.0,Neutral,Neutral,Slowdown,Neutral_Neutral_Slowdown,False,False,False,False,0,False,EU,,,
2025-10-02,16.6299991607666,0.55,2.81,4.77,4.09,12603.0,Neutral,Neutral,Expansion,Neutral_Neutral_Expansion,False,False,False,False,0,False,US,,,
2025-10-03,16.649999618530273,0.55,2.8,4.79,4.09,12603.0,Neutral,Neutral,Expansion,Neutral_Neutral_Expansion,False,False,False,False,0,False,US,,,
2025-10-03,16.649999618530273,0.0,2.72,4.79,0.0,12603.0,Neutral,Neutral,Slowdown,Neutral_Neutral_Slowdown,False,False,False,False,0,False,EU,,,
2025-10-06,16.3700008392334,0.58,2.76,4.82,4.09,12603.0,Neutral,Neutral,Expansion,Neutral_Neutral_Expansion,False,False,False,False,0,False,US,,,
2025-10-06,16.3700008392334,0.0,2.75,4.82,0.0,12603.0,Neutral,Neutral,Slowdown,Neutral_Neutral_Slowdown,False,False,False,False,0,False,EU,,,
2025-10-07,17.239999771118164,0.57,2.82,4.79,4.09,12603.0,Neutral,Neutral,Expansion,Neutral_Neutral_Expansion,False,False,False,False,0,False,US,,,
2025-10-07,17.239999771118164,0.0,2.79,4.79,0.0,12603.0,Neutral,Neutral,Slowdown,Neutral_Neutral_Slowdown,False,False,False,False,0,False,EU,,,
2025-10-08,16.299999237060547,0.55,2.84,4.8,4.09,12603.0,Neutral,Neutral,Expansion,Neutral_Neutral_Expansion,False,False,False,False,0,False,US,,,
2025-10-08,16.299999237060547,0.0,2.87,4.8,0.0,12603.0,Neutral,Neutral,Slowdown,Neutral_Neutral_Slowdown,False,False,False,False,0,False,EU,,,
2025-10-09,16.43000030517578,0.0,2.9,4.82,0.0,12603.0,Neutral,Neutral,Slowdown,Neutral_Neutral_Slowdown,False,False,False,False,0,False,EU,,,
2025-10-09,16.43000030517578,0.54,2.95,4.82,4.09,12603.0,Neutral,Neutral,Expansion,Neutral_Neutral_Expansion,False,False,False,False,0,False,US,,,
2025-10-10,21.65999984741211,0.53,3.18,4.78,4.09,12603.0,Neutral,Neutral,Slowdown,Neutral_Neutral_Slowdown,False,False,False,False,0,False,US,,,
2025-10-10,21.65999984741211,0.0,3.04,4.78,0.0,12603.0,Neutral,Neutral,Slowdown,Neutral_Neutral_Slowdown,False,False,False,False,0,False,EU,,,
2025-10-13,19.030000686645508,0.53,3.18,4.78,4.09,12603.0,Neutral,Neutral,Slowdown,Neutral_Neutral_Slowdown,False,False,False,False,0,False,US,,,
2025-10-13,19.030000686645508,0.0,3.1,4.78,0.0,12603.0,Neutral,Neutral,Slowdown,Neutral_Neutral_Slowdown,False,False,False,False,0,False,EU,,,
2025-10-14,20.809999465942383,0.55,3.11,4.74,4.09,12603.0,Neutral,Neutral,Slowdown,Neutral_Neutral_Slowdown,False,False,False,False,0,False,US,,,
2025-10-14,20.809999465942383,0.0,3.1,4.74,0.0,12603.0,Neutral,Neutral,Slowdown,Neutral_Neutral_Slowdown,False,False,False,False,0,False,EU,,,
2025-10-15,20.63999938964844,0.0,2.98,4.74,0.0,12603.0,Neutral,Neutral,Slowdown,Neutral_Neutral_Slowdown,False,False,False,False,0,False,EU,,,
2025-10-15,20.63999938964844,0.55,2.95,4.74,4.09,12603.0,Neutral,Neutral,Slowdown,Neutral_Neutral_Slowdown,False,False,False,False,0,False,US,,,
2025-10-16,25.309999465942383,0.0,2.98,4.69,0.0,12603.0,Neutral,Neutral,Slowdown,Neutral_Neutral_Slowdown,True,False,False,False,1,False,EU,,,
2025-10-16,25.309999465942383,0.58,3.04,4.69,4.09,12603.0,Neutral,Neutral,Expansion,Neutral_Neutral_Expansion,True,False,False,False,1,False,US,,,
2025-10-17,20.780000686645508,0.0,3.05,4.71,0.0,12603.0,Neutral,Neutral,Slowdown,Neutral_Neutral_Slowdown,False,False,False,False,0,False,EU,,,
2025-10-17,20.780000686645508,0.56,3.04,4.71,4.09,12603.0,Neutral,Neutral,Expansion,Neutral_Neutral_Expansion,False,False,False,False,0,False,US,,,
2025-10-20,18.229999542236328,0.0,3.01,4.69,0.0,12603.0,Neutral,Neutral,Slowdown,Neutral_Neutral_Slowdown,False,False,False,False,0,False,EU,,,
2025-10-20,18.229999542236328,0.54,2.99,4.69,4.09,12603.0,Neutral,Neutral,Expansion,Neutral_Neutral_Expansion,False,False,False,False,0,False,US,,,
2025-10-21,17.8700008392334,0.0,2.99,4.68,0.0,12603.0,Neutral,Neutral,Slowdown,Neutral_Neutral_Slowdown,False,False,False,False,0,False,EU,,,
2025-10-21,17.8700008392334,0.53,2.97,4.68,4.09,12603.0,Neutral,Neutral,Expansion,Neutral_Neutral_Expansion,False,False,False,False,0,False,US,,,
2025-10-22,18.600000381469727,0.52,3.01,4.68,4.09,12603.0,Neutral,Neutral,Expansion,Neutral_Neutral_Expansion,False,False,False,False,0,False,US,,,
2025-10-22,18.600000381469727,0.0,2.97,4.68,0.0,12603.0,Neutral,Neutral,Slowdown,Neutral_Neutral_Slowdown,False,False,False,False,0,False,EU,,,
2025-10-23,17.299999237060547,0.0,2.97,4.7,0.0,12603.0,Neutral,Neutral,Slowdown,Neutral_Neutral_Slowdown,False,False,False,False,0,False,EU,,,
2025-10-23,17.299999237060547,0.53,2.96,4.7,4.09,12603.0,Neutral,Neutral,Expansion,Neutral_Neutral_Expansion,False,False,False,False,0,False,US,,,
2025-10-24,16.3700008392334,0.54,2.88,4.68,4.09,12603.0,Risk-On,Neutral,Expansion,RiskOn_Neutral_Expansion,False,False,False,False,0,False,US,,,
2025-10-24,16.3700008392334,0.0,2.87,4.68,0.0,12603.0,Risk-On,Neutral,Slowdown,RiskOn_Neutral_Slowdown,False,False,False,False,0,False,EU,,,
2025-10-27,15.789999961853027,0.53,2.8,4.67,4.09,12603.0,Neutral,Neutral,Expansion,Neutral_Neutral_Expansion,False,False,False,False,0,False,US,,,
2025-10-27,15.789999961853027,0.0,2.83,4.67,0.0,12603.0,Neutral,Neutral,Slowdown,Neutral_Neutral_Slowdown,False,False,False,False,0,False,EU,,,
2025-10-28,16.420000076293945,0.0,2.8,4.67,0.0,12603.0,Neutral,Neutral,Slowdown,Neutral_Neutral_Slowdown,False,False,False,False,0,False,EU,,,
2025-10-28,16.420000076293945,0.52,2.82,4.67,4.09,12603.0,Neutral,Neutral,Expansion,Neutral_Neutral_Expansion,False,False,False,False,0,False,US,,,
2025-10-29,16.920000076293945,0.49,2.76,4.75,4.09,12603.0,Neutral,Neutral,Slowdown,Neutral_Neutral_Slowdown,False,False,False,False,0,False,US,,,
2025-10-29,16.920000076293945,0.0,2.78,4.75,0.0,12603.0,Neutral,Neutral,Slowdown,Neutral_Neutral_Slowdown,False,False,False,False,0,False,EU,,,
2025-10-30,16.90999984741211,0.5,2.85,4.78,4.09,12603.0,Neutral,Neutral,Slowdown,Neutral_Neutral_Slowdown,False,False,False,False,0,False,US,,,
2025-10-30,16.90999984741211,0.0,2.79,4.78,0.0,12603.0,Neutral,Neutral,Slowdown,Neutral_Neutral_Slowdown,False,False,False,False,0,False,EU,,,
2025-10-31,17.440000534057617,0.51,2.94,4.82,4.09,12603.0,Neutral,Neutral,Expansion,Neutral_Neutral_Expansion,False,False,False,False,0,False,US,,,
2025-10-31,17.440000534057617,0.0,2.81,4.82,0.0,12603.0,Neutral,Neutral,Slowdown,Neutral_Neutral_Slowdown,False,False,False,False,0,False,EU,,,
2025-11-03,17.170000076293945,0.0,2.83,4.85,0.0,12603.0,Neutral,Neutral,Slowdown,Neutral_Neutral_Slowdown,False,False,False,False,0,False,EU,,,
2025-11-03,17.170000076293945,0.53,3.04,4.85,4.09,12603.0,Neutral,Neutral,Expansion,Neutral_Neutral_Expansion,False,False,False,False,0,False,US,,,
2025-11-04,19.0,0.52,3.13,4.84,4.09,12603.0,Neutral,Neutral,Expansion,Neutral_Neutral_Expansion,False,False,False,False,0,False,US,,,
2025-11-04,19.0,0.0,2.88,4.84,0.0,12603.0,Neutral,Neutral,Slowdown,Neutral_Neutral_Slowdown,False,False,False,False,0,False,EU,,,
2025-11-05,18.010000228881836,0.54,3.05,4.88,4.09,12603.0,Neutral,Neutral,Expansion,Neutral_Neutral_Expansion,False,False,False,False,0,False,US,,,
2025-11-05,18.010000228881836,0.0,2.86,4.88,0.0,12603.0,Neutral,Neutral,Slowdown,Neutral_Neutral_Slowdown,False,False,False,False,0,False,EU,,,
2025-11-06,19.5,0.54,3.13,4.83,4.09,12603.0,Neutral,Neutral,Expansion,Neutral_Neutral_Expansion,False,False,False,False,0,False,US,,,
2025-11-06,19.5,0.0,2.86,4.83,0.0,12603.0,Neutral,Neutral,Slowdown,Neutral_Neutral_Slowdown,False,False,False,False,0,False,EU,,,
2025-11-07,19.07999992370605,0.0,2.89,4.84,0.0,12603.0,Neutral,Neutral,Slowdown,Neutral_Neutral_Slowdown,False,False,False,False,0,False,EU,,,
2025-11-07,19.07999992370605,0.56,3.15,4.84,4.09,12603.0,Neutral,Neutral,Slowdown,Neutral_Neutral_Slowdown,False,False,False,False,0,False,US,,,
2025-11-10,17.600000381469727,0.55,3.02,4.85,4.09,12603.0,Risk-On,Neutral,Slowdown,RiskOn_Neutral_Slowdown,False,False,False,False,0,False,US,,,
2025-11-10,17.600000381469727,0.0,2.86,4.85,0.0,12603.0,Risk-On,Neutral,Slowdown,RiskOn_Neutral_Slowdown,False,False,False,False,0,False,EU,,,
2025-11-11,17.280000686645508,0.55,3.02,4.85,4.09,12603.0,Risk-On,Neutral,Expansion,RiskOn_Neutral_Expansion,False,False,False,False,0,False,US,,,
2025-11-11,17.280000686645508,0.0,2.85,4.85,0.0,12603.0,Risk-On,Neutral,Slowdown,RiskOn_Neutral_Slowdown,False,False,False,False,0,False,EU,,,
2025-11-12,17.510000228881836,0.52,3.02,4.82,4.09,12603.0,Risk-On,Neutral,Slowdown,RiskOn_Neutral_Slowdown,False,False,False,False,0,False,US,,,
2025-11-12,17.510000228881836,0.0,2.83,4.82,0.0,12603.0,Risk-On,Neutral,Slowdown,RiskOn_Neutral_Slowdown,False,False,False,False,0,False,EU,,,
2025-11-13,20.0,0.0,2.83,4.87,0.0,12603.0,Risk-On,Neutral,Slowdown,RiskOn_Neutral_Slowdown,False,False,False,False,0,False,EU,,,
2025-11-13,20.0,0.53,3.09,4.87,4.09,12603.0,Neutral,Neutral,Slowdown,Neutral_Neutral_Slowdown,False,False,False,False,0,False,US,,,
2025-11-14,19.82999992370605,0.0,2.89,4.88,0.0,12603.0,Risk-On,Neutral,Slowdown,RiskOn_Neutral_Slowdown,False,False,False,False,0,False,EU,,,
2025-11-14,19.82999992370605,0.52,3.07,4.88,4.09,12603.0,Risk-On,Neutral,Slowdown,RiskOn_Neutral_Slowdown,False,False,False,False,0,False,US,,,
2025-11-17,22.3799991607666,0.0,2.9,4.88,0.0,12603.0,Neutral,Neutral,Slowdown,Neutral_Neutral_Slowdown,True,False,False,False,1,False,EU,,,
2025-11-17,22.3799991607666,0.53,3.13,4.88,4.09,12603.0,Neutral,Neutral,Slowdown,Neutral_Neutral_Slowdown,True,False,False,False,1,False,US,,,
2025-11-18,24.690000534057617,0.54,3.2,4.86,4.09,12603.0,Neutral,Neutral,Expansion,Neutral_Neutral_Expansion,True,False,False,False,1,False,US,,,
2025-11-18,24.690000534057617,0.0,2.98,4.86,0.0,12603.0,Neutral,Neutral,Slowdown,Neutral_Neutral_Slowdown,True,False,False,False,1,False,EU,,,
2025-11-19,23.65999984741211,0.0,2.97,4.87,0.0,12603.0,Neutral,Neutral,Slowdown,Neutral_Neutral_Slowdown,True,False,False,False,1,False,EU,,,
2025-11-19,23.65999984741211,0.55,3.17,4.87,4.09,12603.0,Neutral,Neutral,Slowdown,Neutral_Neutral_Slowdown,True,False,False,False,1,False,US,,,
2025-11-20,26.420000076293945,0.55,3.17,4.84,4.09,12603.0,Neutral,Neutral,Expansion,Neutral_Neutral_Expansion,True,False,False,False,1,False,US,,,
2025-11-20,26.420000076293945,0.0,2.92,4.84,0.0,12603.0,Neutral,Neutral,Slowdown,Neutral_Neutral_Slowdown,True,False,False,False,1,False,EU,,,
2025-11-21,23.43000030517578,0.55,3.19,4.82,4.09,12603.0,Neutral,Neutral,Slowdown,Neutral_Neutral_Slowdown,True,False,False,False,1,False,US,,,
2025-11-21,23.43000030517578,0.0,2.98,4.82,0.0,12603.0,Neutral,Neutral,Slowdown,Neutral_Neutral_Slowdown,True,False,False,False,1,False,EU,,,
2025-11-24,20.520000457763672,0.58,3.15,4.79,4.09,12603.0,Neutral,Neutral,Slowdown,Neutral_Neutral_Slowdown,False,False,False,False,0,False,US,,,
2025-11-24,20.520000457763672,0.0,2.92,4.79,0.0,12603.0,Neutral,Neutral,Slowdown,Neutral_Neutral_Slowdown,False,False,False,False,0,False,EU,,,
2025-11-25,18.559999465942383,0.0,2.91,4.75,0.0,12603.0,Neutral,Neutral,Slowdown,Neutral_Neutral_Slowdown,False,False,False,False,0,False,EU,,,
2025-11-25,18.559999465942383,0.58,3.1,4.75,4.09,12603.0,Neutral,Neutral,Slowdown,Neutral_Neutral_Slowdown,False,False,False,False,0,False,US,,,
2025-11-26,17.190000534057617,0.0,2.86,4.73,0.0,12603.0,Neutral,Neutral,Slowdown,Neutral_Neutral_Slowdown,False,False,False,False,0,False,EU,,,
2025-11-26,17.190000534057617,0.55,3.0,4.73,4.09,12603.0,Neutral,Neutral,Slowdown,Neutral_Neutral_Slowdown,False,False,False,False,0,False,US,,,
2025-11-27,17.190000534057617,0.0,2.85,4.73,0.0,12603.0,Neutral,Neutral,Slowdown,Neutral_Neutral_Slowdown,False,False,False,False,0,False,EU,,,
2025-11-27,17.190000534057617,0.55,3.0,4.73,4.09,12603.0,Neutral,Neutral,Slowdown,Neutral_Neutral_Slowdown,False,False,False,False,0,False,US,,,
2025-11-28,16.350000381469727,0.55,2.95,4.75,4.09,12603.0,Risk-On,Neutral,Slowdown,RiskOn_Neutral_Slowdown,False,False,False,False,0,False,US,,,
2025-11-28,16.350000381469727,0.0,2.83,4.75,0.0,12603.0,Risk-On,Neutral,Slowdown,RiskOn_Neutral_Slowdown,False,False,False,False,0,False,EU,,,
2025-12-01,17.239999771118164,0.55,2.94,4.83,3.72,12580.0,Risk-On,Easing,Slowdown,RiskOn_Easing_Slowdown,False,False,False,False,0,False,US,,,
2025-12-01,17.239999771118164,0.0,2.83,4.83,0.0,12580.0,Risk-On,Neutral,Slowdown,RiskOn_Neutral_Slowdown,False,False,False,False,0,False,EU,,,
2025-12-02,16.59000015258789,0.0,2.8,4.81,0.0,12580.0,Risk-On,Neutral,Slowdown,RiskOn_Neutral_Slowdown,False,False,False,False,0,False,EU,,,
2025-12-02,16.59000015258789,0.58,2.92,4.81,3.72,12580.0,Risk-On,Easing,Slowdown,RiskOn_Easing_Slowdown,False,False,False,False,0,False,US,,,
2025-12-03,16.079999923706055,0.57,2.89,4.79,3.72,12580.0,Risk-On,Easing,Slowdown,RiskOn_Easing_Slowdown,False,False,False,False,0,False,US,,,
2025-12-03,16.079999923706055,0.0,2.78,4.79,0.0,12580.0,Risk-On,Neutral,Slowdown,RiskOn_Neutral_Slowdown,False,False,False,False,0,False,EU,,,
2025-12-04,15.779999732971191,0.59,2.88,4.81,3.72,12580.0,Risk-On,Easing,Expansion,RiskOn_Easing_Expansion,False,False,False,False,0,False,US,,,
2025-12-04,15.779999732971191,0.0,2.76,4.81,0.0,12580.0,Risk-On,Neutral,Slowdown,RiskOn_Neutral_Slowdown,False,False,False,False,0,False,EU,,,
2025-12-05,15.40999984741211,0.0,2.73,4.84,0.0,12580.0,Risk-On,Neutral,Slowdown,RiskOn_Neutral_Slowdown,False,False,False,False,0,False,EU,,,
2025-12-05,15.40999984741211,0.58,2.85,4.84,3.72,12580.0,Risk-On,Easing,Expansion,RiskOn_Easing_Expansion,False,False,False,False,0,False,US,,,
2025-12-08,16.65999984741211,0.0,2.66,4.86,0.0,12580.0,Risk-On,Neutral,Slowdown,RiskOn_Neutral_Slowdown,False,False,False,False,0,False,EU,,,
2025-12-08,16.65999984741211,0.6,2.89,4.86,3.72,12580.0,Risk-On,Easing,Expansion,RiskOn_Easing_Expansion,False,False,False,False,0,False,US,,,
2025-12-09,16.93000030517578,0.57,2.89,4.88,3.72,12580.0,Risk-On,Easing,Expansion,RiskOn_Easing_Expansion,False,False,False,False,0,False,US,,,
2025-12-09,16.93000030517578,0.0,2.71,4.88,0.0,12580.0,Risk-On,Neutral,Slowdown,RiskOn_Neutral_Slowdown,False,False,False,False,0,False,EU,,,
2025-12-10,15.770000457763672,0.0,2.7,4.82,0.0,12580.0,Risk-On,Neutral,Slowdown,RiskOn_Neutral_Slowdown,False,False,False,False,0,False,EU,,,
2025-12-10,15.770000457763672,0.59,2.91,4.82,3.72,12580.0,Risk-On,Easing,Expansion,RiskOn_Easing_Expansion,False,False,False,False,0,False,US,,,
2025-12-11,14.850000381469728,0.0,2.73,4.82,0.0,12580.0,Risk-On,Neutral,Slowdown,RiskOn_Neutral_Slowdown,False,False,False,False,0,False,EU,,,
2025-12-11,14.850000381469728,0.62,2.88,4.82,3.72,12580.0,Risk-On,Easing,Expansion,RiskOn_Easing_Expansion,False,False,False,False,0,False,US,,,
2025-12-12,15.739999771118164,0.67,2.91,4.87,3.72,12580.0,Risk-On,Easing,Expansion,RiskOn_Easing_Expansion,False,False,False,False,0,False,US,,,
2025-12-12,15.739999771118164,0.0,2.73,4.87,0.0,12580.0,Risk-On,Neutral,Slowdown,RiskOn_Neutral_Slowdown,False,False,False,False,0,False,EU,,,
2025-12-15,16.5,0.67,2.91,4.85,3.72,12580.0,Risk-On,Easing,Expansion,RiskOn_Easing_Expansion,False,False,False,False,0,False,US,,,
2025-12-15,16.5,0.0,2.73,4.85,0.0,12580.0,Risk-On,Neutral,Slowdown,RiskOn_Neutral_Slowdown,False,False,False,False,0,False,EU,,,
2025-12-16,16.479999542236328,0.0,2.71,4.83,0.0,12580.0,Risk-On,Neutral,Slowdown,RiskOn_Neutral_Slowdown,False,False,False,False,0,False,EU,,,
2025-12-16,16.479999542236328,0.67,2.98,4.83,3.72,12580.0,Risk-On,Easing,Expansion,RiskOn_Easing_Expansion,False,False,False,False,0,False,US,,,
2025-12-17,17.6200008392334,0.67,2.99,4.83,3.72,12580.0,Risk-On,Easing,Expansion,RiskOn_Easing_Expansion,False,False,False,False,0,False,US,,,
2025-12-17,17.6200008392334,0.0,2.7,4.83,0.0,12580.0,Risk-On,Neutral,Slowdown,RiskOn_Neutral_Slowdown,False,False,False,False,0,False,EU,,,
2025-12-18,16.8700008392334,0.0,2.7,4.8,0.0,12580.0,Risk-On,Neutral,Slowdown,RiskOn_Neutral_Slowdown,False,False,False,False,0,False,EU,,,
2025-12-18,16.8700008392334,0.66,2.95,4.8,3.72,12580.0,Risk-On,Easing,Expansion,RiskOn_Easing_Expansion,False,False,False,False,0,False,US,,,
2025-12-19,14.90999984741211,0.68,2.9,4.82,3.72,12580.0,Risk-On,Easing,Expansion,RiskOn_Easing_Expansion,False,False,False,False,0,False,US,,,
2025-12-19,14.90999984741211,0.0,2.67,4.82,0.0,12580.0,Risk-On,Neutral,Slowdown,RiskOn_Neutral_Slowdown,False,False,False,False,0,False,EU,,,
2025-12-22,14.079999923706056,0.73,2.88,4.84,3.72,12580.0,Risk-On,Easing,Expansion,RiskOn_Easing_Expansion,False,False,False,False,0,False,US,,,
2025-12-22,14.079999923706056,0.0,2.65,4.84,0.0,12580.0,Risk-On,Neutral,Slowdown,RiskOn_Neutral_Slowdown,False,False,False,False,0,False,EU,,,
2025-12-23,14.0,0.0,2.66,4.84,0.0,12580.0,Risk-On,Neutral,Slowdown,RiskOn_Neutral_Slowdown,False,False,False,False,0,False,EU,,,
2025-12-23,14.0,0.7,2.83,4.84,3.72,12580.0,Risk-On,Easing,Expansion,RiskOn_Easing_Expansion,False,False,False,False,0,False,US,,,
2025-12-24,13.470000267028809,0.68,2.84,4.81,3.72,12580.0,Risk-On,Easing,Expansion,RiskOn_Easing_Expansion,False,False,False,False,0,False,US,,,
2025-12-24,13.470000267028809,0.0,2.65,4.81,0.0,12580.0,Risk-On,Neutral,Slowdown,RiskOn_Neutral_Slowdown,False,False,False,False,0,False,EU,,,
2025-12-25,13.470000267028809,0.68,2.84,4.81,3.72,12580.0,Risk-On,Easing,Expansion,RiskOn_Easing_Expansion,False,False,False,False,0,False,US,,,
2025-12-25,13.470000267028809,0.0,2.65,4.81,0.0,12580.0,Risk-On,Neutral,Slowdown,RiskOn_Neutral_Slowdown,False,False,False,False,0,False,EU,,,
2025-12-26,13.600000381469728,0.68,2.86,4.8,3.72,12580.0,Risk-On,Easing,Expansion,RiskOn_Easing_Expansion,False,False,False,False,0,False,US,,,
2025-12-26,13.600000381469728,0.0,2.65,4.8,0.0,12580.0,Risk-On,Neutral,Slowdown,RiskOn_Neutral_Slowdown,False,False,False,False,0,False,EU,,,
2025-12-29,14.199999809265137,0.67,2.87,4.78,3.72,12580.0,Risk-On,Easing,Expansion,RiskOn_Easing_Expansion,False,False,False,False,0,False,US,,,
2025-12-29,14.199999809265137,0.0,2.69,4.78,0.0,12580.0,Risk-On,Neutral,Slowdown,RiskOn_Neutral_Slowdown,False,False,False,False,0,False,EU,,,
2025-12-30,14.329999923706056,0.0,2.67,4.79,0.0,12580.0,Risk-On,Neutral,Slowdown,RiskOn_Neutral_Slowdown,False,False,False,False,0,False,EU,,,
2025-12-30,14.329999923706056,0.69,2.84,4.79,3.72,12580.0,Risk-On,Easing,Expansion,RiskOn_Easing_Expansion,False,False,False,False,0,False,US,,,
2025-12-31,14.949999809265137,0.71,2.81,4.84,3.72,12580.0,Risk-On,Easing,Expansion,RiskOn_Easing_Expansion,False,False,False,False,0,False,US,,,
2025-12-31,14.949999809265137,0.0,2.7,4.84,0.0,12580.0,Risk-On,Neutral,Slowdown,RiskOn_Neutral_Slowdown,False,False,False,False,0,False,EU,,,
2026-01-01,14.949999809265137,0.0,2.7,4.84,0.0,12582.0,Risk-On,Neutral,Slowdown,RiskOn_Neutral_Slowdown,False,False,False,False,0,False,EU,,,
2026-01-01,14.949999809265137,0.71,2.81,4.84,3.64,12582.0,Risk-On,Easing,Expansion,RiskOn_Easing_Expansion,False,False,False,False,0,False,US,,,
2026-01-02,14.510000228881836,0.72,2.83,4.85,3.64,12582.0,Risk-On,Easing,Expansion,RiskOn_Easing_Expansion,False,False,False,False,0,False,US,,,
2026-01-02,14.510000228881836,0.0,2.75,4.85,0.0,12582.0,Risk-On,Neutral,Slowdown,RiskOn_Neutral_Slowdown,False,False,False,False,0,False,EU,,,
2026-01-05,14.899999618530272,0.0,2.66,4.82,0.0,12582.0,Risk-On,Neutral,Slowdown,RiskOn_Neutral_Slowdown,False,False,False,False,0,False,EU,,,
2026-01-05,14.899999618530272,0.71,2.81,4.82,3.64,12582.0,Risk-On,Easing,Expansion,RiskOn_Easing_Expansion,False,False,False,False,0,False,US,,,
2026-01-06,14.75,0.71,2.79,4.82,3.64,12582.0,Risk-On,Easing,Expansion,RiskOn_Easing_Expansion,False,False,False,False,0,False,US,,,
2026-01-06,14.75,0.0,2.64,4.82,0.0,12582.0,Risk-On,Neutral,Slowdown,RiskOn_Neutral_Slowdown,False,False,False,False,0,False,EU,,,
2026-01-07,15.380000114440918,0.0,2.61,4.81,0.0,12582.0,Risk-On,Neutral,Slowdown,RiskOn_Neutral_Slowdown,False,False,False,False,0,False,EU,,,
2026-01-07,15.380000114440918,0.68,2.79,4.81,3.64,12582.0,Risk-On,Easing,Expansion,RiskOn_Easing_Expansion,False,False,False,False,0,False,US,,,
2026-01-08,15.449999809265137,0.0,2.58,4.84,0.0,12582.0,Risk-On,Neutral,Slowdown,RiskOn_Neutral_Slowdown,False,False,False,False,0,False,EU,,,
2026-01-08,15.449999809265137,0.7,2.76,4.84,3.64,12582.0,Risk-On,Easing,Expansion,RiskOn_Easing_Expansion,False,False,False,False,0,False,US,,,
2026-01-09,14.489999771118164,0.0,2.57,4.83,0.0,12582.0,Risk-On,Neutral,Slowdown,RiskOn_Neutral_Slowdown,False,False,False,False,0,False,EU,,,
2026-01-09,14.489999771118164,0.64,2.74,4.83,3.64,12582.0,Risk-On,Easing,Expansion,RiskOn_Easing_Expansion,False,False,False,False,0,False,US,,,
2026-01-12,15.119999885559082,0.65,2.74,4.84,3.64,12582.0,Risk-On,Easing,Expansion,RiskOn_Easing_Expansion,False,False,False,False,0,False,US,,,
2026-01-12,15.119999885559082,0.0,2.56,4.84,0.0,12582.0,Risk-On,Neutral,Slowdown,RiskOn_Neutral_Slowdown,False,False,False,False,0,False,EU,,,
2026-01-13,15.979999542236328,0.0,2.57,4.82,0.0,12582.0,Risk-On,Neutral,Slowdown,RiskOn_Neutral_Slowdown,False,False,False,False,0,False,EU,,,
2026-01-13,15.979999542236328,0.65,2.75,4.82,3.64,12582.0,Risk-On,Easing,Expansion,RiskOn_Easing_Expansion,False,False,False,False,0,False,US,,,
2026-01-14,16.75,0.0,2.59,4.79,0.0,12582.0,Neutral,Neutral,Slowdown,Neutral_Neutral_Slowdown,False,False,False,False,0,False,EU,,,
2026-01-14,16.75,0.64,2.76,4.79,3.64,12582.0,Neutral,Easing,Expansion,Neutral_Easing_Expansion,False,False,False,False,0,False,US,,,
2026-01-15,15.84000015258789,0.0,2.58,4.81,0.0,12582.0,Risk-On,Neutral,Slowdown,RiskOn_Neutral_Slowdown,False,False,False,False,0,False,EU,,,
2026-01-15,15.84000015258789,0.61,2.71,4.81,3.64,12582.0,Risk-On,Easing,Expansion,RiskOn_Easing_Expansion,False,False,False,False,0,False,US,,,
2026-01-16,15.859999656677246,0.0,2.58,4.85,0.0,12582.0,Risk-On,Neutral,Slowdown,RiskOn_Neutral_Slowdown,False,False,False,False,0,False,EU,,,
2026-01-16,15.859999656677246,0.65,2.65,4.85,3.64,12582.0,Risk-On,Easing,Expansion,RiskOn_Easing_Expansion,False,False,False,False,0,False,US,,,
2026-01-19,15.859999656677246,0.65,2.65,4.85,3.64,12582.0,Neutral,Easing,Expansion,Neutral_Easing_Expansion,False,False,False,False,0,False,US,,,
2026-01-19,15.859999656677246,0.0,2.68,4.85,0.0,12582.0,Neutral,Neutral,Slowdown,Neutral_Neutral_Slowdown,False,False,False,False,0,False,EU,,,
2026-01-20,20.09000015258789,0.7,2.73,4.89,3.64,12582.0,Neutral,Easing,Expansion,Neutral_Easing_Expansion,False,False,False,False,0,False,US,,,
2026-01-20,20.09000015258789,0.0,2.7,4.89,0.0,12582.0,Neutral,Neutral,Slowdown,Neutral_Neutral_Slowdown,False,False,False,False,0,False,EU,,,
2026-01-21,16.899999618530273,0.0,2.66,4.85,0.0,12582.0,Neutral,Neutral,Slowdown,Neutral_Neutral_Slowdown,False,False,False,False,0,False,EU,,,
2026-01-21,16.899999618530273,0.66,2.69,4.85,3.64,12582.0,Neutral,Easing,Expansion,Neutral_Easing_Expansion,False,False,False,False,0,False,US,,,
2026-01-22,15.640000343322754,0.65,2.64,4.84,3.64,12582.0,Neutral,Easing,Expansion,Neutral_Easing_Expansion,False,False,False,False,0,False,US,,,
2026-01-22,15.640000343322754,0.0,2.58,4.84,0.0,12582.0,Neutral,Neutral,Slowdown,Neutral_Neutral_Slowdown,False,False,False,False,0,False,EU,,,
2026-01-23,16.09000015258789,0.0,2.57,4.83,0.0,12582.0,Neutral,Neutral,Slowdown,Neutral_Neutral_Slowdown,False,False,False,False,0,False,EU,,,
2026-01-23,16.09000015258789,0.64,2.68,4.83,3.64,12582.0,Neutral,Easing,Expansion,Neutral_Easing_Expansion,False,False,False,False,0,False,US,,,
2026-01-26,16.149999618530273,0.0,2.57,4.82,0.0,12582.0,Neutral,Neutral,Slowdown,Neutral_Neutral_Slowdown,False,False,False,False,0,False,EU,,,
2026-01-26,16.149999618530273,0.66,2.69,4.82,3.64,12582.0,Neutral,Easing,Expansion,Neutral_Easing_Expansion,False,False,False,False,0,False,US,,,
2026-01-27,16.350000381469727,0.71,2.71,4.82,3.64,12582.0,Neutral,Easing,Expansion,Neutral_Easing_Expansion,False,False,False,False,0,False,US,,,
2026-01-27,16.350000381469727,0.0,2.56,4.82,0.0,12582.0,Neutral,Neutral,Slowdown,Neutral_Neutral_Slowdown,False,False,False,False,0,False,EU,,,
2026-01-28,16.350000381469727,0.0,2.59,4.83,0.0,12582.0,Neutral,Neutral,Slowdown,Neutral_Neutral_Slowdown,False,False,False,False,0,False,EU,,,
2026-01-28,16.350000381469727,0.7,2.72,4.83,3.64,12582.0,Neutral,Easing,Expansion,Neutral_Easing_Expansion,False,False,False,False,0,False,US,,,
2026-01-29,16.8799991607666,0.71,2.77,4.82,3.64,12582.0,Neutral,Easing,Expansion,Neutral_Easing_Expansion,False,False,False,False,0,False,US,,,
2026-01-29,16.8799991607666,0.0,2.64,4.82,0.0,12582.0,Neutral,Neutral,Slowdown,Neutral_Neutral_Slowdown,False,False,False,False,0,False,EU,,,
2026-01-30,17.440000534057617,0.0,2.63,4.82,0.0,12582.0,Neutral,Neutral,Slowdown,Neutral_Neutral_Slowdown,False,False,False,False,0,False,EU,,,
2026-01-30,17.440000534057617,0.74,2.8,4.82,3.64,12582.0,Neutral,Easing,Expansion,Neutral_Easing_Expansion,False,False,False,False,0,False,US,,,
2026-02-02,16.34000015258789,0.72,2.81,4.87,3.64,12582.0,Neutral,Easing,Expansion,Neutral_Easing_Expansion,False,False,False,False,0,False,US,,,
2026-02-02,16.34000015258789,0.0,2.62,4.87,0.0,12582.0,Neutral,Neutral,Slowdown,Neutral_Neutral_Slowdown,False,False,False,False,0,False,EU,,,
2026-02-03,18.0,0.71,2.85,4.86,3.64,12582.0,Neutral,Easing,Expansion,Neutral_Easing_Expansion,False,False,False,False,0,False,US,,,
2026-02-03,18.0,0.0,2.58,4.86,0.0,12582.0,Neutral,Neutral,Slowdown,Neutral_Neutral_Slowdown,False,False,False,False,0,False,EU,,,
2026-02-04,18.63999938964844,0.72,2.86,4.87,3.64,12582.0,Neutral,Easing,Expansion,Neutral_Easing_Expansion,False,False,False,False,0,False,US,,,
2026-02-04,18.63999938964844,0.0,2.59,4.87,0.0,12582.0,Neutral,Neutral,Slowdown,Neutral_Neutral_Slowdown,False,False,False,False,0,False,EU,,,
2026-02-05,21.770000457763672,0.0,2.61,4.81,0.0,12582.0,Neutral,Neutral,Slowdown,Neutral_Neutral_Slowdown,False,False,False,False,0,False,EU,,,
2026-02-05,21.770000457763672,0.74,2.97,4.81,3.64,12582.0,Neutral,Easing,Expansion,Neutral_Easing_Expansion,False,False,False,False,0,False,US,,,
2026-02-06,20.3700008392334,0.72,2.87,4.82,3.64,12582.0,Neutral,Easing,Expansion,Neutral_Easing_Expansion,False,False,False,False,0,False,US,,,
2026-02-06,20.3700008392334,0.0,2.61,4.82,0.0,12582.0,Neutral,Neutral,Slowdown,Neutral_Neutral_Slowdown,False,False,False,False,0,False,EU,,,
2026-02-09,17.360000610351562,0.0,2.6,4.81,0.0,12582.0,Neutral,Neutral,Slowdown,Neutral_Neutral_Slowdown,False,False,False,False,0,False,EU,,,
2026-02-09,17.360000610351562,0.74,2.84,4.81,3.64,12582.0,Neutral,Easing,Expansion,Neutral_Easing_Expansion,False,False,False,False,0,False,US,,,
2026-02-10,17.790000915527344,0.71,2.86,4.78,3.64,12582.0,Neutral,Easing,Expansion,Neutral_Easing_Expansion,False,False,False,False,0,False,US,,,
2026-02-10,17.790000915527344,0.0,2.61,4.78,0.0,12582.0,Neutral,Neutral,Slowdown,Neutral_Neutral_Slowdown,False,False,False,False,0,False,EU,,,
2026-02-11,17.649999618530273,0.66,2.84,4.81,3.64,12582.0,Neutral,Easing,Expansion,Neutral_Easing_Expansion,False,False,False,False,0,False,US,,,
2026-02-11,17.649999618530273,0.0,2.62,4.81,0.0,12582.0,Neutral,Neutral,Slowdown,Neutral_Neutral_Slowdown,False,False,False,False,0,False,EU,,,
2026-02-12,20.81999969482422,0.0,2.62,4.75,0.0,12582.0,Neutral,Neutral,Slowdown,Neutral_Neutral_Slowdown,False,False,False,False,0,False,EU,,,
2026-02-12,20.81999969482422,0.62,2.92,4.75,3.64,12582.0,Neutral,Easing,Expansion,Neutral_Easing_Expansion,False,False,False,False,0,False,US,,,
2026-02-13,20.600000381469727,0.64,2.95,4.72,3.64,12582.0,Neutral,Easing,Expansion,Neutral_Easing_Expansion,False,False,False,False,0,False,US,,,
2026-02-13,20.600000381469727,0.0,2.69,4.72,0.0,12582.0,Neutral,Neutral,Slowdown,Neutral_Neutral_Slowdown,False,False,False,False,0,False,EU,,,
2026-02-16,20.600000381469727,0.64,2.94,4.72,3.64,12582.0,Neutral,Easing,Expansion,Neutral_Easing_Expansion,False,False,False,False,0,False,US,,,
2026-02-16,20.600000381469727,0.0,2.68,4.72,0.0,12582.0,Neutral,Neutral,Slowdown,Neutral_Neutral_Slowdown,False,False,False,False,0,False,EU,,,
2026-02-17,20.290000915527344,0.62,2.94,4.73,3.64,12582.0,Neutral,Easing,Expansion,Neutral_Easing_Expansion,False,False,False,False,0,False,US,,,
2026-02-17,20.290000915527344,0.0,2.7,4.73,0.0,12582.0,Neutral,Neutral,Slowdown,Neutral_Neutral_Slowdown,False,False,False,False,0,False,EU,,,
2026-02-18,19.6200008392334,0.0,2.66,4.74,0.0,12582.0,Risk-On,Neutral,Slowdown,RiskOn_Neutral_Slowdown,False,False,False,False,0,False,EU,,,
2026-02-18,19.6200008392334,0.62,2.86,4.74,3.64,12582.0,Risk-On,Easing,Expansion,RiskOn_Easing_Expansion,False,False,False,False,0,False,US,,,
2026-02-19,20.229999542236328,0.0,2.62,4.74,0.0,12582.0,Neutral,Neutral,Slowdown,Neutral_Neutral_Slowdown,False,False,False,False,0,False,EU,,,
2026-02-19,20.229999542236328,0.61,2.88,4.74,3.64,12582.0,Neutral,Easing,Expansion,Neutral_Easing_Expansion,False,False,False,False,0,False,US,,,
2026-02-20,19.09000015258789,0.0,2.6,4.74,0.0,12582.0,Neutral,Neutral,Slowdown,Neutral_Neutral_Slowdown,False,False,False,False,0,False,EU,,,
2026-02-20,19.09000015258789,0.6,2.86,4.74,3.64,12582.0,Neutral,Easing,Expansion,Neutral_Easing_Expansion,False,False,False,False,0,False,US,,,
2026-02-23,21.01000022888184,0.6,2.95,4.71,3.64,12582.0,Neutral,Easing,Expansion,Neutral_Easing_Expansion,False,False,False,False,0,False,US,,,
2026-02-23,21.01000022888184,0.0,2.61,4.71,0.0,12582.0,Neutral,Neutral,Slowdown,Neutral_Neutral_Slowdown,False,False,False,False,0,False,EU,,,
2026-02-24,19.549999237060547,0.61,2.97,4.73,3.64,12582.0,Neutral,Easing,Expansion,Neutral_Easing_Expansion,False,False,False,False,0,False,US,,,
2026-02-24,19.549999237060547,0.0,2.65,4.73,0.0,12582.0,Neutral,Neutral,Slowdown,Neutral_Neutral_Slowdown,False,False,False,False,0,False,EU,,,
2026-02-25,17.93000030517578,0.6,2.94,4.73,3.64,12582.0,Neutral,Easing,Expansion,Neutral_Easing_Expansion,False,False,False,False,0,False,US,,,
2026-02-25,17.93000030517578,0.0,2.64,4.73,0.0,12582.0,Neutral,Neutral,Slowdown,Neutral_Neutral_Slowdown,False,False,False,False,0,False,EU,,,
2026-02-26,18.6299991607666,0.6,2.98,4.72,3.64,12582.0,Neutral,Neutral,Expansion,Neutral_Neutral_Expansion,False,False,False,False,0,False,US,,,
2026-02-26,18.6299991607666,0.0,2.64,4.72,0.0,12582.0,Neutral,Neutral,Slowdown,Neutral_Neutral_Slowdown,False,False,False,False,0,False,EU,,,
2026-02-27,19.86000061035156,0.59,3.1,4.71,3.64,12582.0,Neutral,Neutral,Expansion,Neutral_Neutral_Expansion,False,False,False,False,0,False,US,,,
2026-02-27,19.86000061035156,0.0,2.69,4.71,0.0,12582.0,Neutral,Neutral,Slowdown,Neutral_Neutral_Slowdown,False,False,False,False,0,False,EU,,,
2026-03-02,21.440000534057617,0.58,3.03,4.8,3.64,12582.0,Neutral,Neutral,Expansion,Neutral_Neutral_Expansion,False,False,False,False,0,False,US,,,
2026-03-02,21.440000534057617,0.0,2.83,4.8,0.0,12582.0,Neutral,Neutral,Slowdown,Neutral_Neutral_Slowdown,False,False,False,False,0,False,EU,,,
2026-03-03,23.56999969482422,0.0,2.89,4.81,0.0,12582.0,Neutral,Neutral,Slowdown,Neutral_Neutral_Slowdown,True,False,False,False,1,False,EU,,,
2026-03-03,23.56999969482422,0.55,3.08,4.81,3.64,12582.0,Neutral,Neutral,Slowdown,Neutral_Neutral_Slowdown,True,False,False,False,1,False,US,,,
2026-03-04,21.14999961853028,0.0,2.84,4.82,0.0,12582.0,Neutral,Neutral,Slowdown,Neutral_Neutral_Slowdown,False,False,False,False,0,False,EU,,,
2026-03-04,21.14999961853028,0.55,2.97,4.82,3.64,12582.0,Neutral,Neutral,Slowdown,Neutral_Neutral_Slowdown,False,False,False,False,0,False,US,,,
2026-03-05,23.75,0.56,3.0,4.86,3.64,12582.0,Neutral,Neutral,Slowdown,Neutral_Neutral_Slowdown,True,False,False,False,1,False,US,,,
2026-03-05,23.75,0.0,2.75,4.86,0.0,12582.0,Neutral,Neutral,Slowdown,Neutral_Neutral_Slowdown,True,False,False,False,1,False,EU,,,
2026-03-06,29.489999771118164,0.59,3.13,4.89,3.64,12582.0,Risk-Off,Neutral,Expansion,RiskOff_Neutral_Expansion,True,False,False,False,1,False,US,,,
2026-03-06,29.489999771118164,0.0,2.84,4.89,0.0,12582.0,Neutral,Neutral,Slowdown,Neutral_Neutral_Slowdown,True,False,False,False,1,False,EU,,,
2026-03-09,25.5,0.0,3.06,4.86,0.0,12582.0,Neutral,Neutral,Slowdown,Neutral_Neutral_Slowdown,True,False,False,False,1,False,EU,,,
2026-03-09,25.5,0.56,3.19,4.86,3.64,12582.0,Neutral,Neutral,Slowdown,Neutral_Neutral_Slowdown,True,False,False,False,1,False,US,,,
2026-03-10,24.93000030517578,0.0,2.92,4.9,0.0,12582.0,Neutral,Neutral,Slowdown,Neutral_Neutral_Slowdown,True,False,False,False,1,False,EU,,,
2026-03-10,24.93000030517578,0.58,3.06,4.9,3.64,12582.0,Neutral,Neutral,Slowdown,Neutral_Neutral_Slowdown,True,False,False,False,1,False,US,,,
2026-03-11,24.229999542236328,0.0,2.9,4.99,0.0,12582.0,Neutral,Neutral,Slowdown,Neutral_Neutral_Slowdown,True,False,False,False,1,False,EU,,,
2026-03-11,24.229999542236328,0.57,3.09,4.99,3.64,12582.0,Neutral,Neutral,Slowdown,Neutral_Neutral_Slowdown,True,False,False,False,1,False,US,,,
2026-03-12,27.290000915527344,0.0,3.0,5.08,0.0,12582.0,Neutral,Neutral,Slowdown,Neutral_Neutral_Slowdown,True,False,False,False,1,False,EU,,,
2026-03-12,27.290000915527344,0.51,3.17,5.08,3.64,12582.0,Neutral,Neutral,Slowdown,Neutral_Neutral_Slowdown,True,True,False,False,2,True,US,,,
2026-03-13,27.190000534057617,0.55,3.28,5.11,3.64,12582.0,Neutral,Neutral,Slowdown,Neutral_Neutral_Slowdown,True,False,False,False,1,False,US,,,
2026-03-13,27.190000534057617,0.0,3.08,5.11,0.0,12582.0,Neutral,Neutral,Slowdown,Neutral_Neutral_Slowdown,True,False,False,False,1,False,EU,,,
2026-03-16,23.51000022888184,0.0,3.14,5.06,0.0,12582.0,Neutral,Neutral,Slowdown,Neutral_Neutral_Slowdown,True,False,False,False,1,False,EU,,,
2026-03-16,23.51000022888184,0.55,3.27,5.06,3.64,12582.0,Neutral,Neutral,Slowdown,Neutral_Neutral_Slowdown,True,False,False,False,1,False,US,,,
2026-03-17,22.3700008392334,0.52,3.22,5.02,3.64,12582.0,Neutral,Neutral,Slowdown,Neutral_Neutral_Slowdown,False,True,False,False,1,False,US,,,
2026-03-17,22.3700008392334,0.0,3.09,5.02,0.0,12582.0,Neutral,Neutral,Slowdown,Neutral_Neutral_Slowdown,False,False,False,False,0,False,EU,,,
2026-03-18,25.09000015258789,0.5,3.2,5.08,3.64,12582.0,Neutral,Neutral,Slowdown,Neutral_Neutral_Slowdown,False,True,False,False,1,False,US,,,
2026-03-18,25.09000015258789,0.0,3.01,5.08,0.0,12582.0,Neutral,Neutral,Slowdown,Neutral_Neutral_Slowdown,False,False,False,False,0,False,EU,,,
2026-03-19,24.059999465942383,0.46,3.27,5.08,3.64,12582.0,Neutral,Neutral,Slowdown,Neutral_Neutral_Slowdown,False,True,False,False,1,False,US,,,
2026-03-19,24.059999465942383,0.0,3.1,5.08,0.0,12582.0,Neutral,Neutral,Slowdown,Neutral_Neutral_Slowdown,False,False,False,False,0,False,EU,,,
2026-03-20,26.780000686645508,0.51,3.24,5.18,3.64,12582.0,Neutral,Neutral,Slowdown,Neutral_Neutral_Slowdown,False,False,False,False,0,False,US,,,
2026-03-20,26.780000686645508,0.0,3.08,5.18,0.0,12582.0,Neutral,Neutral,Slowdown,Neutral_Neutral_Slowdown,False,False,False,False,0,False,EU,,,
2026-03-23,26.14999961853028,0.0,3.23,5.13,0.0,12582.0,Neutral,Neutral,Slowdown,Neutral_Neutral_Slowdown,False,False,True,False,1,False,EU,,,
2026-03-23,26.14999961853028,0.51,3.19,5.13,3.64,12582.0,Neutral,Neutral,Slowdown,Neutral_Neutral_Slowdown,False,False,False,False,0,False,US,,,
2026-03-24,26.950000762939453,0.0,3.16,5.17,0.0,12582.0,Neutral,Neutral,Slowdown,Neutral_Neutral_Slowdown,False,False,True,False,1,False,EU,,,
2026-03-24,26.950000762939453,0.49,3.19,5.17,3.64,12582.0,Neutral,Neutral,Slowdown,Neutral_Neutral_Slowdown,False,False,False,False,0,False,US,,,
2026-03-25,25.32999992370605,0.49,3.17,5.11,3.64,12582.0,Neutral,Neutral,Slowdown,Neutral_Neutral_Slowdown,False,False,False,False,0,False,US,,,
2026-03-25,25.32999992370605,0.0,3.09,5.11,0.0,12582.0,Neutral,Neutral,Slowdown,Neutral_Neutral_Slowdown,False,False,False,False,0,False,EU,,,
2026-03-26,27.440000534057617,0.46,3.21,5.22,3.64,12582.0,Neutral,Neutral,Slowdown,Neutral_Neutral_Slowdown,False,False,False,False,0,False,US,,,
2026-03-26,27.440000534057617,0.0,3.09,5.22,0.0,12582.0,Neutral,Neutral,Slowdown,Neutral_Neutral_Slowdown,False,False,False,False,0,False,EU,,,
2026-03-27,31.049999237060547,0.0,3.19,5.24,0.0,12582.0,Risk-Off,Neutral,Slowdown,RiskOff_Neutral_Slowdown,False,False,True,False,1,False,EU,,,
2026-03-27,31.049999237060547,0.56,3.42,5.24,3.64,12582.0,Risk-Off,Neutral,Slowdown,RiskOff_Neutral_Slowdown,False,False,False,False,0,False,US,,,
2026-03-30,30.61000061035156,0.0,3.33,5.16,0.0,12582.0,Risk-Off,Neutral,Slowdown,RiskOff_Neutral_Slowdown,False,False,True,False,1,False,EU,,,
2026-03-30,30.61000061035156,0.53,3.46,5.16,3.64,12582.0,Risk-Off,Neutral,Slowdown,RiskOff_Neutral_Slowdown,False,False,False,False,0,False,US,,,
2026-03-31,25.25,0.0,3.37,5.14,0.0,12582.0,Neutral,Neutral,Slowdown,Neutral_Neutral_Slowdown,False,False,True,False,1,False,EU,,,
2026-03-31,25.25,0.51,3.28,5.14,3.64,12582.0,Neutral,Neutral,Slowdown,Neutral_Neutral_Slowdown,False,False,False,False,0,False,US,,,
2026-04-01,24.540000915527344,0.0,3.23,5.13,0.0,12596.0,Neutral,Neutral,Slowdown,Neutral_Neutral_Slowdown,False,False,False,False,0,False,EU,,,
2026-04-01,24.540000915527344,0.52,3.16,5.13,3.64,12596.0,Neutral,Neutral,Slowdown,Neutral_Neutral_Slowdown,False,False,False,False,0,False,US,,,
2026-04-02,23.8700008392334,0.52,3.17,5.1,3.64,12596.0,Neutral,Neutral,Slowdown,Neutral_Neutral_Slowdown,False,False,False,False,0,False,US,,,
2026-04-02,23.8700008392334,0.0,3.26,5.1,0.0,12596.0,Neutral,Neutral,Slowdown,Neutral_Neutral_Slowdown,False,False,False,False,0,False,EU,,,
2026-04-03,23.8700008392334,0.51,3.13,5.14,3.64,12596.0,Neutral,Neutral,Slowdown,Neutral_Neutral_Slowdown,False,False,False,False,0,False,US,,,
2026-04-03,23.8700008392334,0.0,3.26,5.14,0.0,12596.0,Neutral,Neutral,Slowdown,Neutral_Neutral_Slowdown,False,False,True,False,1,False,EU,,,
2026-04-06,24.170000076293945,0.0,3.26,5.11,0.0,12596.0,Neutral,Neutral,Slowdown,Neutral_Neutral_Slowdown,False,False,False,False,0,False,EU,,,
2026-04-06,24.170000076293945,0.5,3.05,5.11,3.64,12596.0,Neutral,Neutral,Slowdown,Neutral_Neutral_Slowdown,False,False,False,False,0,False,US,,,
2026-04-07,25.780000686645508,0.52,3.12,5.1,3.64,12596.0,Neutral,Neutral,Slowdown,Neutral_Neutral_Slowdown,False,False,False,False,0,False,US,,,
2026-04-07,25.780000686645508,0.0,3.14,5.1,0.0,12596.0,Neutral,Neutral,Slowdown,Neutral_Neutral_Slowdown,False,False,False,False,0,False,EU,,,
2026-04-08,21.040000915527344,0.5,2.94,5.04,3.64,12596.0,Neutral,Neutral,Slowdown,Neutral_Neutral_Slowdown,False,False,False,False,0,False,US,,,
2026-04-08,21.040000915527344,0.0,3.05,5.04,0.0,12596.0,Risk-On,Neutral,Slowdown,RiskOn_Neutral_Slowdown,False,False,False,False,0,False,EU,,,
2026-04-09,19.489999771118164,0.51,2.9,5.04,3.64,12596.0,Risk-On,Neutral,Slowdown,RiskOn_Neutral_Slowdown,False,False,False,False,0,False,US,,,
2026-04-09,19.489999771118164,0.0,3.02,5.04,0.0,12596.0,Risk-On,Neutral,Slowdown,RiskOn_Neutral_Slowdown,False,False,False,False,0,False,EU,,,
2026-04-10,19.229999542236328,0.0,2.98,5.06,0.0,12596.0,Risk-On,Neutral,Slowdown,RiskOn_Neutral_Slowdown,False,False,False,False,0,False,EU,,,
2026-04-10,19.229999542236328,0.5,2.94,5.06,3.64,12596.0,Risk-On,Neutral,Slowdown,RiskOn_Neutral_Slowdown,False,False,False,False,0,False,US,,,
2026-04-13,19.1200008392334,0.52,2.95,5.03,3.64,12596.0,Risk-On,Neutral,Slowdown,RiskOn_Neutral_Slowdown,False,False,False,False,0,False,US,,,
2026-04-13,19.1200008392334,0.0,2.98,5.03,0.0,12596.0,Risk-On,Neutral,Slowdown,RiskOn_Neutral_Slowdown,False,False,False,False,0,False,EU,,,
2026-04-14,18.36000061035156,0.0,2.96,4.98,0.0,12596.0,Risk-On,Neutral,Slowdown,RiskOn_Neutral_Slowdown,False,False,False,False,0,False,EU,,,
2026-04-14,18.36000061035156,0.5,2.84,4.98,3.64,12596.0,Risk-On,Neutral,Slowdown,RiskOn_Neutral_Slowdown,False,False,False,False,0,False,US,,,
2026-04-15,18.170000076293945,0.0,2.94,4.99,0.0,12596.0,Risk-On,Neutral,Slowdown,RiskOn_Neutral_Slowdown,False,False,False,False,0,False,EU,,,
2026-04-15,18.170000076293945,0.53,2.85,4.99,3.64,12596.0,Risk-On,Neutral,Slowdown,RiskOn_Neutral_Slowdown,False,False,False,False,0,False,US,,,
2026-04-16,17.940000534057617,0.54,2.86,5.02,3.64,12596.0,Risk-On,Neutral,Slowdown,RiskOn_Neutral_Slowdown,False,False,False,False,0,False,US,,,
2026-04-16,17.940000534057617,0.0,2.93,5.02,0.0,12596.0,Risk-On,Neutral,Slowdown,RiskOn_Neutral_Slowdown,False,False,False,False,0,False,EU,,,
2026-04-17,17.479999542236328,0.55,2.83,4.96,3.64,12596.0,Risk-On,Neutral,Slowdown,RiskOn_Neutral_Slowdown,False,False,False,False,0,False,US,,,
2026-04-17,17.479999542236328,0.0,2.94,4.96,0.0,12596.0,Risk-On,Neutral,Slowdown,RiskOn_Neutral_Slowdown,False,False,False,False,0,False,EU,,,
2026-04-20,18.8700008392334,0.54,2.87,4.97,3.64,12596.0,Risk-On,Neutral,Slowdown,RiskOn_Neutral_Slowdown,False,False,False,False,0,False,US,,,
2026-04-20,18.8700008392334,0.0,2.9,4.97,0.0,12596.0,Risk-On,Neutral,Slowdown,RiskOn_Neutral_Slowdown,False,False,False,False,0,False,EU,,,
2026-04-21,19.5,0.0,2.84,5.02,0.0,12596.0,Risk-On,Neutral,Slowdown,RiskOn_Neutral_Slowdown,False,False,False,False,0,False,EU,,,
2026-04-21,19.5,0.52,2.85,5.02,3.64,12596.0,Risk-On,Neutral,Slowdown,RiskOn_Neutral_Slowdown,False,False,False,False,0,False,US,,,
2026-04-22,18.920000076293945,0.51,2.84,5.0,3.64,12596.0,Risk-On,Neutral,Slowdown,RiskOn_Neutral_Slowdown,False,False,False,False,0,False,US,,,
2026-04-22,18.920000076293945,0.0,2.83,5.0,0.0,12596.0,Risk-On,Neutral,Slowdown,RiskOn_Neutral_Slowdown,False,False,False,False,0,False,EU,,,
2026-04-23,19.309999465942383,0.0,2.84,5.03,0.0,12596.0,Risk-On,Neutral,Slowdown,RiskOn_Neutral_Slowdown,False,False,False,False,0,False,EU,,,
2026-04-23,19.309999465942383,0.51,2.86,5.03,3.64,12596.0,Risk-On,Neutral,Slowdown,RiskOn_Neutral_Slowdown,False,False,False,False,0,False,US,,,
2026-04-24,18.709999084472656,0.0,2.86,5.01,0.0,12596.0,Risk-On,Neutral,Slowdown,RiskOn_Neutral_Slowdown,False,False,False,False,0,False,EU,,,
2026-04-24,18.709999084472656,0.53,2.86,5.01,3.64,12596.0,Risk-On,Neutral,Slowdown,RiskOn_Neutral_Slowdown,False,False,False,False,0,False,US,,,
2026-04-27,18.020000457763672,0.57,2.84,5.04,3.64,12596.0,Risk-On,Neutral,Slowdown,RiskOn_Neutral_Slowdown,False,False,False,False,0,False,US,,,
2026-04-27,18.020000457763672,0.0,2.84,5.04,0.0,12596.0,Risk-On,Neutral,Slowdown,RiskOn_Neutral_Slowdown,False,False,False,False,0,False,EU,,,
2026-04-28,17.829999923706055,0.52,2.85,5.06,3.64,12596.0,Risk-On,Neutral,Slowdown,RiskOn_Neutral_Slowdown,False,False,False,False,0,False,US,,,
2026-04-28,17.829999923706055,0.0,2.82,5.06,0.0,12596.0,Risk-On,Neutral,Slowdown,RiskOn_Neutral_Slowdown,False,False,False,False,0,False,EU,,,
2026-04-29,18.809999465942383,0.0,2.8,5.13,0.0,12596.0,Risk-On,Neutral,Slowdown,RiskOn_Neutral_Slowdown,False,False,False,False,0,False,EU,,,
2026-04-29,18.809999465942383,0.5,2.82,5.13,3.64,12596.0,Risk-On,Neutral,Slowdown,RiskOn_Neutral_Slowdown,False,False,False,False,0,False,US,,,
2026-04-30,16.889999389648438,0.0,2.8,5.13,0.0,12596.0,Risk-On,Neutral,Slowdown,RiskOn_Neutral_Slowdown,False,False,False,False,0,False,EU,,,
2026-04-30,16.889999389648438,0.52,2.83,5.13,3.64,12596.0,Risk-On,Neutral,Slowdown,RiskOn_Neutral_Slowdown,False,False,False,False,0,False,US,,,
2026-05-01,16.989999771118164,0.51,2.77,5.12,3.64,12596.0,Risk-On,Neutral,Slowdown,RiskOn_Neutral_Slowdown,False,False,False,False,0,False,US,,,
2026-05-01,16.989999771118164,0.0,2.8,5.12,0.0,12596.0,Risk-On,Neutral,Slowdown,RiskOn_Neutral_Slowdown,False,False,False,False,0,False,EU,,,
2026-05-04,18.290000915527344,0.0,2.75,5.16,0.0,12596.0,Risk-On,Neutral,Slowdown,RiskOn_Neutral_Slowdown,False,False,False,False,0,False,EU,,,
2026-05-04,18.290000915527344,0.5,2.78,5.16,3.64,12596.0,Risk-On,Neutral,Slowdown,RiskOn_Neutral_Slowdown,False,False,False,False,0,False,US,,,
2026-05-05,17.3799991607666,0.5,2.77,5.13,3.64,12596.0,Risk-On,Neutral,Slowdown,RiskOn_Neutral_Slowdown,False,False,False,False,0,False,US,,,
2026-05-05,17.3799991607666,0.0,2.75,5.13,0.0,12596.0,Risk-On,Neutral,Slowdown,RiskOn_Neutral_Slowdown,False,False,False,False,0,False,EU,,,
2026-05-06,17.389999389648438,0.49,2.75,5.07,3.64,12596.0,Risk-On,Neutral,Slowdown,RiskOn_Neutral_Slowdown,False,False,False,False,0,False,US,,,
2026-05-06,17.389999389648438,0.0,2.75,5.07,0.0,12596.0,Risk-On,Neutral,Slowdown,RiskOn_Neutral_Slowdown,False,False,False,False,0,False,EU,,,
2026-05-07,17.079999923706055,0.0,2.73,5.11,0.0,12596.0,Risk-On,Neutral,Slowdown,RiskOn_Neutral_Slowdown,False,False,False,False,0,False,EU,,,
2026-05-07,17.079999923706055,0.49,2.79,5.11,3.64,12596.0,Risk-On,Neutral,Slowdown,RiskOn_Neutral_Slowdown,False,False,False,False,0,False,US,,,
2026-05-08,17.190000534057617,0.48,2.79,5.11,3.64,12596.0,Risk-On,Neutral,Slowdown,RiskOn_Neutral_Slowdown,False,False,False,False,0,False,US,,,
2026-05-08,17.190000534057617,0.0,2.72,5.08,0.0,12596.0,Risk-On,Neutral,Slowdown,RiskOn_Neutral_Slowdown,False,False,False,False,0,False,EU,,,
2026-05-11,18.3799991607666,0.0,2.67,5.12,0.0,12596.0,Risk-On,Neutral,Slowdown,RiskOn_Neutral_Slowdown,False,False,False,False,0,False,EU,,,
2026-05-11,17.190000534057617,0.48,2.81,5.08,3.64,12596.0,Risk-On,Neutral,Slowdown,RiskOn_Neutral_Slowdown,False,False,False,False,0,False,US,,,
2026-05-12,17.989999771118164,0.46,2.82,5.16,3.64,12596.0,Risk-On,Neutral,Slowdown,RiskOn_Neutral_Slowdown,False,False,False,False,0,False,US,,,
2026-05-12,17.989999771118164,0.0,2.65,5.16,0.0,12596.0,Risk-On,Neutral,Slowdown,RiskOn_Neutral_Slowdown,False,False,False,False,0,False,EU,,,
2026-05-13,17.989999771118164,0.46,2.82,5.16,3.64,12596.0,Risk-On,Neutral,Slowdown,RiskOn_Neutral_Slowdown,False,False,False,False,0,False,US,,,
2026-05-13,17.8700008392334,0.0,2.62,5.15,0.0,12596.0,Risk-On,Neutral,Slowdown,RiskOn_Neutral_Slowdown,False,False,False,False,0,False,EU,,,
2026-05-14,17.8700008392334,0.48,2.82,5.16,3.64,12596.0,Risk-On,Neutral,Slowdown,RiskOn_Neutral_Slowdown,False,False,False,False,0,False,US,,,
2026-05-14,17.260000228881836,0.0,2.62,5.15,0.0,12596.0,Risk-On,Neutral,Slowdown,RiskOn_Neutral_Slowdown,False,False,False,False,0,False,EU,,,
2026-05-15,17.260000228881836,0.48,2.82,5.15,3.64,12596.0,Risk-On,Neutral,Slowdown,RiskOn_Neutral_Slowdown,False,False,False,False,0,False,US,,,
2026-05-15,18.739999771118164,0.0,2.62,5.15,0.0,12596.0,Neutral,Neutral,Slowdown,Neutral_Neutral_Slowdown,False,False,False,False,0,False,EU,,,
2026-05-18,17.81999969482422,0.54,2.8,5.24,3.64,12596.0,Neutral,Neutral,Slowdown,Neutral_Neutral_Slowdown,False,False,False,False,0,False,US,,,
2026-05-18,17.81999969482422,0.8210157895000001,2.6,5.24,2.0,12596.0,Neutral,Neutral,Expansion,Neutral_Neutral_Expansion,False,False,False,False,0,False,EU,2.9963157895,2.1753,2.4
2026-05-19,18.07999992370605,0.54,2.8,5.24,3.64,12596.0,Risk-On,Neutral,Slowdown,RiskOn_Neutral_Slowdown,False,False,False,False,0,False,US,,,
2026-05-19,18.07999992370605,0.8210157895000001,2.6,5.24,2.0,12596.0,Risk-On,Neutral,Expansion,RiskOn_Neutral_Expansion,False,False,False,False,0,False,EU,2.9963157895,2.1753,2.4
2026-05-20,17.440000534057617,0.8210157895000001,2.7,5.22,3.62,12596.0,Risk-On,Neutral,Expansion,RiskOn_Neutral_Expansion,False,False,False,False,0,False,EU,2.9963157895,2.1753,2.4
2026-05-20,17.440000534057617,0.53,2.8,5.22,3.64,12596.0,Risk-On,Neutral,Slowdown,RiskOn_Neutral_Slowdown,False,False,False,False,0,False,US,,,
2026-05-21,16.760000228881836,0.49,2.78,5.21,3.64,12596.0,Risk-On,Neutral,Slowdown,RiskOn_Neutral_Slowdown,False,False,False,False,0,False,US,,,
2026-05-21,16.760000228881836,0.8210157895000001,2.69,5.21,3.62,12596.0,Risk-On,Neutral,Expansion,RiskOn_Neutral_Expansion,False,False,False,False,0,False,EU,2.9963157895,2.1753,2.4
2026-05-22,16.700000762939453,0.8210157895000001,2.7,5.2,3.62,12596.0,Risk-On,Neutral,Expansion,RiskOn_Neutral_Expansion,False,False,False,False,0,False,EU,2.9963157895,2.1753,2.4
2026-05-22,16.700000762939453,0.43,2.74,5.2,3.64,12596.0,Risk-On,Neutral,Slowdown,RiskOn_Neutral_Slowdown,False,False,False,False,0,False,US,,,
2026-05-25,16.59000015258789,0.8210157895000001,2.87,5.2,3.62,12596.0,Risk-On,Neutral,Expansion,RiskOn_Neutral_Expansion,False,False,False,False,0,False,EU,2.9963157895,2.1753,2.4
2026-05-25,16.59000015258789,0.43,2.74,5.2,3.64,12596.0,Risk-On,Neutral,Slowdown,RiskOn_Neutral_Slowdown,False,False,False,False,0,False,US,,,
2026-05-26,17.010000228881836,0.49,2.72,5.15,3.64,12596.0,Risk-On,Neutral,Slowdown,RiskOn_Neutral_Slowdown,False,False,False,False,0,False,US,,,
2026-05-26,17.010000228881836,0.8210157895000001,2.73,5.15,3.62,12596.0,Risk-On,Neutral,Expansion,RiskOn_Neutral_Expansion,False,False,False,False,0,False,EU,2.9963157895,2.1753,2.4
2026-05-27,16.290000915527344,0.8210157895000001,2.69,5.14,3.62,12596.0,Risk-On,Neutral,Expansion,RiskOn_Neutral_Expansion,False,False,False,False,0,False,EU,2.9963157895,2.1753,2.4
2026-05-27,16.290000915527344,0.48,2.71,5.14,3.64,12596.0,Risk-On,Neutral,Slowdown,RiskOn_Neutral_Slowdown,False,False,False,False,0,False,US,,,
2026-05-28,15.739999771118164,0.8210157895000001,2.72,5.11,3.62,12596.0,Risk-On,Neutral,Expansion,RiskOn_Neutral_Expansion,False,False,False,False,0,False,EU,2.9963157895,2.1753,2.4
2026-05-28,15.739999771118164,0.46,2.72,5.11,3.64,12596.0,Risk-On,Neutral,Slowdown,RiskOn_Neutral_Slowdown,False,False,False,False,0,False,US,,,
2026-05-29,15.31999969482422,0.8210157895000001,2.68,5.09,3.62,12596.0,Risk-On,Neutral,Expansion,RiskOn_Neutral_Expansion,False,False,False,False,0,False,EU,2.9963157895,2.1753,2.4
2026-05-29,15.31999969482422,0.47,2.72,5.09,3.64,12596.0,Risk-On,Neutral,Slowdown,RiskOn_Neutral_Slowdown,False,False,False,False,0,False,US,,,
2026-06-01,16.030000686645508,0.8210157895000001,2.68,5.09,3.62,12596.0,Risk-On,Neutral,Expansion,RiskOn_Neutral_Expansion,False,False,False,False,0,False,EU,2.9963157895,2.1753,2.4
2026-06-01,16.010000228881836,0.47,2.72,5.09,3.64,12596.0,Risk-On,Neutral,Slowdown,RiskOn_Neutral_Slowdown,False,False,False,False,0,False,US,,,
2026-06-02,15.770000457763672,0.6310000000000002,2.63,5.14,2.0,12606.0,Risk-On,Neutral,Slowdown,RiskOn_Neutral_Slowdown,False,False,False,False,0,False,EU,2.97,2.339,2.4
2026-06-02,15.770000457763672,0.41,2.71,5.14,3.63,12606.0,Risk-On,Neutral,Slowdown,RiskOn_Neutral_Slowdown,False,False,False,False,0,False,US,,,
2026-06-03,16.059999465942383,0.41,2.75,5.17,3.63,12606.0,Risk-On,Neutral,Slowdown,RiskOn_Neutral_Slowdown,False,False,False,False,0,False,US,,,
2026-06-03,16.059999465942383,0.6310000000000002,2.61,5.17,2.0,12606.0,Risk-On,Neutral,Slowdown,RiskOn_Neutral_Slowdown,False,False,False,False,0,False,EU,2.97,2.339,2.4
2026-06-04,15.399999618530272,0.6310000000000002,2.61,5.15,2.0,12606.0,Risk-On,Neutral,Slowdown,RiskOn_Neutral_Slowdown,False,False,False,False,0,False,EU,2.97,2.339,2.4
2026-06-04,15.399999618530272,0.42,2.74,5.15,3.63,12606.0,Risk-On,Neutral,Slowdown,RiskOn_Neutral_Slowdown,False,False,False,False,0,False,US,,,
2026-06-05,21.51000022888184,0.38,2.76,5.24,3.63,12606.0,Neutral,Neutral,Slowdown,Neutral_Neutral_Slowdown,False,False,False,False,0,False,US,,,
2026-06-05,21.51000022888184,0.6310000000000002,2.59,5.24,2.0,12606.0,Neutral,Neutral,Slowdown,Neutral_Neutral_Slowdown,False,False,False,False,0,False,EU,2.97,2.339,2.4
2026-06-08,18.920000076293945,0.41,2.75,5.25,3.63,12606.0,Neutral,Neutral,Slowdown,Neutral_Neutral_Slowdown,False,False,False,False,0,False,US,,,
2026-06-08,18.920000076293945,0.6310000000000002,2.63,5.25,2.0,12606.0,Neutral,Neutral,Slowdown,Neutral_Neutral_Slowdown,False,False,False,False,0,False,EU,2.97,2.339,2.4
2026-06-09,19.8700008392334,0.6310000000000002,2.62,5.22,2.0,12606.0,Neutral,Neutral,Slowdown,Neutral_Neutral_Slowdown,False,False,False,False,0,False,EU,2.97,2.339,2.4
2026-06-09,19.8700008392334,0.4,2.78,5.22,3.63,12606.0,Neutral,Neutral,Slowdown,Neutral_Neutral_Slowdown,False,False,False,False,0,False,US,,,
2026-06-10,22.21999931335449,0.42,2.8,5.23,3.63,12606.0,Neutral,Neutral,Slowdown,Neutral_Neutral_Slowdown,True,False,False,False,1,False,US,,,
2026-06-10,22.21999931335449,0.6310000000000002,2.61,5.23,2.0,12606.0,Neutral,Neutral,Slowdown,Neutral_Neutral_Slowdown,True,False,False,False,1,False,EU,2.97,2.339,2.4
2026-06-11,19.440000534057617,0.4,2.78,5.15,3.63,12606.0,Neutral,Neutral,Slowdown,Neutral_Neutral_Slowdown,False,False,False,False,0,False,US,,,
2026-06-11,19.440000534057617,0.6310000000000002,2.65,5.15,2.0,12606.0,Neutral,Neutral,Slowdown,Neutral_Neutral_Slowdown,False,False,False,False,0,False,EU,2.97,2.339,2.4
2026-06-12,17.68000030517578,0.39,2.71,5.16,3.63,12606.0,Neutral,Neutral,Slowdown,Neutral_Neutral_Slowdown,False,False,False,False,0,False,US,,,
2026-06-12,17.68000030517578,0.6310000000000002,2.64,5.16,2.0,12606.0,Neutral,Neutral,Slowdown,Neutral_Neutral_Slowdown,False,False,False,False,0,False,EU,2.97,2.339,2.4
2026-06-15,16.200000762939453,0.4,2.66,5.14,3.63,12606.0,Risk-On,Neutral,Slowdown,RiskOn_Neutral_Slowdown,False,False,False,False,0,False,US,,,
2026-06-15,16.200000762939453,0.6310000000000002,2.6,5.14,2.0,12606.0,Risk-On,Neutral,Slowdown,RiskOn_Neutral_Slowdown,False,False,False,False,0,False,EU,2.97,2.339,2.4
2026-06-16,16.40999984741211,0.38,2.71,5.13,3.63,12606.0,Risk-On,Neutral,Slowdown,RiskOn_Neutral_Slowdown,False,False,False,False,0,False,US,,,
2026-06-16,16.40999984741211,0.6310000000000002,2.59,5.13,2.0,12606.0,Risk-On,Neutral,Slowdown,RiskOn_Neutral_Slowdown,False,False,False,False,0,False,EU,2.97,2.339,2.4
2026-06-17,18.440000534057617,0.29,2.63,5.21,3.63,12606.0,Neutral,Neutral,Slowdown,Neutral_Neutral_Slowdown,False,False,False,False,0,False,US,,,
2026-06-17,18.440000534057617,0.6310000000000002,2.63,5.21,2.25,12606.0,Neutral,Tightening,Slowdown,Neutral_Tightening_Slowdown,False,False,False,False,0,False,EU,2.97,2.339,2.65
2026-06-18,16.399999618530273,0.6310000000000002,2.59,5.17,2.25,12606.0,Risk-On,Tightening,Slowdown,RiskOn_Tightening_Slowdown,False,False,False,False,0,False,EU,2.97,2.339,2.65
2026-06-18,16.399999618530273,0.27,2.66,5.17,3.63,12606.0,Risk-On,Neutral,Slowdown,RiskOn_Neutral_Slowdown,False,False,False,False,0,False,US,,,
2026-06-19,16.399999618530273,0.6310000000000002,2.56,5.17,2.25,12606.0,Risk-On,Tightening,Slowdown,RiskOn_Tightening_Slowdown,False,False,False,False,0,False,EU,2.97,2.339,2.65
2026-06-19,16.399999618530273,0.27,2.66,5.17,3.63,12606.0,Risk-On,Neutral,Slowdown,RiskOn_Neutral_Slowdown,False,False,False,False,0,False,US,,,
2026-06-22,17.280000686645508,0.27,2.65,5.22,3.63,12606.0,Neutral,Neutral,Slowdown,Neutral_Neutral_Slowdown,False,True,False,False,1,False,US,,,
2026-06-22,17.280000686645508,0.6310000000000002,2.59,5.22,2.25,12606.0,Neutral,Tightening,Slowdown,Neutral_Tightening_Slowdown,False,False,False,False,0,False,EU,2.97,2.339,2.65
2026-06-23,19.489999771118164,0.34,2.71,5.2,3.63,12606.0,Neutral,Neutral,Slowdown,Neutral_Neutral_Slowdown,False,False,False,False,0,False,US,,,
2026-06-23,19.489999771118164,0.6310000000000002,2.62,5.2,2.25,12606.0,Neutral,Tightening,Slowdown,Neutral_Tightening_Slowdown,False,False,False,False,0,False,EU,2.97,2.339,2.65
2026-06-24,18.6299991607666,0.3,2.76,5.14,3.63,12606.0,Neutral,Neutral,Slowdown,Neutral_Neutral_Slowdown,False,True,False,False,1,False,US,,,
2026-06-24,18.6299991607666,0.6310000000000002,2.65,5.14,2.25,12606.0,Neutral,Tightening,Slowdown,Neutral_Tightening_Slowdown,False,False,False,False,0,False,EU,2.97,2.339,2.65
2026-06-25,18.88999938964844,0.6310000000000002,2.64,5.13,2.25,12606.0,Neutral,Tightening,Slowdown,Neutral_Tightening_Slowdown,False,False,False,False,0,False,EU,2.97,2.339,2.65
2026-06-25,18.88999938964844,0.31,2.78,5.13,3.63,12606.0,Neutral,Neutral,Slowdown,Neutral_Neutral_Slowdown,False,True,False,False,1,False,US,,,
2026-06-26,18.40999984741211,0.6310000000000002,2.67,5.12,2.25,12606.0,Neutral,Tightening,Slowdown,Neutral_Tightening_Slowdown,False,False,False,False,0,False,EU,2.97,2.339,2.65
2026-06-26,18.40999984741211,0.31,2.83,5.12,3.63,12606.0,Neutral,Neutral,Slowdown,Neutral_Neutral_Slowdown,False,True,False,False,1,False,US,,,
2026-06-29,17.649999618530273,0.28,2.8,5.11,3.63,12606.0,Neutral,Neutral,Slowdown,Neutral_Neutral_Slowdown,False,True,False,False,1,False,US,,,
2026-06-29,17.649999618530273,0.6310000000000002,2.65,5.11,2.25,12606.0,Neutral,Tightening,Slowdown,Neutral_Tightening_Slowdown,False,False,False,False,0,False,EU,2.97,2.339,2.65
2026-06-30,16.450000762939453,0.3,2.75,5.19,3.63,12606.0,Neutral,Neutral,Slowdown,Neutral_Neutral_Slowdown,False,False,False,False,0,False,US,,,
2026-06-30,16.450000762939453,0.6310000000000002,2.7,5.19,2.25,12606.0,Neutral,Tightening,Slowdown,Neutral_Tightening_Slowdown,False,False,False,False,0,False,EU,2.97,2.339,2.65
2026-07-01,16.59000015258789,0.31,2.74,5.22,3.63,12611.0,Neutral,Neutral,Slowdown,Neutral_Neutral_Slowdown,False,False,False,False,0,False,US,,,
2026-07-01,16.59000015258789,0.6310000000000002,2.71,5.22,2.25,12611.0,Neutral,Tightening,Slowdown,Neutral_Tightening_Slowdown,False,False,False,False,0,False,EU,2.97,2.339,2.65
2026-07-02,16.149999618530273,0.35,2.75,5.2,3.63,12611.0,Neutral,Neutral,Slowdown,Neutral_Neutral_Slowdown,False,False,False,False,0,False,US,,,
2026-07-02,16.149999618530273,0.6310000000000002,2.71,5.2,2.25,12611.0,Neutral,Tightening,Slowdown,Neutral_Tightening_Slowdown,False,False,False,False,0,False,EU,2.97,2.339,2.65
2026-07-03,16.149999618530273,0.35,2.74,5.2,3.63,12611.0,Neutral,Neutral,Slowdown,Neutral_Neutral_Slowdown,False,False,False,False,0,False,US,,,
2026-07-03,16.149999618530273,0.6310000000000002,2.66,5.2,2.25,12611.0,Neutral,Tightening,Slowdown,Neutral_Tightening_Slowdown,False,False,False,False,0,False,EU,2.97,2.339,2.65
2026-07-06,15.56999969482422,0.35,2.72,5.18,3.63,12611.0,Risk-On,Neutral,Slowdown,RiskOn_Neutral_Slowdown,False,False,False,False,0,False,US,,,
2026-07-06,15.56999969482422,0.6310000000000002,2.62,5.18,2.25,12611.0,Risk-On,Tightening,Slowdown,RiskOn_Tightening_Slowdown,False,False,False,False,0,False,EU,2.97,2.339,2.65
2026-07-07,16.1299991607666,0.6310000000000002,2.58,5.26,2.25,12611.0,Risk-On,Tightening,Slowdown,RiskOn_Tightening_Slowdown,False,False,False,False,0,False,EU,2.97,2.339,2.65
2026-07-07,16.1299991607666,0.36,2.67,5.26,3.63,12611.0,Risk-On,Neutral,Slowdown,RiskOn_Neutral_Slowdown,False,False,False,False,0,False,US,,,
2026-07-08,16.899999618530273,0.35,2.7,5.29,3.63,12611.0,Risk-On,Neutral,Slowdown,RiskOn_Neutral_Slowdown,False,False,False,False,0,False,US,,,
2026-07-08,16.899999618530273,0.6310000000000002,2.56,5.29,2.25,12611.0,Risk-On,Tightening,Slowdown,RiskOn_Tightening_Slowdown,False,False,False,False,0,False,EU,2.97,2.339,2.65
2026-07-09,15.84000015258789,0.6310000000000002,2.56,5.27,2.25,12611.0,Risk-On,Tightening,Slowdown,RiskOn_Tightening_Slowdown,False,False,False,False,0,False,EU,2.97,2.339,2.65
2026-07-09,15.84000015258789,0.38,2.7,5.27,3.63,12611.0,Risk-On,Neutral,Slowdown,RiskOn_Neutral_Slowdown,False,False,False,False,0,False,US,,,
2026-07-10,15.029999732971191,0.6310000000000002,2.55,5.29,2.25,12611.0,Risk-On,Tightening,Slowdown,RiskOn_Tightening_Slowdown,False,False,False,False,0,False,EU,2.97,2.339,2.65
2026-07-10,15.029999732971191,0.35,2.69,5.29,3.63,12611.0,Risk-On,Neutral,Slowdown,RiskOn_Neutral_Slowdown,False,False,False,False,0,False,US,,,
2026-07-13,17.15999984741211,0.36,2.69,5.35,3.63,12611.0,Risk-On,Neutral,Slowdown,RiskOn_Neutral_Slowdown,False,False,False,False,0,False,US,,,
2026-07-13,17.15999984741211,0.6310000000000002,2.52,5.35,2.25,12611.0,Risk-On,Tightening,Slowdown,RiskOn_Tightening_Slowdown,False,False,False,False,0,False,EU,2.97,2.339,2.65
2026-07-14,16.5,0.4,2.72,5.32,3.63,12611.0,Neutral,Neutral,Slowdown,Neutral_Neutral_Slowdown,False,False,False,False,0,False,US,,,
2026-07-14,16.5,0.6310000000000002,2.51,5.32,2.25,12611.0,Neutral,Tightening,Slowdown,Neutral_Tightening_Slowdown,False,False,False,False,0,False,EU,2.97,2.339,2.65
2026-07-15,15.670000076293944,0.42,2.71,5.28,3.63,12611.0,Risk-On,Neutral,Slowdown,RiskOn_Neutral_Slowdown,False,False,False,False,0,False,US,,,
2026-07-15,15.670000076293944,0.6310000000000002,2.51,5.28,2.25,12611.0,Risk-On,Tightening,Slowdown,RiskOn_Tightening_Slowdown,False,False,False,False,0,False,EU,2.97,2.339,2.65
2026-07-16,16.729999542236328,0.6310000000000002,2.49,5.28,2.25,12611.0,Risk-On,Tightening,Slowdown,RiskOn_Tightening_Slowdown,False,False,False,False,0,False,EU,2.97,2.339,2.65
2026-07-16,16.729999542236328,0.41,2.71,5.28,3.63,12611.0,Risk-On,Neutral,Slowdown,RiskOn_Neutral_Slowdown,False,False,False,False,0,False,US,,,
2026-07-17,18.770000457763672,0.37,2.73,5.28,3.63,12611.0,Neutral,Neutral,Slowdown,Neutral_Neutral_Slowdown,False,False,False,False,0,False,US,,,
2026-07-17,18.770000457763672,0.6310000000000002,2.52,5.28,2.25,12611.0,Neutral,Tightening,Slowdown,Neutral_Tightening_Slowdown,False,False,False,False,0,False,EU,2.97,2.339,2.65
2026-07-20,18.64999961853028,0.39,2.69,5.32,3.63,12611.0,Neutral,Neutral,Slowdown,Neutral_Neutral_Slowdown,False,False,False,False,0,False,US,,,
2026-07-20,18.64999961853028,0.6310000000000002,2.52,5.32,2.25,12611.0,Neutral,Tightening,Slowdown,Neutral_Tightening_Slowdown,False,False,False,False,0,False,EU,2.97,2.339,2.65
2026-07-21,17.049999237060547,0.6310000000000002,2.5,5.36,2.25,12611.0,Risk-On,Tightening,Slowdown,RiskOn_Tightening_Slowdown,False,False,False,False,0,False,EU,2.97,2.339,2.65
2026-07-21,17.049999237060547,0.37,2.69,5.36,3.63,12611.0,Risk-On,Neutral,Slowdown,RiskOn_Neutral_Slowdown,False,False,False,False,0,False,US,,,
2026-07-22,16.639999389648438,0.36,2.68,5.39,3.63,12611.0,Risk-On,Neutral,Slowdown,RiskOn_Neutral_Slowdown,False,False,False,False,0,False,US,,,
2026-07-22,16.639999389648438,0.6310000000000002,2.48,5.39,2.25,12611.0,Risk-On,Tightening,Slowdown,RiskOn_Tightening_Slowdown,False,False,False,False,0,False,EU,2.97,2.339,2.65
2026-07-23,18.700000762939453,0.34,2.77,5.43,3.63,12611.0,Neutral,Neutral,Slowdown,Neutral_Neutral_Slowdown,False,False,False,False,0,False,US,,,
2026-07-23,18.700000762939453,0.6310000000000002,2.5,5.43,2.25,12611.0,Neutral,Tightening,Slowdown,Neutral_Tightening_Slowdown,False,False,False,False,0,False,EU,2.97,2.339,2.65
2026-07-24,18.57999992370605,0.6310000000000002,2.56,5.43,2.25,12611.0,Risk-On,Tightening,Slowdown,RiskOn_Tightening_Slowdown,False,False,False,False,0,False,EU,2.97,2.339,2.65
2026-07-24,18.57999992370605,0.36,2.79,5.43,3.63,12611.0,Risk-On,Neutral,Slowdown,RiskOn_Neutral_Slowdown,False,False,False,False,0,False,US,,,
2026-07-27,18.670000076293945,0.34,2.81,5.41,3.63,12611.0,Neutral,Neutral,Slowdown,Neutral_Neutral_Slowdown,False,False,False,False,0,False,US,,,
2026-07-27,18.670000076293945,0.6310000000000002,2.58,5.41,2.25,12611.0,Neutral,Tightening,Slowdown,Neutral_Tightening_Slowdown,False,False,False,False,0,False,EU,2.97,2.339,2.65
2026-07-28,18.209999084472656,0.35,2.84,5.37,3.63,12611.0,Neutral,Neutral,Slowdown,Neutral_Neutral_Slowdown,False,False,False,False,0,False,US,,,
2026-07-28,18.209999084472656,0.6310000000000002,2.61,5.37,2.25,12611.0,Neutral,Tightening,Slowdown,Neutral_Tightening_Slowdown,False,False,False,False,0,False,EU,2.97,2.339,2.65
2026-07-29,20.65999984741211,0.6310000000000002,2.64,5.41,2.25,12611.0,Neutral,Tightening,Slowdown,Neutral_Tightening_Slowdown,False,False,False,False,0,False,EU,2.97,2.339,2.65
2026-07-29,20.65999984741211,0.45,2.87,5.41,3.63,12611.0,Neutral,Neutral,Slowdown,Neutral_Neutral_Slowdown,False,False,False,False,0,False,US,,,
2026-07-30,17.09000015258789,0.6310000000000002,2.65,5.39,2.25,12611.0,Neutral,Tightening,Slowdown,Neutral_Tightening_Slowdown,False,False,False,False,0,False,EU,2.97,2.339,2.65
2026-07-30,17.09000015258789,0.45,2.84,5.39,3.63,12611.0,Neutral,Neutral,Slowdown,Neutral_Neutral_Slowdown,False,False,False,False,0,False,US,,,
2026-07-31,15.989999771118164,0.47,2.85,5.45,3.63,12611.0,Risk-On,Neutral,Slowdown,RiskOn_Neutral_Slowdown,False,False,False,False,0,False,US,,,
2026-07-31,15.989999771118164,0.6310000000000002,2.65,5.45,2.25,12611.0,Risk-On,Tightening,Slowdown,RiskOn_Tightening_Slowdown,False,False,False,False,0,False,EU,2.97,2.339,2.65
2026-08-03,15.859999656677246,0.45,2.78,5.41,3.63,12611.0,Risk-On,Neutral,Slowdown,RiskOn_Neutral_Slowdown,False,False,False,False,0,False,US,,,
2026-08-03,15.859999656677246,0.6310000000000002,2.67,5.41,2.25,12611.0,Risk-On,Tightening,Slowdown,RiskOn_Tightening_Slowdown,False,False,False,False,0,False,EU,2.97,2.339,2.65
2026-08-04,16.5,0.43,2.73,5.35,3.63,12611.0,Neutral,Neutral,Slowdown,Neutral_Neutral_Slowdown,False,False,False,False,0,False,US,,,
2026-08-04,16.5,0.6310000000000002,2.67,5.35,2.25,12611.0,Neutral,Tightening,Slowdown,Neutral_Tightening_Slowdown,False,False,False,False,0,False,EU,2.97,2.339,2.65
2026-08-05,15.8100004196167,0.45,2.75,5.33,3.63,12611.0,Risk-On,Neutral,Slowdown,RiskOn_Neutral_Slowdown,False,False,False,False,0,False,US,,,
2026-08-05,15.8100004196167,0.6310000000000002,2.65,5.33,2.25,12611.0,Risk-On,Tightening,Slowdown,RiskOn_Tightening_Slowdown,False,False,False,False,0,False,EU,2.97,2.339,2.65
2026-08-06,15.149999618530272,0.6310000000000002,2.63,5.39,2.25,12611.0,Risk-On,Tightening,Slowdown,RiskOn_Tightening_Slowdown,False,False,False,False,0,False,EU,2.97,2.339,2.65
2026-08-06,15.149999618530272,0.44,2.71,5.39,3.63,12611.0,Risk-On,Neutral,Slowdown,RiskOn_Neutral_Slowdown,False,False,False,False,0,False,US,,,
2026-08-07,14.899999618530272,0.46,2.71,5.39,3.63,12611.0,Risk-On,Neutral,Expansion,RiskOn_Neutral_Expansion,False,False,False,False,0,False,US,,,
2026-08-07,14.899999618530272,0.6310000000000002,2.63,5.39,2.25,12611.0,Risk-On,Tightening,Slowdown,RiskOn_Tightening_Slowdown,False,False,False,False,0,False,EU,2.97,2.339,2.65
2026-08-10,15.460000038146973,0.47,2.7,5.42,3.63,12611.0,Neutral,Neutral,Slowdown,Neutral_Neutral_Slowdown,False,False,False,False,0,False,US,,,
2026-08-10,15.460000038146973,0.6310000000000002,2.56,5.42,2.25,12611.0,Neutral,Tightening,Slowdown,Neutral_Tightening_Slowdown,False,False,False,False,0,False,EU,2.97,2.339,2.65
2026-08-11,15.279999732971191,0.48,2.72,5.41,3.63,12611.0,Risk-On,Neutral,Expansion,RiskOn_Neutral_Expansion,False,False,False,False,0,False,US,,,
2026-08-11,15.279999732971191,0.6310000000000002,2.57,5.41,2.25,12611.0,Risk-On,Tightening,Slowdown,RiskOn_Tightening_Slowdown,False,False,False,False,0,False,EU,2.97,2.339,2.65
2026-08-12,14.550000190734863,0.6310000000000002,2.57,5.4,2.25,12611.0,Risk-On,Tightening,Slowdown,RiskOn_Tightening_Slowdown,False,False,False,False,0,False,EU,2.97,2.339,2.65
2026-08-12,14.550000190734863,0.48,2.71,5.4,3.63,12611.0,Risk-On,Neutral,Slowdown,RiskOn_Neutral_Slowdown,False,False,False,False,0,False,US,,,
2026-08-13,14.630000114440918,0.48,2.71,5.35,3.63,12611.0,Risk-On,Neutral,Slowdown,RiskOn_Neutral_Slowdown,False,False,False,False,0,False,US,,,
2026-08-13,14.630000114440918,0.6310000000000002,2.57,5.35,2.25,12611.0,Risk-On,Tightening,Slowdown,RiskOn_Tightening_Slowdown,False,False,False,False,0,False,EU,2.97,2.339,2.65
2026-08-14,14.25,0.51,2.67,5.39,3.63,12611.0,Risk-On,Neutral,Slowdown,RiskOn_Neutral_Slowdown,False,False,False,False,0,False,US,,,
2026-08-14,14.25,0.6310000000000002,2.54,5.39,2.25,12611.0,Risk-On,Tightening,Slowdown,RiskOn_Tightening_Slowdown,False,False,False,False,0,False,EU,2.97,2.339,2.65
2026-08-17,15.1899995803833,0.6310000000000002,2.53,5.42,2.25,12611.0,Risk-On,Tightening,Slowdown,RiskOn_Tightening_Slowdown,False,False,False,False,0,False,EU,2.97,2.339,2.65
2026-08-17,15.1899995803833,0.53,2.7,5.42,3.63,12611.0,Risk-On,Neutral,Slowdown,RiskOn_Neutral_Slowdown,False,False,False,False,0,False,US,,,
2026-08-18,15.84000015258789,0.6310000000000002,2.55,5.42,2.25,12611.0,Risk-On,Tightening,Slowdown,RiskOn_Tightening_Slowdown,False,False,False,False,0,False,EU,2.97,2.339,2.65
2026-08-18,15.84000015258789,0.52,2.75,5.42,3.63,12611.0,Risk-On,Neutral,Expansion,RiskOn_Neutral_Expansion,False,False,False,False,0,False,US,,,
2026-08-19,15.130000114440918,0.52,2.75,5.42,3.63,12611.0,Risk-On,Neutral,Expansion,RiskOn_Neutral_Expansion,False,False,False,False,0,False,US,,,
2026-08-19,15.130000114440918,0.6310000000000002,2.55,5.42,2.25,12611.0,Risk-On,Tightening,Slowdown,RiskOn_Tightening_Slowdown,False,False,False,False,0,False,EU,2.97,2.339,2.65
2026-08-20,14.890000343322754,0.46,2.75,5.42,3.63,12611.0,Risk-On,Neutral,Expansion,RiskOn_Neutral_Expansion,False,False,False,False,0,False,US,,,
2026-08-20,14.890000343322754,0.6310000000000002,2.55,5.42,2.25,12611.0,Risk-On,Tightening,Slowdown,RiskOn_Tightening_Slowdown,False,False,False,False,0,False,EU,2.97,2.339,2.65
2026-08-21,15.130000114440918,0.5,2.7,5.43,3.63,12611.0,Risk-On,Neutral,Expansion,RiskOn_Neutral_Expansion,False,False,False,False,0,False,US,,,
2026-08-21,15.130000114440918,0.6310000000000002,2.56,5.43,2.25,12611.0,Risk-On,Tightening,Slowdown,RiskOn_Tightening_Slowdown,False,False,False,False,0,False,EU,2.97,2.339,2.65
2026-08-24,15.850000381469728,0.6310000000000002,2.56,5.43,2.25,12611.0,Risk-On,Tightening,Slowdown,RiskOn_Tightening_Slowdown,False,False,False,False,0,False,EU,2.97,2.339,2.65
2026-08-24,15.850000381469728,0.46,2.7,5.43,3.63,12611.0,Risk-On,Neutral,Slowdown,RiskOn_Neutral_Slowdown,False,False,False,False,0,False,US,,,
2026-08-25,15.739999771118164,0.46,2.7,5.43,3.63,12611.0,Risk-On,Neutral,Expansion,RiskOn_Neutral_Expansion,False,False,False,False,0,False,US,,,
2026-08-25,15.739999771118164,0.6310000000000002,2.56,5.43,2.25,12611.0,Risk-On,Tightening,Slowdown,RiskOn_Tightening_Slowdown,False,False,False,False,0,False,EU,2.97,2.339,2.65
2026-08-26,15.550000190734863,0.47,2.7,5.35,3.63,12611.0,Risk-On,Neutral,Slowdown,RiskOn_Neutral_Slowdown,False,False,False,False,0,False,US,,,
2026-08-26,15.550000190734863,0.6310000000000002,2.57,5.35,2.25,12611.0,Risk-On,Tightening,Slowdown,RiskOn_Tightening_Slowdown,False,False,False,False,0,False,EU,2.97,2.339,2.65
2026-08-27,14.510000228881836,0.6310000000000002,2.56,5.38,2.25,12611.0,Risk-On,Tightening,Expansion,RiskOn_Tightening_Expansion,False,False,False,False,0,False,EU,2.97,2.339,2.65
2026-08-27,14.510000228881836,0.47,2.63,5.38,3.63,12611.0,Risk-On,Neutral,Expansion,RiskOn_Neutral_Expansion,False,False,False,False,0,False,US,,,
2026-08-28,14.43000030517578,0.39,2.63,5.38,3.63,12611.0,Risk-On,Neutral,Slowdown,RiskOn_Neutral_Slowdown,False,False,False,False,0,False,US,,,
2026-08-28,14.430000305175781,0.6310000000000002,2.56,5.38,2.25,12611.0,Risk-On,Tightening,Expansion,RiskOn_Tightening_Expansion,False,False,False,False,0,False,EU,2.97,2.339,2.65
