run_id,run_date,ticker,model_type,prediction_horizon,feature_set,train_period,val_period,directional_accuracy,auc_roc,brier_score,hypothetical_sharpe,max_drawdown,beats_baseline,notes
36eed309,2026-05-09T14:15:04,META,Baseline_Random,21,all_6_families,3y,6m,0.5005,0.5265,0.2617,0.0,0.0,False,walk-forward avg over 16 folds
93cb6bfc,2026-05-09T14:15:04,META,Baseline_Momentum,21,all_6_families,3y,6m,0.4916,0.4824,0.3312,0.0,0.0,False,walk-forward avg over 16 folds
745d194c,2026-05-09T14:15:05,META,LogisticRegression,21,all_6_families,3y,6m,0.5461,0.6512,0.3199,0,0,True,walk-forward avg over 16 folds
f2d20134,2026-05-09T14:15:15,META,RandomForest,21,all_6_families,3y,6m,0.5193,0.5105,0.2799,0,0,False,walk-forward avg over 16 folds
c0e361f7,2026-05-09T14:15:27,META,XGBoost,21,all_6_families,3y,6m,0.5362,0.5504,0.3628,0,0,True,walk-forward avg over 16 folds
8b815177,2026-05-09T14:15:28,XOM,Baseline_Random,21,all_6_families,3y,6m,0.4886,0.5061,0.262,0.0,0.0,False,walk-forward avg over 16 folds
de6887ec,2026-05-09T14:15:28,XOM,Baseline_Momentum,21,all_6_families,3y,6m,0.5005,0.4898,0.326,0.0,0.0,False,walk-forward avg over 16 folds
13c3be5d,2026-05-09T14:15:29,XOM,LogisticRegression,21,all_6_families,3y,6m,0.495,0.6218,0.3417,0,0,False,walk-forward avg over 16 folds
3b18d02b,2026-05-09T14:15:41,XOM,RandomForest,21,all_6_families,3y,6m,0.563,0.6485,0.2541,0,0,True,walk-forward avg over 16 folds
b2b5f2ff,2026-05-09T14:15:46,XOM,XGBoost,21,all_6_families,3y,6m,0.5347,0.635,0.3418,0,0,True,walk-forward avg over 16 folds
bb774546,2026-05-09T14:15:46,UNH,Baseline_Random,21,all_6_families,3y,6m,0.4931,0.5064,0.2623,0.0,0.0,False,walk-forward avg over 16 folds
fc9f4bf3,2026-05-09T14:15:46,UNH,Baseline_Momentum,21,all_6_families,3y,6m,0.501,0.4942,0.3256,0.0,0.0,False,walk-forward avg over 16 folds
95eea86a,2026-05-09T14:15:47,UNH,LogisticRegression,21,all_6_families,3y,6m,0.5789,0.6094,0.2952,0,0,True,walk-forward avg over 16 folds
3d4c8db8,2026-05-09T14:15:54,UNH,RandomForest,21,all_6_families,3y,6m,0.6081,0.6478,0.2503,0,0,True,walk-forward avg over 16 folds
95105a6d,2026-05-09T14:15:59,UNH,XGBoost,21,all_6_families,3y,6m,0.6032,0.6469,0.3127,0,0,True,walk-forward avg over 16 folds
1d5c45fe,2026-05-09T14:15:59,TSLA,Baseline_Random,21,all_6_families,3y,6m,0.5064,0.5162,0.2605,0.0,0.0,False,walk-forward avg over 16 folds
f9ca65a8,2026-05-09T14:15:59,TSLA,Baseline_Momentum,21,all_6_families,3y,6m,0.5099,0.495,0.3206,0.0,0.0,False,walk-forward avg over 16 folds
50f64d89,2026-05-09T14:15:59,TSLA,LogisticRegression,21,all_6_families,3y,6m,0.5198,0.5589,0.3291,0,0,False,walk-forward avg over 16 folds
0a9b24ee,2026-05-09T14:16:10,TSLA,RandomForest,21,all_6_families,3y,6m,0.5089,0.5818,0.2751,0,0,False,walk-forward avg over 16 folds
3b0c4f00,2026-05-09T14:16:25,TSLA,XGBoost,21,all_6_families,3y,6m,0.5174,0.5907,0.367,0,0,False,walk-forward avg over 16 folds
7e116da4,2026-05-09T14:16:25,MSFT,Baseline_Random,21,all_6_families,3y,6m,0.4955,0.5256,0.2605,0.0,0.0,False,walk-forward avg over 16 folds
b7b22a28,2026-05-09T14:16:26,MSFT,Baseline_Momentum,21,all_6_families,3y,6m,0.5064,0.485,0.3231,0.0,0.0,False,walk-forward avg over 16 folds
5da2c552,2026-05-09T14:16:28,MSFT,LogisticRegression,21,all_6_families,3y,6m,0.6245,0.5893,0.2865,0,0,True,walk-forward avg over 16 folds
89e1e4f7,2026-05-09T14:16:42,MSFT,RandomForest,21,all_6_families,3y,6m,0.5813,0.5979,0.2649,0,0,True,walk-forward avg over 16 folds
34d33b36,2026-05-09T14:16:57,MSFT,XGBoost,21,all_6_families,3y,6m,0.5833,0.6112,0.3192,0,0,True,walk-forward avg over 16 folds
0eec0fe0,2026-05-09T14:16:58,CAT,Baseline_Random,21,all_6_families,3y,6m,0.5042,0.5278,0.2582,0.0,0.0,False,walk-forward avg over 15 folds
021cb989,2026-05-09T14:16:58,CAT,Baseline_Momentum,21,all_6_families,3y,6m,0.497,0.4829,0.3282,0.0,0.0,False,walk-forward avg over 16 folds
c6f4d51e,2026-05-09T14:16:59,CAT,LogisticRegression,21,all_6_families,3y,6m,0.5037,0.5727,0.3229,0,0,False,walk-forward avg over 15 folds
a93702da,2026-05-09T14:17:14,CAT,RandomForest,21,all_6_families,3y,6m,0.5677,0.6034,0.2509,0,0,True,walk-forward avg over 15 folds
2621ee97,2026-05-09T14:17:29,CAT,XGBoost,21,all_6_families,3y,6m,0.5434,0.6116,0.3235,0,0,True,walk-forward avg over 15 folds
25dc0719,2026-05-09T14:17:29,AMZN,Baseline_Random,21,all_6_families,3y,6m,0.5109,0.5084,0.2623,0.0,0.0,False,walk-forward avg over 16 folds
2a8f4742,2026-05-09T14:17:29,AMZN,Baseline_Momentum,21,all_6_families,3y,6m,0.5149,0.4967,0.3185,0.0,0.0,False,walk-forward avg over 16 folds
f3cd48f2,2026-05-09T14:17:30,AMZN,LogisticRegression,21,all_6_families,3y,6m,0.5585,0.6143,0.2958,0,0,True,walk-forward avg over 16 folds
43422792,2026-05-09T14:17:45,AMZN,RandomForest,21,all_6_families,3y,6m,0.5858,0.6113,0.2586,0,0,True,walk-forward avg over 16 folds
c5eb94bf,2026-05-09T14:18:00,AMZN,XGBoost,21,all_6_families,3y,6m,0.5992,0.6296,0.3017,0,0,True,walk-forward avg over 16 folds
4edf9c19,2026-05-09T14:18:00,BRK-B,Baseline_Random,21,all_6_families,3y,6m,0.494,0.4997,0.2639,0.0,0.0,False,walk-forward avg over 16 folds
1a0a4541,2026-05-09T14:18:00,BRK-B,Baseline_Momentum,21,all_6_families,3y,6m,0.494,0.4791,0.3296,0.0,0.0,False,walk-forward avg over 16 folds
f278c524,2026-05-09T14:18:02,BRK-B,LogisticRegression,21,all_6_families,3y,6m,0.5928,0.6059,0.282,0,0,True,walk-forward avg over 16 folds
d1b3a8d4,2026-05-09T14:18:17,BRK-B,RandomForest,21,all_6_families,3y,6m,0.5258,0.5623,0.268,0,0,True,walk-forward avg over 16 folds
f1fa1352,2026-05-09T14:18:26,BRK-B,XGBoost,21,all_6_families,3y,6m,0.5412,0.6145,0.344,0,0,True,walk-forward avg over 16 folds
90b52b9d,2026-05-10T02:35:07,META,Baseline_Random,21,all_6_families,3y,6m,0.5005,0.5265,0.2617,0.0,0.0,False,walk-forward avg over 16 folds
9a0c9624,2026-05-10T02:35:07,META,Baseline_Momentum,21,all_6_families,3y,6m,0.4916,0.4824,0.3312,0.0,0.0,False,walk-forward avg over 16 folds
2dfafd0d,2026-05-10T02:35:09,META,LogisticRegression,21,all_6_families,3y,6m,0.5461,0.6512,0.3199,0,0,True,walk-forward avg over 16 folds
d37b32da,2026-05-10T02:35:20,META,RandomForest,21,all_6_families,3y,6m,0.5193,0.5105,0.2799,0,0,False,walk-forward avg over 16 folds
5c252650,2026-05-10T02:35:26,META,XGBoost,21,all_6_families,3y,6m,0.5362,0.5504,0.3628,0,0,True,walk-forward avg over 16 folds
1115148c,2026-05-10T02:35:27,XOM,Baseline_Random,21,all_6_families,3y,6m,0.4886,0.5061,0.262,0.0,0.0,False,walk-forward avg over 16 folds
7489a7bb,2026-05-10T02:35:27,XOM,Baseline_Momentum,21,all_6_families,3y,6m,0.5005,0.4898,0.326,0.0,0.0,False,walk-forward avg over 16 folds
528a3361,2026-05-10T02:35:27,XOM,LogisticRegression,21,all_6_families,3y,6m,0.495,0.6218,0.3417,0,0,False,walk-forward avg over 16 folds
222bebb8,2026-05-10T02:35:37,XOM,RandomForest,21,all_6_families,3y,6m,0.563,0.6485,0.2541,0,0,True,walk-forward avg over 16 folds
79daabd7,2026-05-10T02:35:43,XOM,XGBoost,21,all_6_families,3y,6m,0.5347,0.635,0.3418,0,0,True,walk-forward avg over 16 folds
c6709d88,2026-05-10T02:35:43,UNH,Baseline_Random,21,all_6_families,3y,6m,0.4931,0.5064,0.2623,0.0,0.0,False,walk-forward avg over 16 folds
7b375106,2026-05-10T02:35:43,UNH,Baseline_Momentum,21,all_6_families,3y,6m,0.501,0.4942,0.3256,0.0,0.0,False,walk-forward avg over 16 folds
a071abc1,2026-05-10T02:35:44,UNH,LogisticRegression,21,all_6_families,3y,6m,0.5789,0.6094,0.2952,0,0,True,walk-forward avg over 16 folds
c7c13255,2026-05-10T02:35:53,UNH,RandomForest,21,all_6_families,3y,6m,0.6081,0.6478,0.2503,0,0,True,walk-forward avg over 16 folds
5c46b686,2026-05-10T02:35:59,UNH,XGBoost,21,all_6_families,3y,6m,0.6032,0.6469,0.3127,0,0,True,walk-forward avg over 16 folds
27dccd0b,2026-05-10T02:35:59,TSLA,Baseline_Random,21,all_6_families,3y,6m,0.5064,0.5162,0.2605,0.0,0.0,False,walk-forward avg over 16 folds
445f868e,2026-05-10T02:35:59,TSLA,Baseline_Momentum,21,all_6_families,3y,6m,0.5099,0.495,0.3206,0.0,0.0,False,walk-forward avg over 16 folds
cdbb0481,2026-05-10T02:36:00,TSLA,LogisticRegression,21,all_6_families,3y,6m,0.5198,0.5589,0.3291,0,0,False,walk-forward avg over 16 folds
b1d27439,2026-05-10T02:36:09,TSLA,RandomForest,21,all_6_families,3y,6m,0.5089,0.5818,0.2751,0,0,False,walk-forward avg over 16 folds
83c564c0,2026-05-10T02:36:15,TSLA,XGBoost,21,all_6_families,3y,6m,0.5174,0.5907,0.367,0,0,False,walk-forward avg over 16 folds
fa7a17f4,2026-05-10T02:36:15,MSFT,Baseline_Random,21,all_6_families,3y,6m,0.4955,0.5256,0.2605,0.0,0.0,False,walk-forward avg over 16 folds
eb9d21c9,2026-05-10T02:36:15,MSFT,Baseline_Momentum,21,all_6_families,3y,6m,0.5064,0.485,0.3231,0.0,0.0,False,walk-forward avg over 16 folds
cd308370,2026-05-10T02:36:16,MSFT,LogisticRegression,21,all_6_families,3y,6m,0.6245,0.5893,0.2865,0,0,True,walk-forward avg over 16 folds
235d6f74,2026-05-10T02:36:26,MSFT,RandomForest,21,all_6_families,3y,6m,0.5813,0.5979,0.2649,0,0,True,walk-forward avg over 16 folds
1887c41c,2026-05-10T02:36:31,MSFT,XGBoost,21,all_6_families,3y,6m,0.5833,0.6112,0.3192,0,0,True,walk-forward avg over 16 folds
010c8038,2026-05-10T02:36:31,CAT,Baseline_Random,21,all_6_families,3y,6m,0.5042,0.5278,0.2582,0.0,0.0,False,walk-forward avg over 15 folds
989f03a7,2026-05-10T02:36:32,CAT,Baseline_Momentum,21,all_6_families,3y,6m,0.497,0.4829,0.3282,0.0,0.0,False,walk-forward avg over 16 folds
5183702b,2026-05-10T02:36:32,CAT,LogisticRegression,21,all_6_families,3y,6m,0.5037,0.5727,0.3229,0,0,False,walk-forward avg over 15 folds
a950b277,2026-05-10T02:36:42,CAT,RandomForest,21,all_6_families,3y,6m,0.5677,0.6034,0.2509,0,0,True,walk-forward avg over 15 folds
2e3c6529,2026-05-10T02:36:48,CAT,XGBoost,21,all_6_families,3y,6m,0.5434,0.6116,0.3235,0,0,True,walk-forward avg over 15 folds
febe9aed,2026-05-10T02:36:48,AMZN,Baseline_Random,21,all_6_families,3y,6m,0.5109,0.5084,0.2623,0.0,0.0,False,walk-forward avg over 16 folds
4473afea,2026-05-10T02:36:48,AMZN,Baseline_Momentum,21,all_6_families,3y,6m,0.5149,0.4967,0.3185,0.0,0.0,False,walk-forward avg over 16 folds
f2256475,2026-05-10T02:36:49,AMZN,LogisticRegression,21,all_6_families,3y,6m,0.5585,0.6143,0.2958,0,0,True,walk-forward avg over 16 folds
543e72b3,2026-05-10T02:36:58,AMZN,RandomForest,21,all_6_families,3y,6m,0.5858,0.6113,0.2586,0,0,True,walk-forward avg over 16 folds
258be566,2026-05-10T02:37:04,AMZN,XGBoost,21,all_6_families,3y,6m,0.5992,0.6296,0.3017,0,0,True,walk-forward avg over 16 folds
0ba8d53d,2026-05-10T02:37:04,BRK-B,Baseline_Random,21,all_6_families,3y,6m,0.494,0.4997,0.2639,0.0,0.0,False,walk-forward avg over 16 folds
f7832c0a,2026-05-10T02:37:04,BRK-B,Baseline_Momentum,21,all_6_families,3y,6m,0.494,0.4791,0.3296,0.0,0.0,False,walk-forward avg over 16 folds
e684122f,2026-05-10T02:37:05,BRK-B,LogisticRegression,21,all_6_families,3y,6m,0.5928,0.6059,0.282,0,0,True,walk-forward avg over 16 folds
6706c2ce,2026-05-10T02:37:15,BRK-B,RandomForest,21,all_6_families,3y,6m,0.5258,0.5623,0.268,0,0,True,walk-forward avg over 16 folds
3fb85cc9,2026-05-10T02:37:21,BRK-B,XGBoost,21,all_6_families,3y,6m,0.5412,0.6145,0.344,0,0,True,walk-forward avg over 16 folds
f4cac991,2026-05-11T20:03:29,APC.DE,Baseline_Random,21,all_6_families,3y,6m,0.5139,0.524,0.2616,0.0,0.0,False,walk-forward avg over 12 folds
b840b2a6,2026-05-11T20:03:29,APC.DE,Baseline_Momentum,21,all_6_families,3y,6m,0.6673,0.5,0.2325,0.0,0.0,True,walk-forward avg over 12 folds
c623fe2b,2026-05-11T20:03:33,APC.DE,LogisticRegression,21,all_6_families,3y,6m,0.5754,0.5697,0.2858,0.0,0.0,True,walk-forward avg over 12 folds
3c5f5ef3,2026-05-11T20:03:52,APC.DE,RandomForest,21,all_6_families,3y,6m,0.5694,0.462,0.3121,0.0,0.0,True,walk-forward avg over 12 folds
e33a5b5a,2026-05-11T20:04:10,APC.DE,XGBoost,21,all_6_families,3y,6m,0.5443,0.5386,0.358,0.0,0.0,True,walk-forward avg over 12 folds
45a008d0,2026-05-11T20:04:10,MSF.DE,Baseline_Random,21,all_6_families,3y,6m,0.5061,0.5009,0.2641,0.0,0.0,False,walk-forward avg over 13 folds
2d05a4ed,2026-05-11T20:04:10,MSF.DE,Baseline_Momentum,21,all_6_families,3y,6m,0.6276,0.5,0.254,0.0,0.0,True,walk-forward avg over 13 folds
a8bc35ac,2026-05-11T20:04:12,MSF.DE,LogisticRegression,21,all_6_families,3y,6m,0.6148,0.557,0.2872,0.0,0.0,True,walk-forward avg over 13 folds
e1753edd,2026-05-11T20:04:31,MSF.DE,RandomForest,21,all_6_families,3y,6m,0.5611,0.6308,0.2715,0.0,0.0,True,walk-forward avg over 13 folds
34f6eadf,2026-05-11T20:04:47,MSF.DE,XGBoost,21,all_6_families,3y,6m,0.5763,0.6236,0.3172,0.0,0.0,True,walk-forward avg over 13 folds
d8154337,2026-05-11T20:04:48,AMZN,Baseline_Random,21,all_6_families,3y,6m,0.5109,0.5084,0.2623,0.0,0.0,False,walk-forward avg over 16 folds
526abf9c,2026-05-11T20:04:48,AMZN,Baseline_Momentum,21,all_6_families,3y,6m,0.6171,0.5,0.2597,0.0,0.0,True,walk-forward avg over 16 folds
5524a800,2026-05-11T20:04:48,AMZN,LogisticRegression,21,all_6_families,3y,6m,0.5506,0.6127,0.301,0.0,0.0,True,walk-forward avg over 16 folds
dbfdefde,2026-05-11T20:05:09,AMZN,RandomForest,21,all_6_families,3y,6m,0.5625,0.5953,0.2632,0.0,0.0,True,walk-forward avg over 16 folds
7dc07bc7,2026-05-11T20:05:32,AMZN,XGBoost,21,all_6_families,3y,6m,0.5809,0.6074,0.3021,0.0,0.0,True,walk-forward avg over 16 folds
14b6707d,2026-05-11T20:05:33,META,Baseline_Random,21,all_6_families,3y,6m,0.5005,0.5265,0.2617,0.0,0.0,False,walk-forward avg over 16 folds
b57978c0,2026-05-11T20:05:33,META,Baseline_Momentum,21,all_6_families,3y,6m,0.6017,0.5,0.268,0.0,0.0,True,walk-forward avg over 16 folds
97bb5972,2026-05-11T20:05:36,META,LogisticRegression,21,all_6_families,3y,6m,0.5159,0.6468,0.3304,0.0,0.0,False,walk-forward avg over 16 folds
d5f20756,2026-05-11T20:05:58,META,RandomForest,21,all_6_families,3y,6m,0.5134,0.5049,0.2932,0.0,0.0,False,walk-forward avg over 16 folds
df587263,2026-05-11T20:06:20,META,XGBoost,21,all_6_families,3y,6m,0.5218,0.5199,0.374,0.0,0.0,True,walk-forward avg over 16 folds
fe84dbed,2026-05-11T20:06:21,TSLA,Baseline_Random,21,all_6_families,3y,6m,0.5064,0.5162,0.2605,0.0,0.0,False,walk-forward avg over 16 folds
3c409296,2026-05-11T20:06:21,TSLA,Baseline_Momentum,21,all_6_families,3y,6m,0.5481,0.5,0.2969,0.0,0.0,True,walk-forward avg over 16 folds
997b36ac,2026-05-11T20:06:22,TSLA,LogisticRegression,21,all_6_families,3y,6m,0.5193,0.5713,0.3331,0.0,0.0,False,walk-forward avg over 16 folds
5498dc14,2026-05-11T20:06:31,TSLA,RandomForest,21,all_6_families,3y,6m,0.4782,0.5542,0.2923,0.0,0.0,False,walk-forward avg over 16 folds
ebfa465f,2026-05-11T20:06:36,TSLA,XGBoost,21,all_6_families,3y,6m,0.4583,0.5258,0.3977,0.0,0.0,False,walk-forward avg over 16 folds
84e9d581,2026-05-11T20:06:36,MSFT,Baseline_Random,21,all_6_families,3y,6m,0.4955,0.5256,0.2605,0.0,0.0,False,walk-forward avg over 16 folds
00b091ac,2026-05-11T20:06:36,MSFT,Baseline_Momentum,21,all_6_families,3y,6m,0.6255,0.5,0.2551,0.0,0.0,True,walk-forward avg over 16 folds
10ed8cbb,2026-05-11T20:06:37,MSFT,LogisticRegression,21,all_6_families,3y,6m,0.6086,0.5812,0.2878,0.0,0.0,True,walk-forward avg over 16 folds
9d25f700,2026-05-11T20:06:47,MSFT,RandomForest,21,all_6_families,3y,6m,0.5466,0.5958,0.2841,0.0,0.0,True,walk-forward avg over 16 folds
c309f14c,2026-05-11T20:06:53,MSFT,XGBoost,21,all_6_families,3y,6m,0.5268,0.5626,0.3597,0.0,0.0,True,walk-forward avg over 16 folds
894d4375,2026-05-11T20:06:54,TSM,Baseline_Random,21,all_6_families,3y,6m,0.5064,0.5146,0.2605,0.0,0.0,False,walk-forward avg over 16 folds
a3bdd734,2026-05-11T20:06:54,TSM,Baseline_Momentum,21,all_6_families,3y,6m,0.6057,0.5,0.2658,0.0,0.0,True,walk-forward avg over 16 folds
e570afc2,2026-05-11T20:06:55,TSM,LogisticRegression,21,all_6_families,3y,6m,0.5565,0.5836,0.3169,0.0,0.0,True,walk-forward avg over 16 folds
9581ab32,2026-05-11T20:07:03,TSM,RandomForest,21,all_6_families,3y,6m,0.503,0.5685,0.2925,0.0,0.0,False,walk-forward avg over 16 folds
3046ec0d,2026-05-11T20:07:08,TSM,XGBoost,21,all_6_families,3y,6m,0.5456,0.6473,0.3498,0.0,0.0,True,walk-forward avg over 16 folds
9e44d5fc,2026-05-11T20:07:09,BRK-B,Baseline_Random,21,all_6_families,3y,6m,0.494,0.4997,0.2639,0.0,0.0,False,walk-forward avg over 16 folds
4d96d4ad,2026-05-11T20:07:09,BRK-B,Baseline_Momentum,21,all_6_families,3y,6m,0.5913,0.5,0.2736,0.0,0.0,True,walk-forward avg over 16 folds
a54a78dd,2026-05-11T20:07:09,BRK-B,LogisticRegression,21,all_6_families,3y,6m,0.5972,0.6184,0.2805,0.0,0.0,True,walk-forward avg over 16 folds
4decd948,2026-05-11T20:07:18,BRK-B,RandomForest,21,all_6_families,3y,6m,0.5094,0.5832,0.2801,0.0,0.0,False,walk-forward avg over 16 folds
5f963c91,2026-05-11T20:07:24,BRK-B,XGBoost,21,all_6_families,3y,6m,0.5471,0.6353,0.3446,0.0,0.0,True,walk-forward avg over 16 folds
ce914d98,2026-05-11T20:07:24,BLK,Baseline_Random,21,all_6_families,3y,6m,0.4916,0.5132,0.2609,0.0,0.0,False,walk-forward avg over 16 folds
46b836de,2026-05-11T20:07:24,BLK,Baseline_Momentum,21,all_6_families,3y,6m,0.5938,0.5,0.2723,0.0,0.0,True,walk-forward avg over 16 folds
a7e5eeb0,2026-05-11T20:07:25,BLK,LogisticRegression,21,all_6_families,3y,6m,0.5744,0.5552,0.3034,0.0,0.0,True,walk-forward avg over 16 folds
f110fe51,2026-05-11T20:07:33,BLK,RandomForest,21,all_6_families,3y,6m,0.5213,0.5873,0.274,0.0,0.0,True,walk-forward avg over 16 folds
a943883b,2026-05-11T20:07:39,BLK,XGBoost,21,all_6_families,3y,6m,0.4851,0.6033,0.3657,0.0,0.0,False,walk-forward avg over 16 folds
1bcba783,2026-05-11T20:07:39,UNH,Baseline_Random,21,all_6_families,3y,6m,0.4931,0.5064,0.2623,0.0,0.0,False,walk-forward avg over 16 folds
6a20d902,2026-05-11T20:07:39,UNH,Baseline_Momentum,21,all_6_families,3y,6m,0.5694,0.5,0.2854,0.0,0.0,True,walk-forward avg over 16 folds
4500af9f,2026-05-11T20:07:40,UNH,LogisticRegression,21,all_6_families,3y,6m,0.558,0.5908,0.3044,0.0,0.0,True,walk-forward avg over 16 folds
e63fc99c,2026-05-11T20:07:48,UNH,RandomForest,21,all_6_families,3y,6m,0.5868,0.6561,0.2546,0.0,0.0,True,walk-forward avg over 16 folds
cbb64d73,2026-05-11T20:07:55,UNH,XGBoost,21,all_6_families,3y,6m,0.5838,0.6464,0.3199,0.0,0.0,True,walk-forward avg over 16 folds
c307d5dd,2026-05-11T20:07:55,TMO,Baseline_Random,21,all_6_families,3y,6m,0.5005,0.518,0.2596,0.0,0.0,False,walk-forward avg over 16 folds
bcd2f072,2026-05-11T20:07:55,TMO,Baseline_Momentum,21,all_6_families,3y,6m,0.5888,0.5,0.275,0.0,0.0,True,walk-forward avg over 16 folds
c8a0f848,2026-05-11T20:07:56,TMO,LogisticRegression,21,all_6_families,3y,6m,0.563,0.7171,0.3147,0.0,0.0,True,walk-forward avg over 16 folds
f5ab15d4,2026-05-11T20:08:05,TMO,RandomForest,21,all_6_families,3y,6m,0.5605,0.6845,0.2548,0.0,0.0,True,walk-forward avg over 16 folds
3940e346,2026-05-11T20:08:11,TMO,XGBoost,21,all_6_families,3y,6m,0.5496,0.6787,0.3292,0.0,0.0,True,walk-forward avg over 16 folds
f51c7f7e,2026-05-11T20:08:12,DIS,Baseline_Random,21,all_6_families,3y,6m,0.497,0.4877,0.2646,0.0,0.0,False,walk-forward avg over 16 folds
71384643,2026-05-11T20:08:12,DIS,Baseline_Momentum,21,all_6_families,3y,6m,0.4732,0.5,0.3374,0.0,0.0,False,walk-forward avg over 16 folds
a19b31f9,2026-05-11T20:08:13,DIS,LogisticRegression,21,all_6_families,3y,6m,0.5208,0.5644,0.2982,0.0,0.0,True,walk-forward avg over 16 folds
fd5bfcf1,2026-05-11T20:08:22,DIS,RandomForest,21,all_6_families,3y,6m,0.5015,0.5613,0.2708,0.0,0.0,False,walk-forward avg over 16 folds
7fb4e3ff,2026-05-11T20:08:29,DIS,XGBoost,21,all_6_families,3y,6m,0.4846,0.5798,0.3736,0.0,0.0,False,walk-forward avg over 16 folds
7a610b52,2026-05-11T20:08:29,XOM,Baseline_Random,21,all_6_families,3y,6m,0.4886,0.5061,0.262,0.0,0.0,False,walk-forward avg over 16 folds
ef3d269e,2026-05-11T20:08:29,XOM,Baseline_Momentum,21,all_6_families,3y,6m,0.5699,0.5,0.2851,0.0,0.0,True,walk-forward avg over 16 folds
50330d43,2026-05-11T20:08:30,XOM,LogisticRegression,21,all_6_families,3y,6m,0.4955,0.6148,0.3462,0.0,0.0,False,walk-forward avg over 16 folds
7b3599fc,2026-05-11T20:08:38,XOM,RandomForest,21,all_6_families,3y,6m,0.5288,0.6472,0.2666,0.0,0.0,True,walk-forward avg over 16 folds
cae3b7ba,2026-05-11T20:08:45,XOM,XGBoost,21,all_6_families,3y,6m,0.501,0.6094,0.3644,0.0,0.0,False,walk-forward avg over 16 folds
73dddd3c,2026-05-11T20:08:45,CVX,Baseline_Random,21,all_6_families,3y,6m,0.4891,0.5057,0.2627,0.0,0.0,False,walk-forward avg over 16 folds
5b5b8187,2026-05-11T20:08:45,CVX,Baseline_Momentum,21,all_6_families,3y,6m,0.5694,0.5,0.2854,0.0,0.0,True,walk-forward avg over 16 folds
51507f8f,2026-05-11T20:08:46,CVX,LogisticRegression,21,all_6_families,3y,6m,0.496,0.5947,0.3446,0.0,0.0,False,walk-forward avg over 16 folds
95c81d9d,2026-05-11T20:08:56,CVX,RandomForest,21,all_6_families,3y,6m,0.5511,0.7018,0.2553,0.0,0.0,True,walk-forward avg over 16 folds
b69f1bea,2026-05-11T20:09:02,CVX,XGBoost,21,all_6_families,3y,6m,0.5263,0.6802,0.3264,0.0,0.0,True,walk-forward avg over 16 folds
bb44707a,2026-05-11T20:09:02,NEE,Baseline_Random,21,all_6_families,3y,6m,0.5099,0.4972,0.2642,0.0,0.0,False,walk-forward avg over 16 folds
d25447a2,2026-05-11T20:09:02,NEE,Baseline_Momentum,21,all_6_families,3y,6m,0.6062,0.5,0.2656,0.0,0.0,True,walk-forward avg over 16 folds
6a8caaed,2026-05-11T20:09:03,NEE,LogisticRegression,21,all_6_families,3y,6m,0.5828,0.6952,0.2965,0.0,0.0,True,walk-forward avg over 16 folds
0d2ff77a,2026-05-11T20:09:13,NEE,RandomForest,21,all_6_families,3y,6m,0.5615,0.769,0.2493,0.0,0.0,True,walk-forward avg over 16 folds
301ca2af,2026-05-11T20:09:19,NEE,XGBoost,21,all_6_families,3y,6m,0.5997,0.7506,0.2951,0.0,0.0,True,walk-forward avg over 16 folds
e802caf6,2026-05-11T20:09:19,CAT,Baseline_Random,21,all_6_families,3y,6m,0.5042,0.5278,0.2582,0.0,0.0,False,walk-forward avg over 15 folds
121799c5,2026-05-11T20:09:19,CAT,Baseline_Momentum,21,all_6_families,3y,6m,0.6071,0.5,0.265,0.0,0.0,True,walk-forward avg over 16 folds
65b9fd3d,2026-05-11T20:09:20,CAT,LogisticRegression,21,all_6_families,3y,6m,0.5114,0.5743,0.3237,0.0,0.0,False,walk-forward avg over 16 folds
cbf11fe2,2026-05-11T20:09:28,CAT,RandomForest,21,all_6_families,3y,6m,0.5144,0.5953,0.2594,0.0,0.0,False,walk-forward avg over 16 folds
4d9d9235,2026-05-11T20:09:34,CAT,XGBoost,21,all_6_families,3y,6m,0.4955,0.5975,0.3464,0.0,0.0,False,walk-forward avg over 16 folds
dd2cce79,2026-05-11T20:09:35,UPS,Baseline_Random,21,all_6_families,3y,6m,0.497,0.5101,0.2615,0.0,0.0,False,walk-forward avg over 16 folds
2d151106,2026-05-11T20:09:35,UPS,Baseline_Momentum,21,all_6_families,3y,6m,0.5347,0.5,0.3042,0.0,0.0,True,walk-forward avg over 16 folds
1a878383,2026-05-11T20:09:35,UPS,LogisticRegression,21,all_6_families,3y,6m,0.5451,0.6947,0.2999,0.0,0.0,True,walk-forward avg over 16 folds
97a969cc,2026-05-11T20:09:45,UPS,RandomForest,21,all_6_families,3y,6m,0.5188,0.6903,0.2643,0.0,0.0,False,walk-forward avg over 16 folds
abae82b1,2026-05-11T20:09:50,UPS,XGBoost,21,all_6_families,3y,6m,0.4965,0.695,0.3818,0.0,0.0,False,walk-forward avg over 16 folds
a9301fa5,2026-05-11T20:09:50,DE,Baseline_Random,21,all_6_families,3y,6m,0.4995,0.508,0.2609,0.0,0.0,False,walk-forward avg over 16 folds
7ca84843,2026-05-11T20:09:51,DE,Baseline_Momentum,21,all_6_families,3y,6m,0.5441,0.5,0.2991,0.0,0.0,True,walk-forward avg over 16 folds
10954ee7,2026-05-11T20:09:51,DE,LogisticRegression,21,all_6_families,3y,6m,0.5193,0.5736,0.3,0.0,0.0,False,walk-forward avg over 16 folds
882d94f7,2026-05-11T20:10:00,DE,RandomForest,21,all_6_families,3y,6m,0.5084,0.6217,0.2848,0.0,0.0,False,walk-forward avg over 16 folds
32cd82e4,2026-05-11T20:10:06,DE,XGBoost,21,all_6_families,3y,6m,0.4886,0.6208,0.376,0.0,0.0,False,walk-forward avg over 16 folds
a8d2eed5,2026-05-11T20:10:06,FSLR,Baseline_Random,21,all_6_families,3y,6m,0.4931,0.5051,0.2617,0.0,0.0,False,walk-forward avg over 16 folds
b6e8f97b,2026-05-11T20:10:07,FSLR,Baseline_Momentum,21,all_6_families,3y,6m,0.5397,0.5,0.3015,0.0,0.0,True,walk-forward avg over 16 folds
402ed9ec,2026-05-11T20:10:07,FSLR,LogisticRegression,21,all_6_families,3y,6m,0.5412,0.6709,0.3123,0.0,0.0,True,walk-forward avg over 16 folds
b9c5e2d1,2026-05-11T20:10:16,FSLR,RandomForest,21,all_6_families,3y,6m,0.5184,0.579,0.2628,0.0,0.0,False,walk-forward avg over 16 folds
24cb87ee,2026-05-11T20:10:22,FSLR,XGBoost,21,all_6_families,3y,6m,0.5005,0.5613,0.3621,0.0,0.0,False,walk-forward avg over 16 folds
a0c91519,2026-05-11T20:10:22,SAP.DE,Baseline_Random,21,all_6_families,3y,6m,0.4967,0.4857,0.2664,0.0,0.0,False,walk-forward avg over 12 folds
3e7fcace,2026-05-11T20:10:22,SAP.DE,Baseline_Momentum,21,all_6_families,3y,6m,0.6329,0.5,0.2511,0.0,0.0,True,walk-forward avg over 12 folds
3737d668,2026-05-11T20:10:23,SAP.DE,LogisticRegression,21,all_6_families,3y,6m,0.5972,0.6954,0.2662,0.0,0.0,True,walk-forward avg over 12 folds
8e5789de,2026-05-11T20:10:29,SAP.DE,RandomForest,21,all_6_families,3y,6m,0.5397,0.5714,0.2683,0.0,0.0,True,walk-forward avg over 12 folds
7514f27f,2026-05-11T20:10:33,SAP.DE,XGBoost,21,all_6_families,3y,6m,0.5179,0.6123,0.3506,0.0,0.0,False,walk-forward avg over 12 folds
64e9e716,2026-05-11T20:10:33,ALV.DE,Baseline_Random,21,all_6_families,3y,6m,0.504,0.4911,0.2653,0.0,0.0,False,walk-forward avg over 12 folds
12d3bd1b,2026-05-11T20:10:33,ALV.DE,Baseline_Momentum,21,all_6_families,3y,6m,0.623,0.5,0.2565,0.0,0.0,True,walk-forward avg over 12 folds
fa284c84,2026-05-11T20:10:34,ALV.DE,LogisticRegression,21,all_6_families,3y,6m,0.5734,0.6128,0.2939,0.0,0.0,True,walk-forward avg over 12 folds
6e68b59b,2026-05-11T20:10:41,ALV.DE,RandomForest,21,all_6_families,3y,6m,0.5099,0.6772,0.2803,0.0,0.0,False,walk-forward avg over 12 folds
cacb5d19,2026-05-11T20:10:45,ALV.DE,XGBoost,21,all_6_families,3y,6m,0.5007,0.6744,0.3822,0.0,0.0,False,walk-forward avg over 12 folds
802702a1,2026-05-11T20:10:45,SIE.DE,Baseline_Random,21,all_6_families,3y,6m,0.5046,0.5199,0.2599,0.0,0.0,False,walk-forward avg over 12 folds
b4f288fc,2026-05-11T20:10:46,SIE.DE,Baseline_Momentum,21,all_6_families,3y,6m,0.5747,0.5,0.2825,0.0,0.0,True,walk-forward avg over 12 folds
80dcad77,2026-05-11T20:10:46,SIE.DE,LogisticRegression,21,all_6_families,3y,6m,0.5086,0.6176,0.3029,0.0,0.0,False,walk-forward avg over 12 folds
9aae809f,2026-05-11T20:10:52,SIE.DE,RandomForest,21,all_6_families,3y,6m,0.5271,0.5355,0.2691,0.0,0.0,True,walk-forward avg over 12 folds
de9d956b,2026-05-11T20:10:57,SIE.DE,XGBoost,21,all_6_families,3y,6m,0.5033,0.5949,0.3388,0.0,0.0,False,walk-forward avg over 12 folds
3b33d024,2026-05-11T20:10:57,BMW.DE,Baseline_Random,21,all_6_families,3y,6m,0.494,0.4932,0.2636,0.0,0.0,False,walk-forward avg over 12 folds
53fb7b5a,2026-05-11T20:10:57,BMW.DE,Baseline_Momentum,21,all_6_families,3y,6m,0.5086,0.5,0.3183,0.0,0.0,False,walk-forward avg over 12 folds
734bdab9,2026-05-11T20:10:57,BMW.DE,LogisticRegression,21,all_6_families,3y,6m,0.4802,0.616,0.3549,0.0,0.0,False,walk-forward avg over 12 folds
7d9ef13f,2026-05-11T20:11:04,BMW.DE,RandomForest,21,all_6_families,3y,6m,0.4484,0.6068,0.3011,0.0,0.0,False,walk-forward avg over 12 folds
e64c6630,2026-05-11T20:11:09,BMW.DE,XGBoost,21,all_6_families,3y,6m,0.4742,0.5654,0.4052,0.0,0.0,False,walk-forward avg over 12 folds
cecf5d0b,2026-05-11T20:11:09,DTE.DE,Baseline_Random,21,all_6_families,3y,6m,0.5165,0.5254,0.2614,0.0,0.0,False,walk-forward avg over 13 folds
80a6c722,2026-05-11T20:11:09,DTE.DE,Baseline_Momentum,21,all_6_families,3y,6m,0.616,0.5,0.2603,0.0,0.0,True,walk-forward avg over 13 folds
494fc7a7,2026-05-11T20:11:09,DTE.DE,LogisticRegression,21,all_6_families,3y,6m,0.5806,0.5871,0.287,0.0,0.0,True,walk-forward avg over 13 folds
06f0e908,2026-05-11T20:11:16,DTE.DE,RandomForest,21,all_6_families,3y,6m,0.5421,0.6722,0.2617,0.0,0.0,True,walk-forward avg over 13 folds
207a40f0,2026-05-11T20:11:20,DTE.DE,XGBoost,21,all_6_families,3y,6m,0.5397,0.6399,0.3616,0.0,0.0,True,walk-forward avg over 13 folds
365295f4,2026-05-11T20:11:20,BAS.DE,Baseline_Random,21,all_6_families,3y,6m,0.4914,0.4798,0.2663,0.0,0.0,False,walk-forward avg over 12 folds
12b09c2b,2026-05-11T20:11:20,BAS.DE,Baseline_Momentum,21,all_6_families,3y,6m,0.4835,0.5,0.3318,0.0,0.0,False,walk-forward avg over 12 folds
7eacdbf2,2026-05-11T20:11:20,BAS.DE,LogisticRegression,21,all_6_families,3y,6m,0.5152,0.5908,0.3243,0.0,0.0,False,walk-forward avg over 12 folds
3166daa5,2026-05-11T20:11:27,BAS.DE,RandomForest,21,all_6_families,3y,6m,0.4927,0.6134,0.266,0.0,0.0,False,walk-forward avg over 12 folds
df78a9d0,2026-05-11T20:11:32,BAS.DE,XGBoost,21,all_6_families,3y,6m,0.4987,0.687,0.327,0.0,0.0,False,walk-forward avg over 12 folds
d35ee9db,2026-05-11T20:11:32,MBG.DE,Baseline_Random,21,all_6_families,3y,6m,0.5112,0.498,0.264,0.0,0.0,False,walk-forward avg over 12 folds
5c421731,2026-05-11T20:11:32,MBG.DE,Baseline_Momentum,21,all_6_families,3y,6m,0.5337,0.5,0.3047,0.0,0.0,True,walk-forward avg over 12 folds
65c56946,2026-05-11T20:11:32,MBG.DE,LogisticRegression,21,all_6_families,3y,6m,0.4259,0.5413,0.3465,0.0,0.0,False,walk-forward avg over 12 folds
6f55ba69,2026-05-11T20:11:39,MBG.DE,RandomForest,21,all_6_families,3y,6m,0.5192,0.5852,0.2723,0.0,0.0,False,walk-forward avg over 12 folds
0ab2d28d,2026-05-11T20:11:43,MBG.DE,XGBoost,21,all_6_families,3y,6m,0.4808,0.5747,0.385,0.0,0.0,False,walk-forward avg over 12 folds
cf47b099,2026-05-11T20:11:44,VOW3.DE,Baseline_Random,21,all_6_families,3y,6m,0.5134,0.4762,0.2663,0.0,0.0,False,walk-forward avg over 13 folds
b46fbf29,2026-05-11T20:11:44,VOW3.DE,Baseline_Momentum,21,all_6_families,3y,6m,0.4786,0.5,0.3344,0.0,0.0,False,walk-forward avg over 13 folds
4842ce7e,2026-05-11T20:11:44,VOW3.DE,LogisticRegression,21,all_6_families,3y,6m,0.4823,0.6394,0.3134,0.0,0.0,False,walk-forward avg over 13 folds
9ac09d34,2026-05-11T20:11:52,VOW3.DE,RandomForest,21,all_6_families,3y,6m,0.5073,0.6542,0.2884,0.0,0.0,False,walk-forward avg over 13 folds
8e125cf0,2026-05-11T20:11:56,VOW3.DE,XGBoost,21,all_6_families,3y,6m,0.5372,0.6539,0.3826,0.0,0.0,True,walk-forward avg over 13 folds
29df3cb3,2026-05-11T20:11:57,RWE.DE,Baseline_Random,21,all_6_families,3y,6m,0.5172,0.4978,0.264,0.0,0.0,False,walk-forward avg over 12 folds
01f1a945,2026-05-11T20:11:57,RWE.DE,Baseline_Momentum,21,all_6_families,3y,6m,0.5714,0.5,0.2843,0.0,0.0,True,walk-forward avg over 12 folds
6456c6fa,2026-05-11T20:11:57,RWE.DE,LogisticRegression,21,all_6_families,3y,6m,0.5437,0.563,0.3039,0.0,0.0,True,walk-forward avg over 12 folds
69711748,2026-05-11T20:12:03,RWE.DE,RandomForest,21,all_6_families,3y,6m,0.5516,0.6841,0.2623,0.0,0.0,True,walk-forward avg over 12 folds
33711cd3,2026-05-11T20:12:08,RWE.DE,XGBoost,21,all_6_families,3y,6m,0.5496,0.5837,0.3305,0.0,0.0,True,walk-forward avg over 12 folds
8a2e10b9,2026-05-11T20:12:08,AIR.DE,Baseline_Random,21,all_6_families,3y,6m,0.5053,0.5216,0.2592,0.0,0.0,False,walk-forward avg over 12 folds
16122475,2026-05-11T20:12:08,AIR.DE,Baseline_Momentum,21,all_6_families,3y,6m,0.5582,0.5,0.2915,0.0,0.0,True,walk-forward avg over 12 folds
59ba9d7b,2026-05-11T20:12:09,AIR.DE,LogisticRegression,21,all_6_families,3y,6m,0.5337,0.5213,0.3173,0.0,0.0,True,walk-forward avg over 12 folds
fac1ca7d,2026-05-11T20:12:15,AIR.DE,RandomForest,21,all_6_families,3y,6m,0.4729,0.5428,0.2984,0.0,0.0,False,walk-forward avg over 12 folds
fe8d0a32,2026-05-11T20:12:19,AIR.DE,XGBoost,21,all_6_families,3y,6m,0.4226,0.5155,0.4215,0.0,0.0,False,walk-forward avg over 12 folds
d4cd2b3c,2026-05-11T20:12:19,NDX1.DE,Baseline_Random,21,all_6_families,3y,6m,0.4993,0.4965,0.264,0.0,0.0,False,walk-forward avg over 12 folds
7f6c9f3b,2026-05-11T20:12:19,NDX1.DE,Baseline_Momentum,21,all_6_families,3y,6m,0.5496,0.5,0.2961,0.0,0.0,True,walk-forward avg over 12 folds
8ce6ba6e,2026-05-11T20:12:20,NDX1.DE,LogisticRegression,21,all_6_families,3y,6m,0.4306,0.4608,0.3568,0.0,0.0,False,walk-forward avg over 12 folds
149405a9,2026-05-11T20:12:26,NDX1.DE,RandomForest,21,all_6_families,3y,6m,0.5331,0.5742,0.2643,0.0,0.0,True,walk-forward avg over 12 folds
fde21706,2026-05-11T20:12:30,NDX1.DE,XGBoost,21,all_6_families,3y,6m,0.5119,0.5741,0.3472,0.0,0.0,False,walk-forward avg over 12 folds
843b5853,2026-05-11T20:12:30,SHL.DE,Baseline_Random,21,all_6_families,3y,6m,0.496,0.5049,0.2615,0.0,0.0,False,walk-forward avg over 4 folds
1cd7e8f1,2026-05-11T20:12:30,SHL.DE,Baseline_Momentum,21,all_6_families,3y,6m,0.5278,0.5,0.3079,0.0,0.0,True,walk-forward avg over 4 folds
c106d3eb,2026-05-11T20:12:30,SHL.DE,LogisticRegression,21,all_6_families,3y,6m,0.4544,0.529,0.3381,0.0,0.0,False,walk-forward avg over 4 folds
0475a45f,2026-05-11T20:12:32,SHL.DE,RandomForest,21,all_6_families,3y,6m,0.502,0.5902,0.2953,0.0,0.0,False,walk-forward avg over 4 folds
98f86274,2026-05-11T20:12:34,SHL.DE,XGBoost,21,all_6_families,3y,6m,0.5218,0.5818,0.384,0.0,0.0,True,walk-forward avg over 4 folds
11365a5f,2026-05-11T20:12:34,COK.DE,Baseline_Random,21,all_6_families,3y,6m,0.5033,0.4843,0.2651,0.0,0.0,False,walk-forward avg over 12 folds
fdcff840,2026-05-11T20:12:34,COK.DE,Baseline_Momentum,21,all_6_families,3y,6m,0.506,0.5,0.3197,0.0,0.0,False,walk-forward avg over 12 folds
15b88368,2026-05-11T20:12:34,COK.DE,LogisticRegression,21,all_6_families,3y,6m,0.461,0.5591,0.3516,0.0,0.0,False,walk-forward avg over 12 folds
8fde9afb,2026-05-11T20:12:41,COK.DE,RandomForest,21,all_6_families,3y,6m,0.4226,0.6345,0.3175,0.0,0.0,False,walk-forward avg over 12 folds
da28f66f,2026-05-11T20:12:46,COK.DE,XGBoost,21,all_6_families,3y,6m,0.4167,0.6501,0.4501,0.0,0.0,False,walk-forward avg over 12 folds
4ccea9eb,2026-05-11T20:12:46,ASML.AS,Baseline_Random,21,all_6_families,3y,6m,0.5131,0.4887,0.2649,0.0,0.0,False,walk-forward avg over 17 folds
1e27e025,2026-05-11T20:12:46,ASML.AS,Baseline_Momentum,21,all_6_families,3y,6m,0.5976,0.5,0.2702,0.0,0.0,True,walk-forward avg over 17 folds
67e64484,2026-05-11T20:12:47,ASML.AS,LogisticRegression,21,all_6_families,3y,6m,0.5313,0.5361,0.2925,0.0,0.0,True,walk-forward avg over 17 folds
c732f85c,2026-05-11T20:12:56,ASML.AS,RandomForest,21,all_6_families,3y,6m,0.528,0.5913,0.2828,0.0,0.0,True,walk-forward avg over 17 folds
c4b25be0,2026-05-11T20:13:02,ASML.AS,XGBoost,21,all_6_families,3y,6m,0.5154,0.6371,0.3742,0.0,0.0,False,walk-forward avg over 17 folds
b728948a,2026-05-11T20:13:02,SHELL.AS,Baseline_Random,21,all_6_families,3y,6m,0.5005,0.5021,0.264,0.0,0.0,False,walk-forward avg over 17 folds
9a7d5529,2026-05-11T20:13:02,SHELL.AS,Baseline_Momentum,21,all_6_families,3y,6m,0.5691,0.5,0.2856,0.0,0.0,True,walk-forward avg over 17 folds
8ffd857a,2026-05-11T20:13:03,SHELL.AS,LogisticRegression,21,all_6_families,3y,6m,0.5084,0.5932,0.3378,0.0,0.0,False,walk-forward avg over 17 folds
4b7bfb93,2026-05-11T20:13:12,SHELL.AS,RandomForest,21,all_6_families,3y,6m,0.5079,0.6421,0.2657,0.0,0.0,False,walk-forward avg over 17 folds
7e91e656,2026-05-11T20:13:19,SHELL.AS,XGBoost,21,all_6_families,3y,6m,0.5378,0.6365,0.3313,0.0,0.0,True,walk-forward avg over 17 folds
ec359609,2026-05-11T20:13:19,TTE.PA,Baseline_Random,21,all_6_families,3y,6m,0.5005,0.4987,0.2641,0.0,0.0,False,walk-forward avg over 16 folds
10dbaff9,2026-05-11T20:13:19,TTE.PA,Baseline_Momentum,21,all_6_families,3y,6m,0.559,0.5,0.291,0.0,0.0,True,walk-forward avg over 16 folds
1adc27bd,2026-05-11T20:13:20,TTE.PA,LogisticRegression,21,all_6_families,3y,6m,0.5342,0.6335,0.3242,0.0,0.0,True,walk-forward avg over 16 folds
d584c37e,2026-05-11T20:13:29,TTE.PA,RandomForest,21,all_6_families,3y,6m,0.4836,0.5926,0.2753,0.0,0.0,False,walk-forward avg over 16 folds
2644b233,2026-05-11T20:13:36,TTE.PA,XGBoost,21,all_6_families,3y,6m,0.5045,0.5746,0.3623,0.0,0.0,False,walk-forward avg over 16 folds
d16d2d0a,2026-05-11T20:13:36,NOV.DE,Baseline_Random,21,all_6_families,3y,6m,0.5225,0.4857,0.2677,0.0,0.0,True,walk-forward avg over 12 folds
e8db206f,2026-05-11T20:13:36,NOV.DE,Baseline_Momentum,21,all_6_families,3y,6m,0.7037,0.5,0.2129,0.0,0.0,True,walk-forward avg over 12 folds
9978b08c,2026-05-11T20:13:36,NOV.DE,LogisticRegression,21,all_6_families,3y,6m,0.6508,0.539,0.2488,0.0,0.0,True,walk-forward avg over 12 folds
db36e530,2026-05-11T20:13:43,NOV.DE,RandomForest,21,all_6_families,3y,6m,0.5747,0.6265,0.2509,0.0,0.0,True,walk-forward avg over 12 folds
9bbb8fa1,2026-05-11T20:13:47,NOV.DE,XGBoost,21,all_6_families,3y,6m,0.5694,0.618,0.3169,0.0,0.0,True,walk-forward avg over 12 folds
47e59aec,2026-05-11T20:38:39,APC.DE,Baseline_Random,21,all_6_families,3y,6m,0.5139,0.524,0.2616,0.0,0.0,False,walk-forward avg over 12 folds
38f738fa,2026-05-11T20:38:39,APC.DE,Baseline_Momentum,21,all_6_families,3y,6m,0.6673,0.5,0.2325,0.0,0.0,True,walk-forward avg over 12 folds
3304c7f0,2026-05-11T20:38:40,APC.DE,LogisticRegression,21,all_6_families,3y,6m,0.5754,0.5697,0.2858,0.0,0.0,True,walk-forward avg over 12 folds
45401fb4,2026-05-11T20:38:56,APC.DE,RandomForest,21,all_6_families,3y,6m,0.5694,0.462,0.3121,0.0,0.0,True,walk-forward avg over 12 folds
8d57c34c,2026-05-11T20:38:59,APC.DE,XGBoost,21,all_6_families,3y,6m,0.5443,0.5386,0.358,0.0,0.0,True,walk-forward avg over 12 folds
8696d1c2,2026-05-11T20:38:59,MSF.DE,Baseline_Random,21,all_6_families,3y,6m,0.5061,0.5009,0.2641,0.0,0.0,False,walk-forward avg over 13 folds
c4db1368,2026-05-11T20:38:59,MSF.DE,Baseline_Momentum,21,all_6_families,3y,6m,0.6276,0.5,0.254,0.0,0.0,True,walk-forward avg over 13 folds
64178bbe,2026-05-11T20:39:00,MSF.DE,LogisticRegression,21,all_6_families,3y,6m,0.6148,0.557,0.2872,0.0,0.0,True,walk-forward avg over 13 folds
13f65f06,2026-05-11T20:39:11,MSF.DE,RandomForest,21,all_6_families,3y,6m,0.5611,0.6308,0.2715,0.0,0.0,True,walk-forward avg over 13 folds
62575766,2026-05-11T20:39:29,MSF.DE,XGBoost,21,all_6_families,3y,6m,0.5763,0.6236,0.3172,0.0,0.0,True,walk-forward avg over 13 folds
b6994c6c,2026-05-11T20:39:29,AMZN,Baseline_Random,21,all_6_families,3y,6m,0.5109,0.5084,0.2623,0.0,0.0,False,walk-forward avg over 16 folds
9b04bfe0,2026-05-11T20:39:29,AMZN,Baseline_Momentum,21,all_6_families,3y,6m,0.6171,0.5,0.2597,0.0,0.0,True,walk-forward avg over 16 folds
ce423d4a,2026-05-11T20:39:31,AMZN,LogisticRegression,21,all_6_families,3y,6m,0.5506,0.6127,0.301,0.0,0.0,True,walk-forward avg over 16 folds
fc23ef22,2026-05-11T20:39:52,AMZN,RandomForest,21,all_6_families,3y,6m,0.5625,0.5953,0.2632,0.0,0.0,True,walk-forward avg over 16 folds
d29ae40a,2026-05-11T20:40:06,AMZN,XGBoost,21,all_6_families,3y,6m,0.5809,0.6074,0.3021,0.0,0.0,True,walk-forward avg over 16 folds
56b7420a,2026-05-11T20:40:07,META,Baseline_Random,21,all_6_families,3y,6m,0.5005,0.5265,0.2617,0.0,0.0,False,walk-forward avg over 16 folds
d7c32820,2026-05-11T20:40:07,META,Baseline_Momentum,21,all_6_families,3y,6m,0.6017,0.5,0.268,0.0,0.0,True,walk-forward avg over 16 folds
22d1538a,2026-05-11T20:40:09,META,LogisticRegression,21,all_6_families,3y,6m,0.5159,0.6468,0.3304,0.0,0.0,False,walk-forward avg over 16 folds
cf14032a,2026-05-11T20:40:30,META,RandomForest,21,all_6_families,3y,6m,0.5134,0.5049,0.2932,0.0,0.0,False,walk-forward avg over 16 folds
314e95c5,2026-05-11T20:40:52,META,XGBoost,21,all_6_families,3y,6m,0.5218,0.5199,0.374,0.0,0.0,True,walk-forward avg over 16 folds
2c4eff27,2026-05-11T20:40:53,TSLA,Baseline_Random,21,all_6_families,3y,6m,0.5064,0.5162,0.2605,0.0,0.0,False,walk-forward avg over 16 folds
5cb1be9b,2026-05-11T20:40:53,TSLA,Baseline_Momentum,21,all_6_families,3y,6m,0.5481,0.5,0.2969,0.0,0.0,True,walk-forward avg over 16 folds
c0c5d5dc,2026-05-11T20:40:55,TSLA,LogisticRegression,21,all_6_families,3y,6m,0.5193,0.5713,0.3331,0.0,0.0,False,walk-forward avg over 16 folds
761c2216,2026-05-11T20:41:13,TSLA,RandomForest,21,all_6_families,3y,6m,0.4782,0.5542,0.2923,0.0,0.0,False,walk-forward avg over 16 folds
8a95c022,2026-05-11T20:41:29,TSLA,XGBoost,21,all_6_families,3y,6m,0.4583,0.5258,0.3977,0.0,0.0,False,walk-forward avg over 16 folds
daab5ee5,2026-05-11T20:41:29,MSFT,Baseline_Random,21,all_6_families,3y,6m,0.4955,0.5256,0.2605,0.0,0.0,False,walk-forward avg over 16 folds
9fa8669f,2026-05-11T20:41:29,MSFT,Baseline_Momentum,21,all_6_families,3y,6m,0.6255,0.5,0.2551,0.0,0.0,True,walk-forward avg over 16 folds
e01c7e43,2026-05-11T20:41:30,MSFT,LogisticRegression,21,all_6_families,3y,6m,0.6086,0.5812,0.2878,0.0,0.0,True,walk-forward avg over 16 folds
b4b0dd5b,2026-05-11T20:41:46,MSFT,RandomForest,21,all_6_families,3y,6m,0.5466,0.5958,0.2841,0.0,0.0,True,walk-forward avg over 16 folds
84e9b0b7,2026-05-11T20:42:09,MSFT,XGBoost,21,all_6_families,3y,6m,0.5268,0.5626,0.3597,0.0,0.0,True,walk-forward avg over 16 folds
b57dd2c4,2026-05-11T20:42:10,TSM,Baseline_Random,21,all_6_families,3y,6m,0.5064,0.5146,0.2605,0.0,0.0,False,walk-forward avg over 16 folds
516996ce,2026-05-11T20:42:10,TSM,Baseline_Momentum,21,all_6_families,3y,6m,0.6057,0.5,0.2658,0.0,0.0,True,walk-forward avg over 16 folds
8f488919,2026-05-11T20:42:12,TSM,LogisticRegression,21,all_6_families,3y,6m,0.5565,0.5836,0.3169,0.0,0.0,True,walk-forward avg over 16 folds
ce9c7bb2,2026-05-11T20:42:33,TSM,RandomForest,21,all_6_families,3y,6m,0.503,0.5685,0.2925,0.0,0.0,False,walk-forward avg over 16 folds
47cc5001,2026-05-11T20:42:45,TSM,XGBoost,21,all_6_families,3y,6m,0.5456,0.6473,0.3498,0.0,0.0,True,walk-forward avg over 16 folds
d0a9cdb5,2026-05-11T20:42:47,BRK-B,Baseline_Random,21,all_6_families,3y,6m,0.494,0.4997,0.2639,0.0,0.0,False,walk-forward avg over 16 folds
3a727f49,2026-05-11T20:42:47,BRK-B,Baseline_Momentum,21,all_6_families,3y,6m,0.5913,0.5,0.2736,0.0,0.0,True,walk-forward avg over 16 folds
d201e4a9,2026-05-11T20:42:49,BRK-B,LogisticRegression,21,all_6_families,3y,6m,0.5972,0.6184,0.2805,0.0,0.0,True,walk-forward avg over 16 folds
f73d0950,2026-05-11T20:43:05,BRK-B,RandomForest,21,all_6_families,3y,6m,0.5094,0.5832,0.2801,0.0,0.0,False,walk-forward avg over 16 folds
e3948b6a,2026-05-11T20:43:10,BRK-B,XGBoost,21,all_6_families,3y,6m,0.5471,0.6353,0.3446,0.0,0.0,True,walk-forward avg over 16 folds
60ec1f97,2026-05-11T20:43:10,BLK,Baseline_Random,21,all_6_families,3y,6m,0.4916,0.5132,0.2609,0.0,0.0,False,walk-forward avg over 16 folds
3616d6e6,2026-05-11T20:43:10,BLK,Baseline_Momentum,21,all_6_families,3y,6m,0.5938,0.5,0.2723,0.0,0.0,True,walk-forward avg over 16 folds
341bd9dc,2026-05-11T20:43:11,BLK,LogisticRegression,21,all_6_families,3y,6m,0.5744,0.5552,0.3034,0.0,0.0,True,walk-forward avg over 16 folds
beda8c0d,2026-05-11T20:43:31,BLK,RandomForest,21,all_6_families,3y,6m,0.5213,0.5873,0.274,0.0,0.0,True,walk-forward avg over 16 folds
bea4e955,2026-05-11T20:43:53,BLK,XGBoost,21,all_6_families,3y,6m,0.4851,0.6033,0.3657,0.0,0.0,False,walk-forward avg over 16 folds
1e816d54,2026-05-11T20:43:54,UNH,Baseline_Random,21,all_6_families,3y,6m,0.4931,0.5064,0.2623,0.0,0.0,False,walk-forward avg over 16 folds
a172690f,2026-05-11T20:43:54,UNH,Baseline_Momentum,21,all_6_families,3y,6m,0.5694,0.5,0.2854,0.0,0.0,True,walk-forward avg over 16 folds
747aa177,2026-05-11T20:43:56,UNH,LogisticRegression,21,all_6_families,3y,6m,0.558,0.5908,0.3044,0.0,0.0,True,walk-forward avg over 16 folds
555f2401,2026-05-11T20:44:21,UNH,RandomForest,21,all_6_families,3y,6m,0.5868,0.6561,0.2546,0.0,0.0,True,walk-forward avg over 16 folds
5c713c19,2026-05-11T20:44:42,UNH,XGBoost,21,all_6_families,3y,6m,0.5838,0.6464,0.3199,0.0,0.0,True,walk-forward avg over 16 folds
aab59cad,2026-05-11T20:44:44,TMO,Baseline_Random,21,all_6_families,3y,6m,0.5005,0.518,0.2596,0.0,0.0,False,walk-forward avg over 16 folds
30e7b86a,2026-05-11T20:44:44,TMO,Baseline_Momentum,21,all_6_families,3y,6m,0.5888,0.5,0.275,0.0,0.0,True,walk-forward avg over 16 folds
4ce96f77,2026-05-11T20:44:46,TMO,LogisticRegression,21,all_6_families,3y,6m,0.563,0.7171,0.3147,0.0,0.0,True,walk-forward avg over 16 folds
2fc446f0,2026-05-11T20:45:12,TMO,RandomForest,21,all_6_families,3y,6m,0.5605,0.6845,0.2548,0.0,0.0,True,walk-forward avg over 16 folds
b0b6b25a,2026-05-11T20:45:35,TMO,XGBoost,21,all_6_families,3y,6m,0.5496,0.6787,0.3292,0.0,0.0,True,walk-forward avg over 16 folds
2fb8ca83,2026-05-11T20:45:37,DIS,Baseline_Random,21,all_6_families,3y,6m,0.497,0.4877,0.2646,0.0,0.0,False,walk-forward avg over 16 folds
f65425c0,2026-05-11T20:45:37,DIS,Baseline_Momentum,21,all_6_families,3y,6m,0.4732,0.5,0.3374,0.0,0.0,False,walk-forward avg over 16 folds
dd091cb0,2026-05-11T20:45:39,DIS,LogisticRegression,21,all_6_families,3y,6m,0.5208,0.5644,0.2982,0.0,0.0,True,walk-forward avg over 16 folds
797ce342,2026-05-11T20:46:05,DIS,RandomForest,21,all_6_families,3y,6m,0.5015,0.5613,0.2708,0.0,0.0,False,walk-forward avg over 16 folds
69818170,2026-05-11T20:46:27,DIS,XGBoost,21,all_6_families,3y,6m,0.4846,0.5798,0.3736,0.0,0.0,False,walk-forward avg over 16 folds
e0d1e2ee,2026-05-11T20:46:28,XOM,Baseline_Random,21,all_6_families,3y,6m,0.4886,0.5061,0.262,0.0,0.0,False,walk-forward avg over 16 folds
20f8f154,2026-05-11T20:46:28,XOM,Baseline_Momentum,21,all_6_families,3y,6m,0.5699,0.5,0.2851,0.0,0.0,True,walk-forward avg over 16 folds
16ab099d,2026-05-11T20:46:30,XOM,LogisticRegression,21,all_6_families,3y,6m,0.4955,0.6148,0.3462,0.0,0.0,False,walk-forward avg over 16 folds
a443b64b,2026-05-11T20:46:53,XOM,RandomForest,21,all_6_families,3y,6m,0.5288,0.6472,0.2666,0.0,0.0,True,walk-forward avg over 16 folds
9e06bffe,2026-05-11T20:47:11,XOM,XGBoost,21,all_6_families,3y,6m,0.501,0.6094,0.3644,0.0,0.0,False,walk-forward avg over 16 folds
24e7d774,2026-05-11T20:47:11,CVX,Baseline_Random,21,all_6_families,3y,6m,0.4891,0.5057,0.2627,0.0,0.0,False,walk-forward avg over 16 folds
52a9b5e0,2026-05-11T20:47:12,CVX,Baseline_Momentum,21,all_6_families,3y,6m,0.5694,0.5,0.2854,0.0,0.0,True,walk-forward avg over 16 folds
d1d9b99a,2026-05-11T20:47:14,CVX,LogisticRegression,21,all_6_families,3y,6m,0.496,0.5947,0.3446,0.0,0.0,False,walk-forward avg over 16 folds
f3db939a,2026-05-11T20:47:37,CVX,RandomForest,21,all_6_families,3y,6m,0.5511,0.7018,0.2553,0.0,0.0,True,walk-forward avg over 16 folds
2ae2dd6e,2026-05-11T20:47:59,CVX,XGBoost,21,all_6_families,3y,6m,0.5263,0.6802,0.3264,0.0,0.0,True,walk-forward avg over 16 folds
5c688da7,2026-05-11T20:47:59,NEE,Baseline_Random,21,all_6_families,3y,6m,0.5099,0.4972,0.2642,0.0,0.0,False,walk-forward avg over 16 folds
d461aa21,2026-05-11T20:48:00,NEE,Baseline_Momentum,21,all_6_families,3y,6m,0.6062,0.5,0.2656,0.0,0.0,True,walk-forward avg over 16 folds
57c39c21,2026-05-11T20:48:01,NEE,LogisticRegression,21,all_6_families,3y,6m,0.5828,0.6952,0.2965,0.0,0.0,True,walk-forward avg over 16 folds
fe8934ff,2026-05-11T20:48:22,NEE,RandomForest,21,all_6_families,3y,6m,0.5615,0.769,0.2493,0.0,0.0,True,walk-forward avg over 16 folds
74514d47,2026-05-11T20:48:43,NEE,XGBoost,21,all_6_families,3y,6m,0.5997,0.7506,0.2951,0.0,0.0,True,walk-forward avg over 16 folds
863b227f,2026-05-11T20:48:44,CAT,Baseline_Random,21,all_6_families,3y,6m,0.5042,0.5278,0.2582,0.0,0.0,False,walk-forward avg over 15 folds
4ba6acf4,2026-05-11T20:48:44,CAT,Baseline_Momentum,21,all_6_families,3y,6m,0.6071,0.5,0.265,0.0,0.0,True,walk-forward avg over 16 folds
7bd4391b,2026-05-11T20:48:47,CAT,LogisticRegression,21,all_6_families,3y,6m,0.5114,0.5743,0.3237,0.0,0.0,False,walk-forward avg over 16 folds
ebb8be37,2026-05-11T20:49:09,CAT,RandomForest,21,all_6_families,3y,6m,0.5144,0.5953,0.2594,0.0,0.0,False,walk-forward avg over 16 folds
31511550,2026-05-11T20:49:30,CAT,XGBoost,21,all_6_families,3y,6m,0.4955,0.5975,0.3464,0.0,0.0,False,walk-forward avg over 16 folds
202280b3,2026-05-11T20:49:32,UPS,Baseline_Random,21,all_6_families,3y,6m,0.497,0.5101,0.2615,0.0,0.0,False,walk-forward avg over 16 folds
119256d0,2026-05-11T20:49:32,UPS,Baseline_Momentum,21,all_6_families,3y,6m,0.5347,0.5,0.3042,0.0,0.0,True,walk-forward avg over 16 folds
163e4d6b,2026-05-11T20:49:34,UPS,LogisticRegression,21,all_6_families,3y,6m,0.5451,0.6947,0.2999,0.0,0.0,True,walk-forward avg over 16 folds
d6cccf94,2026-05-11T20:49:55,UPS,RandomForest,21,all_6_families,3y,6m,0.5188,0.6903,0.2643,0.0,0.0,False,walk-forward avg over 16 folds
75194323,2026-05-11T20:50:17,UPS,XGBoost,21,all_6_families,3y,6m,0.4965,0.695,0.3818,0.0,0.0,False,walk-forward avg over 16 folds
a170c3ec,2026-05-11T20:50:17,DE,Baseline_Random,21,all_6_families,3y,6m,0.4995,0.508,0.2609,0.0,0.0,False,walk-forward avg over 16 folds
819d8579,2026-05-11T20:50:18,DE,Baseline_Momentum,21,all_6_families,3y,6m,0.5441,0.5,0.2991,0.0,0.0,True,walk-forward avg over 16 folds
012d7475,2026-05-11T20:50:20,DE,LogisticRegression,21,all_6_families,3y,6m,0.5193,0.5736,0.3,0.0,0.0,False,walk-forward avg over 16 folds
e6bb56d4,2026-05-11T20:50:44,DE,RandomForest,21,all_6_families,3y,6m,0.5084,0.6217,0.2848,0.0,0.0,False,walk-forward avg over 16 folds
9f0e451b,2026-05-11T20:51:05,DE,XGBoost,21,all_6_families,3y,6m,0.4886,0.6208,0.376,0.0,0.0,False,walk-forward avg over 16 folds
764f7daa,2026-05-11T20:51:06,FSLR,Baseline_Random,21,all_6_families,3y,6m,0.4931,0.5051,0.2617,0.0,0.0,False,walk-forward avg over 16 folds
af185bec,2026-05-11T20:51:06,FSLR,Baseline_Momentum,21,all_6_families,3y,6m,0.5397,0.5,0.3015,0.0,0.0,True,walk-forward avg over 16 folds
9841a472,2026-05-11T20:51:08,FSLR,LogisticRegression,21,all_6_families,3y,6m,0.5412,0.6709,0.3123,0.0,0.0,True,walk-forward avg over 16 folds
fdd18397,2026-05-11T20:51:32,FSLR,RandomForest,21,all_6_families,3y,6m,0.5184,0.579,0.2628,0.0,0.0,False,walk-forward avg over 16 folds
a6d07117,2026-05-11T20:51:53,FSLR,XGBoost,21,all_6_families,3y,6m,0.5005,0.5613,0.3621,0.0,0.0,False,walk-forward avg over 16 folds
79dc089f,2026-05-11T20:51:54,SAP.DE,Baseline_Random,21,all_6_families,3y,6m,0.4967,0.4857,0.2664,0.0,0.0,False,walk-forward avg over 12 folds
25491052,2026-05-11T20:51:54,SAP.DE,Baseline_Momentum,21,all_6_families,3y,6m,0.6329,0.5,0.2511,0.0,0.0,True,walk-forward avg over 12 folds
3c6b3118,2026-05-11T20:51:56,SAP.DE,LogisticRegression,21,all_6_families,3y,6m,0.5972,0.6954,0.2662,0.0,0.0,True,walk-forward avg over 12 folds
b8ef0a3d,2026-05-11T20:52:12,SAP.DE,RandomForest,21,all_6_families,3y,6m,0.5397,0.5714,0.2683,0.0,0.0,True,walk-forward avg over 12 folds
638e471c,2026-05-11T20:52:28,SAP.DE,XGBoost,21,all_6_families,3y,6m,0.5179,0.6123,0.3506,0.0,0.0,False,walk-forward avg over 12 folds
9b802611,2026-05-11T20:52:28,ALV.DE,Baseline_Random,21,all_6_families,3y,6m,0.504,0.4911,0.2653,0.0,0.0,False,walk-forward avg over 12 folds
779c1a0f,2026-05-11T20:52:28,ALV.DE,Baseline_Momentum,21,all_6_families,3y,6m,0.623,0.5,0.2565,0.0,0.0,True,walk-forward avg over 12 folds
7ac403ea,2026-05-11T20:52:29,ALV.DE,LogisticRegression,21,all_6_families,3y,6m,0.5734,0.6128,0.2939,0.0,0.0,True,walk-forward avg over 12 folds
b554d5c6,2026-05-11T20:52:45,ALV.DE,RandomForest,21,all_6_families,3y,6m,0.5099,0.6772,0.2803,0.0,0.0,False,walk-forward avg over 12 folds
bbca415b,2026-05-11T20:53:01,ALV.DE,XGBoost,21,all_6_families,3y,6m,0.5007,0.6744,0.3822,0.0,0.0,False,walk-forward avg over 12 folds
5ecfeeb7,2026-05-11T20:53:02,SIE.DE,Baseline_Random,21,all_6_families,3y,6m,0.5046,0.5199,0.2599,0.0,0.0,False,walk-forward avg over 12 folds
ac9ed9a5,2026-05-11T20:53:02,SIE.DE,Baseline_Momentum,21,all_6_families,3y,6m,0.5747,0.5,0.2825,0.0,0.0,True,walk-forward avg over 12 folds
ef2ed044,2026-05-11T20:53:03,SIE.DE,LogisticRegression,21,all_6_families,3y,6m,0.5086,0.6176,0.3029,0.0,0.0,False,walk-forward avg over 12 folds
0279ecdf,2026-05-11T20:53:19,SIE.DE,RandomForest,21,all_6_families,3y,6m,0.5271,0.5355,0.2691,0.0,0.0,True,walk-forward avg over 12 folds
49636cc8,2026-05-11T20:53:35,SIE.DE,XGBoost,21,all_6_families,3y,6m,0.5033,0.5949,0.3388,0.0,0.0,False,walk-forward avg over 12 folds
80b24cfb,2026-05-11T20:53:36,BMW.DE,Baseline_Random,21,all_6_families,3y,6m,0.494,0.4932,0.2636,0.0,0.0,False,walk-forward avg over 12 folds
586c31c1,2026-05-11T20:53:36,BMW.DE,Baseline_Momentum,21,all_6_families,3y,6m,0.5086,0.5,0.3183,0.0,0.0,False,walk-forward avg over 12 folds
7d9315e1,2026-05-11T20:53:38,BMW.DE,LogisticRegression,21,all_6_families,3y,6m,0.4802,0.616,0.3549,0.0,0.0,False,walk-forward avg over 12 folds
9832a8cd,2026-05-11T20:53:54,BMW.DE,RandomForest,21,all_6_families,3y,6m,0.4484,0.6068,0.3011,0.0,0.0,False,walk-forward avg over 12 folds
9ff9bdba,2026-05-11T20:54:12,BMW.DE,XGBoost,21,all_6_families,3y,6m,0.4742,0.5654,0.4052,0.0,0.0,False,walk-forward avg over 12 folds
fcaf06a0,2026-05-11T20:54:12,DTE.DE,Baseline_Random,21,all_6_families,3y,6m,0.5165,0.5254,0.2614,0.0,0.0,False,walk-forward avg over 13 folds
31508ab6,2026-05-11T20:54:12,DTE.DE,Baseline_Momentum,21,all_6_families,3y,6m,0.616,0.5,0.2603,0.0,0.0,True,walk-forward avg over 13 folds
21d54b1b,2026-05-11T20:54:14,DTE.DE,LogisticRegression,21,all_6_families,3y,6m,0.5806,0.5871,0.287,0.0,0.0,True,walk-forward avg over 13 folds
47da1572,2026-05-11T20:54:32,DTE.DE,RandomForest,21,all_6_families,3y,6m,0.5421,0.6722,0.2617,0.0,0.0,True,walk-forward avg over 13 folds
22da4f24,2026-05-11T20:54:50,DTE.DE,XGBoost,21,all_6_families,3y,6m,0.5397,0.6399,0.3616,0.0,0.0,True,walk-forward avg over 13 folds
a9920ec8,2026-05-11T20:54:50,BAS.DE,Baseline_Random,21,all_6_families,3y,6m,0.4914,0.4798,0.2663,0.0,0.0,False,walk-forward avg over 12 folds
9c82dfdf,2026-05-11T20:54:50,BAS.DE,Baseline_Momentum,21,all_6_families,3y,6m,0.4835,0.5,0.3318,0.0,0.0,False,walk-forward avg over 12 folds
b81279ab,2026-05-11T20:54:51,BAS.DE,LogisticRegression,21,all_6_families,3y,6m,0.5152,0.5908,0.3243,0.0,0.0,False,walk-forward avg over 12 folds
62b4d840,2026-05-11T20:55:07,BAS.DE,RandomForest,21,all_6_families,3y,6m,0.4927,0.6134,0.266,0.0,0.0,False,walk-forward avg over 12 folds
343332cf,2026-05-11T20:55:23,BAS.DE,XGBoost,21,all_6_families,3y,6m,0.4987,0.687,0.327,0.0,0.0,False,walk-forward avg over 12 folds
a8e06952,2026-05-11T20:55:23,MBG.DE,Baseline_Random,21,all_6_families,3y,6m,0.5112,0.498,0.264,0.0,0.0,False,walk-forward avg over 12 folds
e73b1a93,2026-05-11T20:55:24,MBG.DE,Baseline_Momentum,21,all_6_families,3y,6m,0.5337,0.5,0.3047,0.0,0.0,True,walk-forward avg over 12 folds
c32d6bbb,2026-05-11T20:55:25,MBG.DE,LogisticRegression,21,all_6_families,3y,6m,0.4259,0.5413,0.3465,0.0,0.0,False,walk-forward avg over 12 folds
9c3a652c,2026-05-11T20:55:41,MBG.DE,RandomForest,21,all_6_families,3y,6m,0.5192,0.5852,0.2723,0.0,0.0,False,walk-forward avg over 12 folds
c98ece07,2026-05-11T20:55:56,MBG.DE,XGBoost,21,all_6_families,3y,6m,0.4808,0.5747,0.385,0.0,0.0,False,walk-forward avg over 12 folds
4501d33b,2026-05-11T20:55:57,VOW3.DE,Baseline_Random,21,all_6_families,3y,6m,0.5134,0.4762,0.2663,0.0,0.0,False,walk-forward avg over 13 folds
27e00de2,2026-05-11T20:55:57,VOW3.DE,Baseline_Momentum,21,all_6_families,3y,6m,0.4786,0.5,0.3344,0.0,0.0,False,walk-forward avg over 13 folds
dcd1ff0e,2026-05-11T20:55:59,VOW3.DE,LogisticRegression,21,all_6_families,3y,6m,0.4823,0.6394,0.3134,0.0,0.0,False,walk-forward avg over 13 folds
80ffc549,2026-05-11T20:56:16,VOW3.DE,RandomForest,21,all_6_families,3y,6m,0.5073,0.6542,0.2884,0.0,0.0,False,walk-forward avg over 13 folds
3fb14eae,2026-05-11T20:56:34,VOW3.DE,XGBoost,21,all_6_families,3y,6m,0.5372,0.6539,0.3826,0.0,0.0,True,walk-forward avg over 13 folds
e12681f2,2026-05-11T20:56:34,RWE.DE,Baseline_Random,21,all_6_families,3y,6m,0.5172,0.4978,0.264,0.0,0.0,False,walk-forward avg over 12 folds
7b553efe,2026-05-11T20:56:34,RWE.DE,Baseline_Momentum,21,all_6_families,3y,6m,0.5714,0.5,0.2843,0.0,0.0,True,walk-forward avg over 12 folds
989efe7e,2026-05-11T20:56:36,RWE.DE,LogisticRegression,21,all_6_families,3y,6m,0.5437,0.563,0.3039,0.0,0.0,True,walk-forward avg over 12 folds
18f6cb69,2026-05-11T20:56:51,RWE.DE,RandomForest,21,all_6_families,3y,6m,0.5516,0.6841,0.2623,0.0,0.0,True,walk-forward avg over 12 folds
51e16416,2026-05-11T20:57:08,RWE.DE,XGBoost,21,all_6_families,3y,6m,0.5496,0.5837,0.3305,0.0,0.0,True,walk-forward avg over 12 folds
b70de0b5,2026-05-11T20:57:08,AIR.DE,Baseline_Random,21,all_6_families,3y,6m,0.5053,0.5216,0.2592,0.0,0.0,False,walk-forward avg over 12 folds
ca04332f,2026-05-11T20:57:09,AIR.DE,Baseline_Momentum,21,all_6_families,3y,6m,0.5582,0.5,0.2915,0.0,0.0,True,walk-forward avg over 12 folds
6d2cd473,2026-05-11T20:57:10,AIR.DE,LogisticRegression,21,all_6_families,3y,6m,0.5337,0.5213,0.3173,0.0,0.0,True,walk-forward avg over 12 folds
731b7cec,2026-05-11T20:57:25,AIR.DE,RandomForest,21,all_6_families,3y,6m,0.4729,0.5428,0.2984,0.0,0.0,False,walk-forward avg over 12 folds
5f75562e,2026-05-11T20:57:41,AIR.DE,XGBoost,21,all_6_families,3y,6m,0.4226,0.5155,0.4215,0.0,0.0,False,walk-forward avg over 12 folds
188e4a48,2026-05-11T20:57:42,NDX1.DE,Baseline_Random,21,all_6_families,3y,6m,0.4993,0.4965,0.264,0.0,0.0,False,walk-forward avg over 12 folds
dd55703d,2026-05-11T20:57:42,NDX1.DE,Baseline_Momentum,21,all_6_families,3y,6m,0.5496,0.5,0.2961,0.0,0.0,True,walk-forward avg over 12 folds
cce0e65f,2026-05-11T20:57:43,NDX1.DE,LogisticRegression,21,all_6_families,3y,6m,0.4306,0.4608,0.3568,0.0,0.0,False,walk-forward avg over 12 folds
8b3b3f91,2026-05-11T20:57:59,NDX1.DE,RandomForest,21,all_6_families,3y,6m,0.5331,0.5742,0.2643,0.0,0.0,True,walk-forward avg over 12 folds
eeecf242,2026-05-11T20:58:15,NDX1.DE,XGBoost,21,all_6_families,3y,6m,0.5119,0.5741,0.3472,0.0,0.0,False,walk-forward avg over 12 folds
055380a9,2026-05-11T20:58:16,UCB.BR,Baseline_Random,21,all_6_families,3y,6m,0.5099,0.4701,0.2677,0.0,0.0,False,walk-forward avg over 16 folds
41e09257,2026-05-11T20:58:16,UCB.BR,Baseline_Momentum,21,all_6_families,3y,6m,0.5798,0.5,0.2798,0.0,0.0,True,walk-forward avg over 17 folds
b455743e,2026-05-11T20:58:18,UCB.BR,LogisticRegression,21,all_6_families,3y,6m,0.4486,0.5688,0.3602,0.0,0.0,False,walk-forward avg over 17 folds
c808197a,2026-05-11T20:58:40,UCB.BR,RandomForest,21,all_6_families,3y,6m,0.4795,0.5314,0.2877,0.0,0.0,False,walk-forward avg over 17 folds
11eb3fd3,2026-05-11T20:59:03,UCB.BR,XGBoost,21,all_6_families,3y,6m,0.4631,0.5514,0.3973,0.0,0.0,False,walk-forward avg over 17 folds
5f693e4b,2026-05-11T20:59:04,SHL.DE,Baseline_Random,21,all_6_families,3y,6m,0.496,0.5049,0.2615,0.0,0.0,False,walk-forward avg over 4 folds
1449437b,2026-05-11T20:59:04,SHL.DE,Baseline_Momentum,21,all_6_families,3y,6m,0.5278,0.5,0.3079,0.0,0.0,True,walk-forward avg over 4 folds
cd362d26,2026-05-11T20:59:04,SHL.DE,LogisticRegression,21,all_6_families,3y,6m,0.4544,0.529,0.3381,0.0,0.0,False,walk-forward avg over 4 folds
83afd885,2026-05-11T20:59:10,SHL.DE,RandomForest,21,all_6_families,3y,6m,0.502,0.5902,0.2953,0.0,0.0,False,walk-forward avg over 4 folds
c86cf0be,2026-05-11T20:59:15,SHL.DE,XGBoost,21,all_6_families,3y,6m,0.5218,0.5818,0.384,0.0,0.0,True,walk-forward avg over 4 folds
46a4028e,2026-05-11T20:59:16,COK.DE,Baseline_Random,21,all_6_families,3y,6m,0.5033,0.4843,0.2651,0.0,0.0,False,walk-forward avg over 12 folds
040e2844,2026-05-11T20:59:16,COK.DE,Baseline_Momentum,21,all_6_families,3y,6m,0.506,0.5,0.3197,0.0,0.0,False,walk-forward avg over 12 folds
ff3d8d05,2026-05-11T20:59:17,COK.DE,LogisticRegression,21,all_6_families,3y,6m,0.461,0.5591,0.3516,0.0,0.0,False,walk-forward avg over 12 folds
9d6a24e6,2026-05-11T20:59:33,COK.DE,RandomForest,21,all_6_families,3y,6m,0.4226,0.6345,0.3175,0.0,0.0,False,walk-forward avg over 12 folds
f0fbdd59,2026-05-11T20:59:49,COK.DE,XGBoost,21,all_6_families,3y,6m,0.4167,0.6501,0.4501,0.0,0.0,False,walk-forward avg over 12 folds
16293b37,2026-05-11T20:59:50,ASML.AS,Baseline_Random,21,all_6_families,3y,6m,0.5131,0.4887,0.2649,0.0,0.0,False,walk-forward avg over 17 folds
f17ff44c,2026-05-11T20:59:50,ASML.AS,Baseline_Momentum,21,all_6_families,3y,6m,0.5976,0.5,0.2702,0.0,0.0,True,walk-forward avg over 17 folds
7ef05be4,2026-05-11T20:59:52,ASML.AS,LogisticRegression,21,all_6_families,3y,6m,0.5313,0.5361,0.2925,0.0,0.0,True,walk-forward avg over 17 folds
ad05af87,2026-05-11T21:00:15,ASML.AS,RandomForest,21,all_6_families,3y,6m,0.528,0.5913,0.2828,0.0,0.0,True,walk-forward avg over 17 folds
04f0d939,2026-05-11T21:00:38,ASML.AS,XGBoost,21,all_6_families,3y,6m,0.5154,0.6371,0.3742,0.0,0.0,False,walk-forward avg over 17 folds
05274e35,2026-05-11T21:00:38,SHELL.AS,Baseline_Random,21,all_6_families,3y,6m,0.5005,0.5021,0.264,0.0,0.0,False,walk-forward avg over 17 folds
e942b739,2026-05-11T21:00:39,SHELL.AS,Baseline_Momentum,21,all_6_families,3y,6m,0.5691,0.5,0.2856,0.0,0.0,True,walk-forward avg over 17 folds
fd4874b9,2026-05-11T21:00:40,SHELL.AS,LogisticRegression,21,all_6_families,3y,6m,0.5084,0.5932,0.3378,0.0,0.0,False,walk-forward avg over 17 folds
d83907df,2026-05-11T21:01:03,SHELL.AS,RandomForest,21,all_6_families,3y,6m,0.5079,0.6421,0.2657,0.0,0.0,False,walk-forward avg over 17 folds
4918b6c7,2026-05-11T21:01:27,SHELL.AS,XGBoost,21,all_6_families,3y,6m,0.5378,0.6365,0.3313,0.0,0.0,True,walk-forward avg over 17 folds
1c1b5eed,2026-05-11T21:01:27,TTE.PA,Baseline_Random,21,all_6_families,3y,6m,0.5005,0.4987,0.2641,0.0,0.0,False,walk-forward avg over 16 folds
066c94e6,2026-05-11T21:01:27,TTE.PA,Baseline_Momentum,21,all_6_families,3y,6m,0.559,0.5,0.291,0.0,0.0,True,walk-forward avg over 16 folds
487e3740,2026-05-11T21:01:29,TTE.PA,LogisticRegression,21,all_6_families,3y,6m,0.5342,0.6335,0.3242,0.0,0.0,True,walk-forward avg over 16 folds
ec524722,2026-05-11T21:01:50,TTE.PA,RandomForest,21,all_6_families,3y,6m,0.4836,0.5926,0.2753,0.0,0.0,False,walk-forward avg over 16 folds
f0fccb4d,2026-05-11T21:02:13,TTE.PA,XGBoost,21,all_6_families,3y,6m,0.5045,0.5746,0.3623,0.0,0.0,False,walk-forward avg over 16 folds
ddcfa9f2,2026-05-11T21:02:13,NOV.DE,Baseline_Random,21,all_6_families,3y,6m,0.5225,0.4857,0.2677,0.0,0.0,True,walk-forward avg over 12 folds
17240062,2026-05-11T21:02:14,NOV.DE,Baseline_Momentum,21,all_6_families,3y,6m,0.7037,0.5,0.2129,0.0,0.0,True,walk-forward avg over 12 folds
60ed3cd6,2026-05-11T21:02:15,NOV.DE,LogisticRegression,21,all_6_families,3y,6m,0.6508,0.539,0.2488,0.0,0.0,True,walk-forward avg over 12 folds
2e06992f,2026-05-11T21:02:31,NOV.DE,RandomForest,21,all_6_families,3y,6m,0.5747,0.6265,0.2509,0.0,0.0,True,walk-forward avg over 12 folds
d131e023,2026-05-11T21:02:48,NOV.DE,XGBoost,21,all_6_families,3y,6m,0.5694,0.618,0.3169,0.0,0.0,True,walk-forward avg over 12 folds
caaeb20e,2026-05-11T21:04:42,APC.DE,Baseline_Random,21,all_6_families,3y,6m,0.5139,0.524,0.2616,0.0,0.0,False,walk-forward avg over 12 folds
9a1b6840,2026-05-11T21:04:42,APC.DE,Baseline_Momentum,21,all_6_families,3y,6m,0.6673,0.5,0.2325,0.0,0.0,True,walk-forward avg over 12 folds
40703cf7,2026-05-11T21:04:42,APC.DE,LogisticRegression,21,all_6_families,3y,6m,0.5754,0.5697,0.2858,0.0,0.0,True,walk-forward avg over 12 folds
a6b5258e,2026-05-11T21:04:50,APC.DE,RandomForest,21,all_6_families,3y,6m,0.5694,0.462,0.3121,0.0,0.0,True,walk-forward avg over 12 folds
4926adb9,2026-05-11T21:04:56,APC.DE,XGBoost,21,all_6_families,3y,6m,0.5443,0.5386,0.358,0.0,0.0,True,walk-forward avg over 12 folds
7268ace2,2026-05-11T21:04:57,MSF.DE,Baseline_Random,21,all_6_families,3y,6m,0.5061,0.5009,0.2641,0.0,0.0,False,walk-forward avg over 13 folds
a7771599,2026-05-11T21:04:57,MSF.DE,Baseline_Momentum,21,all_6_families,3y,6m,0.6276,0.5,0.254,0.0,0.0,True,walk-forward avg over 13 folds
39306e2e,2026-05-11T21:04:58,MSF.DE,LogisticRegression,21,all_6_families,3y,6m,0.6148,0.557,0.2872,0.0,0.0,True,walk-forward avg over 13 folds
6564b236,2026-05-11T21:05:16,MSF.DE,RandomForest,21,all_6_families,3y,6m,0.5611,0.6308,0.2715,0.0,0.0,True,walk-forward avg over 13 folds
0560a642,2026-05-11T21:05:35,MSF.DE,XGBoost,21,all_6_families,3y,6m,0.5763,0.6236,0.3172,0.0,0.0,True,walk-forward avg over 13 folds
a749a344,2026-05-11T21:05:36,AMZN,Baseline_Random,21,all_6_families,3y,6m,0.5109,0.5084,0.2623,0.0,0.0,False,walk-forward avg over 16 folds
5a69b1c8,2026-05-11T21:05:36,AMZN,Baseline_Momentum,21,all_6_families,3y,6m,0.6171,0.5,0.2597,0.0,0.0,True,walk-forward avg over 16 folds
0abd614b,2026-05-11T21:05:38,AMZN,LogisticRegression,21,all_6_families,3y,6m,0.5506,0.6127,0.301,0.0,0.0,True,walk-forward avg over 16 folds
ad0a6010,2026-05-11T21:06:03,AMZN,RandomForest,21,all_6_families,3y,6m,0.5625,0.5953,0.2632,0.0,0.0,True,walk-forward avg over 16 folds
2fd2c31e,2026-05-11T21:06:30,AMZN,XGBoost,21,all_6_families,3y,6m,0.5809,0.6074,0.3021,0.0,0.0,True,walk-forward avg over 16 folds
6bb4ed8c,2026-05-11T21:06:31,META,Baseline_Random,21,all_6_families,3y,6m,0.5005,0.5265,0.2617,0.0,0.0,False,walk-forward avg over 16 folds
b4bf7d34,2026-05-11T21:06:31,META,Baseline_Momentum,21,all_6_families,3y,6m,0.6017,0.5,0.268,0.0,0.0,True,walk-forward avg over 16 folds
057f2a57,2026-05-11T21:06:34,META,LogisticRegression,21,all_6_families,3y,6m,0.5159,0.6468,0.3304,0.0,0.0,False,walk-forward avg over 16 folds
a6063acf,2026-05-11T21:06:58,META,RandomForest,21,all_6_families,3y,6m,0.5134,0.5049,0.2932,0.0,0.0,False,walk-forward avg over 16 folds
124818b2,2026-05-11T21:07:21,META,XGBoost,21,all_6_families,3y,6m,0.5218,0.5199,0.374,0.0,0.0,True,walk-forward avg over 16 folds
a1034bd8,2026-05-11T21:07:22,TSLA,Baseline_Random,21,all_6_families,3y,6m,0.5064,0.5162,0.2605,0.0,0.0,False,walk-forward avg over 16 folds
74881afc,2026-05-11T21:07:22,TSLA,Baseline_Momentum,21,all_6_families,3y,6m,0.5481,0.5,0.2969,0.0,0.0,True,walk-forward avg over 16 folds
65a6460a,2026-05-11T21:07:24,TSLA,LogisticRegression,21,all_6_families,3y,6m,0.5193,0.5713,0.3331,0.0,0.0,False,walk-forward avg over 16 folds
caae2c21,2026-05-11T21:07:47,TSLA,RandomForest,21,all_6_families,3y,6m,0.4782,0.5542,0.2923,0.0,0.0,False,walk-forward avg over 16 folds
59aa7edd,2026-05-11T21:08:10,TSLA,XGBoost,21,all_6_families,3y,6m,0.4583,0.5258,0.3977,0.0,0.0,False,walk-forward avg over 16 folds
b6c0c26c,2026-05-11T21:08:12,MSFT,Baseline_Random,21,all_6_families,3y,6m,0.4955,0.5256,0.2605,0.0,0.0,False,walk-forward avg over 16 folds
c4a5185c,2026-05-11T21:08:12,MSFT,Baseline_Momentum,21,all_6_families,3y,6m,0.6255,0.5,0.2551,0.0,0.0,True,walk-forward avg over 16 folds
f21c094f,2026-05-11T21:08:14,MSFT,LogisticRegression,21,all_6_families,3y,6m,0.6086,0.5812,0.2878,0.0,0.0,True,walk-forward avg over 16 folds
648ee4c9,2026-05-11T21:08:38,MSFT,RandomForest,21,all_6_families,3y,6m,0.5466,0.5958,0.2841,0.0,0.0,True,walk-forward avg over 16 folds
68ac0b5e,2026-05-11T21:09:01,MSFT,XGBoost,21,all_6_families,3y,6m,0.5268,0.5626,0.3597,0.0,0.0,True,walk-forward avg over 16 folds
dc422a96,2026-05-11T21:09:03,TSM,Baseline_Random,21,all_6_families,3y,6m,0.5064,0.5146,0.2605,0.0,0.0,False,walk-forward avg over 16 folds
858a74cd,2026-05-11T21:09:03,TSM,Baseline_Momentum,21,all_6_families,3y,6m,0.6057,0.5,0.2658,0.0,0.0,True,walk-forward avg over 16 folds
60987184,2026-05-11T21:09:05,TSM,LogisticRegression,21,all_6_families,3y,6m,0.5565,0.5836,0.3169,0.0,0.0,True,walk-forward avg over 16 folds
5b80d39e,2026-05-11T21:09:28,TSM,RandomForest,21,all_6_families,3y,6m,0.503,0.5685,0.2925,0.0,0.0,False,walk-forward avg over 16 folds
eca43313,2026-05-11T21:09:52,TSM,XGBoost,21,all_6_families,3y,6m,0.5456,0.6473,0.3498,0.0,0.0,True,walk-forward avg over 16 folds
e1b603c6,2026-05-11T21:09:54,BRK-B,Baseline_Random,21,all_6_families,3y,6m,0.494,0.4997,0.2639,0.0,0.0,False,walk-forward avg over 16 folds
56251be7,2026-05-11T21:09:54,BRK-B,Baseline_Momentum,21,all_6_families,3y,6m,0.5913,0.5,0.2736,0.0,0.0,True,walk-forward avg over 16 folds
4b0f501b,2026-05-11T21:09:56,BRK-B,LogisticRegression,21,all_6_families,3y,6m,0.5972,0.6184,0.2805,0.0,0.0,True,walk-forward avg over 16 folds
ae01af5f,2026-05-11T21:10:15,BRK-B,RandomForest,21,all_6_families,3y,6m,0.5094,0.5832,0.2801,0.0,0.0,False,walk-forward avg over 16 folds
7eb7e588,2026-05-11T21:10:25,BRK-B,XGBoost,21,all_6_families,3y,6m,0.5471,0.6353,0.3446,0.0,0.0,True,walk-forward avg over 16 folds
973dd98e,2026-05-11T21:10:25,BLK,Baseline_Random,21,all_6_families,3y,6m,0.4916,0.5132,0.2609,0.0,0.0,False,walk-forward avg over 16 folds
597939a5,2026-05-11T21:10:25,BLK,Baseline_Momentum,21,all_6_families,3y,6m,0.5938,0.5,0.2723,0.0,0.0,True,walk-forward avg over 16 folds
615599f3,2026-05-11T21:10:26,BLK,LogisticRegression,21,all_6_families,3y,6m,0.5744,0.5552,0.3034,0.0,0.0,True,walk-forward avg over 16 folds
c13ea531,2026-05-11T21:10:37,BLK,RandomForest,21,all_6_families,3y,6m,0.5213,0.5873,0.274,0.0,0.0,True,walk-forward avg over 16 folds
48d6112b,2026-05-11T21:10:46,BLK,XGBoost,21,all_6_families,3y,6m,0.4851,0.6033,0.3657,0.0,0.0,False,walk-forward avg over 16 folds
5780a0b9,2026-05-11T21:10:46,UNH,Baseline_Random,21,all_6_families,3y,6m,0.4931,0.5064,0.2623,0.0,0.0,False,walk-forward avg over 16 folds
cd43dd81,2026-05-11T21:10:46,UNH,Baseline_Momentum,21,all_6_families,3y,6m,0.5694,0.5,0.2854,0.0,0.0,True,walk-forward avg over 16 folds
c5df69fd,2026-05-11T21:10:47,UNH,LogisticRegression,21,all_6_families,3y,6m,0.558,0.5908,0.3044,0.0,0.0,True,walk-forward avg over 16 folds
d42388fb,2026-05-11T21:10:58,UNH,RandomForest,21,all_6_families,3y,6m,0.5868,0.6561,0.2546,0.0,0.0,True,walk-forward avg over 16 folds
4f2de2e4,2026-05-11T21:11:07,UNH,XGBoost,21,all_6_families,3y,6m,0.5838,0.6464,0.3199,0.0,0.0,True,walk-forward avg over 16 folds
98263f37,2026-05-11T21:11:08,TMO,Baseline_Random,21,all_6_families,3y,6m,0.5005,0.518,0.2596,0.0,0.0,False,walk-forward avg over 16 folds
6a7cbfe2,2026-05-11T21:11:08,TMO,Baseline_Momentum,21,all_6_families,3y,6m,0.5888,0.5,0.275,0.0,0.0,True,walk-forward avg over 16 folds
ca613f7c,2026-05-11T21:11:08,TMO,LogisticRegression,21,all_6_families,3y,6m,0.563,0.7171,0.3147,0.0,0.0,True,walk-forward avg over 16 folds
37340fca,2026-05-11T21:11:20,TMO,RandomForest,21,all_6_families,3y,6m,0.5605,0.6845,0.2548,0.0,0.0,True,walk-forward avg over 16 folds
ab3a5098,2026-05-11T21:11:29,TMO,XGBoost,21,all_6_families,3y,6m,0.5496,0.6787,0.3292,0.0,0.0,True,walk-forward avg over 16 folds
7e4883aa,2026-05-11T21:11:29,DIS,Baseline_Random,21,all_6_families,3y,6m,0.497,0.4877,0.2646,0.0,0.0,False,walk-forward avg over 16 folds
26d22aa1,2026-05-11T21:11:29,DIS,Baseline_Momentum,21,all_6_families,3y,6m,0.4732,0.5,0.3374,0.0,0.0,False,walk-forward avg over 16 folds
2002c7b8,2026-05-11T21:11:30,DIS,LogisticRegression,21,all_6_families,3y,6m,0.5208,0.5644,0.2982,0.0,0.0,True,walk-forward avg over 16 folds
0be9fb9c,2026-05-11T21:11:41,DIS,RandomForest,21,all_6_families,3y,6m,0.5015,0.5613,0.2708,0.0,0.0,False,walk-forward avg over 16 folds
fb545c02,2026-05-11T21:11:50,DIS,XGBoost,21,all_6_families,3y,6m,0.4846,0.5798,0.3736,0.0,0.0,False,walk-forward avg over 16 folds
291a42b7,2026-05-11T21:11:51,XOM,Baseline_Random,21,all_6_families,3y,6m,0.4886,0.5061,0.262,0.0,0.0,False,walk-forward avg over 16 folds
ada86d18,2026-05-11T21:11:51,XOM,Baseline_Momentum,21,all_6_families,3y,6m,0.5699,0.5,0.2851,0.0,0.0,True,walk-forward avg over 16 folds
020c2280,2026-05-11T21:11:51,XOM,LogisticRegression,21,all_6_families,3y,6m,0.4955,0.6148,0.3462,0.0,0.0,False,walk-forward avg over 16 folds
e7ac05ab,2026-05-11T21:12:02,XOM,RandomForest,21,all_6_families,3y,6m,0.5288,0.6472,0.2666,0.0,0.0,True,walk-forward avg over 16 folds
3a45f55f,2026-05-11T21:12:11,XOM,XGBoost,21,all_6_families,3y,6m,0.501,0.6094,0.3644,0.0,0.0,False,walk-forward avg over 16 folds
1cf294aa,2026-05-11T21:12:11,CVX,Baseline_Random,21,all_6_families,3y,6m,0.4891,0.5057,0.2627,0.0,0.0,False,walk-forward avg over 16 folds
4a96b2a6,2026-05-11T21:12:12,CVX,Baseline_Momentum,21,all_6_families,3y,6m,0.5694,0.5,0.2854,0.0,0.0,True,walk-forward avg over 16 folds
6fa71e20,2026-05-11T21:12:12,CVX,LogisticRegression,21,all_6_families,3y,6m,0.496,0.5947,0.3446,0.0,0.0,False,walk-forward avg over 16 folds
2abfc6c4,2026-05-11T21:12:23,CVX,RandomForest,21,all_6_families,3y,6m,0.5511,0.7018,0.2553,0.0,0.0,True,walk-forward avg over 16 folds
71e293ca,2026-05-11T21:12:32,CVX,XGBoost,21,all_6_families,3y,6m,0.5263,0.6802,0.3264,0.0,0.0,True,walk-forward avg over 16 folds
24c95270,2026-05-11T21:12:32,NEE,Baseline_Random,21,all_6_families,3y,6m,0.5099,0.4972,0.2642,0.0,0.0,False,walk-forward avg over 16 folds
f137545c,2026-05-11T21:12:32,NEE,Baseline_Momentum,21,all_6_families,3y,6m,0.6062,0.5,0.2656,0.0,0.0,True,walk-forward avg over 16 folds
0f81989e,2026-05-11T21:12:33,NEE,LogisticRegression,21,all_6_families,3y,6m,0.5828,0.6952,0.2965,0.0,0.0,True,walk-forward avg over 16 folds
fb75dc98,2026-05-11T21:12:44,NEE,RandomForest,21,all_6_families,3y,6m,0.5615,0.769,0.2493,0.0,0.0,True,walk-forward avg over 16 folds
e491963b,2026-05-11T21:12:53,NEE,XGBoost,21,all_6_families,3y,6m,0.5997,0.7506,0.2951,0.0,0.0,True,walk-forward avg over 16 folds
e7b5633c,2026-05-11T21:12:53,CAT,Baseline_Random,21,all_6_families,3y,6m,0.5042,0.5278,0.2582,0.0,0.0,False,walk-forward avg over 15 folds
2646e72d,2026-05-11T21:12:53,CAT,Baseline_Momentum,21,all_6_families,3y,6m,0.6071,0.5,0.265,0.0,0.0,True,walk-forward avg over 16 folds
659eba4b,2026-05-11T21:12:53,CAT,LogisticRegression,21,all_6_families,3y,6m,0.5114,0.5743,0.3237,0.0,0.0,False,walk-forward avg over 16 folds
c8a0c50b,2026-05-11T21:13:04,CAT,RandomForest,21,all_6_families,3y,6m,0.5144,0.5953,0.2594,0.0,0.0,False,walk-forward avg over 16 folds
7afc86ed,2026-05-11T21:13:13,CAT,XGBoost,21,all_6_families,3y,6m,0.4955,0.5975,0.3464,0.0,0.0,False,walk-forward avg over 16 folds
318274aa,2026-05-11T21:13:13,UPS,Baseline_Random,21,all_6_families,3y,6m,0.497,0.5101,0.2615,0.0,0.0,False,walk-forward avg over 16 folds
34806048,2026-05-11T21:13:13,UPS,Baseline_Momentum,21,all_6_families,3y,6m,0.5347,0.5,0.3042,0.0,0.0,True,walk-forward avg over 16 folds
6540e340,2026-05-11T21:13:14,UPS,LogisticRegression,21,all_6_families,3y,6m,0.5451,0.6947,0.2999,0.0,0.0,True,walk-forward avg over 16 folds
0d8b394e,2026-05-11T21:13:25,UPS,RandomForest,21,all_6_families,3y,6m,0.5188,0.6903,0.2643,0.0,0.0,False,walk-forward avg over 16 folds
e377ff98,2026-05-11T21:13:33,UPS,XGBoost,21,all_6_families,3y,6m,0.4965,0.695,0.3818,0.0,0.0,False,walk-forward avg over 16 folds
bbc9e736,2026-05-11T21:13:33,DE,Baseline_Random,21,all_6_families,3y,6m,0.4995,0.508,0.2609,0.0,0.0,False,walk-forward avg over 16 folds
3a7a7a91,2026-05-11T21:13:33,DE,Baseline_Momentum,21,all_6_families,3y,6m,0.5441,0.5,0.2991,0.0,0.0,True,walk-forward avg over 16 folds
3192d07e,2026-05-11T21:13:34,DE,LogisticRegression,21,all_6_families,3y,6m,0.5193,0.5736,0.3,0.0,0.0,False,walk-forward avg over 16 folds
92c8e670,2026-05-11T21:13:45,DE,RandomForest,21,all_6_families,3y,6m,0.5084,0.6217,0.2848,0.0,0.0,False,walk-forward avg over 16 folds
1554c84a,2026-05-11T21:13:54,DE,XGBoost,21,all_6_families,3y,6m,0.4886,0.6208,0.376,0.0,0.0,False,walk-forward avg over 16 folds
d42cd03a,2026-05-11T21:13:54,FSLR,Baseline_Random,21,all_6_families,3y,6m,0.4931,0.5051,0.2617,0.0,0.0,False,walk-forward avg over 16 folds
f1cad119,2026-05-11T21:13:54,FSLR,Baseline_Momentum,21,all_6_families,3y,6m,0.5397,0.5,0.3015,0.0,0.0,True,walk-forward avg over 16 folds
d35cea29,2026-05-11T21:13:55,FSLR,LogisticRegression,21,all_6_families,3y,6m,0.5412,0.6709,0.3123,0.0,0.0,True,walk-forward avg over 16 folds
ab9c51d9,2026-05-11T21:14:06,FSLR,RandomForest,21,all_6_families,3y,6m,0.5184,0.579,0.2628,0.0,0.0,False,walk-forward avg over 16 folds
bc6bd1d0,2026-05-11T21:14:16,FSLR,XGBoost,21,all_6_families,3y,6m,0.5005,0.5613,0.3621,0.0,0.0,False,walk-forward avg over 16 folds
2a398c9d,2026-05-11T21:14:16,SAP.DE,Baseline_Random,21,all_6_families,3y,6m,0.4967,0.4857,0.2664,0.0,0.0,False,walk-forward avg over 12 folds
232ee415,2026-05-11T21:14:16,SAP.DE,Baseline_Momentum,21,all_6_families,3y,6m,0.6329,0.5,0.2511,0.0,0.0,True,walk-forward avg over 12 folds
507787ee,2026-05-11T21:14:17,SAP.DE,LogisticRegression,21,all_6_families,3y,6m,0.5972,0.6954,0.2662,0.0,0.0,True,walk-forward avg over 12 folds
bae200d1,2026-05-11T21:14:29,SAP.DE,RandomForest,21,all_6_families,3y,6m,0.5397,0.5714,0.2683,0.0,0.0,True,walk-forward avg over 12 folds
75398f94,2026-05-11T21:14:36,SAP.DE,XGBoost,21,all_6_families,3y,6m,0.5179,0.6123,0.3506,0.0,0.0,False,walk-forward avg over 12 folds
0c522c55,2026-05-11T21:14:36,ALV.DE,Baseline_Random,21,all_6_families,3y,6m,0.504,0.4911,0.2653,0.0,0.0,False,walk-forward avg over 12 folds
af9a6406,2026-05-11T21:14:36,ALV.DE,Baseline_Momentum,21,all_6_families,3y,6m,0.623,0.5,0.2565,0.0,0.0,True,walk-forward avg over 12 folds
870de270,2026-05-11T21:14:37,ALV.DE,LogisticRegression,21,all_6_families,3y,6m,0.5734,0.6128,0.2939,0.0,0.0,True,walk-forward avg over 12 folds
208c320a,2026-05-11T21:14:50,ALV.DE,RandomForest,21,all_6_families,3y,6m,0.5099,0.6772,0.2803,0.0,0.0,False,walk-forward avg over 12 folds
ea08ad96,2026-05-11T21:14:57,ALV.DE,XGBoost,21,all_6_families,3y,6m,0.5007,0.6744,0.3822,0.0,0.0,False,walk-forward avg over 12 folds
6e64d799,2026-05-11T21:14:57,SIE.DE,Baseline_Random,21,all_6_families,3y,6m,0.5046,0.5199,0.2599,0.0,0.0,False,walk-forward avg over 12 folds
51baa141,2026-05-11T21:14:57,SIE.DE,Baseline_Momentum,21,all_6_families,3y,6m,0.5747,0.5,0.2825,0.0,0.0,True,walk-forward avg over 12 folds
5f670c74,2026-05-11T21:14:58,SIE.DE,LogisticRegression,21,all_6_families,3y,6m,0.5086,0.6176,0.3029,0.0,0.0,False,walk-forward avg over 12 folds
172dc649,2026-05-11T21:15:10,SIE.DE,RandomForest,21,all_6_families,3y,6m,0.5271,0.5355,0.2691,0.0,0.0,True,walk-forward avg over 12 folds
f3691fff,2026-05-11T21:15:17,SIE.DE,XGBoost,21,all_6_families,3y,6m,0.5033,0.5949,0.3388,0.0,0.0,False,walk-forward avg over 12 folds
1163c7d2,2026-05-11T21:15:17,BMW.DE,Baseline_Random,21,all_6_families,3y,6m,0.494,0.4932,0.2636,0.0,0.0,False,walk-forward avg over 12 folds
a84a2b77,2026-05-11T21:15:17,BMW.DE,Baseline_Momentum,21,all_6_families,3y,6m,0.5086,0.5,0.3183,0.0,0.0,False,walk-forward avg over 12 folds
522008e9,2026-05-11T21:15:18,BMW.DE,LogisticRegression,21,all_6_families,3y,6m,0.4802,0.616,0.3549,0.0,0.0,False,walk-forward avg over 12 folds
41908b7c,2026-05-11T21:15:30,BMW.DE,RandomForest,21,all_6_families,3y,6m,0.4484,0.6068,0.3011,0.0,0.0,False,walk-forward avg over 12 folds
1c9e6d56,2026-05-11T21:15:38,BMW.DE,XGBoost,21,all_6_families,3y,6m,0.4742,0.5654,0.4052,0.0,0.0,False,walk-forward avg over 12 folds
c6019fe1,2026-05-11T21:15:39,DTE.DE,Baseline_Random,21,all_6_families,3y,6m,0.5165,0.5254,0.2614,0.0,0.0,False,walk-forward avg over 13 folds
7e367a05,2026-05-11T21:15:39,DTE.DE,Baseline_Momentum,21,all_6_families,3y,6m,0.616,0.5,0.2603,0.0,0.0,True,walk-forward avg over 13 folds
759fc1a8,2026-05-11T21:15:40,DTE.DE,LogisticRegression,21,all_6_families,3y,6m,0.5806,0.5871,0.287,0.0,0.0,True,walk-forward avg over 13 folds
e07cfc91,2026-05-11T21:15:53,DTE.DE,RandomForest,21,all_6_families,3y,6m,0.5421,0.6722,0.2617,0.0,0.0,True,walk-forward avg over 13 folds
7229380d,2026-05-11T21:15:59,DTE.DE,XGBoost,21,all_6_families,3y,6m,0.5397,0.6399,0.3616,0.0,0.0,True,walk-forward avg over 13 folds
6fca1785,2026-05-11T21:16:00,BAS.DE,Baseline_Random,21,all_6_families,3y,6m,0.4914,0.4798,0.2663,0.0,0.0,False,walk-forward avg over 12 folds
741be4d1,2026-05-11T21:16:00,BAS.DE,Baseline_Momentum,21,all_6_families,3y,6m,0.4835,0.5,0.3318,0.0,0.0,False,walk-forward avg over 12 folds
2c4d5425,2026-05-11T21:16:01,BAS.DE,LogisticRegression,21,all_6_families,3y,6m,0.5152,0.5908,0.3243,0.0,0.0,False,walk-forward avg over 12 folds
5780e7e8,2026-05-11T21:16:13,BAS.DE,RandomForest,21,all_6_families,3y,6m,0.4927,0.6134,0.266,0.0,0.0,False,walk-forward avg over 12 folds
7c40db1e,2026-05-11T21:16:19,BAS.DE,XGBoost,21,all_6_families,3y,6m,0.4987,0.687,0.327,0.0,0.0,False,walk-forward avg over 12 folds
5f2fa30d,2026-05-11T21:16:20,MBG.DE,Baseline_Random,21,all_6_families,3y,6m,0.5112,0.498,0.264,0.0,0.0,False,walk-forward avg over 12 folds
17ac7a6c,2026-05-11T21:16:20,MBG.DE,Baseline_Momentum,21,all_6_families,3y,6m,0.5337,0.5,0.3047,0.0,0.0,True,walk-forward avg over 12 folds
cf14def9,2026-05-11T21:16:21,MBG.DE,LogisticRegression,21,all_6_families,3y,6m,0.4259,0.5413,0.3465,0.0,0.0,False,walk-forward avg over 12 folds
8cc963d5,2026-05-11T21:16:33,MBG.DE,RandomForest,21,all_6_families,3y,6m,0.5192,0.5852,0.2723,0.0,0.0,False,walk-forward avg over 12 folds
341902ff,2026-05-11T21:16:41,MBG.DE,XGBoost,21,all_6_families,3y,6m,0.4808,0.5747,0.385,0.0,0.0,False,walk-forward avg over 12 folds
a355316f,2026-05-11T21:16:42,VOW3.DE,Baseline_Random,21,all_6_families,3y,6m,0.5134,0.4762,0.2663,0.0,0.0,False,walk-forward avg over 13 folds
69cae9df,2026-05-11T21:16:42,VOW3.DE,Baseline_Momentum,21,all_6_families,3y,6m,0.4786,0.5,0.3344,0.0,0.0,False,walk-forward avg over 13 folds
f4e17106,2026-05-11T21:16:43,VOW3.DE,LogisticRegression,21,all_6_families,3y,6m,0.4823,0.6394,0.3134,0.0,0.0,False,walk-forward avg over 13 folds
db6e6cb3,2026-05-11T21:16:56,VOW3.DE,RandomForest,21,all_6_families,3y,6m,0.5073,0.6542,0.2884,0.0,0.0,False,walk-forward avg over 13 folds
d381ce73,2026-05-11T21:17:03,VOW3.DE,XGBoost,21,all_6_families,3y,6m,0.5372,0.6539,0.3826,0.0,0.0,True,walk-forward avg over 13 folds
c3b5a7e6,2026-05-11T21:17:03,RWE.DE,Baseline_Random,21,all_6_families,3y,6m,0.5172,0.4978,0.264,0.0,0.0,False,walk-forward avg over 12 folds
fe61ad67,2026-05-11T21:17:04,RWE.DE,Baseline_Momentum,21,all_6_families,3y,6m,0.5714,0.5,0.2843,0.0,0.0,True,walk-forward avg over 12 folds
8735370f,2026-05-11T21:17:04,RWE.DE,LogisticRegression,21,all_6_families,3y,6m,0.5437,0.563,0.3039,0.0,0.0,True,walk-forward avg over 12 folds
73abddea,2026-05-11T21:17:16,RWE.DE,RandomForest,21,all_6_families,3y,6m,0.5516,0.6841,0.2623,0.0,0.0,True,walk-forward avg over 12 folds
8bd81272,2026-05-11T21:17:23,RWE.DE,XGBoost,21,all_6_families,3y,6m,0.5496,0.5837,0.3305,0.0,0.0,True,walk-forward avg over 12 folds
c985d0b4,2026-05-11T21:17:23,AIR.DE,Baseline_Random,21,all_6_families,3y,6m,0.5053,0.5216,0.2592,0.0,0.0,False,walk-forward avg over 12 folds
87bf2cc8,2026-05-11T21:17:23,AIR.DE,Baseline_Momentum,21,all_6_families,3y,6m,0.5582,0.5,0.2915,0.0,0.0,True,walk-forward avg over 12 folds
d85234bb,2026-05-11T21:17:24,AIR.DE,LogisticRegression,21,all_6_families,3y,6m,0.5337,0.5213,0.3173,0.0,0.0,True,walk-forward avg over 12 folds
631b9c0c,2026-05-11T21:17:36,AIR.DE,RandomForest,21,all_6_families,3y,6m,0.4729,0.5428,0.2984,0.0,0.0,False,walk-forward avg over 12 folds
669ae22a,2026-05-11T21:17:43,AIR.DE,XGBoost,21,all_6_families,3y,6m,0.4226,0.5155,0.4215,0.0,0.0,False,walk-forward avg over 12 folds
8643b4a7,2026-05-11T21:17:43,NDX1.DE,Baseline_Random,21,all_6_families,3y,6m,0.4993,0.4965,0.264,0.0,0.0,False,walk-forward avg over 12 folds
0b13d135,2026-05-11T21:17:43,NDX1.DE,Baseline_Momentum,21,all_6_families,3y,6m,0.5496,0.5,0.2961,0.0,0.0,True,walk-forward avg over 12 folds
846dfa92,2026-05-11T21:17:44,NDX1.DE,LogisticRegression,21,all_6_families,3y,6m,0.4306,0.4608,0.3568,0.0,0.0,False,walk-forward avg over 12 folds
08142147,2026-05-11T21:17:56,NDX1.DE,RandomForest,21,all_6_families,3y,6m,0.5331,0.5742,0.2643,0.0,0.0,True,walk-forward avg over 12 folds
801f1e0d,2026-05-11T21:18:04,NDX1.DE,XGBoost,21,all_6_families,3y,6m,0.5119,0.5741,0.3472,0.0,0.0,False,walk-forward avg over 12 folds
e473ac1e,2026-05-11T21:18:04,UCB.BR,Baseline_Random,21,all_6_families,3y,6m,0.5099,0.4701,0.2677,0.0,0.0,False,walk-forward avg over 16 folds
c54c8135,2026-05-11T21:18:04,UCB.BR,Baseline_Momentum,21,all_6_families,3y,6m,0.5798,0.5,0.2798,0.0,0.0,True,walk-forward avg over 17 folds
14045bd2,2026-05-11T21:18:06,UCB.BR,LogisticRegression,21,all_6_families,3y,6m,0.4486,0.5688,0.3602,0.0,0.0,False,walk-forward avg over 17 folds
d1cdf6f7,2026-05-11T21:18:23,UCB.BR,RandomForest,21,all_6_families,3y,6m,0.4795,0.5314,0.2877,0.0,0.0,False,walk-forward avg over 17 folds
8045bd4c,2026-05-11T21:18:32,UCB.BR,XGBoost,21,all_6_families,3y,6m,0.4631,0.5514,0.3973,0.0,0.0,False,walk-forward avg over 17 folds
4fc0dd45,2026-05-11T21:18:32,SHL.DE,Baseline_Random,21,all_6_families,3y,6m,0.496,0.5049,0.2615,0.0,0.0,False,walk-forward avg over 4 folds
42f9a097,2026-05-11T21:18:32,SHL.DE,Baseline_Momentum,21,all_6_families,3y,6m,0.5278,0.5,0.3079,0.0,0.0,True,walk-forward avg over 4 folds
32027799,2026-05-11T21:18:33,SHL.DE,LogisticRegression,21,all_6_families,3y,6m,0.4544,0.529,0.3381,0.0,0.0,False,walk-forward avg over 4 folds
2ad57265,2026-05-11T21:18:37,SHL.DE,RandomForest,21,all_6_families,3y,6m,0.502,0.5902,0.2953,0.0,0.0,False,walk-forward avg over 4 folds
88659584,2026-05-11T21:18:38,SHL.DE,XGBoost,21,all_6_families,3y,6m,0.5218,0.5818,0.384,0.0,0.0,True,walk-forward avg over 4 folds
b26f9e65,2026-05-11T21:18:39,COK.DE,Baseline_Random,21,all_6_families,3y,6m,0.5033,0.4843,0.2651,0.0,0.0,False,walk-forward avg over 12 folds
47a5ae17,2026-05-11T21:18:39,COK.DE,Baseline_Momentum,21,all_6_families,3y,6m,0.506,0.5,0.3197,0.0,0.0,False,walk-forward avg over 12 folds
167f2096,2026-05-11T21:18:40,COK.DE,LogisticRegression,21,all_6_families,3y,6m,0.461,0.5591,0.3516,0.0,0.0,False,walk-forward avg over 12 folds
b7fa4609,2026-05-11T21:18:52,COK.DE,RandomForest,21,all_6_families,3y,6m,0.4226,0.6345,0.3175,0.0,0.0,False,walk-forward avg over 12 folds
3e1cef38,2026-05-11T21:19:00,COK.DE,XGBoost,21,all_6_families,3y,6m,0.4167,0.6501,0.4501,0.0,0.0,False,walk-forward avg over 12 folds
55b62646,2026-05-11T21:19:01,ASML.AS,Baseline_Random,21,all_6_families,3y,6m,0.5131,0.4887,0.2649,0.0,0.0,False,walk-forward avg over 17 folds
036929a4,2026-05-11T21:19:01,ASML.AS,Baseline_Momentum,21,all_6_families,3y,6m,0.5976,0.5,0.2702,0.0,0.0,True,walk-forward avg over 17 folds
d63c34b1,2026-05-11T21:19:02,ASML.AS,LogisticRegression,21,all_6_families,3y,6m,0.5313,0.5361,0.2925,0.0,0.0,True,walk-forward avg over 17 folds
9d05ada3,2026-05-11T21:19:20,ASML.AS,RandomForest,21,all_6_families,3y,6m,0.528,0.5913,0.2828,0.0,0.0,True,walk-forward avg over 17 folds
6e8791ec,2026-05-11T21:19:28,ASML.AS,XGBoost,21,all_6_families,3y,6m,0.5154,0.6371,0.3742,0.0,0.0,False,walk-forward avg over 17 folds
36cda20d,2026-05-11T21:19:29,SHELL.AS,Baseline_Random,21,all_6_families,3y,6m,0.5005,0.5021,0.264,0.0,0.0,False,walk-forward avg over 17 folds
56258260,2026-05-11T21:19:29,SHELL.AS,Baseline_Momentum,21,all_6_families,3y,6m,0.5691,0.5,0.2856,0.0,0.0,True,walk-forward avg over 17 folds
92faa2f4,2026-05-11T21:19:30,SHELL.AS,LogisticRegression,21,all_6_families,3y,6m,0.5084,0.5932,0.3378,0.0,0.0,False,walk-forward avg over 17 folds
c8f21e09,2026-05-11T21:19:47,SHELL.AS,RandomForest,21,all_6_families,3y,6m,0.5079,0.6421,0.2657,0.0,0.0,False,walk-forward avg over 17 folds
85049a8c,2026-05-11T21:19:58,SHELL.AS,XGBoost,21,all_6_families,3y,6m,0.5378,0.6365,0.3313,0.0,0.0,True,walk-forward avg over 17 folds
6450ab6d,2026-05-11T21:19:58,TTE.PA,Baseline_Random,21,all_6_families,3y,6m,0.5005,0.4987,0.2641,0.0,0.0,False,walk-forward avg over 16 folds
876e687a,2026-05-11T21:19:58,TTE.PA,Baseline_Momentum,21,all_6_families,3y,6m,0.559,0.5,0.291,0.0,0.0,True,walk-forward avg over 16 folds
69ba178a,2026-05-11T21:20:00,TTE.PA,LogisticRegression,21,all_6_families,3y,6m,0.5342,0.6335,0.3242,0.0,0.0,True,walk-forward avg over 16 folds
63ce5599,2026-05-11T21:20:16,TTE.PA,RandomForest,21,all_6_families,3y,6m,0.4836,0.5926,0.2753,0.0,0.0,False,walk-forward avg over 16 folds
6bdd824b,2026-05-11T21:20:26,TTE.PA,XGBoost,21,all_6_families,3y,6m,0.5045,0.5746,0.3623,0.0,0.0,False,walk-forward avg over 16 folds
94341fa7,2026-05-11T21:20:26,NOV.DE,Baseline_Random,21,all_6_families,3y,6m,0.5225,0.4857,0.2677,0.0,0.0,True,walk-forward avg over 12 folds
2df81524,2026-05-11T21:20:26,NOV.DE,Baseline_Momentum,21,all_6_families,3y,6m,0.7037,0.5,0.2129,0.0,0.0,True,walk-forward avg over 12 folds
cb21992b,2026-05-11T21:20:27,NOV.DE,LogisticRegression,21,all_6_families,3y,6m,0.6508,0.539,0.2488,0.0,0.0,True,walk-forward avg over 12 folds
8fa5a06b,2026-05-11T21:20:39,NOV.DE,RandomForest,21,all_6_families,3y,6m,0.5747,0.6265,0.2509,0.0,0.0,True,walk-forward avg over 12 folds
2cdfd67e,2026-05-11T21:20:45,NOV.DE,XGBoost,21,all_6_families,3y,6m,0.5694,0.618,0.3169,0.0,0.0,True,walk-forward avg over 12 folds
1c835391,2026-05-13T12:49:53,APC.DE,Baseline_Random,21,all_6_families,3y,6m,0.5139,0.524,0.2616,0.0,0.0,False,walk-forward avg over 12 folds
681cd2ad,2026-05-13T12:49:53,APC.DE,Baseline_Momentum,21,all_6_families,3y,6m,0.6673,0.5,0.2325,0.0,0.0,True,walk-forward avg over 12 folds
3d088c9a,2026-05-13T12:49:54,APC.DE,LogisticRegression,21,all_6_families,3y,6m,0.5754,0.5697,0.2858,0.0,0.0,True,walk-forward avg over 12 folds
b7b75beb,2026-05-13T12:50:02,APC.DE,RandomForest,21,all_6_families,3y,6m,0.5694,0.462,0.3121,0.0,0.0,True,walk-forward avg over 12 folds
99930e92,2026-05-13T12:50:05,APC.DE,XGBoost,21,all_6_families,3y,6m,0.5443,0.5386,0.358,0.0,0.0,True,walk-forward avg over 12 folds
58743de2,2026-05-13T12:50:05,MSF.DE,Baseline_Random,21,all_6_families,3y,6m,0.5061,0.5009,0.2641,0.0,0.0,False,walk-forward avg over 13 folds
885a0249,2026-05-13T12:50:06,MSF.DE,Baseline_Momentum,21,all_6_families,3y,6m,0.6276,0.5,0.254,0.0,0.0,True,walk-forward avg over 13 folds
aa9c1cb4,2026-05-13T12:50:06,MSF.DE,LogisticRegression,21,all_6_families,3y,6m,0.6148,0.557,0.2872,0.0,0.0,True,walk-forward avg over 13 folds
b3b38629,2026-05-13T12:50:13,MSF.DE,RandomForest,21,all_6_families,3y,6m,0.5611,0.6308,0.2715,0.0,0.0,True,walk-forward avg over 13 folds
a642277b,2026-05-13T12:50:17,MSF.DE,XGBoost,21,all_6_families,3y,6m,0.5763,0.6236,0.3172,0.0,0.0,True,walk-forward avg over 13 folds
e5bdc1f7,2026-05-13T12:50:17,AMZN,Baseline_Random,21,all_6_families,3y,6m,0.5109,0.5084,0.2623,0.0,0.0,False,walk-forward avg over 16 folds
1842a9b6,2026-05-13T12:50:17,AMZN,Baseline_Momentum,21,all_6_families,3y,6m,0.6171,0.5,0.2597,0.0,0.0,True,walk-forward avg over 16 folds
8cacc652,2026-05-13T12:50:18,AMZN,LogisticRegression,21,all_6_families,3y,6m,0.5506,0.6127,0.301,0.0,0.0,True,walk-forward avg over 16 folds
21b2d88b,2026-05-13T12:50:26,AMZN,RandomForest,21,all_6_families,3y,6m,0.5625,0.5953,0.2632,0.0,0.0,True,walk-forward avg over 16 folds
5f84a9f1,2026-05-13T12:50:31,AMZN,XGBoost,21,all_6_families,3y,6m,0.5809,0.6074,0.3021,0.0,0.0,True,walk-forward avg over 16 folds
ef522c09,2026-05-13T12:50:31,NVDA,Baseline_Random,21,all_6_families,3y,6m,0.5025,0.4993,0.2656,0.0,0.0,False,walk-forward avg over 16 folds
6dde290f,2026-05-13T12:50:31,NVDA,Baseline_Momentum,21,all_6_families,3y,6m,0.6453,0.5,0.2444,0.0,0.0,True,walk-forward avg over 16 folds
4cde344d,2026-05-13T12:50:32,NVDA,LogisticRegression,21,all_6_families,3y,6m,0.5709,0.5719,0.3125,0.0,0.0,True,walk-forward avg over 16 folds
98cd457d,2026-05-13T12:50:42,NVDA,RandomForest,21,all_6_families,3y,6m,0.5218,0.5076,0.2719,0.0,0.0,True,walk-forward avg over 16 folds
953c1043,2026-05-13T12:50:47,NVDA,XGBoost,21,all_6_families,3y,6m,0.5675,0.5453,0.3324,0.0,0.0,True,walk-forward avg over 16 folds
fc27f2a1,2026-05-13T12:50:47,GOOGL,Baseline_Random,21,all_6_families,3y,6m,0.503,0.5212,0.2605,0.0,0.0,False,walk-forward avg over 16 folds
1b08e2f8,2026-05-13T12:50:47,GOOGL,Baseline_Momentum,21,all_6_families,3y,6m,0.6349,0.5,0.25,0.0,0.0,True,walk-forward avg over 16 folds
6b9e4eb8,2026-05-13T12:50:48,GOOGL,LogisticRegression,21,all_6_families,3y,6m,0.5972,0.6365,0.2775,0.0,0.0,True,walk-forward avg over 16 folds
c00c15be,2026-05-13T12:50:57,GOOGL,RandomForest,21,all_6_families,3y,6m,0.496,0.6373,0.2866,0.0,0.0,False,walk-forward avg over 16 folds
1fc1b51b,2026-05-13T12:51:02,GOOGL,XGBoost,21,all_6_families,3y,6m,0.4955,0.657,0.3636,0.0,0.0,False,walk-forward avg over 16 folds
ac67abb3,2026-05-13T12:51:02,META,Baseline_Random,21,all_6_families,3y,6m,0.5005,0.5265,0.2617,0.0,0.0,False,walk-forward avg over 16 folds
17bba813,2026-05-13T12:51:02,META,Baseline_Momentum,21,all_6_families,3y,6m,0.6017,0.5,0.268,0.0,0.0,True,walk-forward avg over 16 folds
3e20e4a2,2026-05-13T12:51:03,META,LogisticRegression,21,all_6_families,3y,6m,0.5159,0.6468,0.3304,0.0,0.0,False,walk-forward avg over 16 folds
2439937b,2026-05-13T12:51:12,META,RandomForest,21,all_6_families,3y,6m,0.5134,0.5049,0.2932,0.0,0.0,False,walk-forward avg over 16 folds
2c957ec7,2026-05-13T12:51:17,META,XGBoost,21,all_6_families,3y,6m,0.5218,0.5199,0.374,0.0,0.0,True,walk-forward avg over 16 folds
ace6466a,2026-05-13T12:51:17,TSLA,Baseline_Random,21,all_6_families,3y,6m,0.5064,0.5162,0.2605,0.0,0.0,False,walk-forward avg over 16 folds
b177d11d,2026-05-13T12:51:17,TSLA,Baseline_Momentum,21,all_6_families,3y,6m,0.5481,0.5,0.2969,0.0,0.0,True,walk-forward avg over 16 folds
f420a55e,2026-05-13T12:51:18,TSLA,LogisticRegression,21,all_6_families,3y,6m,0.5193,0.5713,0.3331,0.0,0.0,False,walk-forward avg over 16 folds
b8994039,2026-05-13T12:51:26,TSLA,RandomForest,21,all_6_families,3y,6m,0.4782,0.5542,0.2923,0.0,0.0,False,walk-forward avg over 16 folds
3b9dfea9,2026-05-13T12:51:31,TSLA,XGBoost,21,all_6_families,3y,6m,0.4583,0.5258,0.3977,0.0,0.0,False,walk-forward avg over 16 folds
e1615db8,2026-05-13T12:51:31,CRM,Baseline_Random,21,all_6_families,3y,6m,0.5015,0.4878,0.2658,0.0,0.0,False,walk-forward avg over 16 folds
1376bf00,2026-05-13T12:51:31,CRM,Baseline_Momentum,21,all_6_families,3y,6m,0.5759,0.5,0.2819,0.0,0.0,True,walk-forward avg over 16 folds
6dac2ce8,2026-05-13T12:51:31,CRM,LogisticRegression,21,all_6_families,3y,6m,0.5466,0.6265,0.3198,0.0,0.0,True,walk-forward avg over 16 folds
0e4a9a1a,2026-05-13T12:51:40,CRM,RandomForest,21,all_6_families,3y,6m,0.5362,0.6031,0.2956,0.0,0.0,True,walk-forward avg over 16 folds
dd972993,2026-05-13T12:51:45,CRM,XGBoost,21,all_6_families,3y,6m,0.5198,0.5897,0.3621,0.0,0.0,False,walk-forward avg over 16 folds
a5ff74df,2026-05-13T12:51:45,ADBE,Baseline_Random,21,all_6_families,3y,6m,0.501,0.4858,0.2656,0.0,0.0,False,walk-forward avg over 16 folds
5efbdb32,2026-05-13T12:51:45,ADBE,Baseline_Momentum,21,all_6_families,3y,6m,0.5536,0.5,0.294,0.0,0.0,True,walk-forward avg over 16 folds
2a5a5e2f,2026-05-13T12:51:45,ADBE,LogisticRegression,21,all_6_families,3y,6m,0.5332,0.605,0.3268,0.0,0.0,True,walk-forward avg over 16 folds
96746ac2,2026-05-13T12:51:54,ADBE,RandomForest,21,all_6_families,3y,6m,0.4921,0.6259,0.2842,0.0,0.0,False,walk-forward avg over 16 folds
f6a6a6c7,2026-05-13T12:51:58,ADBE,XGBoost,21,all_6_families,3y,6m,0.5407,0.6055,0.3259,0.0,0.0,True,walk-forward avg over 16 folds
a45911d4,2026-05-13T12:51:58,NFLX,Baseline_Random,21,all_6_families,3y,6m,0.5074,0.4909,0.2646,0.0,0.0,False,walk-forward avg over 16 folds
e80efeb4,2026-05-13T12:51:58,NFLX,Baseline_Momentum,21,all_6_families,3y,6m,0.5868,0.5,0.276,0.0,0.0,True,walk-forward avg over 16 folds
cc3029c2,2026-05-13T12:51:59,NFLX,LogisticRegression,21,all_6_families,3y,6m,0.4965,0.5494,0.3406,0.0,0.0,False,walk-forward avg over 16 folds
03bab6dc,2026-05-13T12:52:08,NFLX,RandomForest,21,all_6_families,3y,6m,0.5387,0.5835,0.2729,0.0,0.0,True,walk-forward avg over 16 folds
801cf4ee,2026-05-13T12:52:12,NFLX,XGBoost,21,all_6_families,3y,6m,0.5228,0.5613,0.3396,0.0,0.0,True,walk-forward avg over 16 folds
7d97b799,2026-05-13T12:52:12,NOW,Baseline_Random,21,all_6_families,3y,6m,0.5005,0.497,0.2637,0.0,0.0,False,walk-forward avg over 16 folds
c5c971c2,2026-05-13T12:52:13,NOW,Baseline_Momentum,21,all_6_families,3y,6m,0.5967,0.5,0.2707,0.0,0.0,True,walk-forward avg over 16 folds
db79d28f,2026-05-13T12:52:13,NOW,LogisticRegression,21,all_6_families,3y,6m,0.5689,0.5868,0.293,0.0,0.0,True,walk-forward avg over 16 folds
f60f12b3,2026-05-13T12:52:22,NOW,RandomForest,21,all_6_families,3y,6m,0.5769,0.5903,0.2657,0.0,0.0,True,walk-forward avg over 16 folds
01d797e4,2026-05-13T12:52:27,NOW,XGBoost,21,all_6_families,3y,6m,0.5412,0.5995,0.3355,0.0,0.0,True,walk-forward avg over 16 folds
5ec808c6,2026-05-13T12:52:27,ORCL,Baseline_Random,21,all_6_families,3y,6m,0.4891,0.5136,0.2607,0.0,0.0,False,walk-forward avg over 16 folds
3581429d,2026-05-13T12:52:27,ORCL,Baseline_Momentum,21,all_6_families,3y,6m,0.5813,0.5,0.279,0.0,0.0,True,walk-forward avg over 16 folds
f962e30f,2026-05-13T12:52:27,ORCL,LogisticRegression,21,all_6_families,3y,6m,0.5139,0.645,0.3225,0.0,0.0,False,walk-forward avg over 16 folds
23ea089c,2026-05-13T12:52:36,ORCL,RandomForest,21,all_6_families,3y,6m,0.5064,0.6253,0.2739,0.0,0.0,False,walk-forward avg over 16 folds
bc0827ce,2026-05-13T12:52:40,ORCL,XGBoost,21,all_6_families,3y,6m,0.4995,0.6115,0.361,0.0,0.0,False,walk-forward avg over 16 folds
c854e202,2026-05-13T12:52:41,UBER,Baseline_Random,21,all_6_families,3y,6m,0.5143,0.4653,0.2705,0.0,0.0,False,walk-forward avg over 5 folds
3889ab1e,2026-05-13T12:52:41,UBER,Baseline_Momentum,21,all_6_families,3y,6m,0.5857,0.5,0.2766,0.0,0.0,True,walk-forward avg over 5 folds
e2baa5a4,2026-05-13T12:52:41,UBER,LogisticRegression,21,all_6_families,3y,6m,0.5063,0.5454,0.2803,0.0,0.0,False,walk-forward avg over 5 folds
433efc1c,2026-05-13T12:52:44,UBER,RandomForest,21,all_6_families,3y,6m,0.4794,0.3861,0.2843,0.0,0.0,False,walk-forward avg over 5 folds
a5e6fff8,2026-05-13T12:52:47,UBER,XGBoost,21,all_6_families,3y,6m,0.4952,0.4366,0.354,0.0,0.0,False,walk-forward avg over 5 folds
7f2dbc69,2026-05-13T12:52:47,MSFT,Baseline_Random,21,all_6_families,3y,6m,0.4955,0.5256,0.2605,0.0,0.0,False,walk-forward avg over 16 folds
c2dd2489,2026-05-13T12:52:47,MSFT,Baseline_Momentum,21,all_6_families,3y,6m,0.6255,0.5,0.2551,0.0,0.0,True,walk-forward avg over 16 folds
b3a26c7c,2026-05-13T12:52:48,MSFT,LogisticRegression,21,all_6_families,3y,6m,0.6086,0.5812,0.2878,0.0,0.0,True,walk-forward avg over 16 folds
64f69b47,2026-05-13T12:53:04,MSFT,RandomForest,21,all_6_families,3y,6m,0.5466,0.5958,0.2841,0.0,0.0,True,walk-forward avg over 16 folds
1f459044,2026-05-13T12:53:12,MSFT,XGBoost,21,all_6_families,3y,6m,0.5268,0.5626,0.3597,0.0,0.0,True,walk-forward avg over 16 folds
3d0396c2,2026-05-13T12:53:12,AMD,Baseline_Random,21,all_6_families,3y,6m,0.495,0.4883,0.2655,0.0,0.0,False,walk-forward avg over 16 folds
3bafdd8b,2026-05-13T12:53:12,AMD,Baseline_Momentum,21,all_6_families,3y,6m,0.5556,0.5,0.2929,0.0,0.0,True,walk-forward avg over 16 folds
b03e3bd2,2026-05-13T12:53:14,AMD,LogisticRegression,21,all_6_families,3y,6m,0.5263,0.5695,0.3108,0.0,0.0,True,walk-forward avg over 16 folds
0e092bf4,2026-05-13T12:53:29,AMD,RandomForest,21,all_6_families,3y,6m,0.503,0.5218,0.2857,0.0,0.0,False,walk-forward avg over 16 folds
4b21b852,2026-05-13T12:53:36,AMD,XGBoost,21,all_6_families,3y,6m,0.5471,0.5456,0.3315,0.0,0.0,True,walk-forward avg over 16 folds
64d1a86d,2026-05-13T12:53:36,QCOM,Baseline_Random,21,all_6_families,3y,6m,0.4906,0.5139,0.2609,0.0,0.0,False,walk-forward avg over 16 folds
166ad5db,2026-05-13T12:53:36,QCOM,Baseline_Momentum,21,all_6_families,3y,6m,0.5412,0.5,0.3007,0.0,0.0,True,walk-forward avg over 16 folds
d139b776,2026-05-13T12:53:38,QCOM,LogisticRegression,21,all_6_families,3y,6m,0.506,0.5437,0.3268,0.0,0.0,False,walk-forward avg over 16 folds
ff10a626,2026-05-13T12:53:53,QCOM,RandomForest,21,all_6_families,3y,6m,0.5243,0.5878,0.2632,0.0,0.0,True,walk-forward avg over 16 folds
a32b2674,2026-05-13T12:54:01,QCOM,XGBoost,21,all_6_families,3y,6m,0.4861,0.5995,0.3576,0.0,0.0,False,walk-forward avg over 16 folds
cdfa1a72,2026-05-13T12:54:01,AMAT,Baseline_Random,21,all_6_families,3y,6m,0.5045,0.522,0.2598,0.0,0.0,False,walk-forward avg over 16 folds
f70173ef,2026-05-13T12:54:01,AMAT,Baseline_Momentum,21,all_6_families,3y,6m,0.5908,0.5,0.2739,0.0,0.0,True,walk-forward avg over 16 folds
e6dda8d8,2026-05-13T12:54:03,AMAT,LogisticRegression,21,all_6_families,3y,6m,0.562,0.6185,0.2945,0.0,0.0,True,walk-forward avg over 16 folds
e278d1bd,2026-05-13T12:54:19,AMAT,RandomForest,21,all_6_families,3y,6m,0.5288,0.5247,0.2741,0.0,0.0,True,walk-forward avg over 16 folds
c7bd7eeb,2026-05-13T12:54:43,AMAT,XGBoost,21,all_6_families,3y,6m,0.5531,0.5959,0.336,0.0,0.0,True,walk-forward avg over 16 folds
899a4231,2026-05-13T12:54:43,MU,Baseline_Random,21,all_6_families,3y,6m,0.496,0.5076,0.2622,0.0,0.0,False,walk-forward avg over 16 folds
91e7ea4e,2026-05-13T12:54:43,MU,Baseline_Momentum,21,all_6_families,3y,6m,0.5556,0.5,0.2929,0.0,0.0,True,walk-forward avg over 16 folds
daada07e,2026-05-13T12:54:45,MU,LogisticRegression,21,all_6_families,3y,6m,0.4906,0.5494,0.3339,0.0,0.0,False,walk-forward avg over 16 folds
c5be2ab2,2026-05-13T12:55:07,MU,RandomForest,21,all_6_families,3y,6m,0.4712,0.5851,0.2945,0.0,0.0,False,walk-forward avg over 16 folds
a1e1805b,2026-05-13T12:55:30,MU,XGBoost,21,all_6_families,3y,6m,0.4727,0.5656,0.4019,0.0,0.0,False,walk-forward avg over 16 folds
22745f1c,2026-05-13T12:55:31,TXN,Baseline_Random,21,all_6_families,3y,6m,0.5064,0.5274,0.2583,0.0,0.0,False,walk-forward avg over 16 folds
2f875e03,2026-05-13T12:55:31,TXN,Baseline_Momentum,21,all_6_families,3y,6m,0.557,0.5,0.2921,0.0,0.0,True,walk-forward avg over 16 folds
06328926,2026-05-13T12:55:32,TXN,LogisticRegression,21,all_6_families,3y,6m,0.5456,0.5973,0.2963,0.0,0.0,True,walk-forward avg over 16 folds
d53fb534,2026-05-13T12:55:54,TXN,RandomForest,21,all_6_families,3y,6m,0.4891,0.6579,0.2799,0.0,0.0,False,walk-forward avg over 16 folds
2035b3dd,2026-05-13T12:56:17,TXN,XGBoost,21,all_6_families,3y,6m,0.5357,0.6725,0.3646,0.0,0.0,True,walk-forward avg over 16 folds
5a16bd87,2026-05-13T12:56:17,TSM,Baseline_Random,21,all_6_families,3y,6m,0.5064,0.5146,0.2605,0.0,0.0,False,walk-forward avg over 16 folds
d8c2df12,2026-05-13T12:56:17,TSM,Baseline_Momentum,21,all_6_families,3y,6m,0.6057,0.5,0.2658,0.0,0.0,True,walk-forward avg over 16 folds
33158edb,2026-05-13T12:56:17,TSM,LogisticRegression,21,all_6_families,3y,6m,0.5565,0.5836,0.3169,0.0,0.0,True,walk-forward avg over 16 folds
2323bda8,2026-05-13T12:56:33,TSM,RandomForest,21,all_6_families,3y,6m,0.503,0.5685,0.2925,0.0,0.0,False,walk-forward avg over 16 folds
d5485801,2026-05-13T12:56:57,TSM,XGBoost,21,all_6_families,3y,6m,0.5456,0.6473,0.3498,0.0,0.0,True,walk-forward avg over 16 folds
94b8a9ec,2026-05-13T12:56:57,V,Baseline_Random,21,all_6_families,3y,6m,0.4985,0.5006,0.2625,0.0,0.0,False,walk-forward avg over 16 folds
9669e87c,2026-05-13T12:56:57,V,Baseline_Momentum,21,all_6_families,3y,6m,0.6027,0.5,0.2675,0.0,0.0,True,walk-forward avg over 16 folds
0b5d752e,2026-05-13T12:56:59,V,LogisticRegression,21,all_6_families,3y,6m,0.6007,0.6629,0.2782,0.0,0.0,True,walk-forward avg over 16 folds
1806285e,2026-05-13T12:57:21,V,RandomForest,21,all_6_families,3y,6m,0.5188,0.6264,0.2668,0.0,0.0,False,walk-forward avg over 16 folds
b8272449,2026-05-13T12:57:43,V,XGBoost,21,all_6_families,3y,6m,0.5749,0.6358,0.3095,0.0,0.0,True,walk-forward avg over 16 folds
ef24afbe,2026-05-13T12:57:44,MA,Baseline_Random,21,all_6_families,3y,6m,0.5134,0.5032,0.2628,0.0,0.0,False,walk-forward avg over 16 folds
381c9d02,2026-05-13T12:57:44,MA,Baseline_Momentum,21,all_6_families,3y,6m,0.6086,0.5,0.2642,0.0,0.0,True,walk-forward avg over 16 folds
5beb63b2,2026-05-13T12:57:46,MA,LogisticRegression,21,all_6_families,3y,6m,0.5496,0.6467,0.3025,0.0,0.0,True,walk-forward avg over 16 folds
541bc179,2026-05-13T12:58:08,MA,RandomForest,21,all_6_families,3y,6m,0.5248,0.643,0.2759,0.0,0.0,True,walk-forward avg over 16 folds
02b2e961,2026-05-13T12:58:31,MA,XGBoost,21,all_6_families,3y,6m,0.5714,0.6326,0.3163,0.0,0.0,True,walk-forward avg over 16 folds
85e3298f,2026-05-13T12:58:32,BRK-B,Baseline_Random,21,all_6_families,3y,6m,0.494,0.4997,0.2639,0.0,0.0,False,walk-forward avg over 16 folds
0d707b17,2026-05-13T12:58:32,BRK-B,Baseline_Momentum,21,all_6_families,3y,6m,0.5913,0.5,0.2736,0.0,0.0,True,walk-forward avg over 16 folds
1fc49093,2026-05-13T12:58:34,BRK-B,LogisticRegression,21,all_6_families,3y,6m,0.5972,0.6184,0.2805,0.0,0.0,True,walk-forward avg over 16 folds
df02e25f,2026-05-13T12:58:56,BRK-B,RandomForest,21,all_6_families,3y,6m,0.5094,0.5832,0.2801,0.0,0.0,False,walk-forward avg over 16 folds
6f7e7990,2026-05-13T12:59:20,BRK-B,XGBoost,21,all_6_families,3y,6m,0.5471,0.6353,0.3446,0.0,0.0,True,walk-forward avg over 16 folds
babe9c81,2026-05-13T12:59:20,BLK,Baseline_Random,21,all_6_families,3y,6m,0.4916,0.5132,0.2609,0.0,0.0,False,walk-forward avg over 16 folds
e9cfb0c1,2026-05-13T12:59:20,BLK,Baseline_Momentum,21,all_6_families,3y,6m,0.5938,0.5,0.2723,0.0,0.0,True,walk-forward avg over 16 folds
50ac990d,2026-05-13T12:59:22,BLK,LogisticRegression,21,all_6_families,3y,6m,0.5744,0.5552,0.3034,0.0,0.0,True,walk-forward avg over 16 folds
ae8d5f2c,2026-05-13T12:59:45,BLK,RandomForest,21,all_6_families,3y,6m,0.5213,0.5873,0.274,0.0,0.0,True,walk-forward avg over 16 folds
0f73eb65,2026-05-13T13:00:07,BLK,XGBoost,21,all_6_families,3y,6m,0.4851,0.6033,0.3657,0.0,0.0,False,walk-forward avg over 16 folds
c93e5139,2026-05-13T13:00:08,PYPL,Baseline_Random,21,all_6_families,3y,6m,0.5018,0.5334,0.2574,0.0,0.0,False,walk-forward avg over 13 folds
67844f88,2026-05-13T13:00:08,PYPL,Baseline_Momentum,21,all_6_families,3y,6m,0.4951,0.5,0.3255,0.0,0.0,False,walk-forward avg over 13 folds
e26ccd2f,2026-05-13T13:00:10,PYPL,LogisticRegression,21,all_6_families,3y,6m,0.4579,0.5622,0.3509,0.0,0.0,False,walk-forward avg over 13 folds
773141c1,2026-05-13T13:00:24,PYPL,RandomForest,21,all_6_families,3y,6m,0.4737,0.5246,0.2981,0.0,0.0,False,walk-forward avg over 13 folds
af6ff0e6,2026-05-13T13:00:43,PYPL,XGBoost,21,all_6_families,3y,6m,0.4707,0.5826,0.3965,0.0,0.0,False,walk-forward avg over 13 folds
6205a154,2026-05-13T13:00:44,UNH,Baseline_Random,21,all_6_families,3y,6m,0.4931,0.5064,0.2623,0.0,0.0,False,walk-forward avg over 16 folds
102077ce,2026-05-13T13:00:44,UNH,Baseline_Momentum,21,all_6_families,3y,6m,0.5694,0.5,0.2854,0.0,0.0,True,walk-forward avg over 16 folds
98f559b4,2026-05-13T13:00:46,UNH,LogisticRegression,21,all_6_families,3y,6m,0.558,0.5908,0.3044,0.0,0.0,True,walk-forward avg over 16 folds
0d21baa8,2026-05-13T13:01:08,UNH,RandomForest,21,all_6_families,3y,6m,0.5868,0.6561,0.2546,0.0,0.0,True,walk-forward avg over 16 folds
ded68fc0,2026-05-13T13:01:32,UNH,XGBoost,21,all_6_families,3y,6m,0.5838,0.6464,0.3199,0.0,0.0,True,walk-forward avg over 16 folds
6e8f0640,2026-05-13T13:01:32,JNJ,Baseline_Random,21,all_6_families,3y,6m,0.5045,0.5106,0.262,0.0,0.0,False,walk-forward avg over 16 folds
bf9d56bf,2026-05-13T13:01:32,JNJ,Baseline_Momentum,21,all_6_families,3y,6m,0.562,0.5,0.2894,0.0,0.0,True,walk-forward avg over 16 folds
e7274e2a,2026-05-13T13:01:34,JNJ,LogisticRegression,21,all_6_families,3y,6m,0.501,0.6081,0.3234,0.0,0.0,False,walk-forward avg over 16 folds
b0e3ec91,2026-05-13T13:01:56,JNJ,RandomForest,21,all_6_families,3y,6m,0.5079,0.6448,0.2819,0.0,0.0,False,walk-forward avg over 16 folds
6fad8b70,2026-05-13T13:02:19,JNJ,XGBoost,21,all_6_families,3y,6m,0.5288,0.63,0.3579,0.0,0.0,True,walk-forward avg over 16 folds
ebdef9e1,2026-05-13T13:02:19,PFE,Baseline_Random,21,all_6_families,3y,6m,0.4945,0.5136,0.2603,0.0,0.0,False,walk-forward avg over 16 folds
61f76c58,2026-05-13T13:02:19,PFE,Baseline_Momentum,21,all_6_families,3y,6m,0.5035,0.5,0.321,0.0,0.0,False,walk-forward avg over 16 folds
bacb359d,2026-05-13T13:02:21,PFE,LogisticRegression,21,all_6_families,3y,6m,0.5174,0.6545,0.3137,0.0,0.0,False,walk-forward avg over 16 folds
8c162283,2026-05-13T13:02:43,PFE,RandomForest,21,all_6_families,3y,6m,0.5789,0.6534,0.2608,0.0,0.0,True,walk-forward avg over 16 folds
1a43c482,2026-05-13T13:03:06,PFE,XGBoost,21,all_6_families,3y,6m,0.5898,0.6667,0.324,0.0,0.0,True,walk-forward avg over 16 folds
76085b0d,2026-05-13T13:03:06,LLY,Baseline_Random,21,all_6_families,3y,6m,0.505,0.4907,0.2656,0.0,0.0,False,walk-forward avg over 16 folds
1b2737f4,2026-05-13T13:03:07,LLY,Baseline_Momentum,21,all_6_families,3y,6m,0.629,0.5,0.2533,0.0,0.0,True,walk-forward avg over 16 folds
36ba294c,2026-05-13T13:03:08,LLY,LogisticRegression,21,all_6_families,3y,6m,0.5511,0.579,0.3173,0.0,0.0,True,walk-forward avg over 16 folds
f8f845bf,2026-05-13T13:03:32,LLY,RandomForest,21,all_6_families,3y,6m,0.5387,0.5094,0.2669,0.0,0.0,True,walk-forward avg over 16 folds
1103387f,2026-05-13T13:03:56,LLY,XGBoost,21,all_6_families,3y,6m,0.5069,0.5411,0.3614,0.0,0.0,False,walk-forward avg over 16 folds
059d8bf9,2026-05-13T13:03:56,MRK,Baseline_Random,21,all_6_families,3y,6m,0.496,0.511,0.262,0.0,0.0,False,walk-forward avg over 16 folds
bca69349,2026-05-13T13:03:56,MRK,Baseline_Momentum,21,all_6_families,3y,6m,0.5833,0.5,0.2779,0.0,0.0,True,walk-forward avg over 16 folds
062c71a3,2026-05-13T13:03:58,MRK,LogisticRegression,21,all_6_families,3y,6m,0.5015,0.5842,0.3292,0.0,0.0,False,walk-forward avg over 16 folds
36d8556e,2026-05-13T13:04:21,MRK,RandomForest,21,all_6_families,3y,6m,0.5347,0.5753,0.2704,0.0,0.0,True,walk-forward avg over 16 folds
e0373acd,2026-05-13T13:04:44,MRK,XGBoost,21,all_6_families,3y,6m,0.5496,0.5817,0.3302,0.0,0.0,True,walk-forward avg over 16 folds
96c814a9,2026-05-13T13:04:44,AMGN,Baseline_Random,21,all_6_families,3y,6m,0.4985,0.5242,0.2584,0.0,0.0,False,walk-forward avg over 16 folds
ff2dddda,2026-05-13T13:04:44,AMGN,Baseline_Momentum,21,all_6_families,3y,6m,0.5312,0.5,0.306,0.0,0.0,True,walk-forward avg over 16 folds
76c433bb,2026-05-13T13:04:46,AMGN,LogisticRegression,21,all_6_families,3y,6m,0.5293,0.7156,0.3203,0.0,0.0,True,walk-forward avg over 16 folds
bf749a17,2026-05-13T13:05:09,AMGN,RandomForest,21,all_6_families,3y,6m,0.5461,0.6828,0.2713,0.0,0.0,True,walk-forward avg over 16 folds
5300fc88,2026-05-13T13:05:31,AMGN,XGBoost,21,all_6_families,3y,6m,0.5273,0.6735,0.3534,0.0,0.0,True,walk-forward avg over 16 folds
247616fd,2026-05-13T13:05:31,GILD,Baseline_Random,21,all_6_families,3y,6m,0.496,0.5252,0.2585,0.0,0.0,False,walk-forward avg over 16 folds
49da06d7,2026-05-13T13:05:31,GILD,Baseline_Momentum,21,all_6_families,3y,6m,0.5437,0.5,0.2993,0.0,0.0,True,walk-forward avg over 16 folds
0c0316c6,2026-05-13T13:05:33,GILD,LogisticRegression,21,all_6_families,3y,6m,0.4871,0.6146,0.3483,0.0,0.0,False,walk-forward avg over 16 folds
d6a7b612,2026-05-13T13:05:57,GILD,RandomForest,21,all_6_families,3y,6m,0.5238,0.6123,0.2732,0.0,0.0,True,walk-forward avg over 16 folds
1c11bc0a,2026-05-13T13:06:19,GILD,XGBoost,21,all_6_families,3y,6m,0.4886,0.5947,0.3741,0.0,0.0,False,walk-forward avg over 16 folds
7f23a212,2026-05-13T13:06:19,TMO,Baseline_Random,21,all_6_families,3y,6m,0.5005,0.518,0.2596,0.0,0.0,False,walk-forward avg over 16 folds
914c1f11,2026-05-13T13:06:20,TMO,Baseline_Momentum,21,all_6_families,3y,6m,0.5888,0.5,0.275,0.0,0.0,True,walk-forward avg over 16 folds
a7c029ac,2026-05-13T13:06:21,TMO,LogisticRegression,21,all_6_families,3y,6m,0.563,0.7171,0.3147,0.0,0.0,True,walk-forward avg over 16 folds
93a0bcd1,2026-05-13T13:06:44,TMO,RandomForest,21,all_6_families,3y,6m,0.5605,0.6845,0.2548,0.0,0.0,True,walk-forward avg over 16 folds
38b72244,2026-05-13T13:07:07,TMO,XGBoost,21,all_6_families,3y,6m,0.5496,0.6787,0.3292,0.0,0.0,True,walk-forward avg over 16 folds
e8d5687f,2026-05-13T13:07:08,KO,Baseline_Random,21,all_6_families,3y,6m,0.503,0.5078,0.263,0.0,0.0,False,walk-forward avg over 16 folds
e35ade67,2026-05-13T13:07:08,KO,Baseline_Momentum,21,all_6_families,3y,6m,0.6121,0.5,0.2624,0.0,0.0,True,walk-forward avg over 16 folds
ef91a044,2026-05-13T13:07:10,KO,LogisticRegression,21,all_6_families,3y,6m,0.563,0.5905,0.298,0.0,0.0,True,walk-forward avg over 16 folds
45fdc07f,2026-05-13T13:07:31,KO,RandomForest,21,all_6_families,3y,6m,0.558,0.6414,0.2513,0.0,0.0,True,walk-forward avg over 16 folds
c58af2d1,2026-05-13T13:07:54,KO,XGBoost,21,all_6_families,3y,6m,0.5749,0.6466,0.3025,0.0,0.0,True,walk-forward avg over 16 folds
3fd26bec,2026-05-13T13:07:54,WMT,Baseline_Random,21,all_6_families,3y,6m,0.4936,0.4906,0.2655,0.0,0.0,False,walk-forward avg over 16 folds
c9af1fef,2026-05-13T13:07:54,WMT,Baseline_Momentum,21,all_6_families,3y,6m,0.6265,0.5,0.2546,0.0,0.0,True,walk-forward avg over 16 folds
70b3e0a2,2026-05-13T13:07:56,WMT,LogisticRegression,21,all_6_families,3y,6m,0.5536,0.5741,0.3013,0.0,0.0,True,walk-forward avg over 16 folds
89b168ae,2026-05-13T13:08:19,WMT,RandomForest,21,all_6_families,3y,6m,0.5556,0.6229,0.2493,0.0,0.0,True,walk-forward avg over 16 folds
2e456aad,2026-05-13T13:08:41,WMT,XGBoost,21,all_6_families,3y,6m,0.5456,0.6505,0.3235,0.0,0.0,True,walk-forward avg over 16 folds
ccc495d7,2026-05-13T13:08:42,HD,Baseline_Random,21,all_6_families,3y,6m,0.5149,0.5172,0.2603,0.0,0.0,False,walk-forward avg over 16 folds
028129e9,2026-05-13T13:08:42,HD,Baseline_Momentum,21,all_6_families,3y,6m,0.5774,0.5,0.2811,0.0,0.0,True,walk-forward avg over 16 folds
0f71d80c,2026-05-13T13:08:44,HD,LogisticRegression,21,all_6_families,3y,6m,0.5645,0.6499,0.2899,0.0,0.0,True,walk-forward avg over 16 folds
6dba03da,2026-05-13T13:09:07,HD,RandomForest,21,all_6_families,3y,6m,0.5312,0.612,0.2678,0.0,0.0,True,walk-forward avg over 16 folds
7384565f,2026-05-13T13:09:26,HD,XGBoost,21,all_6_families,3y,6m,0.5437,0.6403,0.3317,0.0,0.0,True,walk-forward avg over 16 folds
c4cba8d6,2026-05-13T13:09:26,COST,Baseline_Random,21,all_6_families,3y,6m,0.5015,0.4965,0.2659,0.0,0.0,False,walk-forward avg over 16 folds
a2e71316,2026-05-13T13:09:26,COST,Baseline_Momentum,21,all_6_families,3y,6m,0.6414,0.5,0.2466,0.0,0.0,True,walk-forward avg over 16 folds
869b2751,2026-05-13T13:09:27,COST,LogisticRegression,21,all_6_families,3y,6m,0.6081,0.6598,0.2757,0.0,0.0,True,walk-forward avg over 16 folds
077d60ed,2026-05-13T13:09:45,COST,RandomForest,21,all_6_families,3y,6m,0.6076,0.6491,0.2533,0.0,0.0,True,walk-forward avg over 16 folds
5a1f158b,2026-05-13T13:10:08,COST,XGBoost,21,all_6_families,3y,6m,0.6022,0.6507,0.2993,0.0,0.0,True,walk-forward avg over 16 folds
ad6d2dee,2026-05-13T13:10:08,NKE,Baseline_Random,21,all_6_families,3y,6m,0.5064,0.5021,0.2632,0.0,0.0,False,walk-forward avg over 16 folds
d1b7b44a,2026-05-13T13:10:08,NKE,Baseline_Momentum,21,all_6_families,3y,6m,0.5402,0.5,0.3012,0.0,0.0,True,walk-forward avg over 16 folds
d45a7fbe,2026-05-13T13:10:10,NKE,LogisticRegression,21,all_6_families,3y,6m,0.5456,0.5122,0.3062,0.0,0.0,True,walk-forward avg over 16 folds
de46b8e1,2026-05-13T13:10:32,NKE,RandomForest,21,all_6_families,3y,6m,0.5223,0.5962,0.2703,0.0,0.0,True,walk-forward avg over 16 folds
d8c4c39f,2026-05-13T13:10:54,NKE,XGBoost,21,all_6_families,3y,6m,0.5561,0.6276,0.3317,0.0,0.0,True,walk-forward avg over 16 folds
b5618621,2026-05-13T13:10:55,DIS,Baseline_Random,21,all_6_families,3y,6m,0.497,0.4877,0.2646,0.0,0.0,False,walk-forward avg over 16 folds
eee39cdf,2026-05-13T13:10:55,DIS,Baseline_Momentum,21,all_6_families,3y,6m,0.4732,0.5,0.3374,0.0,0.0,False,walk-forward avg over 16 folds
b71739c9,2026-05-13T13:10:58,DIS,LogisticRegression,21,all_6_families,3y,6m,0.5208,0.5644,0.2982,0.0,0.0,True,walk-forward avg over 16 folds
c4b18027,2026-05-13T13:11:20,DIS,RandomForest,21,all_6_families,3y,6m,0.5015,0.5613,0.2708,0.0,0.0,False,walk-forward avg over 16 folds
39d34f05,2026-05-13T13:11:43,DIS,XGBoost,21,all_6_families,3y,6m,0.4846,0.5798,0.3736,0.0,0.0,False,walk-forward avg over 16 folds
424a6660,2026-05-13T13:11:44,XOM,Baseline_Random,21,all_6_families,3y,6m,0.4886,0.5061,0.262,0.0,0.0,False,walk-forward avg over 16 folds
9658c6a6,2026-05-13T13:11:44,XOM,Baseline_Momentum,21,all_6_families,3y,6m,0.5699,0.5,0.2851,0.0,0.0,True,walk-forward avg over 16 folds
15cdc46b,2026-05-13T13:11:46,XOM,LogisticRegression,21,all_6_families,3y,6m,0.4955,0.6148,0.3462,0.0,0.0,False,walk-forward avg over 16 folds
318c941e,2026-05-13T13:12:10,XOM,RandomForest,21,all_6_families,3y,6m,0.5288,0.6472,0.2666,0.0,0.0,True,walk-forward avg over 16 folds
767ec6e4,2026-05-13T13:12:33,XOM,XGBoost,21,all_6_families,3y,6m,0.501,0.6094,0.3644,0.0,0.0,False,walk-forward avg over 16 folds
a7070bec,2026-05-13T13:12:33,CVX,Baseline_Random,21,all_6_families,3y,6m,0.4891,0.5057,0.2627,0.0,0.0,False,walk-forward avg over 16 folds
9ddcc459,2026-05-13T13:12:33,CVX,Baseline_Momentum,21,all_6_families,3y,6m,0.5694,0.5,0.2854,0.0,0.0,True,walk-forward avg over 16 folds
9064959b,2026-05-13T13:12:35,CVX,LogisticRegression,21,all_6_families,3y,6m,0.496,0.5947,0.3446,0.0,0.0,False,walk-forward avg over 16 folds
2d52cce9,2026-05-13T13:12:57,CVX,RandomForest,21,all_6_families,3y,6m,0.5511,0.7018,0.2553,0.0,0.0,True,walk-forward avg over 16 folds
14a8d7b8,2026-05-13T13:13:18,CVX,XGBoost,21,all_6_families,3y,6m,0.5263,0.6802,0.3264,0.0,0.0,True,walk-forward avg over 16 folds
92b91ff2,2026-05-13T13:13:19,NEE,Baseline_Random,21,all_6_families,3y,6m,0.5099,0.4972,0.2642,0.0,0.0,False,walk-forward avg over 16 folds
a67073aa,2026-05-13T13:13:19,NEE,Baseline_Momentum,21,all_6_families,3y,6m,0.6062,0.5,0.2656,0.0,0.0,True,walk-forward avg over 16 folds
9f3c8020,2026-05-13T13:13:20,NEE,LogisticRegression,21,all_6_families,3y,6m,0.5828,0.6952,0.2965,0.0,0.0,True,walk-forward avg over 16 folds
86cba220,2026-05-13T13:13:42,NEE,RandomForest,21,all_6_families,3y,6m,0.5615,0.769,0.2493,0.0,0.0,True,walk-forward avg over 16 folds
5e0cfe16,2026-05-13T13:14:05,NEE,XGBoost,21,all_6_families,3y,6m,0.5997,0.7506,0.2951,0.0,0.0,True,walk-forward avg over 16 folds
bb6f71cc,2026-05-13T13:14:05,BA,Baseline_Random,21,all_6_families,3y,6m,0.496,0.532,0.2565,0.0,0.0,False,walk-forward avg over 16 folds
6109f550,2026-05-13T13:14:06,BA,Baseline_Momentum,21,all_6_families,3y,6m,0.4871,0.5,0.3299,0.0,0.0,False,walk-forward avg over 16 folds
aa55098b,2026-05-13T13:14:08,BA,LogisticRegression,21,all_6_families,3y,6m,0.5456,0.6038,0.3082,0.0,0.0,True,walk-forward avg over 16 folds
93bbf8a5,2026-05-13T13:14:32,BA,RandomForest,21,all_6_families,3y,6m,0.5476,0.6471,0.2673,0.0,0.0,True,walk-forward avg over 16 folds
4c45442a,2026-05-13T13:14:56,BA,XGBoost,21,all_6_families,3y,6m,0.5372,0.6127,0.3407,0.0,0.0,True,walk-forward avg over 16 folds
7f2fa3e1,2026-05-13T13:14:57,CAT,Baseline_Random,21,all_6_families,3y,6m,0.5042,0.5278,0.2582,0.0,0.0,False,walk-forward avg over 15 folds
0177cdd5,2026-05-13T13:14:57,CAT,Baseline_Momentum,21,all_6_families,3y,6m,0.6071,0.5,0.265,0.0,0.0,True,walk-forward avg over 16 folds
bdbf3ca5,2026-05-13T13:14:59,CAT,LogisticRegression,21,all_6_families,3y,6m,0.5114,0.5743,0.3237,0.0,0.0,False,walk-forward avg over 16 folds
3ba8c564,2026-05-13T13:15:23,CAT,RandomForest,21,all_6_families,3y,6m,0.5144,0.5953,0.2594,0.0,0.0,False,walk-forward avg over 16 folds
7f0769cc,2026-05-13T13:15:45,CAT,XGBoost,21,all_6_families,3y,6m,0.4955,0.5975,0.3464,0.0,0.0,False,walk-forward avg over 16 folds
65265811,2026-05-13T13:15:45,LMT,Baseline_Random,21,all_6_families,3y,6m,0.5119,0.4807,0.2665,0.0,0.0,False,walk-forward avg over 16 folds
045b8e38,2026-05-13T13:15:46,LMT,Baseline_Momentum,21,all_6_families,3y,6m,0.5536,0.5,0.294,0.0,0.0,True,walk-forward avg over 16 folds
db33f9ed,2026-05-13T13:15:47,LMT,LogisticRegression,21,all_6_families,3y,6m,0.4623,0.5466,0.3502,0.0,0.0,False,walk-forward avg over 16 folds
77598766,2026-05-13T13:16:07,LMT,RandomForest,21,all_6_families,3y,6m,0.5203,0.5641,0.2677,0.0,0.0,True,walk-forward avg over 16 folds
62619de5,2026-05-13T13:16:31,LMT,XGBoost,21,all_6_families,3y,6m,0.5064,0.6117,0.3524,0.0,0.0,False,walk-forward avg over 16 folds
94e51d6e,2026-05-13T13:16:31,RTX,Baseline_Random,21,all_6_families,3y,6m,0.494,0.5067,0.2622,0.0,0.0,False,walk-forward avg over 16 folds
107c5ad9,2026-05-13T13:16:32,RTX,Baseline_Momentum,21,all_6_families,3y,6m,0.6002,0.5,0.2688,0.0,0.0,True,walk-forward avg over 16 folds
bd237539,2026-05-13T13:16:34,RTX,LogisticRegression,21,all_6_families,3y,6m,0.5675,0.53,0.3046,0.0,0.0,True,walk-forward avg over 16 folds
1676a782,2026-05-13T13:16:56,RTX,RandomForest,21,all_6_families,3y,6m,0.5079,0.5701,0.273,0.0,0.0,False,walk-forward avg over 16 folds
ce7ba200,2026-05-13T13:17:20,RTX,XGBoost,21,all_6_families,3y,6m,0.5312,0.6089,0.3377,0.0,0.0,True,walk-forward avg over 16 folds
b674179c,2026-05-13T13:17:21,GE,Baseline_Random,21,all_6_families,3y,6m,0.4931,0.5189,0.2601,0.0,0.0,False,walk-forward avg over 15 folds
320ef8cd,2026-05-13T13:17:21,GE,Baseline_Momentum,21,all_6_families,3y,6m,0.5769,0.5,0.2814,0.0,0.0,True,walk-forward avg over 16 folds
5396daf6,2026-05-13T13:17:23,GE,LogisticRegression,21,all_6_families,3y,6m,0.5565,0.5582,0.3102,0.0,0.0,True,walk-forward avg over 16 folds
9bc74179,2026-05-13T13:17:46,GE,RandomForest,21,all_6_families,3y,6m,0.5074,0.5474,0.2646,0.0,0.0,False,walk-forward avg over 16 folds
8947baa7,2026-05-13T13:18:00,GE,XGBoost,21,all_6_families,3y,6m,0.5441,0.5583,0.3353,0.0,0.0,True,walk-forward avg over 16 folds
325bbf22,2026-05-13T13:18:01,HON,Baseline_Random,21,all_6_families,3y,6m,0.4866,0.4831,0.2657,0.0,0.0,False,walk-forward avg over 16 folds
665cc281,2026-05-13T13:18:01,HON,Baseline_Momentum,21,all_6_families,3y,6m,0.5432,0.5,0.2996,0.0,0.0,True,walk-forward avg over 16 folds
051ff7cb,2026-05-13T13:18:01,HON,LogisticRegression,21,all_6_families,3y,6m,0.5565,0.6195,0.2958,0.0,0.0,True,walk-forward avg over 16 folds
e7d9aeb1,2026-05-13T13:18:11,HON,RandomForest,21,all_6_families,3y,6m,0.4851,0.6229,0.2836,0.0,0.0,False,walk-forward avg over 16 folds
e5542d0d,2026-05-13T13:18:16,HON,XGBoost,21,all_6_families,3y,6m,0.5169,0.6004,0.3516,0.0,0.0,False,walk-forward avg over 16 folds
5926974c,2026-05-13T13:18:16,UPS,Baseline_Random,21,all_6_families,3y,6m,0.497,0.5101,0.2615,0.0,0.0,False,walk-forward avg over 16 folds
2c9aef97,2026-05-13T13:18:16,UPS,Baseline_Momentum,21,all_6_families,3y,6m,0.5347,0.5,0.3042,0.0,0.0,True,walk-forward avg over 16 folds
5a35b8b9,2026-05-13T13:18:17,UPS,LogisticRegression,21,all_6_families,3y,6m,0.5451,0.6947,0.2999,0.0,0.0,True,walk-forward avg over 16 folds
d77f78a4,2026-05-13T13:18:26,UPS,RandomForest,21,all_6_families,3y,6m,0.5188,0.6903,0.2643,0.0,0.0,False,walk-forward avg over 16 folds
d94c6e9c,2026-05-13T13:18:30,UPS,XGBoost,21,all_6_families,3y,6m,0.4965,0.695,0.3818,0.0,0.0,False,walk-forward avg over 16 folds
09c9e674,2026-05-13T13:18:30,DE,Baseline_Random,21,all_6_families,3y,6m,0.4995,0.508,0.2609,0.0,0.0,False,walk-forward avg over 16 folds
052293e5,2026-05-13T13:18:30,DE,Baseline_Momentum,21,all_6_families,3y,6m,0.5441,0.5,0.2991,0.0,0.0,True,walk-forward avg over 16 folds
563acd57,2026-05-13T13:18:31,DE,LogisticRegression,21,all_6_families,3y,6m,0.5193,0.5736,0.3,0.0,0.0,False,walk-forward avg over 16 folds
e04b13b0,2026-05-13T13:18:49,DE,RandomForest,21,all_6_families,3y,6m,0.5084,0.6217,0.2848,0.0,0.0,False,walk-forward avg over 16 folds
8f853424,2026-05-13T13:19:12,DE,XGBoost,21,all_6_families,3y,6m,0.4886,0.6208,0.376,0.0,0.0,False,walk-forward avg over 16 folds
f46ead10,2026-05-13T13:19:13,FSLR,Baseline_Random,21,all_6_families,3y,6m,0.4931,0.5051,0.2617,0.0,0.0,False,walk-forward avg over 16 folds
96aec841,2026-05-13T13:19:13,FSLR,Baseline_Momentum,21,all_6_families,3y,6m,0.5397,0.5,0.3015,0.0,0.0,True,walk-forward avg over 16 folds
5fbead1a,2026-05-13T13:19:15,FSLR,LogisticRegression,21,all_6_families,3y,6m,0.5412,0.6709,0.3123,0.0,0.0,True,walk-forward avg over 16 folds
6e6e7698,2026-05-13T13:19:37,FSLR,RandomForest,21,all_6_families,3y,6m,0.5184,0.579,0.2628,0.0,0.0,False,walk-forward avg over 16 folds
01e9c50c,2026-05-13T13:19:59,FSLR,XGBoost,21,all_6_families,3y,6m,0.5005,0.5613,0.3621,0.0,0.0,False,walk-forward avg over 16 folds
ed3cc9e9,2026-05-13T13:20:00,SAP.DE,Baseline_Random,21,all_6_families,3y,6m,0.4967,0.4857,0.2664,0.0,0.0,False,walk-forward avg over 12 folds
8baab6a6,2026-05-13T13:20:00,SAP.DE,Baseline_Momentum,21,all_6_families,3y,6m,0.6329,0.5,0.2511,0.0,0.0,True,walk-forward avg over 12 folds
49c1eec5,2026-05-13T13:20:01,SAP.DE,LogisticRegression,21,all_6_families,3y,6m,0.5972,0.6954,0.2662,0.0,0.0,True,walk-forward avg over 12 folds
c34ae20a,2026-05-13T13:20:18,SAP.DE,RandomForest,21,all_6_families,3y,6m,0.5397,0.5714,0.2683,0.0,0.0,True,walk-forward avg over 12 folds
d66196b4,2026-05-13T13:20:35,SAP.DE,XGBoost,21,all_6_families,3y,6m,0.5179,0.6123,0.3506,0.0,0.0,False,walk-forward avg over 12 folds
5644f2ee,2026-05-13T13:20:36,ALV.DE,Baseline_Random,21,all_6_families,3y,6m,0.504,0.4911,0.2653,0.0,0.0,False,walk-forward avg over 12 folds
808d6a23,2026-05-13T13:20:36,ALV.DE,Baseline_Momentum,21,all_6_families,3y,6m,0.623,0.5,0.2565,0.0,0.0,True,walk-forward avg over 12 folds
916206ad,2026-05-13T13:20:37,ALV.DE,LogisticRegression,21,all_6_families,3y,6m,0.5734,0.6128,0.2939,0.0,0.0,True,walk-forward avg over 12 folds
df335c90,2026-05-13T13:20:54,ALV.DE,RandomForest,21,all_6_families,3y,6m,0.5099,0.6772,0.2803,0.0,0.0,False,walk-forward avg over 12 folds
cac0a561,2026-05-13T13:21:12,ALV.DE,XGBoost,21,all_6_families,3y,6m,0.5007,0.6744,0.3822,0.0,0.0,False,walk-forward avg over 12 folds
0793194d,2026-05-13T13:21:12,SIE.DE,Baseline_Random,21,all_6_families,3y,6m,0.5046,0.5199,0.2599,0.0,0.0,False,walk-forward avg over 12 folds
b519476a,2026-05-13T13:21:12,SIE.DE,Baseline_Momentum,21,all_6_families,3y,6m,0.5747,0.5,0.2825,0.0,0.0,True,walk-forward avg over 12 folds
37b2de6c,2026-05-13T13:21:14,SIE.DE,LogisticRegression,21,all_6_families,3y,6m,0.5086,0.6176,0.3029,0.0,0.0,False,walk-forward avg over 12 folds
bccedb50,2026-05-13T13:21:30,SIE.DE,RandomForest,21,all_6_families,3y,6m,0.5271,0.5355,0.2691,0.0,0.0,True,walk-forward avg over 12 folds
312f9150,2026-05-13T13:21:47,SIE.DE,XGBoost,21,all_6_families,3y,6m,0.5033,0.5949,0.3388,0.0,0.0,False,walk-forward avg over 12 folds
e8aa040d,2026-05-13T13:21:47,BMW.DE,Baseline_Random,21,all_6_families,3y,6m,0.494,0.4932,0.2636,0.0,0.0,False,walk-forward avg over 12 folds
44aff311,2026-05-13T13:21:47,BMW.DE,Baseline_Momentum,21,all_6_families,3y,6m,0.5086,0.5,0.3183,0.0,0.0,False,walk-forward avg over 12 folds
8c1ca153,2026-05-13T13:21:49,BMW.DE,LogisticRegression,21,all_6_families,3y,6m,0.4802,0.616,0.3549,0.0,0.0,False,walk-forward avg over 12 folds
334b1bfc,2026-05-13T13:22:05,BMW.DE,RandomForest,21,all_6_families,3y,6m,0.4484,0.6068,0.3011,0.0,0.0,False,walk-forward avg over 12 folds
e10fff4c,2026-05-13T13:22:23,BMW.DE,XGBoost,21,all_6_families,3y,6m,0.4742,0.5654,0.4052,0.0,0.0,False,walk-forward avg over 12 folds
b734afa2,2026-05-13T13:22:24,DTE.DE,Baseline_Random,21,all_6_families,3y,6m,0.5165,0.5254,0.2614,0.0,0.0,False,walk-forward avg over 13 folds
6c8cdc7b,2026-05-13T13:22:24,DTE.DE,Baseline_Momentum,21,all_6_families,3y,6m,0.616,0.5,0.2603,0.0,0.0,True,walk-forward avg over 13 folds
78dea197,2026-05-13T13:22:25,DTE.DE,LogisticRegression,21,all_6_families,3y,6m,0.5806,0.5871,0.287,0.0,0.0,True,walk-forward avg over 13 folds
90a8a1ae,2026-05-13T13:22:43,DTE.DE,RandomForest,21,all_6_families,3y,6m,0.5421,0.6722,0.2617,0.0,0.0,True,walk-forward avg over 13 folds
c80d3de8,2026-05-13T13:23:01,DTE.DE,XGBoost,21,all_6_families,3y,6m,0.5397,0.6399,0.3616,0.0,0.0,True,walk-forward avg over 13 folds
3fbfd917,2026-05-13T13:23:01,BAS.DE,Baseline_Random,21,all_6_families,3y,6m,0.4914,0.4798,0.2663,0.0,0.0,False,walk-forward avg over 12 folds
0587861e,2026-05-13T13:23:02,BAS.DE,Baseline_Momentum,21,all_6_families,3y,6m,0.4835,0.5,0.3318,0.0,0.0,False,walk-forward avg over 12 folds
5da6f422,2026-05-13T13:23:03,BAS.DE,LogisticRegression,21,all_6_families,3y,6m,0.5152,0.5908,0.3243,0.0,0.0,False,walk-forward avg over 12 folds
609b4a7f,2026-05-13T13:23:19,BAS.DE,RandomForest,21,all_6_families,3y,6m,0.4927,0.6134,0.266,0.0,0.0,False,walk-forward avg over 12 folds
e18cbe3f,2026-05-13T13:23:36,BAS.DE,XGBoost,21,all_6_families,3y,6m,0.4987,0.687,0.327,0.0,0.0,False,walk-forward avg over 12 folds
092a3f54,2026-05-13T13:23:36,MBG.DE,Baseline_Random,21,all_6_families,3y,6m,0.5112,0.498,0.264,0.0,0.0,False,walk-forward avg over 12 folds
5374f0d1,2026-05-13T13:23:36,MBG.DE,Baseline_Momentum,21,all_6_families,3y,6m,0.5337,0.5,0.3047,0.0,0.0,True,walk-forward avg over 12 folds
dbd74229,2026-05-13T13:23:38,MBG.DE,LogisticRegression,21,all_6_families,3y,6m,0.4259,0.5413,0.3465,0.0,0.0,False,walk-forward avg over 12 folds
92e6a757,2026-05-13T13:23:52,MBG.DE,RandomForest,21,all_6_families,3y,6m,0.5192,0.5852,0.2723,0.0,0.0,False,walk-forward avg over 12 folds
7347b9b6,2026-05-13T13:23:56,MBG.DE,XGBoost,21,all_6_families,3y,6m,0.4808,0.5747,0.385,0.0,0.0,False,walk-forward avg over 12 folds
662139bc,2026-05-13T13:23:56,VOW3.DE,Baseline_Random,21,all_6_families,3y,6m,0.5134,0.4762,0.2663,0.0,0.0,False,walk-forward avg over 13 folds
cf98ff4e,2026-05-13T13:23:56,VOW3.DE,Baseline_Momentum,21,all_6_families,3y,6m,0.4786,0.5,0.3344,0.0,0.0,False,walk-forward avg over 13 folds
79dd9b19,2026-05-13T13:23:57,VOW3.DE,LogisticRegression,21,all_6_families,3y,6m,0.4823,0.6394,0.3134,0.0,0.0,False,walk-forward avg over 13 folds
f43c8032,2026-05-13T13:24:07,VOW3.DE,RandomForest,21,all_6_families,3y,6m,0.5073,0.6542,0.2884,0.0,0.0,False,walk-forward avg over 13 folds
2876a2bc,2026-05-13T13:24:26,VOW3.DE,XGBoost,21,all_6_families,3y,6m,0.5372,0.6539,0.3826,0.0,0.0,True,walk-forward avg over 13 folds
1ea138ba,2026-05-13T13:24:26,RWE.DE,Baseline_Random,21,all_6_families,3y,6m,0.5172,0.4978,0.264,0.0,0.0,False,walk-forward avg over 12 folds
f520f914,2026-05-13T13:24:26,RWE.DE,Baseline_Momentum,21,all_6_families,3y,6m,0.5714,0.5,0.2843,0.0,0.0,True,walk-forward avg over 12 folds
ccdf3583,2026-05-13T13:24:28,RWE.DE,LogisticRegression,21,all_6_families,3y,6m,0.5437,0.563,0.3039,0.0,0.0,True,walk-forward avg over 12 folds
0d43f6a8,2026-05-13T13:24:44,RWE.DE,RandomForest,21,all_6_families,3y,6m,0.5516,0.6841,0.2623,0.0,0.0,True,walk-forward avg over 12 folds
bec529ef,2026-05-13T13:25:02,RWE.DE,XGBoost,21,all_6_families,3y,6m,0.5496,0.5837,0.3305,0.0,0.0,True,walk-forward avg over 12 folds
56e5ffe9,2026-05-13T13:25:02,AIR.DE,Baseline_Random,21,all_6_families,3y,6m,0.5053,0.5216,0.2592,0.0,0.0,False,walk-forward avg over 12 folds
a7971623,2026-05-13T13:25:02,AIR.DE,Baseline_Momentum,21,all_6_families,3y,6m,0.5582,0.5,0.2915,0.0,0.0,True,walk-forward avg over 12 folds
450ea1c2,2026-05-13T13:25:04,AIR.DE,LogisticRegression,21,all_6_families,3y,6m,0.5337,0.5213,0.3173,0.0,0.0,True,walk-forward avg over 12 folds
515d4a3d,2026-05-13T13:25:20,AIR.DE,RandomForest,21,all_6_families,3y,6m,0.4729,0.5428,0.2984,0.0,0.0,False,walk-forward avg over 12 folds
8b0d04d1,2026-05-13T13:25:37,AIR.DE,XGBoost,21,all_6_families,3y,6m,0.4226,0.5155,0.4215,0.0,0.0,False,walk-forward avg over 12 folds
46c5eaa3,2026-05-13T13:25:37,NDX1.DE,Baseline_Random,21,all_6_families,3y,6m,0.4993,0.4965,0.264,0.0,0.0,False,walk-forward avg over 12 folds
e828f288,2026-05-13T13:25:37,NDX1.DE,Baseline_Momentum,21,all_6_families,3y,6m,0.5496,0.5,0.2961,0.0,0.0,True,walk-forward avg over 12 folds
bf83797a,2026-05-13T13:25:39,NDX1.DE,LogisticRegression,21,all_6_families,3y,6m,0.4306,0.4608,0.3568,0.0,0.0,False,walk-forward avg over 12 folds
12b152a4,2026-05-13T13:25:55,NDX1.DE,RandomForest,21,all_6_families,3y,6m,0.5331,0.5742,0.2643,0.0,0.0,True,walk-forward avg over 12 folds
a445692b,2026-05-13T13:26:12,NDX1.DE,XGBoost,21,all_6_families,3y,6m,0.5119,0.5741,0.3472,0.0,0.0,False,walk-forward avg over 12 folds
a16645c9,2026-05-13T13:26:13,UCB.BR,Baseline_Random,21,all_6_families,3y,6m,0.5099,0.4701,0.2677,0.0,0.0,False,walk-forward avg over 16 folds
f5b44e72,2026-05-13T13:26:13,UCB.BR,Baseline_Momentum,21,all_6_families,3y,6m,0.5798,0.5,0.2798,0.0,0.0,True,walk-forward avg over 17 folds
04d4ac6e,2026-05-13T13:26:15,UCB.BR,LogisticRegression,21,all_6_families,3y,6m,0.4486,0.5688,0.3602,0.0,0.0,False,walk-forward avg over 17 folds
77c73850,2026-05-13T13:26:39,UCB.BR,RandomForest,21,all_6_families,3y,6m,0.4795,0.5314,0.2877,0.0,0.0,False,walk-forward avg over 17 folds
c36c4539,2026-05-13T13:27:00,UCB.BR,XGBoost,21,all_6_families,3y,6m,0.4631,0.5514,0.3973,0.0,0.0,False,walk-forward avg over 17 folds
27c6ca00,2026-05-13T13:27:00,SHL.DE,Baseline_Random,21,all_6_families,3y,6m,0.496,0.5049,0.2615,0.0,0.0,False,walk-forward avg over 4 folds
d3e4d005,2026-05-13T13:27:00,SHL.DE,Baseline_Momentum,21,all_6_families,3y,6m,0.5278,0.5,0.3079,0.0,0.0,True,walk-forward avg over 4 folds
cb31e13c,2026-05-13T13:27:00,SHL.DE,LogisticRegression,21,all_6_families,3y,6m,0.4544,0.529,0.3381,0.0,0.0,False,walk-forward avg over 4 folds
045884af,2026-05-13T13:27:06,SHL.DE,RandomForest,21,all_6_families,3y,6m,0.502,0.5902,0.2953,0.0,0.0,False,walk-forward avg over 4 folds
0a8b60e3,2026-05-13T13:27:12,SHL.DE,XGBoost,21,all_6_families,3y,6m,0.5218,0.5818,0.384,0.0,0.0,True,walk-forward avg over 4 folds
0892b9b7,2026-05-13T13:27:12,COK.DE,Baseline_Random,21,all_6_families,3y,6m,0.5033,0.4843,0.2651,0.0,0.0,False,walk-forward avg over 12 folds
18ad6cc6,2026-05-13T13:27:12,COK.DE,Baseline_Momentum,21,all_6_families,3y,6m,0.506,0.5,0.3197,0.0,0.0,False,walk-forward avg over 12 folds
15171065,2026-05-13T13:27:13,COK.DE,LogisticRegression,21,all_6_families,3y,6m,0.461,0.5591,0.3516,0.0,0.0,False,walk-forward avg over 12 folds
3d0e09d6,2026-05-13T13:27:30,COK.DE,RandomForest,21,all_6_families,3y,6m,0.4226,0.6345,0.3175,0.0,0.0,False,walk-forward avg over 12 folds
74f96415,2026-05-13T13:27:47,COK.DE,XGBoost,21,all_6_families,3y,6m,0.4167,0.6501,0.4501,0.0,0.0,False,walk-forward avg over 12 folds
f833febf,2026-05-13T13:27:47,ASML.AS,Baseline_Random,21,all_6_families,3y,6m,0.5131,0.4887,0.2649,0.0,0.0,False,walk-forward avg over 17 folds
71c2423d,2026-05-13T13:27:48,ASML.AS,Baseline_Momentum,21,all_6_families,3y,6m,0.5976,0.5,0.2702,0.0,0.0,True,walk-forward avg over 17 folds
6895ae2c,2026-05-13T13:27:50,ASML.AS,LogisticRegression,21,all_6_families,3y,6m,0.5313,0.5361,0.2925,0.0,0.0,True,walk-forward avg over 17 folds
67cc97bb,2026-05-13T13:28:13,ASML.AS,RandomForest,21,all_6_families,3y,6m,0.528,0.5913,0.2828,0.0,0.0,True,walk-forward avg over 17 folds
a9d7b5e0,2026-05-13T13:28:37,ASML.AS,XGBoost,21,all_6_families,3y,6m,0.5154,0.6371,0.3742,0.0,0.0,False,walk-forward avg over 17 folds
961555fb,2026-05-13T13:28:37,SHELL.AS,Baseline_Random,21,all_6_families,3y,6m,0.5005,0.5021,0.264,0.0,0.0,False,walk-forward avg over 17 folds
874d2d10,2026-05-13T13:28:37,SHELL.AS,Baseline_Momentum,21,all_6_families,3y,6m,0.5691,0.5,0.2856,0.0,0.0,True,walk-forward avg over 17 folds
f72d2dc6,2026-05-13T13:28:39,SHELL.AS,LogisticRegression,21,all_6_families,3y,6m,0.5084,0.5932,0.3378,0.0,0.0,False,walk-forward avg over 17 folds
b349165d,2026-05-13T13:29:03,SHELL.AS,RandomForest,21,all_6_families,3y,6m,0.5079,0.6421,0.2657,0.0,0.0,False,walk-forward avg over 17 folds
8bdd57b9,2026-05-13T13:29:28,SHELL.AS,XGBoost,21,all_6_families,3y,6m,0.5378,0.6365,0.3313,0.0,0.0,True,walk-forward avg over 17 folds
0ef1e16a,2026-05-13T13:29:28,TTE.PA,Baseline_Random,21,all_6_families,3y,6m,0.5005,0.4987,0.2641,0.0,0.0,False,walk-forward avg over 16 folds
f1b29830,2026-05-13T13:29:28,TTE.PA,Baseline_Momentum,21,all_6_families,3y,6m,0.559,0.5,0.291,0.0,0.0,True,walk-forward avg over 16 folds
a653d1b9,2026-05-13T13:29:30,TTE.PA,LogisticRegression,21,all_6_families,3y,6m,0.5342,0.6335,0.3242,0.0,0.0,True,walk-forward avg over 16 folds
9f1e6169,2026-05-13T13:29:52,TTE.PA,RandomForest,21,all_6_families,3y,6m,0.4836,0.5926,0.2753,0.0,0.0,False,walk-forward avg over 16 folds
3d3743b0,2026-05-13T13:30:17,TTE.PA,XGBoost,21,all_6_families,3y,6m,0.5045,0.5746,0.3623,0.0,0.0,False,walk-forward avg over 16 folds
bd8094b9,2026-05-13T13:30:17,NOV.DE,Baseline_Random,21,all_6_families,3y,6m,0.5225,0.4857,0.2677,0.0,0.0,True,walk-forward avg over 12 folds
1eb5435d,2026-05-13T13:30:17,NOV.DE,Baseline_Momentum,21,all_6_families,3y,6m,0.7037,0.5,0.2129,0.0,0.0,True,walk-forward avg over 12 folds
52ada2de,2026-05-13T13:30:19,NOV.DE,LogisticRegression,21,all_6_families,3y,6m,0.6508,0.539,0.2488,0.0,0.0,True,walk-forward avg over 12 folds
d8eb2b65,2026-05-13T13:30:35,NOV.DE,RandomForest,21,all_6_families,3y,6m,0.5747,0.6265,0.2509,0.0,0.0,True,walk-forward avg over 12 folds
4e0e5716,2026-05-13T13:30:51,NOV.DE,XGBoost,21,all_6_families,3y,6m,0.5694,0.618,0.3169,0.0,0.0,True,walk-forward avg over 12 folds
